news_id,period,tick,ticker,headline,body,tick,timestamp,ticker,last_price,bid_price,ask_price,BUY_CAMN-1,BUY_UOTB-2,BUY_CAMN-6,BUY_LETH-3,BUY_ANON,BUY_UOTB-4,BUY_COLA-1,BUY_COLA-4,SELL_UOTB-2,SELL_UOTB-4,SELL_CAMN-1,SELL_ANON,SELL_LUIS-4,SELL_LETH-3,SELL_COLA-6,BUY_BRCH-1,BUY_REYK-4,SELL_COLA-4,SELL_REYK-4,SELL_COLA-1,BUY_LUIS-4,BUY_CHUL-4,SELL_CAMN-6,BUY_BOST-6,SELL_CALG-6,BUY_UOTB-3,SELL_UOTB-1,SELL_CHUL-2,BUY_WRSW-6,BUY_LETH-2,BUY_BABS-2,BUY_UEBR-2,SELL_UOTB-3,BUY_UEBR-4,SELL_LUIS-5,BUY_CHUL-3,BUY_CHUL-1,SELL_UEBR-2,BUY_NAIT-1,BUY_REYK-1,SELL_DUBL-1,SELL_LETH-1,SELL_REYK-1,SELL_BOST-5,BUY_WRSW-1,BUY_LUIS-5,SELL_WRSW-4,SELL_CHUL-4,SELL_UEBR-3,BUY_CAMN-3,BUY_UEBR-1,BUY_COLA-6,BUY_WRSW-5,BUY_CALG-6,BUY_REYK-2,SELL_WRSW-1,SELL_CHUL-3,SELL_BOST-6,BUY_UEBR-3,BUY_BOST-5,BUY_WRSW-4,SELL_UEBR-1,BUY_REYK-3,SELL_CHUL-1,BUY_UOTB-1,SELL_LETH-2,SELL_REYK-2,BUY_DUBL-1,SELL_UEBR-4,SELL_BABS-3,BUY_BABS-3,SELL_REYK-3,BUY_CHUL-2,SELL_WRSW-5,SELL_WRSW-6,BUY_LETH-1,SELL_CAMN-3,SELL_NAIT-1,SELL_BABS-2
2.0,1.0,1.0,,Aggregate Position Limit,Your CRO has set the aggregate position limit to 8000 shares for this week.,2,2026-02-12 13:19:09.581653,SPNG,25.0,25.02,25.03,4000.0,5900.0,2000.0,3000.0,130000.0,7200.0,2000.0,3645.0,4200.0,8000.0,4000.0,229500.0,3000.0,3000.0,10000.0,,,,,,,,,,0,0,0,0,0,0,0,0,0,0,0,0,0,0,0,0,0,0,0,0,0,0,0,0,0,0,0,0,0,0,0,0,0,0,0,0,0,0,0,0,0,0,0,0,0,0,0,0,0,0,0,0,0,0,0
1.0,1.0,1.0,,Welcome to the RITC 2026 Alogithmic Market Making Case - practice server,,2,2026-02-12 13:19:09.581653,SMMR,25.0,25.0,25.01,4000.0,,,3000.0,583700.0,7200.0,2000.0,4400.0,,7200.0,4000.0,721800.0,,3000.0,,7500.0,499.0,4400.0,961.0,2000.0,,,,,0,0,0,0,0,0,0,0,0,0,0,0,0,0,0,0,0,0,0,0,0,0,0,0,0,0,0,0,0,0,0,0,0,0,0,0,0,0,0,0,0,0,0,0,0,0,0,0,0,0,0,0,0,0,0
,,,,,,2,2026-02-12 13:19:09.581653,ATMN,25.17,25.03,25.15,4000.0,,2000.0,6000.0,978600.0,,4000.0,4400.0,,,4000.0,1369800.0,2250.0,3000.0,,7500.0,,4400.0,,4000.0,2250.0,4000.0,2000.0,,0,0,0,0,0,0,0,0,0,0,0,0,0,0,0,0,0,0,0,0,0,0,0,0,0,0,0,0,0,0,0,0,0,0,0,0,0,0,0,0,0,0,0,0,0,0,0,0,0,0,0,0,0,0,0
,,,,,,2,2026-02-12 13:19:09.581653,WNTR,25.09,24.99,25.06,4000.0,,2000.0,6000.0,875000.0,,4000.0,4400.0,,,4000.0,1447300.0,,6000.0,,7500.0,,4400.0,,4000.0,,,2000.0,20000.0,0,0,0,0,0,0,0,0,0,0,0,0,0,0,0,0,0,0,0,0,0,0,0,0,0,0,0,0,0,0,0,0,0,0,0,0,0,0,0,0,0,0,0,0,0,0,0,0,0,0,0,0,0,0,0
2.0,1.0,1.0,,Aggregate Position Limit,Your CRO has set the aggregate position limit to 8000 shares for this week.,3,2026-02-12 13:19:10.602848,SPNG,24.99,24.98,24.99,4000.0,256600.0,1246.0,3000.0,3950.0,3500.0,3000.0,2000.0,4000.0,6000.0,4000.0,4000.0,10000.0,1750.0,4000.0,5150.0,3000.0,336100.0,6000.0,3000.0,25000.0,755.0,2000.0,4000.0,,,,,,,,,,,,,0,0,0,0,0,0,0,0,0,0,0,0,0,0,0,0,0,0,0,0,0,0,0,0,0,0,0,0,0,0,0,0,0,0,0,0,0,0,0,0,0,0,0
1.0,1.0,1.0,,Welcome to the RITC 2026 Alogithmic Market Making Case - practice server,,3,2026-02-12 13:19:10.602848,SMMR,25.01,25.0,25.01,4000.0,1359500.0,4400.0,4000.0,,,,2000.0,,,,,,,4000.0,,4000.0,1755700.0,,,,4400.0,2000.0,,961.0,1600.0,499.0,1600.0,,,,,,,,,0,0,0,0,0,0,0,0,0,0,0,0,0,0,0,0,0,0,0,0,0,0,0,0,0,0,0,0,0,0,0,0,0,0,0,0,0,0,0,0,0,0,0
,,,,,,3,2026-02-12 13:19:10.602848,ATMN,25.14,25.14,25.16,4000.0,396000.0,4400.0,3500.0,6950.0,,,2000.0,4000.0,,4000.0,4000.0,,,,3950.0,3500.0,919500.0,,,,,,4000.0,,800.0,,640.0,7500.0,4000.0,4000.0,2000.0,,,,,0,0,0,0,0,0,0,0,0,0,0,0,0,0,0,0,0,0,0,0,0,0,0,0,0,0,0,0,0,0,0,0,0,0,0,0,0,0,0,0,0,0,0
,,,,,,3,2026-02-12 13:19:10.602848,WNTR,25.14,25.0,25.02,4000.0,292000.0,4400.0,4500.0,2150.0,2000.0,,,4000.0,6000.0,4000.0,4000.0,,2000.0,4000.0,2300.0,4500.0,781600.0,6000.0,,,,2000.0,,,720.0,,,,4000.0,4000.0,,25000.0,1081.0,10000.0,562.0,0,0,0,0,0,0,0,0,0,0,0,0,0,0,0,0,0,0,0,0,0,0,0,0,0,0,0,0,0,0,0,0,0,0,0,0,0,0,0,0,0,0,0
2.0,1.0,1.0,,Aggregate Position Limit,Your CRO has set the aggregate position limit to 8000 shares for this week.,4,2026-02-12 13:19:11.624468,SPNG,24.99,24.99,25.02,1494.0,15000.0,1600.0,1446.0,130000.0,4000.0,2150.0,7500.0,20000.0,3500.0,5488.0,480.0,11250.0,4268.0,823200.0,25000.0,461.0,1700.0,2000.0,,,,,,,,,,,,,,,,,,,,,,,,,,0,0,0,0,0,0,0,0,0,0,0,0,0,0,0,0,0,0,0,0,0,0,0,0,0,0,0,0,0,0,0,0,0,0,0
1.0,1.0,1.0,,Welcome to the RITC 2026 Alogithmic Market Making Case - practice server,,4,2026-02-12 13:19:11.624468,SMMR,25.01,25.01,25.02,,,,2058.0,1395900.0,,,1500.0,,,,1280.0,,,1494000.0,,,,2000.0,640.0,6000.0,499.0,2000.0,4000.0,1500.0,3000.0,2058.0,,,,,,,,,,,,,,,,,,0,0,0,0,0,0,0,0,0,0,0,0,0,0,0,0,0,0,0,0,0,0,0,0,0,0,0,0,0,0,0,0,0,0,0
,,,,,,4,2026-02-12 13:19:11.624468,ATMN,25.03,25.03,25.04,11100.0,,800.0,1928.0,84700.0,4000.0,3950.0,4500.0,,5750.0,5624.0,720.0,11250.0,11250.0,203600.0,,,7950.0,4000.0,,,,,4000.0,,,,3500.0,2250.0,2250.0,4000.0,7000.0,2250.0,,,,,,,,,,,,0,0,0,0,0,0,0,0,0,0,0,0,0,0,0,0,0,0,0,0,0,0,0,0,0,0,0,0,0,0,0,0,0,0,0
,,,,,,4,2026-02-12 13:19:11.624468,WNTR,25.02,25.01,25.02,,,800.0,1913.0,294100.0,4000.0,1200.0,,,,,800.0,,,802100.0,,,1700.0,2000.0,,,,,,,6000.0,,,750.0,,,3500.0,,1081.0,30000.0,12000.0,4000.0,4000.0,4000.0,5000.0,12000.0,4000.0,4000.0,4000.0,0,0,0,0,0,0,0,0,0,0,0,0,0,0,0,0,0,0,0,0,0,0,0,0,0,0,0,0,0,0,0,0,0,0,0
2.0,1.0,1.0,,Aggregate Position Limit,Your CRO has set the aggregate position limit to 8000 shares for this week.,5,2026-02-12 13:19:12.640291,SPNG,25.01,25.0,25.01,13124.0,10000.0,1644.0,2812.0,5625.0,4000.0,4000.0,5250.0,6000.0,950.0,721.0,5625.0,754.0,4000.0,934500.0,5000.0,4000.0,2750.0,2000.0,1644.0,,,,,,,,,,,,,,,,,,,,,,,0,0,0,0,0,0,0,0,0,0,0,0,0,0,0,0,0,0,0,0,0,0,0,0,0,0,0,0,0,0,0,0,0,0,0,0,0
1.0,1.0,1.0,,Welcome to the RITC 2026 Alogithmic Market Making Case - practice server,,5,2026-02-12 13:19:12.640291,SMMR,25.06,25.03,25.06,3000.0,,2201.0,,,,2400.0,,3000.0,,,,,4000.0,1649600.0,,,,2000.0,2201.0,832300.0,640.0,3500.0,499.0,2000.0,3000.0,1500.0,961.0,,,,,,,,,,,,,,,0,0,0,0,0,0,0,0,0,0,0,0,0,0,0,0,0,0,0,0,0,0,0,0,0,0,0,0,0,0,0,0,0,0,0,0,0
,,,,,,5,2026-02-12 13:19:12.640291,ATMN,24.89,24.86,24.88,,,2108.0,,,4000.0,640.0,2000.0,,1800.0,,,11250.0,4000.0,303400.0,,,1950.0,4000.0,2108.0,326300.0,,,,4000.0,6000.0,7536.0,,4000.0,4500.0,4500.0,4000.0,4000.0,6000.0,2000.0,10500.0,2250.0,2250.0,,,,,0,0,0,0,0,0,0,0,0,0,0,0,0,0,0,0,0,0,0,0,0,0,0,0,0,0,0,0,0,0,0,0,0,0,0,0,0
,,,,,,5,2026-02-12 13:19:12.640291,WNTR,25.02,25.01,25.02,,,2046.0,,,,9600.0,,,,,,,4000.0,466600.0,,,950.0,2000.0,,,,,,,,,562.0,,,,,,,,,,,35000.0,8000.0,6000.0,4000.0,0,0,0,0,0,0,0,0,0,0,0,0,0,0,0,0,0,0,0,0,0,0,0,0,0,0,0,0,0,0,0,0,0,0,0,0,0
2.0,1.0,1.0,,Aggregate Position Limit,Your CRO has set the aggregate position limit to 8000 shares for this week.,6,2026-02-12 13:19:13.656331,SPNG,25.01,24.94,25.01,679.0,3987.0,1455200.0,1050.0,4000.0,4000.0,4000.0,11250.0,3684.0,10000.0,300.0,3000.0,4000.0,2000.0,715300.0,2041.0,6000.0,1350.0,,,,,,,,,,,,,,,,,,,,,,,,,,,,,,,0,0,0,0,0,0,0,0,0,0,0,0,0,0,0,0,0,0,0,0,0,0,0,0,0,0,0,0,0,0,0,0,0,0
1.0,1.0,1.0,,Welcome to the RITC 2026 Alogithmic Market Making Case - practice server,,6,2026-02-12 13:19:13.656331,SMMR,24.99,24.94,24.95,,,1885100.0,,,,,,,,1600.0,2850.0,,2000.0,862200.0,3123.0,,,7500.0,2000.0,2000.0,6000.0,4000.0,6000.0,750.0,2030.0,961.0,7500.0,2000.0,,,,,,,,,,,,,,,,,,,,0,0,0,0,0,0,0,0,0,0,0,0,0,0,0,0,0,0,0,0,0,0,0,0,0,0,0,0,0,0,0,0,0,0
,,,,,,6,2026-02-12 13:19:13.656331,ATMN,24.98,24.98,25.0,,11250.0,302500.0,750.0,,,,527.0,5625.0,,768.0,,4000.0,,84400.0,2616.0,6000.0,,,,,6000.0,,,3768.0,1323.0,,7500.0,,800.0,6750.0,6000.0,4000.0,2616.0,1800.0,3500.0,1323.0,4500.0,11250.0,3500.0,4500.0,4500.0,7500.0,4000.0,,,,,0,0,0,0,0,0,0,0,0,0,0,0,0,0,0,0,0,0,0,0,0,0,0,0,0,0,0,0,0,0,0,0,0,0
,,,,,,6,2026-02-12 13:19:13.656331,WNTR,25.02,25.01,25.02,,,638700.0,1700.0,4000.0,,,,,,,3000.0,4000.0,2000.0,466600.0,3040.0,,950.0,,,2000.0,,,6000.0,750.0,1920.0,,,,400.0,,,4000.0,3040.0,6000.0,7000.0,4057.0,750.0,,7000.0,,,,4000.0,7500.0,10000.0,12000.0,4000.0,0,0,0,0,0,0,0,0,0,0,0,0,0,0,0,0,0,0,0,0,0,0,0,0,0,0,0,0,0,0,0,0,0,0
2.0,1.0,1.0,,Aggregate Position Limit,Your CRO has set the aggregate position limit to 8000 shares for this week.,7,2026-02-12 13:19:14.678349,SPNG,24.95,24.92,24.94,6000.0,230000.0,2582.0,800.0,1875.0,12000.0,4000.0,6200.0,2000.0,3000.0,4000.0,874.0,25000.0,135200.0,3500.0,3600.0,4000.0,5625.0,3000.0,6000.0,5625.0,5625.0,2000.0,1200.0,,,,,,,,,,,,,,,,,,,,,,0,0,0,0,0,0,0,0,0,0,0,0,0,0,0,0,0,0,0,0,0,0,0,0,0,0,0,0,0,0,0,0,0,0,0,0,0
1.0,1.0,1.0,,Welcome to the RITC 2026 Alogithmic Market Making Case - practice server,,7,2026-02-12 13:19:14.678349,SMMR,25.08,24.93,25.05,,1645600.0,3167.0,507.0,,,4000.0,,2000.0,,,,,2057800.0,,,,,6000.0,,,,2000.0,,3500.0,2510.0,3167.0,7500.0,,,,,,,,,,,,,,,,,,0,0,0,0,0,0,0,0,0,0,0,0,0,0,0,0,0,0,0,0,0,0,0,0,0,0,0,0,0,0,0,0,0,0,0,0,0
,,,,,,7,2026-02-12 13:19:14.678349,ATMN,24.98,24.98,24.99,,518500.0,2863.0,800.0,,,,750.0,2000.0,,,1152.0,,84400.0,3500.0,,4000.0,33.0,,,5625.0,11250.0,,,7000.0,1391.0,2863.0,7500.0,6750.0,6000.0,5625.0,7500.0,4500.0,4500.0,4500.0,1391.0,7500.0,2250.0,4000.0,,,,,,,0,0,0,0,0,0,0,0,0,0,0,0,0,0,0,0,0,0,0,0,0,0,0,0,0,0,0,0,0,0,0,0,0,0,0,0,0
,,,,,,7,2026-02-12 13:19:14.678349,WNTR,24.99,24.99,25.0,,775000.0,3587.0,400.0,,,4000.0,1700.0,2000.0,6000.0,4000.0,1600.0,,336300.0,,,,,,6000.0,,,,,7000.0,5428.0,3587.0,,,,,7500.0,,,,1920.0,,,,7500.0,10000.0,40000.0,691.0,691.0,2000.0,0,0,0,0,0,0,0,0,0,0,0,0,0,0,0,0,0,0,0,0,0,0,0,0,0,0,0,0,0,0,0,0,0,0,0,0,0
2.0,1.0,1.0,,Aggregate Position Limit,Your CRO has set the aggregate position limit to 8000 shares for this week.,8,2026-02-12 13:19:15.717116,SPNG,24.94,24.9,24.92,3000.0,5000.0,2400.0,2625.0,7500.0,472900.0,3750.0,7500.0,2050.0,2000.0,4200.0,4000.0,3000.0,4000.0,15000.0,40000.0,5250.0,3000.0,135200.0,3500.0,5625.0,2050.0,,,,,,,,,,,,,,,,,,,,,,,,,,,,,,,0,0,0,0,0,0,0,0,0,0,0,0,0,0,0,0,0,0,0,0,0,0,0,0,0,0,0,0,0,0
1.0,1.0,1.0,,Welcome to the RITC 2026 Alogithmic Market Making Case - practice server,,8,2026-02-12 13:19:15.717116,SMMR,25.11,24.99,25.0,1425.0,,595.0,,7500.0,446400.0,750.0,,2190.0,2000.0,5150.0,,1800.0,4000.0,750.0,,,,759500.0,,,2190.0,2000.0,4000.0,6000.0,750.0,499.0,615.0,2400.0,961.0,2000.0,7500.0,6000.0,2000.0,,,,,,,,,,,,,,,,,,,0,0,0,0,0,0,0,0,0,0,0,0,0,0,0,0,0,0,0,0,0,0,0,0,0,0,0,0,0,0
,,,,,,8,2026-02-12 13:19:15.717116,ATMN,25.0,25.0,25.01,3000.0,,,2250.0,,320500.0,,7500.0,2317.0,,3000.0,,4200.0,4000.0,6750.0,,,,200400.0,,,5067.0,,4000.0,6000.0,2250.0,,,600.0,,,7500.0,,,6000.0,7000.0,2.0,2812.0,5625.0,5625.0,3000.0,5625.0,6000.0,7500.0,,,,,,,,,0,0,0,0,0,0,0,0,0,0,0,0,0,0,0,0,0,0,0,0,0,0,0,0,0,0,0,0,0,0
,,,,,,8,2026-02-12 13:19:15.717116,WNTR,24.9,24.9,24.94,3000.0,,600.0,,7500.0,638100.0,750.0,7500.0,,2000.0,750.0,,,,,,,750.0,245000.0,,,5272.0,4000.0,4000.0,,,,,800.0,,2000.0,,,,1800.0,3500.0,,,,,,,6000.0,,2000.0,640.0,10000.0,10000.0,10000.0,25000.0,6000.0,934.0,0,0,0,0,0,0,0,0,0,0,0,0,0,0,0,0,0,0,0,0,0,0,0,0,0,0,0,0,0,0
2.0,1.0,1.0,,Aggregate Position Limit,Your CRO has set the aggregate position limit to 8000 shares for this week.,9,2026-02-12 13:19:16.740720,SPNG,24.92,24.91,24.92,10200.0,4000.0,23252.0,3500.0,3000.0,1578.0,4000.0,800.0,666.0,2625.0,103400.0,3000.0,6000.0,4000.0,3000.0,4000.0,3500.0,135200.0,20000.0,656.0,5625.0,6000.0,3000.0,6000.0,4000.0,,,,,,,,,,,,,,,,,,,,,,,,,,0,0,0,0,0,0,0,0,0,0,0,0,0,0,0,0,0,0,0,0,0,0,0,0,0,0,0,0,0,0,0,0
1.0,1.0,1.0,,Welcome to the RITC 2026 Alogithmic Market Making Case - practice server,,9,2026-02-12 13:19:16.740720,SMMR,24.92,24.91,24.92,,,,,,,,,,,1263200.0,750.0,6000.0,,750.0,4000.0,3500.0,588200.0,,,,,6000.0,,,6500.0,2000.0,7500.0,6000.0,800.0,6000.0,7500.0,7500.0,1539.0,2000.0,1789.0,,,,,,,,,,,,,,,0,0,0,0,0,0,0,0,0,0,0,0,0,0,0,0,0,0,0,0,0,0,0,0,0,0,0,0,0,0,0,0
,,,,,,9,2026-02-12 13:19:16.740720,ATMN,25.05,25.02,25.03,6000.0,,,3500.0,9000.0,1580.0,,3200.0,1405.0,2250.0,97900.0,5900.0,,,2250.0,4000.0,,229300.0,,,,,6000.0,6000.0,,,,,,,1425.0,7500.0,,1405.0,,1580.0,2250.0,5625.0,5625.0,4000.0,6000.0,7500.0,5625.0,7248.0,2812.0,4500.0,,,,,0,0,0,0,0,0,0,0,0,0,0,0,0,0,0,0,0,0,0,0,0,0,0,0,0,0,0,0,0,0,0,0
,,,,,,9,2026-02-12 13:19:16.740720,WNTR,24.89,24.91,24.93,,,,3500.0,,1804.0,4000.0,1200.0,,,767700.0,,8940.0,,750.0,,,,,,,6000.0,,10000.0,,4200.0,2000.0,7500.0,,3200.0,,,,640.0,,1804.0,,,,,,,,,,,788.0,15000.0,17250.0,10000.0,0,0,0,0,0,0,0,0,0,0,0,0,0,0,0,0,0,0,0,0,0,0,0,0,0,0,0,0,0,0,0,0
2.0,1.0,1.0,,Aggregate Position Limit,Your CRO has set the aggregate position limit to 8000 shares for this week.,10,2026-02-12 13:19:17.768794,SPNG,25.03,24.95,24.98,2988.0,2695.0,6000.0,23252.0,6000.0,6000.0,715.0,666.0,5250.0,679.0,6000.0,12000.0,11014.0,5448.0,500.0,5000.0,300.0,6000.0,2000.0,5625.0,1700.0,460200.0,2625.0,,,,,,,,,,,,,,,,,,,,,,,,,,,,0,0,0,0,0,0,0,0,0,0,0,0,0,0,0,0,0,0,0,0,0,0,0,0,0,0,0,0,0,0,0,0
1.0,1.0,1.0,,Welcome to the RITC 2026 Alogithmic Market Making Case - practice server,,10,2026-02-12 13:19:17.768794,SMMR,24.92,24.91,24.92,,,,,6000.0,,,2064.0,,,,,,,6000.0,,800.0,750.0,2000.0,,,349400.0,,827000.0,1428.0,1750.0,2219.0,5150.0,7500.0,4000.0,6000.0,2064.0,1500.0,2219.0,7500.0,6000.0,3500.0,7500.0,6000.0,,,,,,,,,,,,0,0,0,0,0,0,0,0,0,0,0,0,0,0,0,0,0,0,0,0,0,0,0,0,0,0,0,0,0,0,0,0
,,,,,,10,2026-02-12 13:19:17.768794,ATMN,25.19,25.01,25.04,5625.0,5625.0,6000.0,,,1800.0,,1405.0,2250.0,,6000.0,,1622.0,7032.0,,,,,,,7250.0,514300.0,2250.0,320500.0,800.0,,1818.0,,7500.0,,,,2250.0,1818.0,,,,,6000.0,4000.0,5625.0,4000.0,4000.0,7500.0,4000.0,2250.0,,,,,0,0,0,0,0,0,0,0,0,0,0,0,0,0,0,0,0,0,0,0,0,0,0,0,0,0,0,0,0,0,0,0
,,,,,,10,2026-02-12 13:19:17.768794,WNTR,25.01,24.88,24.9,,,,,3000.0,,,1043.0,,,,,,,6000.0,,1600.0,,2000.0,,3000.0,554700.0,,1167400.0,300.0,7000.0,,1200.0,,,,,750.0,1929.0,,,7000.0,,6000.0,4000.0,,,,,,750.0,2000.0,6000.0,15000.0,4000.0,0,0,0,0,0,0,0,0,0,0,0,0,0,0,0,0,0,0,0,0,0,0,0,0,0,0,0,0,0,0,0,0
2.0,1.0,1.0,,Aggregate Position Limit,Your CRO has set the aggregate position limit to 8000 shares for this week.,11,2026-02-12 13:19:18.801808,SPNG,25.03,25.03,25.04,3500.0,1600.0,3004.0,3000.0,120400.0,20000.0,3000.0,476.0,7500.0,4000.0,5625.0,5625.0,5625.0,6000.0,20000.0,15000.0,3500.0,214000.0,4000.0,3000.0,2255.0,4000.0,260.0,950.0,511.0,476.0,173.0,2000.0,,,,,,,,,,,,,,,,,,,,,0,0,0,0,0,0,0,0,0,0,0,0,0,0,0,0,0,0,0,0,0,0,0,0,0,0,0,0,0,0,0,0,0,0
1.0,1.0,1.0,,Welcome to the RITC 2026 Alogithmic Market Making Case - practice server,,11,2026-02-12 13:19:18.801808,SMMR,25.06,25.06,25.08,3500.0,,,,1303900.0,,3000.0,,,4000.0,,,,,,,,1248500.0,4000.0,,,,,1800.0,,1070.0,,2000.0,2000.0,5150.0,7500.0,800.0,7500.0,7500.0,1778.0,,,,,,,,,,,,,,0,0,0,0,0,0,0,0,0,0,0,0,0,0,0,0,0,0,0,0,0,0,0,0,0,0,0,0,0,0,0,0,0,0
,,,,,,11,2026-02-12 13:19:18.801808,ATMN,25.12,25.12,25.14,3500.0,800.0,1754.0,,184100.0,,,1802.0,,4000.0,5625.0,5625.0,5625.0,6000.0,,,,200100.0,,2250.0,2250.0,,453.0,9150.0,703.0,,439.0,,2000.0,4200.0,,746.0,,7500.0,,10000.0,6000.0,8000.0,752.0,4500.0,6000.0,6000.0,,,,,,,0,0,0,0,0,0,0,0,0,0,0,0,0,0,0,0,0,0,0,0,0,0,0,0,0,0,0,0,0,0,0,0,0,0
,,,,,,11,2026-02-12 13:19:18.801808,WNTR,24.91,24.94,24.96,,900.0,2043.0,750.0,515600.0,,,,7500.0,4000.0,,,,,,,7000.0,661400.0,,,1500.0,,,4200.0,,,,2000.0,,1200.0,,,7500.0,,,,,,806.0,,6000.0,,20000.0,4000.0,788.0,934.0,6000.0,10000.0,0,0,0,0,0,0,0,0,0,0,0,0,0,0,0,0,0,0,0,0,0,0,0,0,0,0,0,0,0,0,0,0,0,0
2.0,1.0,1.0,,Aggregate Position Limit,Your CRO has set the aggregate position limit to 8000 shares for this week.,12,2026-02-12 13:19:19.820910,SPNG,25.03,25.03,25.04,1231.0,15000.0,3000.0,4000.0,6400.0,4004.0,120400.0,6000.0,4678.0,5000.0,3750.0,2400.0,107400.0,3500.0,4000.0,3000.0,15000.0,4000.0,8.0,950.0,,,,,,,,,,,,,,,,,,,,,,,,,,,,,,,0,0,0,0,0,0,0,0,0,0,0,0,0,0,0,0,0,0,0,0,0,0,0,0,0,0,0,0,0,0,0,0
1.0,1.0,1.0,,Welcome to the RITC 2026 Alogithmic Market Making Case - practice server,,12,2026-02-12 13:19:19.820910,SMMR,24.91,25.01,25.03,,,,,451.0,2976.0,1161800.0,,,,750.0,800.0,850200.0,,4000.0,750.0,,,,1350.0,3500.0,7500.0,5900.0,6000.0,500.0,6000.0,5952.0,7500.0,1070.0,,,,,,,,,,,,,,,,,,,,,,0,0,0,0,0,0,0,0,0,0,0,0,0,0,0,0,0,0,0,0,0,0,0,0,0,0,0,0,0,0,0,0
,,,,,,12,2026-02-12 13:19:19.820910,ATMN,24.98,24.97,24.98,,,6750.0,,,,222600.0,2173.0,5625.0,,,800.0,232100.0,,4000.0,2250.0,,,7060.0,6000.0,,7500.0,2150.0,6000.0,,3000.0,,,,9000.0,4000.0,1800.0,4000.0,5625.0,5625.0,5800.0,3635.0,4500.0,4000.0,,,,,,,,,,,,0,0,0,0,0,0,0,0,0,0,0,0,0,0,0,0,0,0,0,0,0,0,0,0,0,0,0,0,0,0,0,0
,,,,,,12,2026-02-12 13:19:19.820910,WNTR,24.94,24.94,24.96,,,750.0,4000.0,564.0,2966.0,320100.0,,,,1500.0,,469700.0,7000.0,4000.0,,,,,,,,,,,3000.0,2966.0,7500.0,1771.0,,,,4000.0,,,,,,4000.0,35000.0,1061.0,934.0,4000.0,6000.0,1771.0,4000.0,1061.0,10000.0,821.0,6000.0,0,0,0,0,0,0,0,0,0,0,0,0,0,0,0,0,0,0,0,0,0,0,0,0,0,0,0,0,0,0,0,0
2.0,1.0,1.0,,Aggregate Position Limit,Your CRO has set the aggregate position limit to 8000 shares for this week.,13,2026-02-12 13:19:20.841189,SPNG,24.91,25.0,25.04,5000.0,2000.0,4000.0,18252.0,7680.0,2000.0,5250.0,6000.0,4000.0,103400.0,5625.0,3750.0,10000.0,3500.0,800.0,107400.0,4000.0,2496.0,3000.0,25000.0,469.0,950.0,4000.0,4000.0,778.0,2.0,,,,,,,,,,,,,,,,,,,,,,,,,,,,0,0,0,0,0,0,0,0,0,0,0,0,0,0,0,0,0,0,0,0,0,0,0,0,0,0,0,0,0
1.0,1.0,1.0,,Welcome to the RITC 2026 Alogithmic Market Making Case - practice server,,13,2026-02-12 13:19:20.841189,SMMR,25.02,25.0,25.01,,,,,,2000.0,,,,575700.0,,750.0,,3500.0,800.0,974800.0,4000.0,3209.0,,,,1350.0,,,2185.0,,750.0,3500.0,3000.0,3000.0,516.0,2000.0,3209.0,933.0,845.0,5150.0,7500.0,6000.0,2000.0,7500.0,2000.0,,,,,,,,,,,,,0,0,0,0,0,0,0,0,0,0,0,0,0,0,0,0,0,0,0,0,0,0,0,0,0,0,0,0,0
,,,,,,13,2026-02-12 13:19:20.841189,ATMN,24.98,24.97,24.98,,,4000.0,,1800.0,,4500.0,6000.0,,448000.0,38.0,,,3500.0,800.0,122000.0,,2622.0,2250.0,,,1950.0,,,2141.0,11250.0,2250.0,3500.0,,,1656.0,,,,,2150.0,,,,,2000.0,4000.0,4000.0,2141.0,11250.0,5625.0,3000.0,2250.0,4000.0,,,,,0,0,0,0,0,0,0,0,0,0,0,0,0,0,0,0,0,0,0,0,0,0,0,0,0,0,0,0,0
,,,,,,13,2026-02-12 13:19:20.841189,WNTR,24.87,24.86,24.87,,,4000.0,,,,,,,759400.0,,750.0,,3500.0,1600.0,250100.0,4000.0,3200.0,750.0,,,,4000.0,4000.0,3814.0,,,3500.0,,2341.0,904.0,,,,,1200.0,,6000.0,,7500.0,,,4000.0,,,,,,,25000.0,750.0,25000.0,6000.0,0,0,0,0,0,0,0,0,0,0,0,0,0,0,0,0,0,0,0,0,0,0,0,0,0,0,0,0,0
2.0,1.0,1.0,,Aggregate Position Limit,Your CRO has set the aggregate position limit to 8000 shares for this week.,14,2026-02-12 13:19:21.866413,SPNG,25.04,25.04,25.05,335300.0,4000.0,618.0,8436.0,8436.0,1764.0,4000.0,300.0,3500.0,1900.0,2000.0,6000.0,107400.0,7500.0,3000.0,20000.0,538.0,2000.0,5625.0,4000.0,6000.0,4000.0,5625.0,,,,,,,,,,,,,,,,,,,,,,,,,,,0,0,0,0,0,0,0,0,0,0,0,0,0,0,0,0,0,0,0,0,0,0,0,0,0,0,0,0,0,0,0,0,0
1.0,1.0,1.0,,Welcome to the RITC 2026 Alogithmic Market Making Case - practice server,,14,2026-02-12 13:19:21.866413,SMMR,25.0,25.04,25.05,1403600.0,,,,,,4000.0,412.0,,2300.0,,,592200.0,750.0,750.0,,,2000.0,,,4200.0,,,6000.0,4685.0,3475.0,6886.0,6000.0,800.0,4000.0,2000.0,1425.0,7500.0,7500.0,,,,,,,,,,,,,,,,0,0,0,0,0,0,0,0,0,0,0,0,0,0,0,0,0,0,0,0,0,0,0,0,0,0,0,0,0,0,0,0,0
,,,,,,14,2026-02-12 13:19:21.866413,ATMN,25.04,25.04,25.06,212100.0,,,5625.0,5625.0,7800.0,4000.0,712.0,7000.0,,,,385900.0,,,,,2000.0,,4000.0,10100.0,,2810.0,,6000.0,,,,,,,,,7500.0,4500.0,4000.0,4500.0,5750.0,6000.0,6000.0,2801.0,,,,,,,,,0,0,0,0,0,0,0,0,0,0,0,0,0,0,0,0,0,0,0,0,0,0,0,0,0,0,0,0,0,0,0,0,0
,,,,,,14,2026-02-12 13:19:21.866413,WNTR,25.01,24.87,24.88,852400.0,4000.0,,,,,4000.0,,,,,,351700.0,1500.0,,,,,,,3000.0,,,3000.0,,3896.0,3824.0,6000.0,,4000.0,2000.0,3000.0,,7500.0,,2000.0,,,882.0,,,4000.0,20000.0,4000.0,774.0,917.0,934.0,774.0,3500.0,0,0,0,0,0,0,0,0,0,0,0,0,0,0,0,0,0,0,0,0,0,0,0,0,0,0,0,0,0,0,0,0,0
2.0,1.0,1.0,,Aggregate Position Limit,Your CRO has set the aggregate position limit to 8000 shares for this week.,15,2026-02-12 13:19:22.924728,SPNG,25.03,25.03,25.05,1929.0,1526.0,7500.0,3000.0,7500.0,4000.0,5000.0,9843.0,5625.0,11250.0,2000.0,112000.0,3000.0,222500.0,25000.0,763.0,4000.0,3000.0,4200.0,93.0,4000.0,4000.0,4000.0,6882.0,6000.0,33.0,,,,,,,,,,,,,,,,,,,,,,,0,0,0,0,0,0,0,0,0,0,0,0,0,0,0,0,0,0,0,0,0,0,0,0,0,0,0,0,0,0,0,0,0,0
1.0,1.0,1.0,,Welcome to the RITC 2026 Alogithmic Market Making Case - practice server,,15,2026-02-12 13:19:22.924728,SMMR,25.02,25.01,25.02,2298.0,,,6000.0,750.0,,,,,,2000.0,1060100.0,1700.0,586600.0,,1600.0,4000.0,750.0,3000.0,,,,,7500.0,,,4000.0,3000.0,412.0,961.0,743.0,2298.0,2250.0,3500.0,1425.0,7500.0,2000.0,,,,,,,,,,,,0,0,0,0,0,0,0,0,0,0,0,0,0,0,0,0,0,0,0,0,0,0,0,0,0,0,0,0,0,0,0,0,0,0
,,,,,,15,2026-02-12 13:19:22.924728,ATMN,25.21,25.13,25.2,2133.0,4200.0,5750.0,1425.0,2250.0,,,5625.0,5625.0,5625.0,,203600.0,1950.0,679700.0,,,,2250.0,9250.0,,,,,,,88.0,4000.0,2250.0,,,,2133.0,2250.0,,,,,640.0,4500.0,6750.0,3500.0,2250.0,175.0,,,,,,0,0,0,0,0,0,0,0,0,0,0,0,0,0,0,0,0,0,0,0,0,0,0,0,0,0,0,0,0,0,0,0,0,0
,,,,,,15,2026-02-12 13:19:22.924728,WNTR,24.98,24.98,24.99,2396.0,,7500.0,,,4000.0,,,,,,426900.0,,881800.0,,,4000.0,,2150.0,,4000.0,8000.0,4000.0,7500.0,12000.0,,4000.0,,1064.0,,,,,,,,2000.0,,,,,,,35000.0,4000.0,6000.0,4000.0,5000.0,0,0,0,0,0,0,0,0,0,0,0,0,0,0,0,0,0,0,0,0,0,0,0,0,0,0,0,0,0,0,0,0,0,0
2.0,1.0,1.0,,Aggregate Position Limit,Your CRO has set the aggregate position limit to 8000 shares for this week.,16,2026-02-12 13:19:23.961349,SPNG,24.98,24.97,24.98,11002.0,2000.0,11250.0,11250.0,11250.0,2000.0,3000.0,4000.0,1598.0,4000.0,3567.0,6000.0,2000.0,1600.0,20000.0,33.0,3500.0,1.0,3000.0,3196.0,3750.0,107400.0,5000.0,,,,,,,,,,,,,,,,,,,,,,,,,0,0,0,0,0,0,0,0,0,0,0,0,0,0,0,0,0,0,0,0,0,0,0,0,0,0,0,0,0,0,0,0,0,0,0
1.0,1.0,1.0,,Welcome to the RITC 2026 Alogithmic Market Making Case - practice server,,16,2026-02-12 13:19:23.961349,SMMR,25.0,24.99,25.03,,,,,,2000.0,1700.0,4000.0,4204.0,,,,,1600.0,,,3500.0,,750.0,4204.0,2250.0,593000.0,,4685.0,572.0,1813.0,845.0,961.0,1060100.0,6000.0,1813.0,2000.0,933.0,7500.0,1950.0,,,,,,,,,,,,,0,0,0,0,0,0,0,0,0,0,0,0,0,0,0,0,0,0,0,0,0,0,0,0,0,0,0,0,0,0,0,0,0,0,0
,,,,,,16,2026-02-12 13:19:23.961349,ATMN,25.06,25.05,25.06,,,5625.0,5625.0,5625.0,,3000.0,,,4000.0,,6000.0,,918.0,,2900.0,3500.0,2856.0,2250.0,1925.0,,193100.0,,6000.0,2400.0,602.0,,,203600.0,,602.0,,,,4200.0,4500.0,6750.0,4000.0,7500.0,4000.0,2000.0,2250.0,4000.0,,,,,0,0,0,0,0,0,0,0,0,0,0,0,0,0,0,0,0,0,0,0,0,0,0,0,0,0,0,0,0,0,0,0,0,0,0
,,,,,,16,2026-02-12 13:19:23.961349,WNTR,24.99,24.99,25.0,,,,,,,,,2191.0,4000.0,,,,,,,1750.0,,,2191.0,750.0,844700.0,,6000.0,,,,,225900.0,,1360.0,,,7500.0,1200.0,,,4000.0,7500.0,4000.0,4000.0,,4000.0,54000.0,7000.0,4000.0,8000.0,0,0,0,0,0,0,0,0,0,0,0,0,0,0,0,0,0,0,0,0,0,0,0,0,0,0,0,0,0,0,0,0,0,0,0
2.0,1.0,1.0,,Aggregate Position Limit,Your CRO has set the aggregate position limit to 8000 shares for this week.,17,2026-02-12 13:19:24.984994,SPNG,24.97,24.97,25.01,5000.0,300.0,3750.0,4000.0,6000.0,5625.0,3500.0,1228.0,6802.0,11250.0,891.0,715.0,657.0,4000.0,2000.0,800.0,6000.0,228200.0,25000.0,5000.0,4200.0,2000.0,657.0,3750.0,6000.0,4000.0,4000.0,,,,,,,,,,,,,,,,,,,,,,,,,0,0,0,0,0,0,0,0,0,0,0,0,0,0,0,0,0,0,0,0,0,0,0,0,0,0,0,0,0,0,0
1.0,1.0,1.0,,Welcome to the RITC 2026 Alogithmic Market Making Case - practice server,,17,2026-02-12 13:19:24.984994,SMMR,25.01,25.0,25.01,,,,4000.0,,,3500.0,572.0,6000.0,,2870.0,,,,2000.0,1600.0,1500.0,366300.0,,,1200.0,,933.0,3750.0,,,,750.0,842700.0,4200.0,6000.0,2102.0,3500.0,4000.0,2102.0,1800.0,2870.0,7500.0,,,,,,,,,,,,,,0,0,0,0,0,0,0,0,0,0,0,0,0,0,0,0,0,0,0,0,0,0,0,0,0,0,0,0,0,0,0
,,,,,,17,2026-02-12 13:19:24.984994,ATMN,25.12,25.05,25.06,,5580.0,2250.0,4000.0,6000.0,2768.0,,,,11250.0,964.0,,,,2000.0,,2250.0,166300.0,,,4200.0,,,6750.0,,,,,222600.0,5150.0,,,3500.0,,1925.0,6000.0,964.0,,7500.0,2250.0,4000.0,5625.0,5625.0,2000.0,538.0,2250.0,,,,,,0,0,0,0,0,0,0,0,0,0,0,0,0,0,0,0,0,0,0,0,0,0,0,0,0,0,0,0,0,0,0
,,,,,,17,2026-02-12 13:19:24.984994,WNTR,24.99,24.99,25.0,,,2250.0,4000.0,,,14000.0,1224.0,,,,,,4000.0,,8000.0,,351700.0,,,,,,1500.0,,4000.0,4000.0,,120700.0,,,2191.0,,,,,1360.0,,7500.0,,4000.0,,,,,,25000.0,2000.0,878.0,5000.0,4000.0,0,0,0,0,0,0,0,0,0,0,0,0,0,0,0,0,0,0,0,0,0,0,0,0,0,0,0,0,0,0,0
2.0,1.0,1.0,,Aggregate Position Limit,Your CRO has set the aggregate position limit to 8000 shares for this week.,18,2026-02-12 13:19:26.001964,SPNG,24.98,24.98,24.99,5000.0,3112.0,11250.0,1842.0,707.0,93700.0,2000.0,2020.0,4000.0,3000.0,6000.0,5625.0,2000.0,6000.0,2625.0,3000.0,8000.0,6000.0,2020.0,4000.0,5000.0,1784.0,3000.0,5625.0,,,,,,,,,,,,,,,,,,,,,,,,,,,,,,,0,0,0,0,0,0,0,0,0,0,0,0,0,0,0,0,0,0,0,0,0,0,0,0,0,0,0,0
1.0,1.0,1.0,,Welcome to the RITC 2026 Alogithmic Market Making Case - practice server,,18,2026-02-12 13:19:26.001964,SMMR,25.11,25.0,25.11,,,,,,374200.0,,2734.0,,4950.0,,,2000.0,6000.0,,5900.0,,1800.0,5073.0,,,,,,10000.0,6000.0,750.0,3500.0,4685.0,4000.0,1132800.0,7500.0,2000.0,6000.0,,,,,,,,,,,,,,,,,,,,,0,0,0,0,0,0,0,0,0,0,0,0,0,0,0,0,0,0,0,0,0,0,0,0,0,0,0,0
,,,,,,18,2026-02-12 13:19:26.001964,ATMN,25.05,25.05,25.06,,,96.0,,,222600.0,,4761.0,4000.0,3000.0,,11250.0,,3588.0,6750.0,4200.0,,6000.0,4761.0,4000.0,,,2250.0,11250.0,,,2250.0,3500.0,,4000.0,166300.0,,2000.0,,1051.0,4000.0,801.0,4500.0,5625.0,1051.0,801.0,4000.0,,,,,,,,,,,,,0,0,0,0,0,0,0,0,0,0,0,0,0,0,0,0,0,0,0,0,0,0,0,0,0,0,0,0
,,,,,,18,2026-02-12 13:19:26.001964,WNTR,24.91,24.98,25.0,,,,,,226500.0,,2603.0,4000.0,,6000.0,,,,,1200.0,,,,4000.0,,,,,,,,,6000.0,,603900.0,7500.0,,,1360.0,8000.0,,,,,,,1044.0,8000.0,750.0,7500.0,30000.0,15000.0,6000.0,4000.0,2000.0,3500.0,1500.0,772.0,0,0,0,0,0,0,0,0,0,0,0,0,0,0,0,0,0,0,0,0,0,0,0,0,0,0,0,0
2.0,1.0,1.0,,Aggregate Position Limit,Your CRO has set the aggregate position limit to 8000 shares for this week.,19,2026-02-12 13:19:27.019367,SPNG,25.0,24.98,25.0,6526.0,6000.0,715.0,4000.0,3037.0,2352.0,2625.0,3500.0,1200.0,4800.0,6000.0,6000.0,4000.0,5000.0,11250.0,6000.0,5625.0,2625.0,3000.0,4000.0,6882.0,342500.0,5000.0,3000.0,2029.0,,,,,,,,,,,,,,,,,,,0,0,0,0,0,0,0,0,0,0,0,0,0,0,0,0,0,0,0,0,0,0,0,0,0,0,0,0,0,0,0,0,0,0,0,0,0,0,0
1.0,1.0,1.0,,Welcome to the RITC 2026 Alogithmic Market Making Case - practice server,,19,2026-02-12 13:19:27.019367,SMMR,25.03,25.04,25.05,6762.0,6000.0,,4000.0,,,,,3000.0,5516.0,,,,,,1833.0,,,750.0,4000.0,,625400.0,,3000.0,2861.0,1500.0,2000.0,3632.0,2861.0,4800.0,4225.0,3500.0,845.0,,,,,,,,,,,0,0,0,0,0,0,0,0,0,0,0,0,0,0,0,0,0,0,0,0,0,0,0,0,0,0,0,0,0,0,0,0,0,0,0,0,0,0,0
,,,,,,19,2026-02-12 13:19:27.019367,ATMN,25.18,25.19,25.2,,6000.0,,4000.0,,96.0,9000.0,3500.0,3000.0,1600.0,3588.0,,,,5625.0,,5625.0,2250.0,2250.0,,,481900.0,,8150.0,,2250.0,,1620.0,2562.0,,,,,197600.0,60.0,4000.0,2000.0,4000.0,8000.0,4000.0,,,,0,0,0,0,0,0,0,0,0,0,0,0,0,0,0,0,0,0,0,0,0,0,0,0,0,0,0,0,0,0,0,0,0,0,0,0,0,0,0
,,,,,,19,2026-02-12 13:19:27.019367,WNTR,25.0,24.99,25.0,,,,4000.0,,,,7000.0,,8000.0,,,,,,,,,,4000.0,,303000.0,,1200.0,,750.0,,,3004.0,8000.0,3085.0,,,352400.0,,,,,4000.0,,15000.0,6000.0,10000.0,0,0,0,0,0,0,0,0,0,0,0,0,0,0,0,0,0,0,0,0,0,0,0,0,0,0,0,0,0,0,0,0,0,0,0,0,0,0,0
2.0,1.0,1.0,,Aggregate Position Limit,Your CRO has set the aggregate position limit to 8000 shares for this week.,20,2026-02-12 13:19:28.039492,SPNG,24.94,24.94,24.96,3500.0,500.0,2000.0,4000.0,707.0,4250.0,2625.0,3000.0,4000.0,618.0,503900.0,2988.0,25000.0,10000.0,2988.0,300.0,5000.0,4000.0,5625.0,5625.0,707.0,1800.0,6000.0,5625.0,2000.0,1200.0,2000.0,,,,,,,,,,,,,,,,,,,,,,0,0,0,0,0,0,0,0,0,0,0,0,0,0,0,0,0,0,0,0,0,0,0,0,0,0,0,0,0,0,0,0,0,0
1.0,1.0,1.0,,Welcome to the RITC 2026 Alogithmic Market Making Case - practice server,,20,2026-02-12 13:19:28.039492,SMMR,25.04,25.03,25.04,,6000.0,,4000.0,2638.0,3200.0,,,,,1193000.0,2045.0,,,2045.0,,,,,,,,,,2000.0,4200.0,2000.0,1500.0,7000.0,4000.0,1500.0,864200.0,7000.0,750.0,845.0,7500.0,,,,,,,,,,,,,0,0,0,0,0,0,0,0,0,0,0,0,0,0,0,0,0,0,0,0,0,0,0,0,0,0,0,0,0,0,0,0,0,0
,,,,,,20,2026-02-12 13:19:28.039492,ATMN,25.06,25.05,25.06,,6000.0,,,676.0,3950.0,,,4000.0,7500.0,82700.0,,,4000.0,1849.0,6070.0,,4000.0,2094.0,,,,,8340.0,,1200.0,2000.0,2250.0,7000.0,,,104500.0,,2250.0,,,11250.0,5625.0,801.0,4000.0,6000.0,2000.0,5625.0,,,,,,0,0,0,0,0,0,0,0,0,0,0,0,0,0,0,0,0,0,0,0,0,0,0,0,0,0,0,0,0,0,0,0,0,0
,,,,,,20,2026-02-12 13:19:28.039492,WNTR,25.03,25.0,25.02,,,,,,,,750.0,,,219200.0,,,,2406.0,4320.0,,,,,1926.0,6189.0,,,,1200.0,,,,4000.0,750.0,314300.0,,,,,,,,,,,,6400.0,33000.0,6000.0,750.0,3500.0,0,0,0,0,0,0,0,0,0,0,0,0,0,0,0,0,0,0,0,0,0,0,0,0,0,0,0,0,0,0,0,0,0,0
2.0,1.0,1.0,,Aggregate Position Limit,Your CRO has set the aggregate position limit to 8000 shares for this week.,21,2026-02-12 13:19:29.054284,SPNG,25.02,25.02,25.04,851000.0,5000.0,3500.0,4000.0,1600.0,578.0,471.0,2100.0,2774.0,4000.0,4000.0,5150.0,4000.0,471.0,7875.0,6000.0,4000.0,2227.0,235900.0,5000.0,5625.0,7000.0,,,,,,,,,,,,,,,,,,0,0,0,0,0,0,0,0,0,0,0,0,0,0,0,0,0,0,0,0,0,0,0,0,0,0,0,0,0,0,0,0,0,0,0,0,0,0,0,0,0,0,0
1.0,1.0,1.0,,Welcome to the RITC 2026 Alogithmic Market Making Case - practice server,,21,2026-02-12 13:19:29.054284,SMMR,25.01,24.96,24.99,1066800.0,,2161.0,4000.0,,,2093.0,7050.0,3926.0,,,4200.0,,2093.0,,2250.0,,,466700.0,,,7000.0,750.0,4000.0,2476.0,3926.0,6177.0,,,,,,,,,,,,,0,0,0,0,0,0,0,0,0,0,0,0,0,0,0,0,0,0,0,0,0,0,0,0,0,0,0,0,0,0,0,0,0,0,0,0,0,0,0,0,0,0,0
,,,,,,21,2026-02-12 13:19:29.054284,ATMN,24.95,24.94,24.95,506100.0,,,,,,,1900.0,1911.0,4000.0,,3000.0,4000.0,651.0,,2250.0,,,89300.0,,519.0,8100.0,6750.0,4000.0,6000.0,3822.0,2275.0,8000.0,4000.0,6000.0,3922.0,6750.0,4000.0,3334.0,2860.0,800.0,,,,0,0,0,0,0,0,0,0,0,0,0,0,0,0,0,0,0,0,0,0,0,0,0,0,0,0,0,0,0,0,0,0,0,0,0,0,0,0,0,0,0,0,0
,,,,,,21,2026-02-12 13:19:29.054284,WNTR,25.02,25.02,25.03,109600.0,,,4000.0,7200.0,,,,2090.0,,,1200.0,,1926.0,,,4000.0,750.0,220100.0,,,7000.0,750.0,,1876.0,,3500.0,10000.0,,,,,,,,2700.0,21750.0,4200.0,2000.0,0,0,0,0,0,0,0,0,0,0,0,0,0,0,0,0,0,0,0,0,0,0,0,0,0,0,0,0,0,0,0,0,0,0,0,0,0,0,0,0,0,0,0
2.0,1.0,1.0,,Aggregate Position Limit,Your CRO has set the aggregate position limit to 8000 shares for this week.,22,2026-02-12 13:19:30.071381,SPNG,25.02,25.02,25.04,15000.0,2289.0,4000.0,2625.0,3000.0,5625.0,11250.0,110400.0,1600.0,3500.0,6000.0,5625.0,3852.0,4000.0,5000.0,4000.0,356800.0,4700.0,352.0,7000.0,2812.0,703.0,6000.0,2000.0,6000.0,5250.0,,,,,,,,,,,,,,,,,,,,,,0,0,0,0,0,0,0,0,0,0,0,0,0,0,0,0,0,0,0,0,0,0,0,0,0,0,0,0,0,0,0,0,0,0,0
1.0,1.0,1.0,,Welcome to the RITC 2026 Alogithmic Market Making Case - practice server,,22,2026-02-12 13:19:30.071381,SMMR,24.92,24.83,24.92,,2775.0,4000.0,,,,,1043700.0,,,,,,4000.0,,,114000.0,,,,,,,,1500.0,,6000.0,6000.0,5400.0,6000.0,640.0,2775.0,13110.0,4800.0,3000.0,1500.0,876.0,,,,,,,,,,,0,0,0,0,0,0,0,0,0,0,0,0,0,0,0,0,0,0,0,0,0,0,0,0,0,0,0,0,0,0,0,0,0,0,0
,,,,,,22,2026-02-12 13:19:30.071381,ATMN,25.13,25.13,25.14,,2476.0,,4500.0,4500.0,5625.0,5626.0,308100.0,,,,4708.0,,,,,272200.0,,11250.0,1100.0,,5625.0,6000.0,,4500.0,2250.0,,,950.0,7164.0,,,,2400.0,,2250.0,,4000.0,8000.0,12000.0,4000.0,4000.0,4000.0,,,,,0,0,0,0,0,0,0,0,0,0,0,0,0,0,0,0,0,0,0,0,0,0,0,0,0,0,0,0,0,0,0,0,0,0,0
,,,,,,22,2026-02-12 13:19:30.071381,WNTR,25.03,25.02,25.03,,5293.0,,,750.0,,,109600.0,2400.0,,,,,4000.0,,,869600.0,950.0,,1100.0,,,,2000.0,,,,4200.0,,76.0,,2593.0,,300.0,12000.0,750.0,,4000.0,10000.0,,,,,33000.0,1100.0,2000.0,2000.0,0,0,0,0,0,0,0,0,0,0,0,0,0,0,0,0,0,0,0,0,0,0,0,0,0,0,0,0,0,0,0,0,0,0,0
2.0,1.0,1.0,,Aggregate Position Limit,Your CRO has set the aggregate position limit to 8000 shares for this week.,23,2026-02-12 13:19:31.091698,SPNG,25.01,24.99,25.02,800.0,3980.0,6000.0,5000.0,191.0,2000.0,584500.0,5625.0,6000.0,4000.0,1500.0,4000.0,4000.0,3000.0,2900.0,5000.0,8100.0,4000.0,5000.0,2000.0,4000.0,8397.0,3000.0,2625.0,536.0,115100.0,3950.0,1908.0,7500.0,,,,,,,,,,,,,,,,,,,,,,,,0,0,0,0,0,0,0,0,0,0,0,0,0,0,0,0,0,0,0,0,0,0,0,0,0,0,0,0,0,0
1.0,1.0,1.0,,Welcome to the RITC 2026 Alogithmic Market Making Case - practice server,,23,2026-02-12 13:19:31.091698,SMMR,25.03,24.87,25.03,,,,,,,1048000.0,,,,7400.0,,,,,,7000.0,,,,,,750.0,,,1234400.0,3350.0,,7500.0,750.0,2111.0,2250.0,6000.0,800.0,4000.0,,,,,,,,,,,,,,,,,,0,0,0,0,0,0,0,0,0,0,0,0,0,0,0,0,0,0,0,0,0,0,0,0,0,0,0,0,0,0
,,,,,,23,2026-02-12 13:19:31.091698,ATMN,25.28,25.12,25.13,936.0,,6000.0,,,,,7980.0,,,3000.0,4000.0,,6000.0,2300.0,,,,,,,2250.0,,,,401100.0,5150.0,2292.0,,2250.0,,,,800.0,2000.0,6000.0,6000.0,4000.0,5625.0,1100.0,2292.0,841.0,2000.0,4000.0,6000.0,5625.0,6000.0,,,,,,0,0,0,0,0,0,0,0,0,0,0,0,0,0,0,0,0,0,0,0,0,0,0,0,0,0,0,0,0,0
,,,,,,23,2026-02-12 13:19:31.091698,WNTR,25.05,25.02,25.05,2400.0,,,,,,,,6000.0,6000.0,,8000.0,10000.0,,,,,,,,4000.0,750.0,,,,623800.0,950.0,2763.0,,,,,,600.0,2000.0,,4200.0,4000.0,,,5180.0,,,4000.0,,,6000.0,22750.0,4000.0,6000.0,7000.0,918.0,0,0,0,0,0,0,0,0,0,0,0,0,0,0,0,0,0,0,0,0,0,0,0,0,0,0,0,0,0,0
2.0,1.0,1.0,,Aggregate Position Limit,Your CRO has set the aggregate position limit to 8000 shares for this week.,24,2026-02-12 13:19:32.115862,SPNG,24.95,24.95,24.97,347300.0,3000.0,4000.0,5250.0,5614.0,6000.0,3500.0,194.0,5150.0,5250.0,1747.0,8000.0,4200.0,30000.0,4000.0,5625.0,5000.0,1747.0,3300.0,5625.0,5625.0,6000.0,194.0,,,,,,,,,,,,,,,,,,,,,,,,,,,0,0,0,0,0,0,0,0,0,0,0,0,0,0,0,0,0,0,0,0,0,0,0,0,0,0,0,0,0,0,0,0,0
1.0,1.0,1.0,,Welcome to the RITC 2026 Alogithmic Market Making Case - practice server,,24,2026-02-12 13:19:32.115862,SMMR,25.09,24.98,25.01,,1500.0,4000.0,,,,1565.0,1747.0,3000.0,,2607.0,,5400.0,,,,,,,,,,,6357.0,947.0,2000.0,1500.0,1600.0,3500.0,7500.0,6000.0,884000.0,750.0,7500.0,947.0,,,,,,,,,,,,,,,0,0,0,0,0,0,0,0,0,0,0,0,0,0,0,0,0,0,0,0,0,0,0,0,0,0,0,0,0,0,0,0,0
,,,,,,24,2026-02-12 13:19:32.115862,ATMN,25.28,25.13,25.2,,,,,5625.0,6000.0,3500.0,804.0,,,2482.0,,5050.0,,,7948.0,,2482.0,,1406.0,,,,9079.0,,,936.0,,,,,818100.0,,,,3300.0,5625.0,1447.0,5625.0,713.0,4000.0,2000.0,4000.0,2250.0,4000.0,6000.0,,,,0,0,0,0,0,0,0,0,0,0,0,0,0,0,0,0,0,0,0,0,0,0,0,0,0,0,0,0,0,0,0,0,0
,,,,,,24,2026-02-12 13:19:32.115862,WNTR,25.0,24.99,25.0,309600.0,750.0,,,,6000.0,7000.0,,,,3111.0,4000.0,1700.0,,4000.0,,,5407.0,,,,,1849.0,1800.0,,,,,,,,872100.0,,,667.0,8100.0,,2250.0,,,,,,,4000.0,12000.0,23000.0,5000.0,2000.0,0,0,0,0,0,0,0,0,0,0,0,0,0,0,0,0,0,0,0,0,0,0,0,0,0,0,0,0,0,0,0,0,0
2.0,1.0,1.0,,Aggregate Position Limit,Your CRO has set the aggregate position limit to 8000 shares for this week.,25,2026-02-12 13:19:33.157032,SPNG,24.95,24.96,24.98,10000.0,5040.0,1406.0,3000.0,4000.0,2625.0,125800.0,2200.0,5619.0,6000.0,8000.0,4000.0,5625.0,3606.0,5625.0,11250.0,1100.0,341.0,115100.0,,,,,,,,,,,,,,,,,,,,,,0,0,0,0,0,0,0,0,0,0,0,0,0,0,0,0,0,0,0,0,0,0,0,0,0,0,0,0,0,0,0,0,0,0,0,0,0,0,0,0,0,0
1.0,1.0,1.0,,Welcome to the RITC 2026 Alogithmic Market Making Case - practice server,,25,2026-02-12 13:19:33.157032,SMMR,25.08,25.08,25.09,,1254.0,,1500.0,4000.0,,398900.0,1100.0,,6000.0,,,,,,,,1683.0,983600.0,5002.0,861.0,6357.0,750.0,1453.0,5250.0,750.0,1800.0,5400.0,7500.0,7500.0,4000.0,,,,,,,,,,0,0,0,0,0,0,0,0,0,0,0,0,0,0,0,0,0,0,0,0,0,0,0,0,0,0,0,0,0,0,0,0,0,0,0,0,0,0,0,0,0,0
,,,,,,25,2026-02-12 13:19:33.157032,ATMN,25.13,25.13,25.2,,1096.0,11250.0,2250.0,,2250.0,198300.0,3300.0,5625.0,6000.0,6400.0,4000.0,3385.0,2381.0,,352.0,,,191400.0,,,4150.0,,804.0,,,,3950.0,,,,2000.0,2000.0,763.0,4000.0,6000.0,4000.0,2250.0,,,0,0,0,0,0,0,0,0,0,0,0,0,0,0,0,0,0,0,0,0,0,0,0,0,0,0,0,0,0,0,0,0,0,0,0,0,0,0,0,0,0,0
,,,,,,25,2026-02-12 13:19:33.157032,WNTR,25.07,25.0,25.07,,8000.0,,750.0,4000.0,,109600.0,,,6000.0,,4000.0,,2627.0,,,,,1352700.0,,,1800.0,,,6000.0,,,1350.0,7500.0,7500.0,,,,,,,,,23000.0,4000.0,0,0,0,0,0,0,0,0,0,0,0,0,0,0,0,0,0,0,0,0,0,0,0,0,0,0,0,0,0,0,0,0,0,0,0,0,0,0,0,0,0,0
2.0,1.0,1.0,,Aggregate Position Limit,Your CRO has set the aggregate position limit to 8000 shares for this week.,26,2026-02-12 13:19:34.186954,SPNG,24.81,24.95,24.98,2812.0,1118.0,627700.0,5150.0,1406.0,1691.0,2810.0,4000.0,4000.0,5250.0,4000.0,4000.0,10000.0,2400.0,5625.0,1691.0,3300.0,5625.0,5625.0,7500.0,662.0,341.0,6000.0,3000.0,2625.0,115100.0,,,,,,,,,,,,,,,,,,,,,,,,0,0,0,0,0,0,0,0,0,0,0,0,0,0,0,0,0,0,0,0,0,0,0,0,0,0,0,0,0,0,0,0,0
1.0,1.0,1.0,,Welcome to the RITC 2026 Alogithmic Market Making Case - practice server,,26,2026-02-12 13:19:34.186954,SMMR,25.05,25.07,25.09,,4800.0,,,,2345.0,,,,,,4000.0,,3000.0,,,,,,,,,,750.0,,359800.0,1100.0,2250.0,3293.0,6357.0,1500.0,6000.0,5250.0,1800.0,3000.0,7500.0,,,,,,,,,,,,,,0,0,0,0,0,0,0,0,0,0,0,0,0,0,0,0,0,0,0,0,0,0,0,0,0,0,0,0,0,0,0,0,0
,,,,,,26,2026-02-12 13:19:34.186954,ATMN,24.9,25.15,25.19,5625.0,996.0,714100.0,950.0,,1845.0,,,,6000.0,,4000.0,,2400.0,5625.0,1845.0,,5213.0,176.0,,,,6000.0,,4500.0,191400.0,1100.0,,,,4500.0,,,,3000.0,,713.0,4500.0,4000.0,4000.0,449.0,4000.0,,,,,,,,0,0,0,0,0,0,0,0,0,0,0,0,0,0,0,0,0,0,0,0,0,0,0,0,0,0,0,0,0,0,0,0,0
,,,,,,26,2026-02-12 13:19:34.186954,WNTR,24.97,25.01,25.03,,1600.0,583100.0,3000.0,,2733.0,,,,6000.0,4000.0,4000.0,,300.0,,2733.0,,,,,,3653.0,6000.0,750.0,,462900.0,8100.0,1500.0,,337.0,,,,,4200.0,5645.0,,,,,,4000.0,2000.0,760.0,7500.0,6000.0,10000.0,2000.0,2418.0,0,0,0,0,0,0,0,0,0,0,0,0,0,0,0,0,0,0,0,0,0,0,0,0,0,0,0,0,0,0,0,0,0
2.0,1.0,1.0,,Aggregate Position Limit,Your CRO has set the aggregate position limit to 8000 shares for this week.,27,2026-02-12 13:19:35.226821,SPNG,24.78,24.95,24.96,4000.0,5000.0,158.0,8000.0,1404.0,396400.0,3000.0,2150.0,3318.0,4000.0,4000.0,5250.0,4000.0,3500.0,30000.0,15000.0,3318.0,1100.0,2400.0,5625.0,4000.0,,,,,,,,,,,,,,,,,,,,,,,,,,,,,0,0,0,0,0,0,0,0,0,0,0,0,0,0,0,0,0,0,0,0,0,0,0,0,0,0,0,0,0,0,0,0,0
1.0,1.0,1.0,,Welcome to the RITC 2026 Alogithmic Market Making Case - practice server,,27,2026-02-12 13:19:35.226821,SMMR,25.05,25.02,25.05,,,6357.0,,,336400.0,1500.0,3000.0,4654.0,,,,,3500.0,,,4654.0,,1719.0,,8000.0,2250.0,3500.0,6000.0,1400.0,583600.0,1500.0,1800.0,3000.0,7500.0,750.0,,,,,,,,,,,,,,,,,,,0,0,0,0,0,0,0,0,0,0,0,0,0,0,0,0,0,0,0,0,0,0,0,0,0,0,0,0,0,0,0,0,0
,,,,,,27,2026-02-12 13:19:35.226821,ATMN,24.9,25.16,25.18,4000.0,,794.0,,,308100.0,2250.0,1200.0,1539.0,4000.0,,,,3500.0,,,3078.0,2200.0,2400.0,5625.0,,4500.0,3500.0,,,,,6000.0,2250.0,,4500.0,6000.0,883.0,4500.0,2000.0,7500.0,5625.0,5625.0,6000.0,4000.0,2250.0,,,,,,,,,0,0,0,0,0,0,0,0,0,0,0,0,0,0,0,0,0,0,0,0,0,0,0,0,0,0,0,0,0,0,0,0,0
,,,,,,27,2026-02-12 13:19:35.226821,WNTR,24.99,25.01,25.02,4000.0,,354.0,,,352800.0,750.0,3000.0,,4000.0,4000.0,,2000.0,3500.0,,,5882.0,1100.0,300.0,,4000.0,1500.0,,,,,1500.0,,,,750.0,,2576.0,,,1855.0,,,,6000.0,,2000.0,793.0,1100.0,976.0,30000.0,6000.0,2576.0,793.0,0,0,0,0,0,0,0,0,0,0,0,0,0,0,0,0,0,0,0,0,0,0,0,0,0,0,0,0,0,0,0,0,0
2.0,1.0,1.0,,Aggregate Position Limit,Your CRO has set the aggregate position limit to 8000 shares for this week.,28,2026-02-12 13:19:36.253191,SPNG,24.97,24.97,24.98,232300.0,35000.0,1100.0,806.0,158.0,5625.0,5625.0,4000.0,5625.0,2625.0,5000.0,4512.0,4220.0,617.0,11248.0,2500.0,4000.0,11248.0,1600.0,7500.0,4000.0,4000.0,231800.0,,,,,,,,,,,,,,,,,,,,,,,,,0,0,0,0,0,0,0,0,0,0,0,0,0,0,0,0,0,0,0,0,0,0,0,0,0,0,0,0,0,0,0,0,0,0,0,0,0
1.0,1.0,1.0,,Welcome to the RITC 2026 Alogithmic Market Making Case - practice server,,28,2026-02-12 13:19:36.253191,SMMR,24.95,24.87,24.95,1655200.0,,,,,,,,,,,3048.0,,6000.0,,5000.0,4000.0,,1719.0,7500.0,,,231300.0,6096.0,2900.0,5250.0,1956.0,1081.0,1100.0,7000.0,1500.0,,,,,,,,,,,,,,,,,0,0,0,0,0,0,0,0,0,0,0,0,0,0,0,0,0,0,0,0,0,0,0,0,0,0,0,0,0,0,0,0,0,0,0,0,0
,,,,,,28,2026-02-12 13:19:36.253191,ATMN,25.13,25.12,25.13,392700.0,,,1328.0,,,,,,4500.0,,1830.0,5625.0,,,2500.0,4000.0,5625.0,4000.0,,2000.0,,82200.0,,,,,4200.0,1100.0,3500.0,,6000.0,788.0,838.0,1185.0,4000.0,2500.0,6750.0,10000.0,10000.0,4000.0,1050.0,,,,,,0,0,0,0,0,0,0,0,0,0,0,0,0,0,0,0,0,0,0,0,0,0,0,0,0,0,0,0,0,0,0,0,0,0,0,0,0
,,,,,,28,2026-02-12 13:19:36.253191,WNTR,24.96,24.96,24.98,469100.0,,,8000.0,,,,,,,,3496.0,,,,,,,3000.0,,,,124300.0,,,3000.0,,,,,750.0,,,,2576.0,,,,,,,,6000.0,4000.0,657.0,1855.0,32750.0,0,0,0,0,0,0,0,0,0,0,0,0,0,0,0,0,0,0,0,0,0,0,0,0,0,0,0,0,0,0,0,0,0,0,0,0,0
2.0,1.0,1.0,,Aggregate Position Limit,Your CRO has set the aggregate position limit to 8000 shares for this week.,29,2026-02-12 13:19:37.293533,SPNG,25.19,24.97,24.99,99300.0,50000.0,2200.0,1520.0,3500.0,4000.0,1789.0,5625.0,5625.0,1600.0,5000.0,2000.0,4000.0,7500.0,7500.0,1269100.0,5812.0,600.0,,,,,,,,,,,,,,,,,,,,,,,,,,,,,,0,0,0,0,0,0,0,0,0,0,0,0,0,0,0,0,0,0,0,0,0,0,0,0,0,0,0,0,0,0,0,0,0,0,0,0,0
1.0,1.0,1.0,,Welcome to the RITC 2026 Alogithmic Market Making Case - practice server,,29,2026-02-12 13:19:37.293533,SMMR,24.91,24.9,24.91,240900.0,,1100.0,8000.0,2581.0,4000.0,,,,4571.0,,,,,,107000.0,5250.0,,2500.0,750.0,2679.0,750.0,1800.0,5250.0,6618.0,2200.0,750.0,2679.0,1500.0,,,,,,,,,,,,,,,,,,,0,0,0,0,0,0,0,0,0,0,0,0,0,0,0,0,0,0,0,0,0,0,0,0,0,0,0,0,0,0,0,0,0,0,0,0,0
,,,,,,29,2026-02-12 13:19:37.293533,ATMN,24.97,24.97,25.11,1150700.0,,,,,4000.0,,,,1600.0,,,10000.0,,7500.0,,,1050.0,,9000.0,,,,5950.0,4200.0,3300.0,2250.0,,9786.0,1750.0,6000.0,1700.0,4000.0,5625.0,5625.0,10000.0,10000.0,5625.0,,,,,,,,,,0,0,0,0,0,0,0,0,0,0,0,0,0,0,0,0,0,0,0,0,0,0,0,0,0,0,0,0,0,0,0,0,0,0,0,0,0
,,,,,,29,2026-02-12 13:19:37.293533,WNTR,24.95,24.95,24.96,719500.0,,,,2275.0,4000.0,2586.0,,,2400.0,,,,,,124300.0,,,,,2909.0,750.0,,5950.0,,1100.0,,4367.0,750.0,,,3150.0,,,,6000.0,,,4000.0,3000.0,4000.0,686.0,976.0,1855.0,7500.0,22750.0,686.0,0,0,0,0,0,0,0,0,0,0,0,0,0,0,0,0,0,0,0,0,0,0,0,0,0,0,0,0,0,0,0,0,0,0,0,0,0
2.0,1.0,1.0,,Aggregate Position Limit,Your CRO has set the aggregate position limit to 8000 shares for this week.,30,2026-02-12 13:19:38.312985,SPNG,24.97,24.97,25.01,5625.0,2400.0,1100.0,30000.0,2625.0,5625.0,97300.0,5326.0,5625.0,68.0,15000.0,4000.0,10000.0,5000.0,8253.0,1069.0,4000.0,2000.0,7500.0,2625.0,541200.0,1887.0,5812.0,600.0,,,,,,,,,,,,,,,,,,,,,,,,,,,,0,0,0,0,0,0,0,0,0,0,0,0,0,0,0,0,0,0,0,0,0,0,0,0,0,0,0,0,0,0,0,0,0
1.0,1.0,1.0,,Welcome to the RITC 2026 Alogithmic Market Making Case - practice server,,30,2026-02-12 13:19:38.312985,SMMR,24.94,24.94,24.96,,5600.0,2200.0,,,,263400.0,1500.0,,,,,,,2250.0,1516.0,,2000.0,,,846300.0,,5250.0,3350.0,4000.0,2491.0,500.0,1500.0,3500.0,1516.0,3500.0,526.0,6000.0,1100.0,,,,,,,,,,,,,,,,,,0,0,0,0,0,0,0,0,0,0,0,0,0,0,0,0,0,0,0,0,0,0,0,0,0,0,0,0,0,0,0,0,0
,,,,,,30,2026-02-12 13:19:38.312985,ATMN,25.08,25.01,25.08,5625.0,367.0,,,,,104200.0,,5625.0,12210.0,,,,,,1057.0,,4000.0,,4500.0,118200.0,,,1200.0,,,,,3500.0,1057.0,1325.0,,6000.0,,8000.0,632.0,6000.0,719.0,5624.0,5624.0,4218.0,12000.0,800.0,4500.0,,,,,,,,0,0,0,0,0,0,0,0,0,0,0,0,0,0,0,0,0,0,0,0,0,0,0,0,0,0,0,0,0,0,0,0,0
,,,,,,30,2026-02-12 13:19:38.312985,WNTR,25.01,25.01,25.02,,628.0,,,,,561200.0,750.0,,,,4000.0,,,750.0,,6000.0,,,,101700.0,,,,4000.0,5813.0,,,5775.0,1977.0,3500.0,,6000.0,2200.0,,,,,,,,,1600.0,1500.0,20000.0,4000.0,4000.0,4000.0,30000.0,4000.0,2000.0,0,0,0,0,0,0,0,0,0,0,0,0,0,0,0,0,0,0,0,0,0,0,0,0,0,0,0,0,0,0,0,0,0
2.0,1.0,1.0,,Aggregate Position Limit,Your CRO has set the aggregate position limit to 8000 shares for this week.,31,2026-02-12 13:19:39.331328,SPNG,24.91,24.96,25.0,1100.0,390.0,657.0,4295.0,2751.0,5812.0,2000.0,2150.0,5625.0,4000.0,4000.0,5625.0,5625.0,3000.0,2625.0,381200.0,30000.0,5626.0,4295.0,3882.0,5000.0,5502.0,1629.0,4000.0,3000.0,2625.0,2000.0,,,,,,,,,,,,,,,,,,,,,,0,0,0,0,0,0,0,0,0,0,0,0,0,0,0,0,0,0,0,0,0,0,0,0,0,0,0,0,0,0,0,0,0,0,0,0
1.0,1.0,1.0,,Welcome to the RITC 2026 Alogithmic Market Making Case - practice server,,31,2026-02-12 13:19:39.331328,SMMR,25.09,24.96,25.09,1100.0,,,4763.0,,,,,,,,,,750.0,,127600.0,,,4763.0,,,,2310.0,,2150.0,,2000.0,6000.0,2500.0,2310.0,8000.0,5250.0,2000.0,1312900.0,2000.0,,,,,,,,,,,,,,0,0,0,0,0,0,0,0,0,0,0,0,0,0,0,0,0,0,0,0,0,0,0,0,0,0,0,0,0,0,0,0,0,0,0,0
,,,,,,31,2026-02-12 13:19:39.331328,ATMN,25.14,25.11,25.14,1100.0,,,2194.0,,,2000.0,3000.0,528.0,,,11250.0,,2250.0,,104200.0,,11250.0,2351.0,4241.0,,,,,1200.0,,,4000.0,,1644.0,,,,,,4000.0,7000.0,210.0,8000.0,12000.0,6000.0,4000.0,,,,,,,0,0,0,0,0,0,0,0,0,0,0,0,0,0,0,0,0,0,0,0,0,0,0,0,0,0,0,0,0,0,0,0,0,0,0,0
,,,,,,31,2026-02-12 13:19:39.331328,WNTR,24.95,24.95,24.96,,,,,750.0,,,1950.0,,,4000.0,,,,,737400.0,,,3364.0,,,,,4000.0,,,,,,,5085.0,,,,,4000.0,,,6400.0,,6000.0,,6000.0,25000.0,1100.0,4000.0,457.0,750.0,0,0,0,0,0,0,0,0,0,0,0,0,0,0,0,0,0,0,0,0,0,0,0,0,0,0,0,0,0,0,0,0,0,0,0,0
2.0,1.0,1.0,,Aggregate Position Limit,Your CRO has set the aggregate position limit to 8000 shares for this week.,32,2026-02-12 13:19:40.357806,SPNG,24.67,24.95,24.98,2812.0,1875.0,1483700.0,2550.0,3500.0,5624.0,9750.0,11250.0,15000.0,5000.0,466.0,1604.0,716.0,1200.0,6000.0,5250.0,135100.0,,,,,,,,,,,,,,,,,,,,,,,,,,,,,,,,0,0,0,0,0,0,0,0,0,0,0,0,0,0,0,0,0,0,0,0,0,0,0,0,0,0,0,0,0,0,0,0,0,0,0,0
1.0,1.0,1.0,,Welcome to the RITC 2026 Alogithmic Market Making Case - practice server,,32,2026-02-12 13:19:40.357806,SMMR,25.05,25.02,25.05,,,232700.0,,2275.0,,,,,,,,300.0,4200.0,,,1177400.0,2500.0,4400.0,1808.0,1600.0,3875.0,5950.0,2250.0,7500.0,6000.0,2900.0,4000.0,5250.0,4000.0,,,,,,,,,,,,,,,,,,,0,0,0,0,0,0,0,0,0,0,0,0,0,0,0,0,0,0,0,0,0,0,0,0,0,0,0,0,0,0,0,0,0,0,0,0
,,,,,,32,2026-02-12 13:19:40.357806,ATMN,25.11,25.1,25.11,264.0,,90200.0,,3500.0,5624.0,4063.0,11250.0,,,,1831.0,4800.0,1200.0,12000.0,,114900.0,2500.0,1100.0,1831.0,1800.0,150.0,3500.0,,,,6000.0,,3216.0,,4000.0,5625.0,2250.0,5625.0,7500.0,4000.0,4000.0,2250.0,,,,,,,,,,,0,0,0,0,0,0,0,0,0,0,0,0,0,0,0,0,0,0,0,0,0,0,0,0,0,0,0,0,0,0,0,0,0,0,0,0
,,,,,,32,2026-02-12 13:19:40.357806,WNTR,24.98,24.98,24.99,,,378700.0,,7000.0,,,,,,457.0,,,,,,305900.0,2500.0,,4396.0,1450.0,77.0,,,,6000.0,6000.0,,,4000.0,4000.0,,,,,4000.0,4000.0,750.0,15000.0,6000.0,4000.0,4000.0,1053.0,2500.0,735.0,15000.0,3300.0,4000.0,0,0,0,0,0,0,0,0,0,0,0,0,0,0,0,0,0,0,0,0,0,0,0,0,0,0,0,0,0,0,0,0,0,0,0,0
2.0,1.0,1.0,,Aggregate Position Limit,Your CRO has set the aggregate position limit to 8000 shares for this week.,33,2026-02-12 13:19:41.382558,SPNG,24.97,24.97,24.98,25000.0,4000.0,2275.0,2812.0,2812.0,750.0,10000.0,2200.0,597.0,6000.0,940.0,1875.0,2000.0,6000.0,5625.0,5625.0,5625.0,4000.0,1418.0,1100.0,22500.0,25000.0,6000.0,597.0,940.0,,,,,,,,,,,,,,,,,,,,,,,,,,,,0,0,0,0,0,0,0,0,0,0,0,0,0,0,0,0,0,0,0,0,0,0,0,0,0,0,0,0,0,0,0,0
1.0,1.0,1.0,,Welcome to the RITC 2026 Alogithmic Market Making Case - practice server,,33,2026-02-12 13:19:41.382558,SMMR,25.05,25.03,25.05,,,5950.0,,,,,3300.0,,,961.0,1500.0,,,,,,4000.0,,,2250.0,,,933.0,961.0,2250.0,3200.0,1704.0,3875.0,117400.0,7500.0,900.0,2275.0,705400.0,593.0,4200.0,,,,,,,,,,,,,,,,,0,0,0,0,0,0,0,0,0,0,0,0,0,0,0,0,0,0,0,0,0,0,0,0,0,0,0,0,0,0,0,0
,,,,,,33,2026-02-12 13:19:41.382558,ATMN,25.14,25.14,25.15,,4000.0,2275.0,,,781.0,,1100.0,,,,,2000.0,4000.0,,5625.0,,,,1100.0,2604.0,,,,722.0,2250.0,300.0,,10816.0,204300.0,7500.0,,,,,2150.0,8000.0,2500.0,2000.0,2250.0,3000.0,3216.0,2000.0,12000.0,6750.0,9000.0,4000.0,,,,,,0,0,0,0,0,0,0,0,0,0,0,0,0,0,0,0,0,0,0,0,0,0,0,0,0,0,0,0,0,0,0,0
,,,,,,33,2026-02-12 13:19:41.382558,WNTR,24.97,24.97,24.99,,,,,,,,,,,,1500.0,,4000.0,,,,4000.0,,4400.0,,,6000.0,,,,580.0,2289.0,31.0,1159800.0,,1600.0,7000.0,305900.0,,,,,,,3150.0,,,6000.0,,,,514.0,2000.0,7500.0,20000.0,4000.0,0,0,0,0,0,0,0,0,0,0,0,0,0,0,0,0,0,0,0,0,0,0,0,0,0,0,0,0,0,0,0,0
2.0,1.0,1.0,,Aggregate Position Limit,Your CRO has set the aggregate position limit to 8000 shares for this week.,34,2026-02-12 13:19:42.412564,SPNG,25.2,24.97,24.99,5000.0,5000.0,2400.0,2064.0,5624.0,2812.0,2813.0,1100.0,589.0,6000.0,1875.0,5625.0,1501.0,4000.0,6000.0,2064.0,1328200.0,2300.0,,,,,,,,,,,,,,,,,,,,,,,,,,,,,,,0,0,0,0,0,0,0,0,0,0,0,0,0,0,0,0,0,0,0,0,0,0,0,0,0,0,0,0,0,0,0,0,0,0,0,0
1.0,1.0,1.0,,Welcome to the RITC 2026 Alogithmic Market Making Case - practice server,,34,2026-02-12 13:19:42.412564,SMMR,25.06,25.04,25.05,,,1600.0,,,,,4400.0,678.0,,750.0,,1939.0,4000.0,,,1161500.0,4200.0,4000.0,2250.0,3878.0,5950.0,2768.0,117400.0,7500.0,593.0,750.0,300.0,2275.0,2000.0,2000.0,,,,,,,,,,,,,,,,,,0,0,0,0,0,0,0,0,0,0,0,0,0,0,0,0,0,0,0,0,0,0,0,0,0,0,0,0,0,0,0,0,0,0,0,0
,,,,,,34,2026-02-12 13:19:42.412564,ATMN,25.13,25.11,25.13,,,600.0,,5625.0,5625.0,11250.0,2200.0,,6000.0,2250.0,9276.0,2056.0,,6000.0,,394500.0,1700.0,,,,,,100400.0,,,,800.0,2458.0,2000.0,,10000.0,4000.0,2000.0,2200.0,838.0,3216.0,4000.0,1406.0,2250.0,,,,,,,,,0,0,0,0,0,0,0,0,0,0,0,0,0,0,0,0,0,0,0,0,0,0,0,0,0,0,0,0,0,0,0,0,0,0,0,0
,,,,,,34,2026-02-12 13:19:42.412564,WNTR,25.01,24.96,24.98,,,300.0,,,,,,,,1500.0,,,,6000.0,,435100.0,,4000.0,,2848.0,,31.0,1288700.0,,,750.0,800.0,3500.0,,,,,,4400.0,,,,,,3150.0,7500.0,4000.0,15000.0,7500.0,798.0,4000.0,750.0,0,0,0,0,0,0,0,0,0,0,0,0,0,0,0,0,0,0,0,0,0,0,0,0,0,0,0,0,0,0,0,0,0,0,0,0
2.0,1.0,1.0,,Aggregate Position Limit,Your CRO has set the aggregate position limit to 8000 shares for this week.,35,2026-02-12 13:19:43.517344,SPNG,25.05,25.05,25.2,115400.0,2438.0,4000.0,5000.0,10000.0,5625.0,5625.0,3700.0,4218.0,1557100.0,6000.0,2438.0,2750.0,,,,,,,,,,,,,,,,,,,,,,,,,,,,,,0,0,0,0,0,0,0,0,0,0,0,0,0,0,0,0,0,0,0,0,0,0,0,0,0,0,0,0,0,0,0,0,0,0,0,0,0,0,0,0,0,0
1.0,1.0,1.0,,Welcome to the RITC 2026 Alogithmic Market Making Case - practice server,,35,2026-02-12 13:19:43.517344,SMMR,25.0,25.04,25.05,117400.0,5404.0,4000.0,,,,,2400.0,,1398300.0,,,4200.0,2250.0,2100.0,2674.0,2500.0,750.0,7500.0,889.0,2214.0,2275.0,750.0,7500.0,889.0,2000.0,,,,,,,,,,,,,,,,,0,0,0,0,0,0,0,0,0,0,0,0,0,0,0,0,0,0,0,0,0,0,0,0,0,0,0,0,0,0,0,0,0,0,0,0,0,0,0,0,0,0
,,,,,,35,2026-02-12 13:19:43.517344,ATMN,25.16,25.16,25.17,192300.0,2606.0,,,,,5625.0,3260.0,,93900.0,3216.0,,,,368.0,2674.0,,2250.0,,862.0,,2458.0,,,862.0,,6000.0,8000.0,4000.0,1574.0,4000.0,44.0,4000.0,4000.0,,,,,,,,,0,0,0,0,0,0,0,0,0,0,0,0,0,0,0,0,0,0,0,0,0,0,0,0,0,0,0,0,0,0,0,0,0,0,0,0,0,0,0,0,0,0
,,,,,,35,2026-02-12 13:19:43.517344,WNTR,24.95,24.94,24.95,366200.0,2699.0,4000.0,,,,,2500.0,,204200.0,,,,,,,,750.0,,,31.0,7000.0,750.0,,2972.0,,,3200.0,4000.0,3774.0,,,8000.0,7250.0,20000.0,4000.0,4000.0,514.0,1950.0,5000.0,6000.0,6000.0,0,0,0,0,0,0,0,0,0,0,0,0,0,0,0,0,0,0,0,0,0,0,0,0,0,0,0,0,0,0,0,0,0,0,0,0,0,0,0,0,0,0
2.0,1.0,1.0,,Aggregate Position Limit,Your CRO has set the aggregate position limit to 8000 shares for this week.,36,2026-02-12 13:19:44.570704,SPNG,24.68,25.08,25.13,545.0,1750.0,4000.0,1966.0,2000.0,6000.0,1464400.0,750.0,1750.0,2500.0,3500.0,20000.0,2436.0,410.0,6000.0,3000.0,4000.0,91900.0,1966.0,1846.0,6000.0,3000.0,,,,,,,,,,,,,,,,,,,,,,,,,,,,0,0,0,0,0,0,0,0,0,0,0,0,0,0,0,0,0,0,0,0,0,0,0,0,0,0,0,0,0,0,0,0,0,0,0
1.0,1.0,1.0,,Welcome to the RITC 2026 Alogithmic Market Making Case - practice server,,36,2026-02-12 13:19:44.570704,SMMR,24.95,24.94,24.95,,,,5744.0,2000.0,,485100.0,4200.0,,,1050.0,,,,,1200.0,,801000.0,5744.0,2250.0,,,6000.0,750.0,800.0,4987.0,1500.0,3300.0,7500.0,1364.0,2200.0,4000.0,7500.0,,,,,,,,,,,,,,,,,0,0,0,0,0,0,0,0,0,0,0,0,0,0,0,0,0,0,0,0,0,0,0,0,0,0,0,0,0,0,0,0,0,0,0
,,,,,,36,2026-02-12 13:19:44.570704,ATMN,25.12,25.11,25.12,,,,2605.0,2000.0,,191900.0,,,,2480.0,,,,,,4000.0,212400.0,4443.0,6750.0,,4500.0,6000.0,2250.0,900.0,,,3774.0,,,1574.0,4000.0,7500.0,11250.0,5625.0,5625.0,4000.0,4000.0,2250.0,4000.0,10.0,8000.0,4000.0,531.0,,,,,,0,0,0,0,0,0,0,0,0,0,0,0,0,0,0,0,0,0,0,0,0,0,0,0,0,0,0,0,0,0,0,0,0,0,0
,,,,,,36,2026-02-12 13:19:44.570704,WNTR,24.99,24.98,24.99,,,4000.0,5169.0,,,104100.0,,2000.0,,,,,,,3000.0,4000.0,230900.0,,750.0,,750.0,,750.0,800.0,,,2200.0,,,5500.0,,2418.0,,,,4000.0,4000.0,,4000.0,,4000.0,4000.0,,25266.0,3500.0,798.0,15000.0,2000.0,0,0,0,0,0,0,0,0,0,0,0,0,0,0,0,0,0,0,0,0,0,0,0,0,0,0,0,0,0,0,0,0,0,0,0
2.0,1.0,1.0,,Aggregate Position Limit,Your CRO has set the aggregate position limit to 8000 shares for this week.,37,2026-02-12 13:19:45.609684,SPNG,24.67,25.01,25.05,626.0,825.0,1417.0,2625.0,1464400.0,4000.0,750.0,2875.0,35000.0,2200.0,1600.0,1417.0,2812.0,5625.0,3500.0,3949.0,6000.0,2844.0,3000.0,,,,,,,,,,,,,,,,,,,,,,,,,,,,,,,,,,,0,0,0,0,0,0,0,0,0,0,0,0,0,0,0,0,0,0,0,0,0,0,0,0,0,0,0,0,0,0,0
1.0,1.0,1.0,,Welcome to the RITC 2026 Alogithmic Market Making Case - practice server,,37,2026-02-12 13:19:45.609684,SMMR,24.97,24.96,24.97,,2479.0,1857.0,,617500.0,,1200.0,,,3300.0,954.0,1857.0,,,3500.0,,1368.0,,,4000.0,750.0,4987.0,7500.0,1500.0,3300.0,3500.0,7500.0,2000.0,793800.0,2479.0,7500.0,1500.0,1200.0,,,,,,,,,,,,,,,,,,,,,0,0,0,0,0,0,0,0,0,0,0,0,0,0,0,0,0,0,0,0,0,0,0,0,0,0,0,0,0,0,0
,,,,,,37,2026-02-12 13:19:45.609684,ATMN,25.12,25.11,25.12,600.0,1412.0,,6750.0,294300.0,4000.0,,10.0,,2674.0,800.0,3455.0,,,3500.0,,,,2250.0,4000.0,,,,2250.0,4874.0,,,,118500.0,1412.0,,6750.0,,5625.0,5625.0,5625.0,4000.0,4000.0,550.0,4000.0,4000.0,4000.0,2000.0,,,,,,,,,,,0,0,0,0,0,0,0,0,0,0,0,0,0,0,0,0,0,0,0,0,0,0,0,0,0,0,0,0,0,0,0
,,,,,,37,2026-02-12 13:19:45.609684,WNTR,24.98,24.97,24.98,1600.0,3668.0,,,245500.0,4000.0,,,,2200.0,788.0,5548.0,,,3500.0,,,6000.0,750.0,4000.0,,,,,1100.0,,,,129200.0,5132.0,,750.0,,,,,4000.0,4000.0,,,,4000.0,,1830.0,514.0,4000.0,6000.0,1053.0,5100.0,10000.0,2000.0,25000.0,6000.0,0,0,0,0,0,0,0,0,0,0,0,0,0,0,0,0,0,0,0,0,0,0,0,0,0,0,0,0,0,0,0
2.0,1.0,1.0,,Aggregate Position Limit,Your CRO has set the aggregate position limit to 8000 shares for this week.,38,2026-02-12 13:19:46.646558,SPNG,24.71,24.72,24.75,4000.0,6000.0,600.0,2500.0,3248.0,1876.0,5250.0,3000.0,4000.0,380000.0,4000.0,4200.0,11752.0,4000.0,1265.0,7690.0,7500.0,7500.0,5625.0,2150.0,7500.0,3949.0,6000.0,4000.0,2000.0,,,,,,,,,,,,,,,,,,,,,,,,,,,,0,0,0,0,0,0,0,0,0,0,0,0,0,0,0,0,0,0,0,0,0,0,0,0,0,0,0,0,0,0,0,0
1.0,1.0,1.0,,Welcome to the RITC 2026 Alogithmic Market Making Case - practice server,,38,2026-02-12 13:19:46.646558,SMMR,24.99,24.99,25.0,4000.0,,800.0,,,7000.0,,2250.0,4000.0,376600.0,,,,,2076.0,,,750.0,,1200.0,7500.0,,1368.0,,,2076.0,6000.0,2818.0,2200.0,933.0,7500.0,666.0,3500.0,860.0,1013900.0,2818.0,1100.0,2000.0,,,,,,,,,,,,,,,0,0,0,0,0,0,0,0,0,0,0,0,0,0,0,0,0,0,0,0,0,0,0,0,0,0,0,0,0,0,0,0
,,,,,,38,2026-02-12 13:19:46.646558,ATMN,25.27,25.27,25.28,,,3580.0,,,3500.0,4500.0,2250.0,4000.0,185800.0,,,,,1870.0,,,,,1700.0,,5628.0,,,,,6000.0,,3774.0,,7500.0,,,,1099700.0,,1100.0,,2000.0,5625.0,5625.0,6750.0,1165.0,,,,,,,,,,0,0,0,0,0,0,0,0,0,0,0,0,0,0,0,0,0,0,0,0,0,0,0,0,0,0,0,0,0,0,0,0
,,,,,,38,2026-02-12 13:19:46.646558,WNTR,24.97,24.97,24.98,,1830.0,2400.0,,,,,,4000.0,,4000.0,,,,2650.0,1800.0,,,,,,,2427.0,,,,6000.0,,1100.0,,,,3500.0,,362300.0,5132.0,6600.0,,,,,,,25000.0,4000.0,6000.0,750.0,4000.0,15000.0,4000.0,4000.0,716.0,0,0,0,0,0,0,0,0,0,0,0,0,0,0,0,0,0,0,0,0,0,0,0,0,0,0,0,0,0,0,0,0
2.0,1.0,1.0,,Aggregate Position Limit,Your CRO has set the aggregate position limit to 8000 shares for this week.,39,2026-02-12 13:19:47.676598,SPNG,25.22,24.95,25.22,600.0,6000.0,6000.0,20000.0,2000.0,2813.0,2344.0,1100.0,3421.0,5625.0,3750.0,5625.0,2625.0,1357200.0,4000.0,4000.0,2700.0,,,,,,,,,,,,,,,,,,,,,,,,,,,,,,,0,0,0,0,0,0,0,0,0,0,0,0,0,0,0,0,0,0,0,0,0,0,0,0,0,0,0,0,0,0,0,0,0,0,0,0,0
1.0,1.0,1.0,,Welcome to the RITC 2026 Alogithmic Market Making Case - practice server,,39,2026-02-12 13:19:47.676598,SMMR,24.92,24.92,24.93,,4000.0,,,,,,3300.0,3500.0,,,,,227200.0,,,,4000.0,2500.0,7500.0,750.0,5436.0,489200.0,4987.0,6000.0,2816.0,4000.0,2000.0,4550.0,1500.0,4300.0,7500.0,,,,,,,,,,,,,,,,0,0,0,0,0,0,0,0,0,0,0,0,0,0,0,0,0,0,0,0,0,0,0,0,0,0,0,0,0,0,0,0,0,0,0,0,0
,,,,,,39,2026-02-12 13:19:47.676598,ATMN,25.16,25.15,25.16,780.0,6000.0,4200.0,,,5625.0,,2200.0,,5625.0,,2492.0,,289300.0,,,3000.0,4000.0,,,2250.0,,91500.0,6000.0,3000.0,2564.0,,,2275.0,,800.0,,10000.0,4500.0,6000.0,6000.0,1698.0,702.0,612.0,9000.0,4000.0,7500.0,,,,,,0,0,0,0,0,0,0,0,0,0,0,0,0,0,0,0,0,0,0,0,0,0,0,0,0,0,0,0,0,0,0,0,0,0,0,0,0
,,,,,,39,2026-02-12 13:19:47.676598,WNTR,25.02,24.93,25.02,300.0,,6000.0,,,,,1574.0,,,,,,917100.0,,,1200.0,,,,,,1647200.0,,1950.0,,,,,,,,,,,,,,,750.0,2000.0,,3354.0,6600.0,2000.0,5000.0,6000.0,0,0,0,0,0,0,0,0,0,0,0,0,0,0,0,0,0,0,0,0,0,0,0,0,0,0,0,0,0,0,0,0,0,0,0,0,0
2.0,1.0,1.0,,Aggregate Position Limit,Your CRO has set the aggregate position limit to 8000 shares for this week.,40,2026-02-12 13:19:48.702403,SPNG,25.24,25.0,25.24,1100.0,23504.0,1047.0,4000.0,5922.0,2500.0,6770.0,3000.0,6000.0,663.0,5625.0,1682800.0,4250.0,,,,,,,,,,,,,,,,,,,,,,,,,,,,,,,,0,0,0,0,0,0,0,0,0,0,0,0,0,0,0,0,0,0,0,0,0,0,0,0,0,0,0,0,0,0,0,0,0,0,0,0,0,0,0,0
1.0,1.0,1.0,,Welcome to the RITC 2026 Alogithmic Market Making Case - practice server,,40,2026-02-12 13:19:48.702403,SMMR,25.01,24.9,24.91,,,1200.0,4000.0,2061.0,2500.0,,4950.0,,1587.0,,123700.0,,750.0,5714.0,356500.0,821.0,666.0,4987.0,2500.0,3200.0,3300.0,5714.0,6376.0,1587.0,7500.0,1500.0,2000.0,7500.0,6000.0,,,,,,,,,,,,,,,0,0,0,0,0,0,0,0,0,0,0,0,0,0,0,0,0,0,0,0,0,0,0,0,0,0,0,0,0,0,0,0,0,0,0,0,0,0,0,0
,,,,,,40,2026-02-12 13:19:48.702403,ATMN,25.29,25.17,25.19,3300.0,,2340.0,4000.0,3500.0,2500.0,10816.0,,10000.0,,,901800.0,2150.0,,2242.0,,,,,2500.0,,1100.0,2242.0,2275.0,,,2250.0,,,,5625.0,5625.0,10000.0,2250.0,4000.0,614.0,,,,,,,,,0,0,0,0,0,0,0,0,0,0,0,0,0,0,0,0,0,0,0,0,0,0,0,0,0,0,0,0,0,0,0,0,0,0,0,0,0,0,0,0
,,,,,,40,2026-02-12 13:19:48.702403,WNTR,24.98,24.98,24.99,2200.0,,822.0,4000.0,3500.0,,,,4000.0,3512.0,,233100.0,,1500.0,3235.0,489100.0,,,,,800.0,7700.0,,,,7500.0,750.0,,,,,,,,,,6000.0,6000.0,4000.0,2000.0,7500.0,4000.0,20000.0,374.0,0,0,0,0,0,0,0,0,0,0,0,0,0,0,0,0,0,0,0,0,0,0,0,0,0,0,0,0,0,0,0,0,0,0,0,0,0,0,0,0
2.0,1.0,1.0,,Aggregate Position Limit,Your CRO has set the aggregate position limit to 8000 shares for this week.,41,2026-02-12 13:19:49.720554,SPNG,25.11,25.11,25.12,4475.0,300.0,406.0,1750.0,2625.0,1253000.0,3500.0,977.0,15290.0,1586.0,4000.0,800.0,1888.0,6000.0,6000.0,95700.0,3750.0,20000.0,,,,,,,,,,,,,,,,,,,,,,,,,,,,,,,,,,,0,0,0,0,0,0,0,0,0,0,0,0,0,0,0,0,0,0,0,0,0,0,0,0,0,0,0,0,0,0,0,0
1.0,1.0,1.0,,Welcome to the RITC 2026 Alogithmic Market Making Case - practice server,,41,2026-02-12 13:19:49.720554,SMMR,24.89,24.89,24.9,4200.0,300.0,,,,1370400.0,,,,,4000.0,1600.0,6376.0,,,462600.0,750.0,,750.0,4987.0,1100.0,2000.0,4400.0,7500.0,7500.0,2000.0,6000.0,3000.0,,,,,,,,,,,,,,,,,,,,,,,,,0,0,0,0,0,0,0,0,0,0,0,0,0,0,0,0,0,0,0,0,0,0,0,0,0,0,0,0,0,0,0,0
,,,,,,41,2026-02-12 13:19:49.720554,ATMN,25.1,25.17,25.19,,799.0,,,,276100.0,,,,1817.0,4000.0,1600.0,3500.0,,,389700.0,,,4500.0,,7074.0,2000.0,1100.0,,,2000.0,,2150.0,1817.0,6000.0,5625.0,841.0,2000.0,5625.0,5625.0,307.0,594.0,4500.0,617.0,740.0,4000.0,,,,,,,,,,,,0,0,0,0,0,0,0,0,0,0,0,0,0,0,0,0,0,0,0,0,0,0,0,0,0,0,0,0,0,0,0,0
,,,,,,41,2026-02-12 13:19:49.720554,WNTR,25.02,25.02,25.03,,411.0,,,,358000.0,,,,,,,,,750.0,563400.0,,,750.0,,2200.0,,5500.0,7500.0,2418.0,2000.0,,3000.0,2622.0,6000.0,,,,,,,,,,,,20000.0,5950.0,5787.0,4000.0,6000.0,4000.0,4000.0,7500.0,5000.0,214.0,6000.0,0,0,0,0,0,0,0,0,0,0,0,0,0,0,0,0,0,0,0,0,0,0,0,0,0,0,0,0,0,0,0,0
2.0,1.0,1.0,,Aggregate Position Limit,Your CRO has set the aggregate position limit to 8000 shares for this week.,43,2026-02-12 13:19:50.742013,SPNG,24.97,24.98,24.99,2273.0,5000.0,6000.0,300.0,4415.0,3000.0,4000.0,768900.0,146.0,3949.0,6000.0,1575.0,6000.0,15000.0,1346.0,2500.0,2625.0,800.0,7500.0,112000.0,3949.0,5625.0,5625.0,,,,,,,,,,,,,,,,,,,,,,,,,,0,0,0,0,0,0,0,0,0,0,0,0,0,0,0,0,0,0,0,0,0,0,0,0,0,0,0,0,0,0,0,0,0,0,0,0
1.0,1.0,1.0,,Welcome to the RITC 2026 Alogithmic Market Making Case - practice server,,43,2026-02-12 13:19:50.742013,SMMR,24.93,24.87,24.93,1750.0,,,,4200.0,,4000.0,1425500.0,,,,3000.0,,,,,,,,792700.0,,,,2000.0,770.0,1100.0,6376.0,3300.0,7500.0,2000.0,2000.0,7500.0,6000.0,1577.0,,,,,,,,,,,,,,,0,0,0,0,0,0,0,0,0,0,0,0,0,0,0,0,0,0,0,0,0,0,0,0,0,0,0,0,0,0,0,0,0,0,0,0
,,,,,,43,2026-02-12 13:19:50.742013,ATMN,25.05,25.05,25.08,,,6000.0,,3150.0,,,489200.0,,6000.0,,,,,2150.0,,2250.0,1600.0,1490.0,297900.0,,5625.0,5624.0,,,3300.0,,2200.0,,,,7500.0,6000.0,,2000.0,1329.0,5624.0,4000.0,6750.0,2150.0,4000.0,5379.0,617.0,4000.0,,,,,0,0,0,0,0,0,0,0,0,0,0,0,0,0,0,0,0,0,0,0,0,0,0,0,0,0,0,0,0,0,0,0,0,0,0,0
,,,,,,43,2026-02-12 13:19:50.742013,WNTR,25.03,25.02,25.03,12696.0,,6000.0,731.0,,,,235000.0,2563.0,,214.0,3000.0,,,2490.0,,,1600.0,,131400.0,,,,,,,1876.0,6600.0,7500.0,,,2418.0,,1920.0,,,,4000.0,,2490.0,4000.0,,,,45000.0,4000.0,6000.0,750.0,0,0,0,0,0,0,0,0,0,0,0,0,0,0,0,0,0,0,0,0,0,0,0,0,0,0,0,0,0,0,0,0,0,0,0,0
2.0,1.0,1.0,,Aggregate Position Limit,Your CRO has set the aggregate position limit to 8000 shares for this week.,44,2026-02-12 13:19:51.781317,SPNG,24.66,24.99,25.0,395.0,5000.0,1100.0,5626.0,139.0,774.0,2000.0,5626.0,1553.0,2625.0,3000.0,4000.0,355800.0,3949.0,1365.0,1600.0,4000.0,3305.0,1553.0,1100.0,7500.0,5625.0,11250.0,20000.0,5625.0,6000.0,2000.0,139.0,665.0,2625.0,,,,,,,,,,,,,,,,,,,,,0,0,0,0,0,0,0,0,0,0,0,0,0,0,0,0,0,0,0,0,0,0,0,0,0,0,0,0,0,0,0,0,0,0
1.0,1.0,1.0,,Welcome to the RITC 2026 Alogithmic Market Making Case - practice server,,44,2026-02-12 13:19:51.781317,SMMR,24.86,24.86,24.89,1740.0,,3300.0,,1263.0,,,,,,,,941400.0,,3000.0,,,12998.0,,4400.0,7500.0,,,,,6000.0,2000.0,1263.0,4200.0,,664.0,2000.0,1500.0,4000.0,750.0,241400.0,7500.0,6000.0,,,,,,,,,,,,,0,0,0,0,0,0,0,0,0,0,0,0,0,0,0,0,0,0,0,0,0,0,0,0,0,0,0,0,0,0,0,0,0,0
,,,,,,44,2026-02-12 13:19:51.781317,ATMN,25.04,25.12,25.13,,,2200.0,978.0,743.0,,,,,4500.0,,,292900.0,,2400.0,1420.0,4000.0,,,1100.0,,5625.0,11250.0,,5625.0,6000.0,,743.0,,,6000.0,,,2000.0,,97200.0,7500.0,,4000.0,2000.0,8000.0,4000.0,7500.0,6000.0,2980.0,,,,,,0,0,0,0,0,0,0,0,0,0,0,0,0,0,0,0,0,0,0,0,0,0,0,0,0,0,0,0,0,0,0,0,0,0
,,,,,,44,2026-02-12 13:19:51.781317,WNTR,25.02,25.02,25.03,13455.0,,,,2563.0,1462.0,,,5330.0,,,,235300.0,,,800.0,4000.0,3742.0,,6600.0,7500.0,,,,,,,1920.0,,,,,750.0,,750.0,131400.0,,,4000.0,,,,,214.0,750.0,40000.0,6000.0,966.0,2000.0,1081.0,0,0,0,0,0,0,0,0,0,0,0,0,0,0,0,0,0,0,0,0,0,0,0,0,0,0,0,0,0,0,0,0,0,0
2.0,1.0,1.0,,Aggregate Position Limit,Your CRO has set the aggregate position limit to 8000 shares for this week.,45,2026-02-12 13:19:52.804399,SPNG,24.96,24.96,24.97,3111.0,5000.0,5626.0,216400.0,5232.0,1100.0,4000.0,5626.0,2000.0,2000.0,3578.0,10000.0,6400.0,1090.0,2200.0,2153.0,5625.0,543.0,5625.0,5625.0,,,,,,,,,,,,,,,,,,,,,,,,,0,0,0,0,0,0,0,0,0,0,0,0,0,0,0,0,0,0,0,0,0,0,0,0,0,0,0,0,0,0,0,0,0,0,0,0,0,0,0,0
1.0,1.0,1.0,,Welcome to the RITC 2026 Alogithmic Market Making Case - practice server,,45,2026-02-12 13:19:52.804399,SMMR,24.82,24.8,24.82,,,,1266200.0,,1100.0,,,2000.0,,6222.0,,1600.0,2601.0,4400.0,708.0,,,,,7200.0,1263.0,6000.0,588200.0,7500.0,7500.0,6000.0,2000.0,6000.0,1200.0,,,,,,,,,,,,,,,0,0,0,0,0,0,0,0,0,0,0,0,0,0,0,0,0,0,0,0,0,0,0,0,0,0,0,0,0,0,0,0,0,0,0,0,0,0,0,0
,,,,,,45,2026-02-12 13:19:52.804399,ATMN,25.12,25.09,25.11,,,,100400.0,600.0,,,568.0,2000.0,,3111.0,,800.0,4579.0,,2125.0,5625.0,,5625.0,5625.0,4200.0,,,97200.0,,,,,,,2125.0,382.0,6000.0,2250.0,4000.0,2250.0,6581.0,4000.0,10000.0,2500.0,4000.0,,,,0,0,0,0,0,0,0,0,0,0,0,0,0,0,0,0,0,0,0,0,0,0,0,0,0,0,0,0,0,0,0,0,0,0,0,0,0,0,0,0
,,,,,,45,2026-02-12 13:19:52.804399,WNTR,25.17,25.07,25.1,13455.0,,,235300.0,1462.0,,4000.0,,,,,,,2229.0,,,,,,,,1792.0,,1124800.0,,,,,9000.0,2150.0,,,6000.0,,,,6000.0,2000.0,,,4000.0,10000.0,45000.0,4000.0,0,0,0,0,0,0,0,0,0,0,0,0,0,0,0,0,0,0,0,0,0,0,0,0,0,0,0,0,0,0,0,0,0,0,0,0,0,0,0,0
2.0,1.0,1.0,,Aggregate Position Limit,Your CRO has set the aggregate position limit to 8000 shares for this week.,46,2026-02-12 13:19:53.838237,SPNG,25.11,25.11,25.12,245700.0,1600.0,35000.0,1100.0,4000.0,2000.0,1519.0,5625.0,3111.0,5625.0,5625.0,5000.0,6000.0,106400.0,786.0,1725.0,5250.0,6000.0,497.0,15000.0,140.0,6000.0,665.0,3000.0,5624.0,2812.0,7500.0,4000.0,,,,,,,,,,,,,,,,,,,,,,,,,,,,0,0,0,0,0,0,0,0,0,0,0,0,0,0,0,0,0,0,0,0,0,0,0,0,0,0,0,0,0
1.0,1.0,1.0,,Welcome to the RITC 2026 Alogithmic Market Making Case - practice server,,46,2026-02-12 13:19:53.838237,SMMR,24.83,24.82,24.83,798400.0,1138.0,,2200.0,4000.0,,666.0,,1242.0,,,,6000.0,240200.0,800.0,2107.0,,6000.0,,,1543.0,,3000.0,750.0,,,7500.0,,750.0,2500.0,1543.0,757.0,3000.0,4000.0,666.0,2500.0,3300.0,2000.0,2000.0,7500.0,,,,,,,,,,,,,,,,0,0,0,0,0,0,0,0,0,0,0,0,0,0,0,0,0,0,0,0,0,0,0,0,0,0,0,0,0
,,,,,,46,2026-02-12 13:19:53.838237,ATMN,25.04,25.01,25.04,558800.0,,,1100.0,,,,,,3097.0,96.0,,6000.0,188000.0,,2101.0,2250.0,,,,1075.0,,,,5625.0,5625.0,,,2250.0,,,,5400.0,4000.0,6125.0,,2200.0,,,,6000.0,6000.0,4000.0,6000.0,2101.0,3111.0,5625.0,2381.0,,,,,,,,0,0,0,0,0,0,0,0,0,0,0,0,0,0,0,0,0,0,0,0,0,0,0,0,0,0,0,0,0
,,,,,,46,2026-02-12 13:19:53.838237,WNTR,25.05,25.04,25.05,120900.0,577.0,,3300.0,4000.0,,750.0,,,,,,,321200.0,800.0,2218.0,,,,,,,,1500.0,,,,4000.0,,2500.0,,7500.0,,4000.0,,2500.0,,,,,1800.0,,,6000.0,2218.0,438.0,,6144.0,15000.0,966.0,2000.0,1081.0,8000.0,10000.0,850.0,0,0,0,0,0,0,0,0,0,0,0,0,0,0,0,0,0,0,0,0,0,0,0,0,0,0,0,0,0
2.0,1.0,1.0,,Aggregate Position Limit,Your CRO has set the aggregate position limit to 8000 shares for this week.,47,2026-02-12 13:19:54.875665,SPNG,25.06,25.04,25.06,174.0,2056.0,25000.0,2500.0,3300.0,7500.0,5625.0,5625.0,5625.0,113100.0,6000.0,6000.0,4000.0,4000.0,348800.0,5000.0,176.0,2812.0,500.0,2722.0,786.0,2056.0,8000.0,1458.0,5250.0,4000.0,4000.0,3000.0,,,,,,,,,,,,,,,,,,,,,,0,0,0,0,0,0,0,0,0,0,0,0,0,0,0,0,0,0,0,0,0,0,0,0,0,0,0,0,0,0,0,0,0,0,0
1.0,1.0,1.0,,Welcome to the RITC 2026 Alogithmic Market Making Case - practice server,,47,2026-02-12 13:19:54.875665,SMMR,24.83,24.83,24.84,1915.0,,,,4400.0,,,,,822700.0,,,,,898700.0,,,,6000.0,,,,,,,,,,1298.0,750.0,4000.0,5832.0,666.0,3000.0,738.0,3300.0,7500.0,2000.0,6000.0,4200.0,1543.0,,,,,,,,,0,0,0,0,0,0,0,0,0,0,0,0,0,0,0,0,0,0,0,0,0,0,0,0,0,0,0,0,0,0,0,0,0,0,0
,,,,,,47,2026-02-12 13:19:54.875665,ATMN,25.07,25.04,25.05,1249.0,2529.0,,,,,2824.0,2568.0,5265.0,100400.0,,,,4000.0,,,11250.0,5625.0,,,800.0,2529.0,4000.0,,6750.0,4000.0,4000.0,2250.0,688.0,4500.0,4000.0,599.0,1750.0,2250.0,,,,4000.0,6000.0,,1249.0,2000.0,6000.0,327.0,8000.0,11250.0,,,,0,0,0,0,0,0,0,0,0,0,0,0,0,0,0,0,0,0,0,0,0,0,0,0,0,0,0,0,0,0,0,0,0,0,0
,,,,,,47,2026-02-12 13:19:54.875665,WNTR,25.07,25.07,25.08,1119.0,2479.0,,,2200.0,,,,,342800.0,6000.0,6000.0,,,1362500.0,,,,,,,2479.0,,,,,,,800.0,750.0,,1418.0,,,,,,2000.0,3000.0,5150.0,353.0,,1800.0,,,,20000.0,10298.0,1400.0,0,0,0,0,0,0,0,0,0,0,0,0,0,0,0,0,0,0,0,0,0,0,0,0,0,0,0,0,0,0,0,0,0,0,0
2.0,1.0,1.0,,Aggregate Position Limit,Your CRO has set the aggregate position limit to 8000 shares for this week.,48,2026-02-12 13:19:55.921335,SPNG,25.05,25.04,25.05,15000.0,2527.0,4000.0,4247.0,2672.0,2200.0,3588.0,6000.0,4000.0,2625.0,2527.0,10000.0,6400.0,131300.0,9168.0,4000.0,3464.0,1938.0,1100.0,88.0,,,,,,,,,,,,,,,,,,,,,,,,,,,,,,0,0,0,0,0,0,0,0,0,0,0,0,0,0,0,0,0,0,0,0,0,0,0,0,0,0,0,0,0,0,0,0,0,0,0
1.0,1.0,1.0,,Welcome to the RITC 2026 Alogithmic Market Making Case - practice server,,48,2026-02-12 13:19:55.921335,SMMR,24.89,24.89,24.92,,5054.0,,,2400.0,5500.0,,,,,1263.0,,3164.0,354000.0,,,4360.0,,3300.0,,568300.0,1589.0,7500.0,750.0,590.0,7500.0,1950.0,6000.0,6000.0,3000.0,1543.0,2000.0,7500.0,,,,,,,,,,,,,,,,,0,0,0,0,0,0,0,0,0,0,0,0,0,0,0,0,0,0,0,0,0,0,0,0,0,0,0,0,0,0,0,0,0,0,0
,,,,,,48,2026-02-12 13:19:55.921335,ATMN,25.02,25.03,25.06,,,,,,1100.0,,6000.0,,2250.0,2527.0,,800.0,,,4000.0,,,2200.0,11250.0,189600.0,,,6750.0,,,3450.0,6000.0,6000.0,,870.0,4000.0,,2000.0,2695.0,6000.0,4000.0,642.0,2000.0,4000.0,975.0,5625.0,11250.0,7500.0,4000.0,2250.0,4500.0,,,0,0,0,0,0,0,0,0,0,0,0,0,0,0,0,0,0,0,0,0,0,0,0,0,0,0,0,0,0,0,0,0,0,0,0
,,,,,,48,2026-02-12 13:19:55.921335,WNTR,25.18,25.16,25.18,,2527.0,,,5600.0,,,,6298.0,,1332.0,,,914000.0,,4000.0,4176.0,,,,328400.0,929.0,,,,7500.0,,9000.0,,5150.0,353.0,2000.0,,,,,,,,,,,,,,,,20000.0,4176.0,0,0,0,0,0,0,0,0,0,0,0,0,0,0,0,0,0,0,0,0,0,0,0,0,0,0,0,0,0,0,0,0,0,0,0
2.0,1.0,1.0,,Aggregate Position Limit,Your CRO has set the aggregate position limit to 8000 shares for this week.,49,2026-02-12 13:19:56.941802,SPNG,25.04,25.04,25.05,115300.0,334.0,4000.0,4247.0,4400.0,2546.0,3588.0,6000.0,4000.0,4000.0,2625.0,3000.0,5625.0,5625.0,15000.0,22900.0,3000.0,1600.0,2625.0,131300.0,9168.0,8000.0,1938.0,2546.0,3300.0,500.0,,,,,,,,,,,,,,,,,,,,,,,0,0,0,0,0,0,0,0,0,0,0,0,0,0,0,0,0,0,0,0,0,0,0,0,0,0,0,0,0,0,0,0,0,0,0,0
1.0,1.0,1.0,,Welcome to the RITC 2026 Alogithmic Market Making Case - practice server,,49,2026-02-12 13:19:56.941802,SMMR,24.92,24.92,24.93,917100.0,,4000.0,541.0,5500.0,,,,,,,750.0,,,,,,800.0,,712400.0,,,1082.0,,2200.0,6000.0,7500.0,7500.0,3000.0,1589.0,6743.0,730.0,738.0,7500.0,3000.0,6000.0,,,,,,,,,,,,,0,0,0,0,0,0,0,0,0,0,0,0,0,0,0,0,0,0,0,0,0,0,0,0,0,0,0,0,0,0,0,0,0,0,0,0
,,,,,,49,2026-02-12 13:19:56.941802,ATMN,25.07,25.07,25.08,189600.0,800.0,4000.0,3250.0,,,6000.0,,,,4500.0,6750.0,487.0,5625.0,,,,,,1125000.0,,,,2544.0,,,,,1050.0,870.0,,,,,5150.0,,6000.0,5625.0,870.0,4200.0,4000.0,5304.0,613.0,,,,,,0,0,0,0,0,0,0,0,0,0,0,0,0,0,0,0,0,0,0,0,0,0,0,0,0,0,0,0,0,0,0,0,0,0,0,0
,,,,,,49,2026-02-12 13:19:56.941802,WNTR,25.09,25.09,25.11,358600.0,,,583.0,2200.0,,,6000.0,6298.0,,,750.0,,,,,750.0,1800.0,,456000.0,,4000.0,1082.0,3443.0,,,7500.0,7500.0,,,,,,,3000.0,,6000.0,,,1800.0,4000.0,,,25000.0,2000.0,5000.0,1332.0,4000.0,0,0,0,0,0,0,0,0,0,0,0,0,0,0,0,0,0,0,0,0,0,0,0,0,0,0,0,0,0,0,0,0,0,0,0,0
2.0,1.0,1.0,,Aggregate Position Limit,Your CRO has set the aggregate position limit to 8000 shares for this week.,50,2026-02-12 13:19:57.959799,SPNG,25.05,25.04,25.05,2110.0,5000.0,3300.0,4000.0,5625.0,5625.0,2084.0,216400.0,6000.0,419.0,6000.0,4000.0,497.0,2000.0,4000.0,5000.0,1170.0,12000.0,3746.0,10000.0,4000.0,4000.0,2856.0,4000.0,2000.0,4000.0,5250.0,6000.0,95700.0,,,,,,,,,,,,,,,,,,,,,,,,0,0,0,0,0,0,0,0,0,0,0,0,0,0,0,0,0,0,0,0,0,0,0,0,0,0,0,0,0,0,0,0
1.0,1.0,1.0,,Welcome to the RITC 2026 Alogithmic Market Making Case - practice server,,50,2026-02-12 13:19:57.959799,SMMR,24.85,24.84,24.85,492.0,,5500.0,,,,,798400.0,,,,,,,,,1600.0,,4594.0,,,4000.0,,,,,,,562900.0,1374.0,750.0,7500.0,3000.0,757.0,7500.0,640.0,1189.0,6000.0,3000.0,2200.0,7500.0,6000.0,,,,,,,,,,,0,0,0,0,0,0,0,0,0,0,0,0,0,0,0,0,0,0,0,0,0,0,0,0,0,0,0,0,0,0,0,0
,,,,,,50,2026-02-12 13:19:57.959799,ATMN,25.11,25.12,25.13,800.0,,1100.0,,5625.0,5625.0,4108.0,,6000.0,,10000.0,10000.0,,,,,300.0,,1888.0,,,4000.0,,,,,2250.0,2250.0,311200.0,268.0,2250.0,,4200.0,,,,,,8150.0,1100.0,7500.0,,30.0,7726.0,2250.0,6000.0,429.0,579.0,,,,,0,0,0,0,0,0,0,0,0,0,0,0,0,0,0,0,0,0,0,0,0,0,0,0,0,0,0,0,0,0,0,0
,,,,,,50,2026-02-12 13:19:57.959799,WNTR,25.1,25.09,25.11,1572.0,,4400.0,6298.0,,,2729.0,237700.0,6000.0,,6000.0,4000.0,,,4000.0,,800.0,,2729.0,,,4000.0,,,,4000.0,,750.0,344200.0,,750.0,,,7500.0,6000.0,,,,,,,,,1800.0,,,,640.0,4000.0,10000.0,35000.0,3996.0,0,0,0,0,0,0,0,0,0,0,0,0,0,0,0,0,0,0,0,0,0,0,0,0,0,0,0,0,0,0,0,0
2.0,1.0,1.0,,Aggregate Position Limit,Your CRO has set the aggregate position limit to 8000 shares for this week.,51,2026-02-12 13:19:58.976987,SPNG,25.07,25.07,25.1,233400.0,1000.0,10000.0,1331.0,3300.0,800.0,1869.0,4000.0,15000.0,5625.0,5625.0,5625.0,6000.0,3000.0,4000.0,704.0,714.0,1400.0,342900.0,3000.0,7500.0,3000.0,,,,,,,,,,,,,,,,,,,,,,,,,,0,0,0,0,0,0,0,0,0,0,0,0,0,0,0,0,0,0,0,0,0,0,0,0,0,0,0,0,0,0,0,0,0,0,0,0,0
1.0,1.0,1.0,,Welcome to the RITC 2026 Alogithmic Market Making Case - practice server,,51,2026-02-12 13:19:58.976987,SMMR,24.87,24.87,24.9,234200.0,1000.0,,1374.0,2200.0,4564.0,2465.0,,,,,,,1500.0,4000.0,,,,236800.0,4000.0,7500.0,,4000.0,1187.0,175.0,590.0,7500.0,738.0,3000.0,2200.0,6000.0,,,,,,,,,,,,,,,,,0,0,0,0,0,0,0,0,0,0,0,0,0,0,0,0,0,0,0,0,0,0,0,0,0,0,0,0,0,0,0,0,0,0,0,0,0
,,,,,,51,2026-02-12 13:19:58.976987,ATMN,25.32,25.32,25.33,88500.0,2000.0,,,1100.0,1600.0,1518.0,10000.0,,,,,,2250.0,4000.0,,,,1146100.0,,,2250.0,4000.0,910.0,6000.0,,,,1200.0,,,2250.0,2940.0,30.0,9526.0,2500.0,4000.0,910.0,6000.0,,,,,,,,,0,0,0,0,0,0,0,0,0,0,0,0,0,0,0,0,0,0,0,0,0,0,0,0,0,0,0,0,0,0,0,0,0,0,0,0,0
,,,,,,51,2026-02-12 13:19:58.976987,WNTR,25.08,25.13,25.16,237700.0,2000.0,,,2200.0,,2055.0,6298.0,,,,,6000.0,750.0,4000.0,,,,917900.0,,6000.0,,,,6000.0,,,,4200.0,,6000.0,,,1332.0,357.0,,,1759.0,,14000.0,10000.0,10000.0,645.0,7500.0,4000.0,2000.0,4000.0,0,0,0,0,0,0,0,0,0,0,0,0,0,0,0,0,0,0,0,0,0,0,0,0,0,0,0,0,0,0,0,0,0,0,0,0,0
2.0,1.0,1.0,,Aggregate Position Limit,Your CRO has set the aggregate position limit to 8000 shares for this week.,52,2026-02-12 13:19:59.993500,SPNG,24.89,25.06,25.09,1236.0,752.0,5000.0,6000.0,436900.0,4000.0,6000.0,1928.0,5625.0,5625.0,5625.0,2100.0,3000.0,15000.0,800.0,3527.0,1928.0,352.0,1800.0,1989.0,665.0,5250.0,3000.0,7500.0,221100.0,807.0,4000.0,6000.0,4000.0,,,,,,,,,,,,,,,,,,,,,,,,,0,0,0,0,0,0,0,0,0,0,0,0,0,0,0,0,0,0,0,0,0,0,0,0,0,0,0,0,0,0,0
1.0,1.0,1.0,,Welcome to the RITC 2026 Alogithmic Market Making Case - practice server,,52,2026-02-12 13:19:59.993500,SMMR,24.92,24.92,24.93,800.0,,,6000.0,129100.0,,,,,,,,2250.0,,1256.0,,2553.0,,,1100.0,3000.0,,750.0,7500.0,236800.0,2301.0,,,,6000.0,4000.0,5289.0,2301.0,1000.0,2500.0,1000.0,757.0,6000.0,2500.0,500.0,590.0,4000.0,7500.0,6000.0,,,,,,,,,,0,0,0,0,0,0,0,0,0,0,0,0,0,0,0,0,0,0,0,0,0,0,0,0,0,0,0,0,0,0,0
,,,,,,52,2026-02-12 13:19:59.993500,ATMN,25.31,25.31,25.32,414.0,,,,93600.0,,6000.0,2202.0,,5625.0,11250.0,3605.0,,,,,2202.0,,,,2565.0,,,7500.0,1432000.0,,,,,2000.0,4000.0,2200.0,1554.0,1000.0,,,7500.0,,,,,4000.0,7500.0,,10000.0,10000.0,,,,,,,,0,0,0,0,0,0,0,0,0,0,0,0,0,0,0,0,0,0,0,0,0,0,0,0,0,0,0,0,0,0,0
,,,,,,52,2026-02-12 13:19:59.993500,WNTR,25.09,25.08,25.09,1134.0,,,6000.0,264200.0,4000.0,,,,,,,750.0,,800.0,,2793.0,,6000.0,,3000.0,,750.0,,683200.0,4078.0,4000.0,,,,4000.0,2200.0,4078.0,,,,7500.0,,,,,4000.0,,,6298.0,4000.0,20000.0,7500.0,6000.0,1000.0,1332.0,4000.0,640.0,0,0,0,0,0,0,0,0,0,0,0,0,0,0,0,0,0,0,0,0,0,0,0,0,0,0,0,0,0,0,0
2.0,1.0,1.0,,Aggregate Position Limit,Your CRO has set the aggregate position limit to 8000 shares for this week.,53,2026-02-12 13:20:01.011216,SPNG,24.96,24.86,24.9,5624.0,4000.0,7500.0,6000.0,5625.0,1420.0,464500.0,3465.0,3038.0,245700.0,6000.0,8469.0,4000.0,5625.0,25000.0,3038.0,2400.0,,,,,,,,,,,,,,,,,,,,,,,,,,,,0,0,0,0,0,0,0,0,0,0,0,0,0,0,0,0,0,0,0,0,0,0,0,0,0,0,0,0,0,0,0,0,0,0,0,0,0,0,0,0
1.0,1.0,1.0,,Welcome to the RITC 2026 Alogithmic Market Making Case - practice server,,53,2026-02-12 13:20:01.011216,SMMR,24.86,24.85,24.86,,,,1500.0,,,1628500.0,4200.0,,928800.0,,,4000.0,,,5766.0,1256.0,7500.0,750.0,500.0,6743.0,669.0,4200.0,,,,,,,,,,,,,,,,,,,,,,0,0,0,0,0,0,0,0,0,0,0,0,0,0,0,0,0,0,0,0,0,0,0,0,0,0,0,0,0,0,0,0,0,0,0,0,0,0,0,0
,,,,,,53,2026-02-12 13:20:01.011216,ATMN,25.12,25.29,25.33,,4000.0,,11250.0,,,89200.0,1200.0,,1040900.0,4000.0,1800.0,4000.0,2812.0,,,,,,,,,1200.0,2200.0,626.0,9000.0,6000.0,4000.0,6000.0,1000.0,875.0,2500.0,4000.0,3089.0,,,,,,,,,,,0,0,0,0,0,0,0,0,0,0,0,0,0,0,0,0,0,0,0,0,0,0,0,0,0,0,0,0,0,0,0,0,0,0,0,0,0,0,0,0
,,,,,,53,2026-02-12 13:20:01.011216,WNTR,25.06,25.06,25.08,,4000.0,,,,,597900.0,,,105000.0,,1800.0,4000.0,,,3176.0,5600.0,7500.0,,5400.0,7500.0,,1950.0,6389.0,,,6000.0,,6000.0,,,,,,4000.0,4000.0,1332.0,626.0,10000.0,2000.0,5000.0,1332.0,626.0,7500.0,0,0,0,0,0,0,0,0,0,0,0,0,0,0,0,0,0,0,0,0,0,0,0,0,0,0,0,0,0,0,0,0,0,0,0,0,0,0,0,0
2.0,1.0,1.0,,Aggregate Position Limit,Your CRO has set the aggregate position limit to 8000 shares for this week.,54,2026-02-12 13:20:02.029887,SPNG,24.9,24.9,24.92,4000.0,2500.0,4000.0,15000.0,1800.0,658.0,6000.0,2625.0,529.0,228200.0,410.0,7500.0,2100.0,4000.0,4000.0,1373.0,7500.0,1100.0,4000.0,2940.0,2400.0,529.0,4000.0,2500.0,2625.0,4200.0,4000.0,3000.0,10000.0,118600.0,,,,,,,,,,,,,,,,,,,,,,0,0,0,0,0,0,0,0,0,0,0,0,0,0,0,0,0,0,0,0,0,0,0,0,0,0,0,0,0,0,0,0,0
1.0,1.0,1.0,,Welcome to the RITC 2026 Alogithmic Market Making Case - practice server,,54,2026-02-12 13:20:02.029887,SMMR,24.89,24.9,24.92,4000.0,,,,6000.0,2400.0,1500.0,,1312.0,596500.0,,,3000.0,,,,6743.0,1100.0,4000.0,3000.0,,1312.0,,2500.0,,8373.0,,750.0,,684500.0,1874.0,6000.0,737.0,7500.0,500.0,,,,,,,,,,,,,,,,,0,0,0,0,0,0,0,0,0,0,0,0,0,0,0,0,0,0,0,0,0,0,0,0,0,0,0,0,0,0,0,0,0
,,,,,,54,2026-02-12 13:20:02.029887,ATMN,25.16,25.15,25.16,,,,,,2144.0,2250.0,11250.0,,186700.0,,,,,4000.0,2046.0,,5289.0,4000.0,,,699.0,4000.0,,,1800.0,,,,617000.0,2046.0,6000.0,,,,875.0,5625.0,6000.0,1406.0,1100.0,5624.0,6000.0,5625.0,5625.0,,,,,,,,0,0,0,0,0,0,0,0,0,0,0,0,0,0,0,0,0,0,0,0,0,0,0,0,0,0,0,0,0,0,0,0,0
,,,,,,54,2026-02-12 13:20:02.029887,WNTR,25.11,25.11,25.14,4000.0,,4000.0,,,2400.0,750.0,,,595800.0,,,,4000.0,,2739.0,7500.0,,4000.0,3000.0,,,,,,1800.0,4000.0,,,925100.0,2739.0,6000.0,,,,,,,,4189.0,,6000.0,,,1000.0,1332.0,5000.0,1400.0,728.0,7500.0,4000.0,0,0,0,0,0,0,0,0,0,0,0,0,0,0,0,0,0,0,0,0,0,0,0,0,0,0,0,0,0,0,0,0,0
2.0,1.0,1.0,,Aggregate Position Limit,Your CRO has set the aggregate position limit to 8000 shares for this week.,55,2026-02-12 13:20:03.048247,SPNG,24.92,24.92,24.93,120500.0,4606.0,20838.0,4000.0,4000.0,1800.0,3000.0,5250.0,529.0,3300.0,5600.0,4000.0,1449.0,529.0,4000.0,5250.0,4200.0,4000.0,3000.0,7500.0,,,,,,,,,,,,,,,,,,,,,,,0,0,0,0,0,0,0,0,0,0,0,0,0,0,0,0,0,0,0,0,0,0,0,0,0,0,0,0,0,0,0,0,0,0,0,0,0,0,0,0,0,0
1.0,1.0,1.0,,Welcome to the RITC 2026 Alogithmic Market Making Case - practice server,,55,2026-02-12 13:20:03.048247,SMMR,25.01,25.02,25.06,1338600.0,2400.0,,4000.0,,,,,,,,,2148.0,,,,6000.0,,750.0,,2000.0,2148.0,6000.0,7500.0,7500.0,1842500.0,,,,,,,,,,,,,,,,,0,0,0,0,0,0,0,0,0,0,0,0,0,0,0,0,0,0,0,0,0,0,0,0,0,0,0,0,0,0,0,0,0,0,0,0,0,0,0,0,0,0
,,,,,,55,2026-02-12 13:20:03.048247,ATMN,25.31,25.27,25.31,272900.0,1600.0,,4000.0,,,4500.0,11250.0,,3089.0,300.0,,,,4000.0,,1800.0,4000.0,,7500.0,,2159.0,6000.0,,,694700.0,1406.0,5625.0,6000.0,1100.0,5624.0,6000.0,5625.0,5625.0,7500.0,,,,,,,,0,0,0,0,0,0,0,0,0,0,0,0,0,0,0,0,0,0,0,0,0,0,0,0,0,0,0,0,0,0,0,0,0,0,0,0,0,0,0,0,0,0
,,,,,,55,2026-02-12 13:20:03.048247,WNTR,25.12,25.12,25.15,720900.0,,,4000.0,,,,,1407.0,2200.0,1600.0,4000.0,2877.0,,,,6000.0,8000.0,,,,2877.0,,,7500.0,105000.0,,,,6600.0,,,,,7500.0,15000.0,651.0,6000.0,5000.0,1000.0,4000.0,572.0,0,0,0,0,0,0,0,0,0,0,0,0,0,0,0,0,0,0,0,0,0,0,0,0,0,0,0,0,0,0,0,0,0,0,0,0,0,0,0,0,0,0
2.0,1.0,1.0,,Aggregate Position Limit,Your CRO has set the aggregate position limit to 8000 shares for this week.,56,2026-02-12 13:20:04.074953,SPNG,24.94,24.92,24.94,454100.0,25838.0,786.0,4000.0,1800.0,9000.0,5250.0,529.0,6000.0,1448.0,245300.0,529.0,5250.0,9714.0,3000.0,30000.0,6000.0,5000.0,6000.0,,,,,,,,,,,,,,,,,,0,0,0,0,0,0,0,0,0,0,0,0,0,0,0,0,0,0,0,0,0,0,0,0,0,0,0,0,0,0,0,0,0,0,0,0,0,0,0,0,0,0,0,0,0,0,0,0
1.0,1.0,1.0,,Welcome to the RITC 2026 Alogithmic Market Making Case - practice server,,56,2026-02-12 13:20:04.074953,SMMR,25.04,25.01,25.04,1680600.0,,,4000.0,,750.0,,,,,1250700.0,,,6000.0,750.0,,,,,2268.0,7500.0,1100.0,7500.0,4000.0,4000.0,720.0,1100.0,,,,,,,,,,0,0,0,0,0,0,0,0,0,0,0,0,0,0,0,0,0,0,0,0,0,0,0,0,0,0,0,0,0,0,0,0,0,0,0,0,0,0,0,0,0,0,0,0,0,0,0,0
,,,,,,56,2026-02-12 13:20:04.074953,ATMN,25.13,25.13,25.15,375100.0,,,,,13500.0,11250.0,699.0,,2274.0,1193400.0,,,,,,,,,2274.0,,1100.0,7500.0,2000.0,4000.0,,3089.0,6000.0,2000.0,7500.0,7500.0,,,,,,0,0,0,0,0,0,0,0,0,0,0,0,0,0,0,0,0,0,0,0,0,0,0,0,0,0,0,0,0,0,0,0,0,0,0,0,0,0,0,0,0,0,0,0,0,0,0,0
,,,,,,56,2026-02-12 13:20:04.074953,WNTR,25.09,25.04,25.05,824600.0,,,4000.0,,,,1407.0,,2583.0,,,,6886.0,750.0,,,,,,7500.0,8800.0,,2000.0,4000.0,2400.0,,,8640.0,,,10000.0,20000.0,1000.0,10000.0,2500.0,0,0,0,0,0,0,0,0,0,0,0,0,0,0,0,0,0,0,0,0,0,0,0,0,0,0,0,0,0,0,0,0,0,0,0,0,0,0,0,0,0,0,0,0,0,0,0,0
2.0,1.0,1.0,,Aggregate Position Limit,Your CRO has set the aggregate position limit to 8000 shares for this week.,57,2026-02-12 13:20:05.097806,SPNG,24.82,24.82,24.85,9000.0,5250.0,529.0,1588800.0,379500.0,25000.0,4000.0,2500.0,529.0,7875.0,6000.0,8228.0,396.0,,,,,,,,,,,,0,0,0,0,0,0,0,0,0,0,0,0,0,0,0,0,0,0,0,0,0,0,0,0,0,0,0,0,0,0,0,0,0,0,0,0,0,0,0,0,0,0,0,0,0,0,0,0,0,0,0,0,0,0,0,0,0,0,0,0
1.0,1.0,1.0,,Welcome to the RITC 2026 Alogithmic Market Making Case - practice server,,57,2026-02-12 13:20:05.097806,SMMR,24.86,24.85,24.86,750.0,,,2218100.0,334600.0,,4000.0,,,,750.0,10911.0,455.0,10000.0,3040.0,,,,,,,,,,0,0,0,0,0,0,0,0,0,0,0,0,0,0,0,0,0,0,0,0,0,0,0,0,0,0,0,0,0,0,0,0,0,0,0,0,0,0,0,0,0,0,0,0,0,0,0,0,0,0,0,0,0,0,0,0,0,0,0,0
,,,,,,57,2026-02-12 13:20:05.097806,ATMN,25.19,25.15,25.19,4500.0,,,97500.0,368300.0,,4000.0,2500.0,,4500.0,,,,4000.0,3000.0,4000.0,8000.0,2500.0,4000.0,1183.0,,,,,0,0,0,0,0,0,0,0,0,0,0,0,0,0,0,0,0,0,0,0,0,0,0,0,0,0,0,0,0,0,0,0,0,0,0,0,0,0,0,0,0,0,0,0,0,0,0,0,0,0,0,0,0,0,0,0,0,0,0,0
,,,,,,57,2026-02-12 13:20:05.097806,WNTR,25.1,24.98,25.1,,,1407.0,2079100.0,909300.0,,4000.0,,,,750.0,2306.0,,,2400.0,,,,,,1000.0,8640.0,6213.0,10000.0,0,0,0,0,0,0,0,0,0,0,0,0,0,0,0,0,0,0,0,0,0,0,0,0,0,0,0,0,0,0,0,0,0,0,0,0,0,0,0,0,0,0,0,0,0,0,0,0,0,0,0,0,0,0,0,0,0,0,0,0
2.0,1.0,1.0,,Aggregate Position Limit,Your CRO has set the aggregate position limit to 8000 shares for this week.,58,2026-02-12 13:20:06.126309,SPNG,24.84,24.84,24.85,1909500.0,4000.0,6000.0,30000.0,4000.0,12000.0,1054700.0,,,,,,,,,,,,,,0,0,0,0,0,0,0,0,0,0,0,0,0,0,0,0,0,0,0,0,0,0,0,0,0,0,0,0,0,0,0,0,0,0,0,0,0,0,0,0,0,0,0,0,0,0,0,0,0,0,0,0,0,0,0,0,0,0,0,0,0,0,0,0
1.0,1.0,1.0,,Welcome to the RITC 2026 Alogithmic Market Making Case - practice server,,58,2026-02-12 13:20:06.126309,SMMR,24.83,24.82,24.83,2104300.0,4000.0,,,,1500.0,1368100.0,464.0,6000.0,2500.0,528.0,528.0,,,,,,,,,0,0,0,0,0,0,0,0,0,0,0,0,0,0,0,0,0,0,0,0,0,0,0,0,0,0,0,0,0,0,0,0,0,0,0,0,0,0,0,0,0,0,0,0,0,0,0,0,0,0,0,0,0,0,0,0,0,0,0,0,0,0,0,0
,,,,,,58,2026-02-12 13:20:06.126309,ATMN,25.19,25.16,25.19,1005400.0,4000.0,13500.0,,4000.0,2250.0,1412900.0,,4000.0,2500.0,,,2000.0,699.0,435.0,1000.0,,,,,0,0,0,0,0,0,0,0,0,0,0,0,0,0,0,0,0,0,0,0,0,0,0,0,0,0,0,0,0,0,0,0,0,0,0,0,0,0,0,0,0,0,0,0,0,0,0,0,0,0,0,0,0,0,0,0,0,0,0,0,0,0,0,0
,,,,,,58,2026-02-12 13:20:06.126309,WNTR,25.07,25.0,25.07,1503600.0,4000.0,,,4000.0,1500.0,1014000.0,,4000.0,2500.0,,,4000.0,1407.0,522.0,,2500.0,1000.0,20000.0,594.0,0,0,0,0,0,0,0,0,0,0,0,0,0,0,0,0,0,0,0,0,0,0,0,0,0,0,0,0,0,0,0,0,0,0,0,0,0,0,0,0,0,0,0,0,0,0,0,0,0,0,0,0,0,0,0,0,0,0,0,0,0,0,0,0
2.0,1.0,1.0,,Aggregate Position Limit,Your CRO has set the aggregate position limit to 8000 shares for this week.,59,2026-02-12 13:20:07.152244,SPNG,24.84,24.84,24.85,2116000.0,348.0,2170300.0,2500.0,,,,,,0,0,0,0,0,0,0,0,0,0,0,0,0,0,0,0,0,0,0,0,0,0,0,0,0,0,0,0,0,0,0,0,0,0,0,0,0,0,0,0,0,0,0,0,0,0,0,0,0,0,0,0,0,0,0,0,0,0,0,0,0,0,0,0,0,0,0,0,0,0,0,0,0,0,0
1.0,1.0,1.0,,Welcome to the RITC 2026 Alogithmic Market Making Case - practice server,,59,2026-02-12 13:20:07.152244,SMMR,25.07,25.0,25.07,2346400.0,,2277600.0,,,,,,,0,0,0,0,0,0,0,0,0,0,0,0,0,0,0,0,0,0,0,0,0,0,0,0,0,0,0,0,0,0,0,0,0,0,0,0,0,0,0,0,0,0,0,0,0,0,0,0,0,0,0,0,0,0,0,0,0,0,0,0,0,0,0,0,0,0,0,0,0,0,0,0,0,0,0
,,,,,,59,2026-02-12 13:20:07.152244,ATMN,25.4,25.14,25.4,1789500.0,,2044200.0,,2500.0,699.0,,,,0,0,0,0,0,0,0,0,0,0,0,0,0,0,0,0,0,0,0,0,0,0,0,0,0,0,0,0,0,0,0,0,0,0,0,0,0,0,0,0,0,0,0,0,0,0,0,0,0,0,0,0,0,0,0,0,0,0,0,0,0,0,0,0,0,0,0,0,0,0,0,0,0,0,0
,,,,,,59,2026-02-12 13:20:07.152244,WNTR,24.98,24.97,24.98,2174500.0,,1916500.0,,,1407.0,589.0,550.0,594.0,0,0,0,0,0,0,0,0,0,0,0,0,0,0,0,0,0,0,0,0,0,0,0,0,0,0,0,0,0,0,0,0,0,0,0,0,0,0,0,0,0,0,0,0,0,0,0,0,0,0,0,0,0,0,0,0,0,0,0,0,0,0,0,0,0,0,0,0,0,0,0,0,0,0,0
2.0,1.0,1.0,,Aggregate Position Limit,Your CRO has set the aggregate position limit to 8000 shares for this week.,60,2026-02-12 13:20:08.179972,SPNG,25.12,24.02,24.97,1007000.0,816400.0,2500.0,,,0,0,0,0,0,0,0,0,0,0,0,0,0,0,0,0,0,0,0,0,0,0,0,0,0,0,0,0,0,0,0,0,0,0,0,0,0,0,0,0,0,0,0,0,0,0,0,0,0,0,0,0,0,0,0,0,0,0,0,0,0,0,0,0,0,0,0,0,0,0,0,0,0,0,0,0,0,0,0
1.0,1.0,1.0,,Welcome to the RITC 2026 Alogithmic Market Making Case - practice server,,60,2026-02-12 13:20:08.179972,SMMR,25.06,25.37,0.0,200000.0,,,2500.0,,0,0,0,0,0,0,0,0,0,0,0,0,0,0,0,0,0,0,0,0,0,0,0,0,0,0,0,0,0,0,0,0,0,0,0,0,0,0,0,0,0,0,0,0,0,0,0,0,0,0,0,0,0,0,0,0,0,0,0,0,0,0,0,0,0,0,0,0,0,0,0,0,0,0,0,0,0,0,0
,,,,,,60,2026-02-12 13:20:08.179972,ATMN,25.12,25.57,0.0,200000.0,,,,699.0,0,0,0,0,0,0,0,0,0,0,0,0,0,0,0,0,0,0,0,0,0,0,0,0,0,0,0,0,0,0,0,0,0,0,0,0,0,0,0,0,0,0,0,0,0,0,0,0,0,0,0,0,0,0,0,0,0,0,0,0,0,0,0,0,0,0,0,0,0,0,0,0,0,0,0,0,0,0,0
,,,,,,60,2026-02-12 13:20:08.179972,WNTR,26.05,25.75,25.96,683400.0,706700.0,,7.0,1407.0,0,0,0,0,0,0,0,0,0,0,0,0,0,0,0,0,0,0,0,0,0,0,0,0,0,0,0,0,0,0,0,0,0,0,0,0,0,0,0,0,0,0,0,0,0,0,0,0,0,0,0,0,0,0,0,0,0,0,0,0,0,0,0,0,0,0,0,0,0,0,0,0,0,0,0,0,0,0,0
2.0,1.0,1.0,,Aggregate Position Limit,Your CRO has set the aggregate position limit to 8000 shares for this week.,61,2026-02-12 13:20:09.200125,SPNG,25.12,24.02,24.31,1007000.0,103.0,1175000.0,386.0,5000.0,5000.0,103.0,,,,,,,,,,0,0,0,0,0,0,0,0,0,0,0,0,0,0,0,0,0,0,0,0,0,0,0,0,0,0,0,0,0,0,0,0,0,0,0,0,0,0,0,0,0,0,0,0,0,0,0,0,0,0,0,0,0,0,0,0,0,0,0,0,0,0,0,0,0,0,0,0
1.0,1.0,1.0,,Welcome to the RITC 2026 Alogithmic Market Making Case - practice server,,61,2026-02-12 13:20:09.200125,SMMR,25.45,25.38,25.4,977300.0,255.0,1068600.0,,,,255.0,5000.0,,,,,,,,,0,0,0,0,0,0,0,0,0,0,0,0,0,0,0,0,0,0,0,0,0,0,0,0,0,0,0,0,0,0,0,0,0,0,0,0,0,0,0,0,0,0,0,0,0,0,0,0,0,0,0,0,0,0,0,0,0,0,0,0,0,0,0,0,0,0,0,0
,,,,,,61,2026-02-12 13:20:09.200125,ATMN,25.12,25.57,26.2,871000.0,115.0,973000.0,,5000.0,,115.0,,6000.0,6000.0,,,,,,,0,0,0,0,0,0,0,0,0,0,0,0,0,0,0,0,0,0,0,0,0,0,0,0,0,0,0,0,0,0,0,0,0,0,0,0,0,0,0,0,0,0,0,0,0,0,0,0,0,0,0,0,0,0,0,0,0,0,0,0,0,0,0,0,0,0,0,0
,,,,,,61,2026-02-12 13:20:09.200125,WNTR,26.09,25.84,25.98,902700.0,369.0,806900.0,,,,369.0,2500.0,,,4000.0,4000.0,4000.0,4000.0,4000.0,4000.0,0,0,0,0,0,0,0,0,0,0,0,0,0,0,0,0,0,0,0,0,0,0,0,0,0,0,0,0,0,0,0,0,0,0,0,0,0,0,0,0,0,0,0,0,0,0,0,0,0,0,0,0,0,0,0,0,0,0,0,0,0,0,0,0,0,0,0,0
2.0,1.0,1.0,,Aggregate Position Limit,Your CRO has set the aggregate position limit to 8000 shares for this week.,62,2026-02-12 13:20:10.233383,SPNG,24.0,23.99,24.0,1500.0,1080000.0,3000.0,608300.0,6000.0,1600.0,4000.0,2500.0,103.0,25000.0,6000.0,4000.0,4000.0,,,,,,,,,,,,,,,,,0,0,0,0,0,0,0,0,0,0,0,0,0,0,0,0,0,0,0,0,0,0,0,0,0,0,0,0,0,0,0,0,0,0,0,0,0,0,0,0,0,0,0,0,0,0,0,0,0,0,0,0,0,0,0
1.0,1.0,1.0,,Welcome to the RITC 2026 Alogithmic Market Making Case - practice server,,62,2026-02-12 13:20:10.233383,SMMR,25.4,25.38,25.4,2400.0,1079000.0,3000.0,1095300.0,6000.0,3200.0,4000.0,,255.0,,,,,4000.0,961.0,255.0,499.0,499.0,,,,,,,,,,,,0,0,0,0,0,0,0,0,0,0,0,0,0,0,0,0,0,0,0,0,0,0,0,0,0,0,0,0,0,0,0,0,0,0,0,0,0,0,0,0,0,0,0,0,0,0,0,0,0,0,0,0,0,0,0
,,,,,,62,2026-02-12 13:20:10.233383,ATMN,25.64,25.61,25.62,,722200.0,3000.0,558100.0,6000.0,2687.0,4000.0,5000.0,115.0,,,,4000.0,4000.0,,115.0,,,780.0,792.0,6000.0,4000.0,1700.0,6000.0,4000.0,4000.0,5150.0,6000.0,,0,0,0,0,0,0,0,0,0,0,0,0,0,0,0,0,0,0,0,0,0,0,0,0,0,0,0,0,0,0,0,0,0,0,0,0,0,0,0,0,0,0,0,0,0,0,0,0,0,0,0,0,0,0,0
,,,,,,62,2026-02-12 13:20:10.233383,WNTR,26.3,25.93,25.96,5600.0,453900.0,6000.0,809700.0,3000.0,,4000.0,,369.0,,6000.0,,,4000.0,,369.0,,,,,,4000.0,,6000.0,4000.0,4000.0,,,2500.0,0,0,0,0,0,0,0,0,0,0,0,0,0,0,0,0,0,0,0,0,0,0,0,0,0,0,0,0,0,0,0,0,0,0,0,0,0,0,0,0,0,0,0,0,0,0,0,0,0,0,0,0,0,0,0
2.0,1.0,1.0,,Aggregate Position Limit,Your CRO has set the aggregate position limit to 8000 shares for this week.,63,2026-02-12 13:20:11.255791,SPNG,23.99,23.98,23.99,1710.0,3500.0,113.0,6950.0,4000.0,7500.0,341800.0,3000.0,4000.0,6000.0,4000.0,2000.0,113.0,7500.0,471500.0,1050.0,3000.0,25000.0,6000.0,4000.0,,,,,,,,,,,,,,,,,,,,0,0,0,0,0,0,0,0,0,0,0,0,0,0,0,0,0,0,0,0,0,0,0,0,0,0,0,0,0,0,0,0,0,0,0,0,0,0,0,0,0,0,0,0,0
1.0,1.0,1.0,,Welcome to the RITC 2026 Alogithmic Market Making Case - practice server,,63,2026-02-12 13:20:11.255791,SMMR,25.59,25.6,25.61,8000.0,,,,,,584600.0,,4000.0,,,,,,1179300.0,,4000.0,,,,750.0,6000.0,1100.0,,,,,,,,,,,,,,,,,0,0,0,0,0,0,0,0,0,0,0,0,0,0,0,0,0,0,0,0,0,0,0,0,0,0,0,0,0,0,0,0,0,0,0,0,0,0,0,0,0,0,0,0,0
,,,,,,63,2026-02-12 13:20:11.255791,ATMN,25.62,25.6,25.62,900.0,,124.0,2750.0,,7500.0,323400.0,3500.0,,6000.0,4000.0,,115.0,,286300.0,6500.0,3500.0,,6000.0,,,6000.0,,6000.0,4000.0,4000.0,7500.0,1600.0,3000.0,7500.0,4000.0,,,,,,,,,0,0,0,0,0,0,0,0,0,0,0,0,0,0,0,0,0,0,0,0,0,0,0,0,0,0,0,0,0,0,0,0,0,0,0,0,0,0,0,0,0,0,0,0,0
,,,,,,63,2026-02-12 13:20:11.255791,WNTR,25.9,25.86,25.88,,,369.0,5900.0,6000.0,7500.0,331000.0,,,6000.0,4000.0,6000.0,369.0,,88000.0,6500.0,,,,,,,,6000.0,,,7500.0,300.0,3000.0,,,1000.0,1072.0,1081.0,2000.0,562.0,520.0,557.0,2500.0,0,0,0,0,0,0,0,0,0,0,0,0,0,0,0,0,0,0,0,0,0,0,0,0,0,0,0,0,0,0,0,0,0,0,0,0,0,0,0,0,0,0,0,0,0
2.0,1.0,1.0,,Aggregate Position Limit,Your CRO has set the aggregate position limit to 8000 shares for this week.,64,2026-02-12 13:20:12.285302,SPNG,23.61,23.56,23.61,1162900.0,1050.0,230000.0,11250.0,5000.0,2000.0,7500.0,3500.0,1100.0,11250.0,4800.0,4000.0,113.0,3000.0,2000.0,,,,,,,,,,,,,,,,,,,,,,,,,,0,0,0,0,0,0,0,0,0,0,0,0,0,0,0,0,0,0,0,0,0,0,0,0,0,0,0,0,0,0,0,0,0,0,0,0,0,0,0,0,0,0,0,0
1.0,1.0,1.0,,Welcome to the RITC 2026 Alogithmic Market Making Case - practice server,,64,2026-02-12 13:20:12.285302,SMMR,25.5,25.53,25.61,1061600.0,,1188900.0,,,,2250.0,3500.0,1100.0,,,4000.0,334.0,4000.0,,7000.0,4000.0,7500.0,750.0,334.0,1100.0,4000.0,2250.0,300.0,,,,,,,,,,,,,,,,,0,0,0,0,0,0,0,0,0,0,0,0,0,0,0,0,0,0,0,0,0,0,0,0,0,0,0,0,0,0,0,0,0,0,0,0,0,0,0,0,0,0,0,0
,,,,,,64,2026-02-12 13:20:12.285302,ATMN,25.43,25.22,25.43,1120900.0,,193400.0,,,,2250.0,3500.0,1100.0,,4200.0,4000.0,124.0,3500.0,,,,,,,,,,4000.0,4000.0,6000.0,4000.0,4000.0,5000.0,411.0,405.0,,,,,,,,,,0,0,0,0,0,0,0,0,0,0,0,0,0,0,0,0,0,0,0,0,0,0,0,0,0,0,0,0,0,0,0,0,0,0,0,0,0,0,0,0,0,0,0,0
,,,,,,64,2026-02-12 13:20:12.285302,WNTR,25.98,25.98,26.0,459300.0,3000.0,605600.0,,,3500.0,,3500.0,,,1800.0,,426.0,4500.0,,,4000.0,,,,,,,,,6000.0,,,,,,25000.0,1750.0,7500.0,1500.0,7500.0,12000.0,4000.0,4000.0,4000.0,0,0,0,0,0,0,0,0,0,0,0,0,0,0,0,0,0,0,0,0,0,0,0,0,0,0,0,0,0,0,0,0,0,0,0,0,0,0,0,0,0,0,0,0
2.0,1.0,1.0,,Aggregate Position Limit,Your CRO has set the aggregate position limit to 8000 shares for this week.,65,2026-02-12 13:20:13.309487,SPNG,23.98,23.98,23.99,268500.0,4158.0,3750.0,10960.0,4000.0,3500.0,2625.0,1425.0,1859.0,2343.0,600.0,5000.0,4000.0,2400.0,358600.0,1859.0,1800.0,4000.0,25000.0,6000.0,4000.0,,,,,,,,,,,,,,,,,,,,,,,,,,0,0,0,0,0,0,0,0,0,0,0,0,0,0,0,0,0,0,0,0,0,0,0,0,0,0,0,0,0,0,0,0,0,0,0,0,0,0
1.0,1.0,1.0,,Welcome to the RITC 2026 Alogithmic Market Making Case - practice server,,65,2026-02-12 13:20:13.309487,SMMR,25.53,25.56,25.57,234900.0,,4000.0,,4000.0,3000.0,,9000.0,,,5150.0,,4000.0,300.0,316600.0,2693.0,4200.0,,,,,6000.0,2500.0,1500.0,1208.0,7500.0,334.0,6000.0,4000.0,750.0,900.0,2308.0,334.0,3500.0,1900.0,,,,,,,,,,,,0,0,0,0,0,0,0,0,0,0,0,0,0,0,0,0,0,0,0,0,0,0,0,0,0,0,0,0,0,0,0,0,0,0,0,0,0,0
,,,,,,65,2026-02-12 13:20:13.309487,ATMN,25.59,25.59,25.64,702900.0,,3750.0,,4000.0,3500.0,2250.0,,,,,,,6400.0,100900.0,,,,,,,,,2250.0,1208.0,7500.0,,6000.0,,,3000.0,,,3500.0,7500.0,4000.0,12000.0,8000.0,4000.0,11250.0,5625.0,4000.0,2250.0,,,,0,0,0,0,0,0,0,0,0,0,0,0,0,0,0,0,0,0,0,0,0,0,0,0,0,0,0,0,0,0,0,0,0,0,0,0,0,0
,,,,,,65,2026-02-12 13:20:13.309487,WNTR,26.0,25.98,26.0,241400.0,3000.0,,,4000.0,,,3000.0,,,,,4000.0,8000.0,,3030.0,750.0,,,,,,,,1100.0,7500.0,,,3750.0,,,,,,,,,4000.0,4000.0,,,,,10000.0,20000.0,2500.0,0,0,0,0,0,0,0,0,0,0,0,0,0,0,0,0,0,0,0,0,0,0,0,0,0,0,0,0,0,0,0,0,0,0,0,0,0,0
2.0,1.0,1.0,,Aggregate Position Limit,Your CRO has set the aggregate position limit to 8000 shares for this week.,66,2026-02-12 13:20:14.327195,SPNG,23.99,23.99,24.0,6210.0,141000.0,11250.0,15000.0,11250.0,11250.0,1600.0,3000.0,6000.0,4000.0,1161.0,2363.0,2000.0,131.0,4000.0,3000.0,1161.0,11250.0,3500.0,145.0,2519.0,2000.0,703.0,2363.0,2625.0,131.0,6000.0,7500.0,123400.0,1800.0,4000.0,,,,,,,,,,,,,,,,,,,,,,,,,,,0,0,0,0,0,0,0,0,0,0,0,0,0,0,0,0,0,0,0,0,0,0,0,0,0,0,0
1.0,1.0,1.0,,Welcome to the RITC 2026 Alogithmic Market Making Case - practice server,,66,2026-02-12 13:20:14.327195,SMMR,25.47,25.5,25.54,750.0,562900.0,,,,,,6000.0,,,1100.0,6236.0,2000.0,351.0,4000.0,900.0,2369.0,,3500.0,,,,,6236.0,,,,,410800.0,4200.0,,6000.0,2300.0,7500.0,1734.0,6000.0,6000.0,6000.0,1600.0,750.0,,,,,,,,,,,,,,,,,,0,0,0,0,0,0,0,0,0,0,0,0,0,0,0,0,0,0,0,0,0,0,0,0,0,0,0
,,,,,,66,2026-02-12 13:20:14.327195,ATMN,25.43,25.48,25.51,,120200.0,11250.0,,11250.0,,,,,4000.0,1208.0,,,153.0,,,1100.0,5625.0,,,,,,,4500.0,,6000.0,,670100.0,2345.0,4000.0,,5090.0,,,6000.0,,,,,2000.0,2500.0,4500.0,3500.0,4000.0,6000.0,4000.0,4000.0,,,,,,,,,,0,0,0,0,0,0,0,0,0,0,0,0,0,0,0,0,0,0,0,0,0,0,0,0,0,0,0
,,,,,,66,2026-02-12 13:20:14.327195,WNTR,25.97,25.96,25.97,750.0,332600.0,,,,,,3000.0,,,,3508.0,,468.0,4000.0,3000.0,,,7000.0,,750.0,4000.0,,3508.0,,468.0,,,219500.0,750.0,,,3000.0,,,,,6000.0,1600.0,,,,,,4000.0,,,,7500.0,4000.0,1039.0,4000.0,1072.0,15000.0,1000.0,6000.0,25000.0,0,0,0,0,0,0,0,0,0,0,0,0,0,0,0,0,0,0,0,0,0,0,0,0,0,0,0
2.0,1.0,1.0,,Aggregate Position Limit,Your CRO has set the aggregate position limit to 8000 shares for this week.,67,2026-02-12 13:20:15.341486,SPNG,24.1,24.09,24.1,4000.0,5625.0,2000.0,2500.0,30000.0,800.0,6000.0,1911.0,6000.0,3500.0,3000.0,3000.0,5625.0,141000.0,5625.0,2000.0,3000.0,4000.0,5000.0,3200.0,850.0,2000.0,690.0,2500.0,2625.0,123400.0,1911.0,6000.0,4000.0,4000.0,,,,,,,,,,,,,,,,,,,,,,,,,,0,0,0,0,0,0,0,0,0,0,0,0,0,0,0,0,0,0,0,0,0,0,0,0,0,0,0,0,0
1.0,1.0,1.0,,Welcome to the RITC 2026 Alogithmic Market Making Case - practice server,,67,2026-02-12 13:20:15.341486,SMMR,25.37,25.37,25.52,,,,,,,,,6000.0,,,,,979000.0,,2000.0,,4000.0,,3000.0,,,800.0,,,227000.0,2726.0,,,,2000.0,1100.0,1800.0,2250.0,1500.0,6000.0,3361.0,4200.0,7500.0,900.0,3500.0,,,,,,,,,,,,,,,0,0,0,0,0,0,0,0,0,0,0,0,0,0,0,0,0,0,0,0,0,0,0,0,0,0,0,0,0
,,,,,,67,2026-02-12 13:20:15.341486,ATMN,25.54,25.55,25.58,4000.0,5625.0,2000.0,,,1269.0,6000.0,,,7000.0,,1425.0,11250.0,,5625.0,,5624.0,4000.0,,,2000.0,2000.0,,,6750.0,99900.0,2439.0,6000.0,,,,1100.0,1200.0,,2250.0,6000.0,,6000.0,7500.0,,,1800.0,143.0,4500.0,7500.0,2250.0,143.0,7500.0,,,,,,,,0,0,0,0,0,0,0,0,0,0,0,0,0,0,0,0,0,0,0,0,0,0,0,0,0,0,0,0,0
,,,,,,67,2026-02-12 13:20:15.341486,WNTR,25.98,25.96,25.98,4000.0,,,,,900.0,,3475.0,,,,3000.0,,226500.0,,,,4000.0,,750.0,,2000.0,,,,229800.0,3475.0,,4000.0,,,1100.0,,1500.0,,6000.0,,,7500.0,3000.0,,,,,7500.0,2250.0,478.0,7500.0,20000.0,4000.0,6000.0,4000.0,4000.0,20000.0,4000.0,0,0,0,0,0,0,0,0,0,0,0,0,0,0,0,0,0,0,0,0,0,0,0,0,0,0,0,0,0
2.0,1.0,1.0,,Aggregate Position Limit,Your CRO has set the aggregate position limit to 8000 shares for this week.,68,2026-02-12 13:20:16.358740,SPNG,24.1,24.1,24.12,5625.0,1100.0,4000.0,1646.0,6000.0,8000.0,7500.0,5000.0,3500.0,15000.0,4000.0,6900.0,1275.0,3000.0,106800.0,7500.0,2275.0,,,,,,,,,,,,,,,,,,,,,,,,,,,,,,,,,,0,0,0,0,0,0,0,0,0,0,0,0,0,0,0,0,0,0,0,0,0,0,0,0,0,0,0,0,0,0,0,0,0,0
1.0,1.0,1.0,,Welcome to the RITC 2026 Alogithmic Market Making Case - practice server,,68,2026-02-12 13:20:16.358740,SMMR,25.25,25.26,25.41,,,,2100.0,,,750.0,,,,4000.0,9090.0,,750.0,94200.0,,3500.0,2000.0,5350.0,963900.0,2100.0,4000.0,3000.0,5000.0,3300.0,6000.0,7500.0,294.0,7500.0,,,,,,,,,,,,,,,,,,,,,,0,0,0,0,0,0,0,0,0,0,0,0,0,0,0,0,0,0,0,0,0,0,0,0,0,0,0,0,0,0,0,0,0,0
,,,,,,68,2026-02-12 13:20:16.358740,ATMN,25.65,25.65,25.67,4156.0,,4000.0,2166.0,500.0,2280.0,2250.0,,2000.0,,,4000.0,5625.0,,99900.0,,2275.0,2000.0,1200.0,95200.0,,,2150.0,,1100.0,,,131.0,,2812.0,5625.0,6000.0,6000.0,2250.0,1756.0,1734.0,5625.0,6000.0,4500.0,,,,,,,,,,,,0,0,0,0,0,0,0,0,0,0,0,0,0,0,0,0,0,0,0,0,0,0,0,0,0,0,0,0,0,0,0,0,0,0
,,,,,,68,2026-02-12 13:20:16.358740,WNTR,25.96,25.92,25.96,,1100.0,,3303.0,,,2250.0,,,,,,,,429500.0,3000.0,7000.0,,3000.0,332600.0,3303.0,,1350.0,,,6000.0,,478.0,7500.0,,,,6000.0,,,,,,,7500.0,15000.0,4000.0,4000.0,4000.0,7500.0,1039.0,4000.0,557.0,2000.0,6000.0,0,0,0,0,0,0,0,0,0,0,0,0,0,0,0,0,0,0,0,0,0,0,0,0,0,0,0,0,0,0,0,0,0,0
2.0,1.0,1.0,,Aggregate Position Limit,Your CRO has set the aggregate position limit to 8000 shares for this week.,69,2026-02-12 13:20:17.376790,SPNG,23.93,23.92,23.93,6000.0,1734.0,5625.0,5200.0,3950.0,4000.0,618.0,4000.0,5625.0,4000.0,2625.0,476500.0,1208.0,100800.0,6000.0,5500.0,4800.0,4000.0,5625.0,5313.0,2500.0,18940.0,,,,,,,,,,,,,,,,,,,,,,,,,,0,0,0,0,0,0,0,0,0,0,0,0,0,0,0,0,0,0,0,0,0,0,0,0,0,0,0,0,0,0,0,0,0,0,0,0,0
1.0,1.0,1.0,,Welcome to the RITC 2026 Alogithmic Market Making Case - practice server,,69,2026-02-12 13:20:17.376790,SMMR,25.34,25.34,25.36,,,,,4955.0,,,,,,,912700.0,,349600.0,4800.0,,,,,,,,750.0,2275.0,4000.0,259.0,2000.0,2250.0,2250.0,9450.0,259.0,1190.0,2000.0,4461.0,6000.0,7500.0,,,,,,,,,,,,0,0,0,0,0,0,0,0,0,0,0,0,0,0,0,0,0,0,0,0,0,0,0,0,0,0,0,0,0,0,0,0,0,0,0,0,0
,,,,,,69,2026-02-12 13:20:17.376790,ATMN,25.35,25.51,25.61,6000.0,,5625.0,5625.0,4450.0,4000.0,,4000.0,,,2250.0,670600.0,2308.0,,6000.0,4000.0,2400.0,4000.0,,2812.0,,,,,,,,2481.0,2250.0,3500.0,117.0,,2000.0,1100.0,6000.0,,5624.0,2481.0,2250.0,,,,,,,,,0,0,0,0,0,0,0,0,0,0,0,0,0,0,0,0,0,0,0,0,0,0,0,0,0,0,0,0,0,0,0,0,0,0,0,0,0
,,,,,,69,2026-02-12 13:20:17.376790,WNTR,25.94,25.94,25.95,,,,,,8000.0,,4000.0,,4000.0,,240000.0,1100.0,435700.0,,,1600.0,4000.0,,,,,,,4000.0,,,2711.0,,7000.0,407.0,750.0,2000.0,2200.0,6000.0,,,2711.0,,30000.0,600.0,12000.0,7500.0,640.0,7500.0,4000.0,6000.0,0,0,0,0,0,0,0,0,0,0,0,0,0,0,0,0,0,0,0,0,0,0,0,0,0,0,0,0,0,0,0,0,0,0,0,0,0
2.0,1.0,1.0,,Aggregate Position Limit,Your CRO has set the aggregate position limit to 8000 shares for this week.,70,2026-02-12 13:20:18.393971,SPNG,24.06,24.04,24.06,132100.0,1631.0,624.0,6000.0,3500.0,11250.0,7000.0,10000.0,6000.0,4200.0,1200.0,4000.0,3500.0,2000.0,38940.0,110.0,800.0,5625.0,5625.0,5625.0,6000.0,5250.0,,,,,,,,,,,,,,,,,,,,,,,,,,,,,,,,,0,0,0,0,0,0,0,0,0,0,0,0,0,0,0,0,0,0,0,0,0,0,0,0,0,0,0,0,0,0
1.0,1.0,1.0,,Welcome to the RITC 2026 Alogithmic Market Making Case - practice server,,70,2026-02-12 13:20:18.393971,SMMR,25.5,25.35,25.37,445900.0,,,,4550.0,,,,,6000.0,,,,2000.0,,,,,,,750.0,,900.0,1221.0,2500.0,4000.0,750.0,845.0,263.0,2000.0,1500.0,3605.0,845.0,6000.0,750.0,2000.0,563800.0,3361.0,7500.0,,,,,,,,,,,,,,,,0,0,0,0,0,0,0,0,0,0,0,0,0,0,0,0,0,0,0,0,0,0,0,0,0,0,0,0,0,0
,,,,,,70,2026-02-12 13:20:18.393971,ATMN,25.55,25.55,25.9,120200.0,1953.0,4219.0,,,11250.0,,,,,3000.0,4000.0,,,,,,,,,,,1600.0,1221.0,,4000.0,2250.0,,119.0,2000.0,,2750.0,,,,,1094800.0,2200.0,,11250.0,4000.0,2250.0,841.0,4000.0,4000.0,,,,,,,,,,0,0,0,0,0,0,0,0,0,0,0,0,0,0,0,0,0,0,0,0,0,0,0,0,0,0,0,0,0,0
,,,,,,70,2026-02-12 13:20:18.393971,WNTR,25.97,25.92,25.94,235700.0,2851.0,,,,,,,,6000.0,3000.0,4000.0,,2000.0,,414.0,2400.0,,,,,,300.0,3781.0,,4000.0,,,,,750.0,3000.0,,720.0,750.0,,320800.0,,,,4000.0,,,4000.0,4000.0,7500.0,4000.0,10000.0,1072.0,6000.0,2851.0,1734.0,6000.0,4000.0,0,0,0,0,0,0,0,0,0,0,0,0,0,0,0,0,0,0,0,0,0,0,0,0,0,0,0,0,0,0
2.0,1.0,1.0,,Aggregate Position Limit,Your CRO has set the aggregate position limit to 8000 shares for this week.,71,2026-02-12 13:20:19.409797,SPNG,24.04,24.05,24.06,15000.0,1800.0,1947.0,4000.0,312.0,6000.0,25000.0,5625.0,7500.0,92.0,20000.0,4000.0,4800.0,2200.0,6000.0,5625.0,5625.0,2625.0,5625.0,3000.0,,,,,,,,,,,,,,,,,,,,,,,,,,,,,,,,,,0,0,0,0,0,0,0,0,0,0,0,0,0,0,0,0,0,0,0,0,0,0,0,0,0,0,0,0,0,0,0
1.0,1.0,1.0,,Welcome to the RITC 2026 Alogithmic Market Making Case - practice server,,71,2026-02-12 13:20:19.409797,SMMR,25.29,25.29,25.36,,,3118.0,,,,,,,2030.0,,,1600.0,2200.0,,,,,,,917500.0,1100.0,1800.0,750.0,263.0,2000.0,1734.0,1500.0,3525.0,6000.0,2000.0,1575.0,6000.0,7500.0,345800.0,2000.0,750.0,3118.0,7500.0,743.0,,,,,,,,,,,,,,0,0,0,0,0,0,0,0,0,0,0,0,0,0,0,0,0,0,0,0,0,0,0,0,0,0,0,0,0,0,0
,,,,,,71,2026-02-12 13:20:19.409797,ATMN,25.61,25.59,25.61,,6400.0,2669.0,4000.0,5625.0,,,,,,,4000.0,4816.0,,,,3515.0,2250.0,,,,,2063.0,,,,,,,,7500.0,,,,202900.0,2000.0,,2669.0,,733.0,9500.0,7000.0,5625.0,4000.0,,,,,,,,,,0,0,0,0,0,0,0,0,0,0,0,0,0,0,0,0,0,0,0,0,0,0,0,0,0,0,0,0,0,0,0
,,,,,,71,2026-02-12 13:20:19.409797,WNTR,25.88,25.91,25.93,,,3489.0,,,,,,7500.0,,,4000.0,,1221.0,,,,,,,642000.0,,108.0,,414.0,2000.0,,750.0,2150.0,6000.0,4000.0,,6000.0,,99500.0,,2250.0,3489.0,,,,3500.0,,,6000.0,7500.0,4000.0,4000.0,1072.0,25000.0,914.0,760.0,4000.0,0,0,0,0,0,0,0,0,0,0,0,0,0,0,0,0,0,0,0,0,0,0,0,0,0,0,0,0,0,0,0
2.0,1.0,1.0,,Aggregate Position Limit,Your CRO has set the aggregate position limit to 8000 shares for this week.,72,2026-02-12 13:20:20.426686,SPNG,23.92,23.91,23.92,4200.0,4000.0,8000.0,3500.0,78.0,2002.0,6000.0,372.0,7500.0,7500.0,266000.0,4000.0,6000.0,263700.0,4000.0,3500.0,3000.0,35000.0,2400.0,2625.0,3300.0,2002.0,,,,,,,,,,,,,,,,,,,,,,,,,,,,0,0,0,0,0,0,0,0,0,0,0,0,0,0,0,0,0,0,0,0,0,0,0,0,0,0,0,0,0,0,0,0,0,0,0
1.0,1.0,1.0,,Welcome to the RITC 2026 Alogithmic Market Making Case - practice server,,72,2026-02-12 13:20:20.426686,SMMR,25.3,25.29,25.3,,,,5250.0,,,5250.0,,,,917500.0,,,681100.0,,,1500.0,,1600.0,,2369.0,,2200.0,750.0,1974.0,1500.0,2000.0,1974.0,5250.0,1700.0,7500.0,7500.0,1500.0,,,,,,,,,,,,,,,,,0,0,0,0,0,0,0,0,0,0,0,0,0,0,0,0,0,0,0,0,0,0,0,0,0,0,0,0,0,0,0,0,0,0,0
,,,,,,72,2026-02-12 13:20:20.426686,ATMN,25.64,25.61,25.64,4813.0,,,,5625.0,2465.0,,,,,,,6000.0,407200.0,4000.0,2275.0,2250.0,,768.0,6750.0,,2465.0,3421.0,,,6750.0,,123.0,,,,,4500.0,4000.0,2400.0,5950.0,5625.0,2250.0,6000.0,1750.0,2000.0,1734.0,4000.0,6000.0,,,,,,0,0,0,0,0,0,0,0,0,0,0,0,0,0,0,0,0,0,0,0,0,0,0,0,0,0,0,0,0,0,0,0,0,0,0
,,,,,,72,2026-02-12 13:20:20.426686,WNTR,25.88,25.95,25.96,108.0,4000.0,4000.0,1200.0,,2982.0,,,7500.0,7500.0,429800.0,4000.0,,425000.0,,,,,800.0,,1221.0,,,,,2250.0,2000.0,414.0,,4950.0,,7500.0,3000.0,4000.0,306.0,,,,,,,,4000.0,6000.0,5000.0,1734.0,6000.0,4000.0,4000.0,0,0,0,0,0,0,0,0,0,0,0,0,0,0,0,0,0,0,0,0,0,0,0,0,0,0,0,0,0,0,0,0,0,0,0
2.0,1.0,1.0,,Aggregate Position Limit,Your CRO has set the aggregate position limit to 8000 shares for this week.,73,2026-02-12 13:20:21.444422,SPNG,23.86,23.86,23.89,4000.0,19.0,4000.0,6000.0,2625.0,764600.0,4367.0,1800.0,6000.0,1208.0,4000.0,6000.0,4000.0,5250.0,263700.0,21040.0,1600.0,4367.0,1100.0,3500.0,,,,,,,,,,,,,,,,,,,,,,,,,,0,0,0,0,0,0,0,0,0,0,0,0,0,0,0,0,0,0,0,0,0,0,0,0,0,0,0,0,0,0,0,0,0,0,0,0,0,0,0
1.0,1.0,1.0,,Welcome to the RITC 2026 Alogithmic Market Making Case - practice server,,73,2026-02-12 13:20:21.444422,SMMR,25.25,25.24,25.25,4000.0,,,,,925000.0,3371.0,4050.0,,1100.0,4000.0,1500.0,,,622400.0,,800.0,3371.0,2261.0,3500.0,750.0,600.0,7500.0,4301.0,2000.0,7500.0,1974.0,2000.0,5250.0,6000.0,7500.0,950.0,,,,,,,,,,,,,,0,0,0,0,0,0,0,0,0,0,0,0,0,0,0,0,0,0,0,0,0,0,0,0,0,0,0,0,0,0,0,0,0,0,0,0,0,0,0
,,,,,,73,2026-02-12 13:20:21.444422,ATMN,25.73,25.67,25.7,4000.0,,,9850.0,,,2808.0,2100.0,,3300.0,4000.0,,,6750.0,113500.0,,1382.0,2808.0,,2275.0,,2400.0,,,,,745.0,4000.0,3000.0,,,3605.0,11900.0,2500.0,3000.0,745.0,733.0,4000.0,4000.0,,,,,,,0,0,0,0,0,0,0,0,0,0,0,0,0,0,0,0,0,0,0,0,0,0,0,0,0,0,0,0,0,0,0,0,0,0,0,0,0,0,0
,,,,,,73,2026-02-12 13:20:21.444422,WNTR,25.96,25.96,25.97,,,,6113.0,,516500.0,3521.0,4200.0,,,,,4000.0,,424700.0,,,3521.0,1100.0,,,,7500.0,,2000.0,7500.0,,,,6000.0,7500.0,6150.0,3500.0,,6000.0,,,,4000.0,5000.0,6000.0,914.0,2500.0,760.0,6000.0,0,0,0,0,0,0,0,0,0,0,0,0,0,0,0,0,0,0,0,0,0,0,0,0,0,0,0,0,0,0,0,0,0,0,0,0,0,0,0
2.0,1.0,1.0,,Aggregate Position Limit,Your CRO has set the aggregate position limit to 8000 shares for this week.,74,2026-02-12 13:20:22.461442,SPNG,24.09,23.82,24.09,2639.0,4000.0,600.0,1100.0,3500.0,5250.0,3000.0,502100.0,750.0,7500.0,7500.0,6000.0,4000.0,3256.0,15000.0,213500.0,5000.0,5625.0,4000.0,8000.0,7875.0,9000.0,6000.0,1581.0,3000.0,,,,,,,,,,,,,,,,,,,0,0,0,0,0,0,0,0,0,0,0,0,0,0,0,0,0,0,0,0,0,0,0,0,0,0,0,0,0,0,0,0,0,0,0,0,0,0,0,0,0
1.0,1.0,1.0,,Welcome to the RITC 2026 Alogithmic Market Making Case - practice server,,74,2026-02-12 13:20:22.461442,SMMR,25.57,25.31,25.4,750.0,4000.0,600.0,2200.0,3500.0,,,917500.0,,4301.0,7500.0,,,4542.0,,1246200.0,,,,,,750.0,,3469.0,2100.0,2000.0,4542.0,,,,,,,,,,,,,,,,,0,0,0,0,0,0,0,0,0,0,0,0,0,0,0,0,0,0,0,0,0,0,0,0,0,0,0,0,0,0,0,0,0,0,0,0,0,0,0,0,0
,,,,,,74,2026-02-12 13:20:22.461442,ATMN,25.73,25.68,25.7,,4000.0,1600.0,3300.0,12696.0,2250.0,,,2100.0,,,6000.0,,4274.0,,221800.0,,,,,9000.0,2250.0,,,3605.0,,4274.0,9850.0,3000.0,4151.0,4000.0,691.0,2250.0,2000.0,3000.0,,,,,,,,,0,0,0,0,0,0,0,0,0,0,0,0,0,0,0,0,0,0,0,0,0,0,0,0,0,0,0,0,0,0,0,0,0,0,0,0,0,0,0,0,0
,,,,,,74,2026-02-12 13:20:22.461442,WNTR,25.92,25.92,25.96,,4000.0,,,,,,687300.0,3950.0,,,,,2220.0,,,,,,,,,6000.0,1100.0,,,2220.0,6000.0,6000.0,,,5600.0,,,,4000.0,4000.0,4000.0,706.0,8975.0,6000.0,10000.0,6000.0,0,0,0,0,0,0,0,0,0,0,0,0,0,0,0,0,0,0,0,0,0,0,0,0,0,0,0,0,0,0,0,0,0,0,0,0,0,0,0,0,0
2.0,1.0,1.0,,Aggregate Position Limit,Your CRO has set the aggregate position limit to 8000 shares for this week.,75,2026-02-12 13:20:23.478495,SPNG,24.06,24.06,24.07,5000.0,1100.0,5624.0,4000.0,2000.0,7500.0,1766.0,7500.0,2625.0,3000.0,374600.0,2639.0,4000.0,12000.0,4000.0,950.0,4000.0,6184.0,1050.0,2400.0,1766.0,106700.0,14696.0,5625.0,5000.0,4000.0,4000.0,2625.0,3000.0,6000.0,,,,,,,,,,,,,,,,,,0,0,0,0,0,0,0,0,0,0,0,0,0,0,0,0,0,0,0,0,0,0,0,0,0,0,0,0,0,0,0,0,0,0,0,0,0
1.0,1.0,1.0,,Welcome to the RITC 2026 Alogithmic Market Making Case - practice server,,75,2026-02-12 13:20:23.478495,SMMR,25.24,25.22,25.24,,2200.0,,,,,2220.0,,,,925000.0,3000.0,,,,3200.0,4000.0,,3000.0,1600.0,,577400.0,,,,,,,750.0,6000.0,491.0,5250.0,5750.0,2500.0,3469.0,7500.0,,,,,,,,,,,,0,0,0,0,0,0,0,0,0,0,0,0,0,0,0,0,0,0,0,0,0,0,0,0,0,0,0,0,0,0,0,0,0,0,0,0,0
,,,,,,75,2026-02-12 13:20:23.478495,ATMN,25.7,25.68,25.71,,2321.0,11250.0,4000.0,,,2117.0,,4500.0,2250.0,91600.0,,,,8000.0,665.0,,,2100.0,2073.0,2117.0,311500.0,,,,,,6750.0,4500.0,,2400.0,,,,,,11250.0,4000.0,5625.0,2250.0,3752.0,2000.0,695.0,6000.0,,,,0,0,0,0,0,0,0,0,0,0,0,0,0,0,0,0,0,0,0,0,0,0,0,0,0,0,0,0,0,0,0,0,0,0,0,0,0
,,,,,,75,2026-02-12 13:20:23.478495,WNTR,25.84,25.81,25.84,,1100.0,,,,,2199.0,,,,435300.0,2250.0,4000.0,,4000.0,4200.0,4000.0,4200.0,3000.0,800.0,2199.0,233000.0,,,,,,,750.0,6000.0,300.0,6000.0,3500.0,,2200.0,,,4000.0,,,,,,,6000.0,2275.0,30000.0,0,0,0,0,0,0,0,0,0,0,0,0,0,0,0,0,0,0,0,0,0,0,0,0,0,0,0,0,0,0,0,0,0,0,0,0,0
2.0,1.0,1.0,,Aggregate Position Limit,Your CRO has set the aggregate position limit to 8000 shares for this week.,76,2026-02-12 13:20:24.494998,SPNG,23.61,23.78,23.85,4000.0,2308.0,502.0,4000.0,7500.0,3500.0,458300.0,4355.0,6000.0,1438.0,3374.0,2940.0,2000.0,6000.0,1600.0,1438.0,4000.0,2000.0,6000.0,5625.0,3500.0,2500.0,15000.0,103200.0,1406.0,,,,,,,,,,,,,,,,,,,,,,,,,,,0,0,0,0,0,0,0,0,0,0,0,0,0,0,0,0,0,0,0,0,0,0,0,0,0,0,0,0,0,0,0,0,0
1.0,1.0,1.0,,Welcome to the RITC 2026 Alogithmic Market Making Case - practice server,,76,2026-02-12 13:20:24.494998,SMMR,25.34,25.3,25.34,,4400.0,986.0,4000.0,,,692400.0,4200.0,,1899.0,,3000.0,4000.0,16720.0,1876.0,1899.0,4000.0,,,,,2500.0,,100400.0,,2000.0,750.0,7500.0,750.0,986.0,6000.0,7500.0,,,,,,,,,,,,,,,,,,,,0,0,0,0,0,0,0,0,0,0,0,0,0,0,0,0,0,0,0,0,0,0,0,0,0,0,0,0,0,0,0,0,0
,,,,,,76,2026-02-12 13:20:24.494998,ATMN,25.7,25.63,25.65,8000.0,,731.0,4000.0,,,,4200.0,,1867.0,,,8000.0,4200.0,2400.0,1867.0,4000.0,,,5625.0,,2500.0,,106200.0,3868.0,2000.0,,,,,,7500.0,2500.0,11250.0,11250.0,5625.0,6000.0,300.0,733.0,1100.0,7232.0,5625.0,,,,,,,,,,0,0,0,0,0,0,0,0,0,0,0,0,0,0,0,0,0,0,0,0,0,0,0,0,0,0,0,0,0,0,0,0,0
,,,,,,76,2026-02-12 13:20:24.494998,WNTR,25.81,25.81,25.82,,1100.0,,,,,230500.0,1950.0,,,,,,,2400.0,2002.0,,,,,,,,233000.0,,,,,3750.0,,6000.0,7500.0,,,,,,300.0,,2200.0,1500.0,,16500.0,4000.0,8000.0,6000.0,4000.0,10000.0,20750.0,750.0,7500.0,0,0,0,0,0,0,0,0,0,0,0,0,0,0,0,0,0,0,0,0,0,0,0,0,0,0,0,0,0,0,0,0,0
2.0,1.0,1.0,,Aggregate Position Limit,Your CRO has set the aggregate position limit to 8000 shares for this week.,77,2026-02-12 13:20:25.515841,SPNG,23.78,23.78,23.8,10000.0,659.0,2200.0,1800.0,4000.0,3500.0,2808.0,2000.0,6000.0,3000.0,7500.0,114900.0,1365.0,1470.0,4000.0,4000.0,1100.0,5000.0,5625.0,209900.0,15000.0,6000.0,4000.0,5625.0,3000.0,665.0,,,,,,,,,,,,,,,,,,,,,,,,0,0,0,0,0,0,0,0,0,0,0,0,0,0,0,0,0,0,0,0,0,0,0,0,0,0,0,0,0,0,0,0,0,0,0
1.0,1.0,1.0,,Welcome to the RITC 2026 Alogithmic Market Making Case - practice server,,77,2026-02-12 13:20:25.515841,SMMR,25.4,25.38,25.4,,,3300.0,,4000.0,,750.0,,,,,925000.0,1050.0,4278.0,3283.0,4000.0,,,,131700.0,,,,,750.0,4200.0,562.0,2500.0,6000.0,4278.0,6000.0,2000.0,6000.0,7500.0,,,,,,,,,,,,,,,,0,0,0,0,0,0,0,0,0,0,0,0,0,0,0,0,0,0,0,0,0,0,0,0,0,0,0,0,0,0,0,0,0,0,0
,,,,,,77,2026-02-12 13:20:25.515841,ATMN,25.7,25.6,25.62,,,,,4000.0,,1566.0,4000.0,,2250.0,,203300.0,2150.0,,,,,,5625.0,309400.0,,14000.0,4000.0,11250.0,6750.0,,6000.0,,6000.0,3280.0,,,,,2000.0,3514.0,5250.0,4000.0,7500.0,7500.0,4500.0,656.0,4000.0,4000.0,731.0,,,,,0,0,0,0,0,0,0,0,0,0,0,0,0,0,0,0,0,0,0,0,0,0,0,0,0,0,0,0,0,0,0,0,0,0,0
,,,,,,77,2026-02-12 13:20:25.515841,WNTR,25.83,25.83,25.84,,,,3000.0,4000.0,,750.0,,,750.0,,128400.0,,,8000.0,4000.0,1100.0,,,120400.0,,,,,,,,,,,,,,,,,,,,,,,,,1709.0,16500.0,6000.0,982.0,25750.0,0,0,0,0,0,0,0,0,0,0,0,0,0,0,0,0,0,0,0,0,0,0,0,0,0,0,0,0,0,0,0,0,0,0,0
2.0,1.0,1.0,,Aggregate Position Limit,Your CRO has set the aggregate position limit to 8000 shares for this week.,78,2026-02-12 13:20:26.532060,SPNG,23.8,23.79,23.8,3500.0,6558.0,30000.0,1600.0,4000.0,4400.0,352.0,10000.0,2000.0,2327.0,5000.0,3750.0,1782.0,4654.0,4000.0,3500.0,2200.0,2000.0,5625.0,14696.0,703.0,5625.0,3000.0,103200.0,,,,,,,,,,,,,,,,,,,,,,,,,,,,,,0,0,0,0,0,0,0,0,0,0,0,0,0,0,0,0,0,0,0,0,0,0,0,0,0,0,0,0,0,0,0
1.0,1.0,1.0,,Welcome to the RITC 2026 Alogithmic Market Making Case - practice server,,78,2026-02-12 13:20:26.532060,SMMR,25.32,25.3,25.32,,,,,4000.0,,,,,6162.0,,750.0,1600.0,6162.0,4000.0,3500.0,,2000.0,,,,,750.0,131700.0,757.0,750.0,4000.0,750.0,4050.0,1012600.0,3150.0,2000.0,640.0,7500.0,6000.0,6000.0,7500.0,,,,,,,,,,,,,,,,,0,0,0,0,0,0,0,0,0,0,0,0,0,0,0,0,0,0,0,0,0,0,0,0,0,0,0,0,0,0,0
,,,,,,78,2026-02-12 13:20:26.532060,ATMN,25.72,25.62,25.64,3500.0,3816.0,,674.0,4000.0,,5625.0,,4000.0,5548.0,,,,5548.0,4000.0,,1100.0,2000.0,5625.0,,,,4500.0,311500.0,,6000.0,,2250.0,,116700.0,1200.0,,,,1800.0,,7500.0,2500.0,3199.0,3691.0,5250.0,2500.0,807.0,4000.0,4000.0,2250.0,4000.0,,,,,,,0,0,0,0,0,0,0,0,0,0,0,0,0,0,0,0,0,0,0,0,0,0,0,0,0,0,0,0,0,0,0
,,,,,,78,2026-02-12 13:20:26.532060,WNTR,25.94,25.83,25.87,,,,3570.0,4000.0,,,4000.0,,3508.0,,,,3508.0,,11900.0,2200.0,2000.0,,,,,,112600.0,,,,750.0,,336600.0,3000.0,4000.0,,,6000.0,,,,6000.0,,,,,8000.0,4000.0,,,15000.0,4000.0,6000.0,4000.0,15000.0,5961.0,0,0,0,0,0,0,0,0,0,0,0,0,0,0,0,0,0,0,0,0,0,0,0,0,0,0,0,0,0,0,0
2.0,1.0,1.0,,Aggregate Position Limit,Your CRO has set the aggregate position limit to 8000 shares for this week.,79,2026-02-12 13:20:27.558266,SPNG,24.15,23.8,23.85,1750.0,3500.0,7500.0,46421.0,2400.0,2812.0,3000.0,505.0,5000.0,652.0,1054600.0,1581.0,5625.0,5625.0,5625.0,1260.0,5250.0,,,,,,,,,,,,,,,,,,,,,,,,,,,,,,,,0,0,0,0,0,0,0,0,0,0,0,0,0,0,0,0,0,0,0,0,0,0,0,0,0,0,0,0,0,0,0,0,0,0,0,0
1.0,1.0,1.0,,Welcome to the RITC 2026 Alogithmic Market Making Case - practice server,,79,2026-02-12 13:20:27.558266,SMMR,25.28,25.27,25.28,,3500.0,1500.0,,,,750.0,,,,389900.0,2200.0,,,,1200.0,,4000.0,2837.0,1023200.0,2917.0,5250.0,640.0,7000.0,2917.0,2250.0,7500.0,2000.0,6000.0,6000.0,750.0,7500.0,,,,,,,,,,,,,,,,,0,0,0,0,0,0,0,0,0,0,0,0,0,0,0,0,0,0,0,0,0,0,0,0,0,0,0,0,0,0,0,0,0,0,0,0
,,,,,,79,2026-02-12 13:20:27.558266,ATMN,25.71,25.65,25.69,8000.0,3500.0,,,1600.0,5625.0,,,,,113500.0,1100.0,2812.0,,,4950.0,,4000.0,,228500.0,2622.0,,,,,,7500.0,,6000.0,,2250.0,7500.0,10459.0,5625.0,6000.0,7500.0,4000.0,8000.0,5000.0,831.0,4000.0,,,,,,,,0,0,0,0,0,0,0,0,0,0,0,0,0,0,0,0,0,0,0,0,0,0,0,0,0,0,0,0,0,0,0,0,0,0,0,0
,,,,,,79,2026-02-12 13:20:27.558266,WNTR,25.94,25.93,25.94,,,750.0,,1600.0,,750.0,,,,112600.0,2200.0,,,,3000.0,,,,247500.0,3359.0,,,5950.0,,,,,5965.0,,,,,,3480.0,,4000.0,,,,4000.0,44000.0,1100.0,8000.0,15000.0,4000.0,1167.0,5961.0,0,0,0,0,0,0,0,0,0,0,0,0,0,0,0,0,0,0,0,0,0,0,0,0,0,0,0,0,0,0,0,0,0,0,0,0
2.0,1.0,1.0,,Aggregate Position Limit,Your CRO has set the aggregate position limit to 8000 shares for this week.,80,2026-02-12 13:20:28.593236,SPNG,24.03,24.01,24.02,102.0,95100.0,16252.0,6000.0,3500.0,2813.0,5000.0,3818.0,1600.0,1406.0,2098.0,3500.0,2500.0,11250.0,4000.0,5000.0,764.0,1800.0,11250.0,3000.0,4000.0,950.0,6000.0,5625.0,106800.0,1581.0,1875.0,,,,,,,,,,,,,,,,,,,,,,,,,0,0,0,0,0,0,0,0,0,0,0,0,0,0,0,0,0,0,0,0,0,0,0,0,0,0,0,0,0,0,0,0,0
1.0,1.0,1.0,,Welcome to the RITC 2026 Alogithmic Market Making Case - practice server,,80,2026-02-12 13:20:28.593236,SMMR,25.31,25.29,25.31,370.0,202400.0,,,7000.0,,,5086.0,1587.0,,,,2500.0,,,,,,,1500.0,4000.0,2150.0,,,683800.0,5669.0,,1500.0,4000.0,2250.0,1100.0,2837.0,3000.0,370.0,2000.0,2837.0,,,,,,,,,,,,,,,,0,0,0,0,0,0,0,0,0,0,0,0,0,0,0,0,0,0,0,0,0,0,0,0,0,0,0,0,0,0,0,0,0
,,,,,,80,2026-02-12 13:20:28.593236,ATMN,25.69,25.67,25.69,,,8009.0,1750.0,7000.0,5625.0,,4382.0,1600.0,5625.0,5625.0,,,2373.0,,,690.0,6000.0,,,4000.0,1200.0,,1406.0,210800.0,1100.0,2250.0,,,6750.0,1100.0,,,677.0,,,6000.0,7000.0,725.0,831.0,6000.0,4000.0,,,,,,,,,,0,0,0,0,0,0,0,0,0,0,0,0,0,0,0,0,0,0,0,0,0,0,0,0,0,0,0,0,0,0,0,0,0
,,,,,,80,2026-02-12 13:20:28.593236,WNTR,25.99,25.93,25.94,,247500.0,,,,,,6202.0,2400.0,,,5950.0,,,,,,,,,,2150.0,,,720100.0,2200.0,,,4000.0,,3300.0,,,,2000.0,6000.0,,,,,,4000.0,19000.0,730.0,911.0,4000.0,6000.0,5000.0,4000.0,7500.0,6202.0,0,0,0,0,0,0,0,0,0,0,0,0,0,0,0,0,0,0,0,0,0,0,0,0,0,0,0,0,0,0,0,0,0
2.0,1.0,1.0,,Aggregate Position Limit,Your CRO has set the aggregate position limit to 8000 shares for this week.,81,2026-02-12 13:20:29.619431,SPNG,24.15,23.96,23.98,4000.0,7500.0,2000.0,816.0,12052.0,1100.0,4665.0,2812.0,2400.0,1136.0,2006.0,2000.0,3500.0,6000.0,1084.0,4000.0,2006.0,11250.0,7500.0,5000.0,5000.0,2500.0,11250.0,1200.0,106800.0,1581.0,5625.0,,,,,,,,,,,,,,,,,,,,,,,0,0,0,0,0,0,0,0,0,0,0,0,0,0,0,0,0,0,0,0,0,0,0,0,0,0,0,0,0,0,0,0,0,0,0
1.0,1.0,1.0,,Welcome to the RITC 2026 Alogithmic Market Making Case - practice server,,81,2026-02-12 13:20:29.619431,SMMR,25.32,25.33,25.39,4000.0,1500.0,,,,1100.0,3562.0,,370.0,,2991.0,2000.0,,,1600.0,4000.0,2991.0,,,,,2500.0,,,667000.0,4569.0,,2500.0,750.0,6000.0,7500.0,358000.0,848.0,757.0,757.0,3000.0,6000.0,2000.0,757.0,7500.0,750.0,,,,,,,,,0,0,0,0,0,0,0,0,0,0,0,0,0,0,0,0,0,0,0,0,0,0,0,0,0,0,0,0,0,0,0,0,0,0,0
,,,,,,81,2026-02-12 13:20:29.619431,ATMN,25.69,25.67,25.68,4000.0,2250.0,,3500.0,8009.0,3300.0,,5625.0,1600.0,5625.0,2331.0,,3500.0,6000.0,690.0,4000.0,2331.0,1406.0,2250.0,,,,,1200.0,210800.0,3300.0,2373.0,,,6000.0,,88200.0,,,,,,2000.0,,,,5625.0,4000.0,6000.0,4000.0,2000.0,,,,0,0,0,0,0,0,0,0,0,0,0,0,0,0,0,0,0,0,0,0,0,0,0,0,0,0,0,0,0,0,0,0,0,0,0
,,,,,,81,2026-02-12 13:20:29.619431,WNTR,26.02,26.02,26.03,,,,,,4400.0,,,,,3300.0,,7000.0,,,,3300.0,,,,,,,3950.0,1058100.0,,,2500.0,750.0,,7500.0,238300.0,,,,,,,,,,,,,,,36000.0,6000.0,11961.0,0,0,0,0,0,0,0,0,0,0,0,0,0,0,0,0,0,0,0,0,0,0,0,0,0,0,0,0,0,0,0,0,0,0,0
2.0,1.0,1.0,,Aggregate Position Limit,Your CRO has set the aggregate position limit to 8000 shares for this week.,82,2026-02-12 13:20:30.655198,SPNG,24.0,23.99,24.0,3000.0,8503.0,2000.0,4000.0,6235.0,20000.0,800.0,7500.0,2261.0,1100.0,4665.0,1100.0,2132.0,11250.0,4200.0,6000.0,4000.0,300.0,499400.0,4000.0,5250.0,2261.0,4665.0,,,,,,,,,,,,,,,,,,,,,,,,,,,,,0,0,0,0,0,0,0,0,0,0,0,0,0,0,0,0,0,0,0,0,0,0,0,0,0,0,0,0,0,0,0,0,0
1.0,1.0,1.0,,Welcome to the RITC 2026 Alogithmic Market Making Case - practice server,,82,2026-02-12 13:20:30.655198,SMMR,25.48,25.48,25.5,4950.0,294.0,,,3500.0,,690.0,,2802.0,3300.0,3562.0,5669.0,,,1200.0,,4000.0,800.0,1058000.0,,,,,232100.0,7500.0,1500.0,6000.0,7500.0,2000.0,7500.0,750.0,,,,,,,,,,,,,,,,,,,,,0,0,0,0,0,0,0,0,0,0,0,0,0,0,0,0,0,0,0,0,0,0,0,0,0,0,0,0,0,0,0,0,0
,,,,,,82,2026-02-12 13:20:30.655198,ATMN,25.59,25.64,25.67,5300.0,4200.0,,,,,,,,,5250.0,3300.0,2598.0,5625.0,,,4000.0,1530.0,110800.0,,,2737.0,,834200.0,,,,,,,2250.0,744.0,5625.0,2000.0,2109.0,5625.0,5186.0,6000.0,5625.0,4000.0,4000.0,2250.0,725.0,2000.0,,,,,,,,0,0,0,0,0,0,0,0,0,0,0,0,0,0,0,0,0,0,0,0,0,0,0,0,0,0,0,0,0,0,0,0,0
,,,,,,82,2026-02-12 13:20:30.655198,WNTR,26.03,26.02,26.03,,,,4000.0,,,1600.0,,6729.0,2200.0,,,2100.0,,1200.0,,4000.0,592.0,726600.0,,,6729.0,11961.0,238300.0,,750.0,,7500.0,2000.0,,,,,,,,,,,,,,,,14000.0,10000.0,730.0,911.0,746.0,467.0,7500.0,0,0,0,0,0,0,0,0,0,0,0,0,0,0,0,0,0,0,0,0,0,0,0,0,0,0,0,0,0,0,0,0,0
2.0,1.0,1.0,,Aggregate Position Limit,Your CRO has set the aggregate position limit to 8000 shares for this week.,83,2026-02-12 13:20:31.671357,SPNG,23.91,23.93,24.02,11250.0,15000.0,4665.0,6000.0,6000.0,11250.0,2000.0,594.0,1200.0,5625.0,3000.0,116400.0,432.0,10000.0,4000.0,1800.0,500.0,2044.0,5624.0,1100.0,264200.0,6000.0,2447.0,2000.0,1676.0,3000.0,594.0,4200.0,,,,,,,,,,,,,,,,,,,,,,,,,,,,0,0,0,0,0,0,0,0,0,0,0,0,0,0,0,0,0,0,0,0,0,0,0,0,0,0,0,0,0
1.0,1.0,1.0,,Welcome to the RITC 2026 Alogithmic Market Making Case - practice server,,83,2026-02-12 13:20:31.671357,SMMR,25.25,25.25,25.49,,,,,,,,,2750.0,,,1787700.0,800.0,,4000.0,,,3500.0,,4461.0,568400.0,,3396.0,,,,,,2000.0,1500.0,374.0,1500.0,7500.0,,,,,,,,,,,,,,,,,,,,,,,0,0,0,0,0,0,0,0,0,0,0,0,0,0,0,0,0,0,0,0,0,0,0,0,0,0,0,0,0
,,,,,,83,2026-02-12 13:20:31.671357,ATMN,25.71,25.68,25.7,11250.0,,5250.0,6000.0,,1576.0,,,,907.0,2250.0,228500.0,,,4000.0,,,,5624.0,,108300.0,,2985.0,,5625.0,7300.0,,,,2250.0,,,7500.0,2500.0,3500.0,2000.0,1100.0,1800.0,4000.0,7500.0,2000.0,7500.0,2985.0,2250.0,4000.0,5625.0,4000.0,2250.0,5250.0,,,,,,,0,0,0,0,0,0,0,0,0,0,0,0,0,0,0,0,0,0,0,0,0,0,0,0,0,0,0,0,0
,,,,,,83,2026-02-12 13:20:31.671357,WNTR,25.96,25.94,25.96,,,,6000.0,6000.0,,4000.0,,,,,119100.0,1600.0,,4000.0,,,1050.0,,,732100.0,,7304.0,,,1200.0,,,,750.0,1595.0,,,,3500.0,,3300.0,,,7500.0,,,3761.0,,,,,,,29000.0,6000.0,1063.0,4000.0,15000.0,7500.0,0,0,0,0,0,0,0,0,0,0,0,0,0,0,0,0,0,0,0,0,0,0,0,0,0,0,0,0,0
2.0,1.0,1.0,,Aggregate Position Limit,Your CRO has set the aggregate position limit to 8000 shares for this week.,84,2026-02-12 13:20:32.687900,SPNG,23.79,23.76,23.79,5150.0,5205.0,1200000.0,5624.0,6000.0,4034.0,137400.0,25000.0,4034.0,1100.0,3000.0,10000.0,5000.0,3750.0,4000.0,5625.0,5625.0,948.0,,,,,,,,,,,,,,,,,,,,,,,,,,,,,0,0,0,0,0,0,0,0,0,0,0,0,0,0,0,0,0,0,0,0,0,0,0,0,0,0,0,0,0,0,0,0,0,0,0,0,0,0
1.0,1.0,1.0,,Welcome to the RITC 2026 Alogithmic Market Making Case - practice server,,84,2026-02-12 13:20:32.687900,SMMR,25.36,25.38,25.39,950.0,,799700.0,,750.0,2493.0,350400.0,,4986.0,4400.0,,,,1500.0,4000.0,,,1600.0,1050.0,2500.0,4000.0,5563.0,2000.0,6000.0,621.0,4200.0,1500.0,640.0,3500.0,1500.0,7500.0,7500.0,,,,,,,,,,,,,,,0,0,0,0,0,0,0,0,0,0,0,0,0,0,0,0,0,0,0,0,0,0,0,0,0,0,0,0,0,0,0,0,0,0,0,0,0,0
,,,,,,84,2026-02-12 13:20:32.687900,ATMN,25.84,25.84,25.85,,838.0,205500.0,3313.0,2250.0,2493.0,319300.0,,,,8050.0,,,,,5625.0,5625.0,,,2500.0,4000.0,5250.0,2000.0,,2400.0,,6113.0,,,4500.0,,,11250.0,1100.0,4000.0,6750.0,2000.0,4000.0,,,,,,,,,0,0,0,0,0,0,0,0,0,0,0,0,0,0,0,0,0,0,0,0,0,0,0,0,0,0,0,0,0,0,0,0,0,0,0,0,0,0
,,,,,,84,2026-02-12 13:20:32.687900,WNTR,25.96,25.94,25.96,,,119100.0,,,,766300.0,,2737.0,,1200.0,,,,4000.0,,,800.0,,,4000.0,,,6000.0,600.0,,,,,750.0,,,,4400.0,6000.0,,,,34000.0,6000.0,7500.0,4000.0,16000.0,4000.0,6000.0,817.0,0,0,0,0,0,0,0,0,0,0,0,0,0,0,0,0,0,0,0,0,0,0,0,0,0,0,0,0,0,0,0,0,0,0,0,0,0,0
2.0,1.0,1.0,,Aggregate Position Limit,Your CRO has set the aggregate position limit to 8000 shares for this week.,85,2026-02-12 13:20:33.711026,SPNG,24.03,23.77,23.82,3500.0,10000.0,4200.0,150.0,4000.0,3200.0,259100.0,3000.0,4656.0,1301.0,352.0,7500.0,2328.0,7500.0,3750.0,11250.0,1970.0,1100.0,2150.0,480800.0,6000.0,5625.0,5625.0,6000.0,4000.0,,,,,,,,,,,,,,,,,,,,,,,,,,,0,0,0,0,0,0,0,0,0,0,0,0,0,0,0,0,0,0,0,0,0,0,0,0,0,0,0,0,0,0,0,0,0
1.0,1.0,1.0,,Welcome to the RITC 2026 Alogithmic Market Making Case - practice server,,85,2026-02-12 13:20:33.711026,SMMR,25.35,25.35,25.37,,,950.0,,,,1032400.0,750.0,6276.0,,,,6276.0,,2250.0,,,6600.0,,207400.0,,,,,,5563.0,2250.0,6000.0,4200.0,2000.0,7000.0,2250.0,4000.0,2000.0,,,,,,,,,,,,,,,,,,0,0,0,0,0,0,0,0,0,0,0,0,0,0,0,0,0,0,0,0,0,0,0,0,0,0,0,0,0,0,0,0,0
,,,,,,85,2026-02-12 13:20:33.711026,ATMN,25.67,25.66,25.67,,,,765.0,,,116700.0,4500.0,2391.0,1232.0,5625.0,4000.0,2391.0,,1562.0,,,1100.0,5400.0,107200.0,6000.0,11250.0,5124.0,4000.0,,5250.0,3226.0,,,2000.0,3500.0,,,2000.0,2200.0,7500.0,4894.0,4000.0,6000.0,4000.0,4000.0,742.0,765.0,2250.0,5250.0,,,,,,,0,0,0,0,0,0,0,0,0,0,0,0,0,0,0,0,0,0,0,0,0,0,0,0,0,0,0,0,0,0,0,0,0
,,,,,,85,2026-02-12 13:20:33.711026,WNTR,25.93,25.91,25.95,7000.0,,,,4000.0,,317100.0,750.0,2952.0,,,7500.0,2952.0,,750.0,,,,,331200.0,6000.0,,,4000.0,4000.0,,750.0,,6000.0,,,,,,2200.0,,,4000.0,6000.0,4000.0,,,1639.0,,,2500.0,4000.0,4000.0,25000.0,1063.0,817.0,0,0,0,0,0,0,0,0,0,0,0,0,0,0,0,0,0,0,0,0,0,0,0,0,0,0,0,0,0,0,0,0,0
2.0,1.0,1.0,,Aggregate Position Limit,Your CRO has set the aggregate position limit to 8000 shares for this week.,86,2026-02-12 13:20:34.735887,SPNG,23.85,23.85,23.9,217200.0,30000.0,1494.0,4000.0,3463.0,6000.0,4950.0,800.0,4394.0,3500.0,150.0,10000.0,2414.0,5000.0,6000.0,2197.0,3450.0,6000.0,5625.0,5625.0,3750.0,5625.0,6000.0,3000.0,1100.0,,,,,,,,,,,,,,,,,,,,,,,,0,0,0,0,0,0,0,0,0,0,0,0,0,0,0,0,0,0,0,0,0,0,0,0,0,0,0,0,0,0,0,0,0,0,0,0
1.0,1.0,1.0,,Welcome to the RITC 2026 Alogithmic Market Making Case - practice server,,86,2026-02-12 13:20:34.735887,SMMR,25.37,25.37,25.4,1064000.0,,,4000.0,,,950.0,2346.0,2819.0,,,,,,,,,,,,1500.0,,,2250.0,7700.0,750.0,4200.0,750.0,2000.0,6000.0,3500.0,656.0,944.0,487300.0,2000.0,,,,,,,,,,,,,,0,0,0,0,0,0,0,0,0,0,0,0,0,0,0,0,0,0,0,0,0,0,0,0,0,0,0,0,0,0,0,0,0,0,0,0
,,,,,,86,2026-02-12 13:20:34.735887,ATMN,25.75,25.73,25.75,229100.0,,5625.0,4000.0,2022.0,6000.0,,617.0,,3500.0,,,,,5250.0,2552.0,7300.0,,5625.0,10294.0,1562.0,,,2250.0,1100.0,4500.0,,,,,3500.0,,,,,2000.0,11250.0,3300.0,717.0,4000.0,4000.0,7500.0,4000.0,4000.0,2250.0,4000.0,,,0,0,0,0,0,0,0,0,0,0,0,0,0,0,0,0,0,0,0,0,0,0,0,0,0,0,0,0,0,0,0,0,0,0,0,0
,,,,,,86,2026-02-12 13:20:34.735887,WNTR,25.83,25.83,25.94,973400.0,,,,,,8400.0,,2882.0,,,,1800.0,,,2882.0,,6000.0,,,,,,750.0,1100.0,750.0,,,2000.0,,,,1643.0,239500.0,,,,1100.0,,,,,4000.0,4000.0,,,4000.0,40000.0,0,0,0,0,0,0,0,0,0,0,0,0,0,0,0,0,0,0,0,0,0,0,0,0,0,0,0,0,0,0,0,0,0,0,0,0
2.0,1.0,1.0,,Aggregate Position Limit,Your CRO has set the aggregate position limit to 8000 shares for this week.,87,2026-02-12 13:20:35.753269,SPNG,24.06,24.06,24.08,218800.0,25000.0,1600.0,4000.0,3256.0,1100.0,2000.0,7500.0,5625.0,5625.0,6000.0,300.0,2150.0,601200.0,20000.0,6000.0,2495.0,1876.0,7500.0,4974.0,2065.0,4000.0,2625.0,,,,,,,,,,,,,,,,,,,,,,,0,0,0,0,0,0,0,0,0,0,0,0,0,0,0,0,0,0,0,0,0,0,0,0,0,0,0,0,0,0,0,0,0,0,0,0,0,0,0
1.0,1.0,1.0,,Welcome to the RITC 2026 Alogithmic Market Making Case - practice server,,87,2026-02-12 13:20:35.753269,SMMR,25.35,25.35,25.37,941600.0,,600.0,4000.0,5904.0,,,,,,6000.0,800.0,,103500.0,,,,2550.0,,,,,,750.0,746.0,4200.0,950.0,666.0,6000.0,8800.0,4000.0,2250.0,6000.0,5904.0,6000.0,7500.0,,,,,,,,,,0,0,0,0,0,0,0,0,0,0,0,0,0,0,0,0,0,0,0,0,0,0,0,0,0,0,0,0,0,0,0,0,0,0,0,0,0,0,0
,,,,,,87,2026-02-12 13:20:35.753269,ATMN,25.82,25.82,25.84,198100.0,,1668.0,4000.0,5008.0,2200.0,,,5625.0,,6000.0,,7300.0,,,6000.0,2250.0,,,1801.0,4509.0,4000.0,2250.0,,,8744.0,,717.0,,2200.0,,2250.0,,5008.0,,,2250.0,3500.0,8000.0,484.0,,,,,,0,0,0,0,0,0,0,0,0,0,0,0,0,0,0,0,0,0,0,0,0,0,0,0,0,0,0,0,0,0,0,0,0,0,0,0,0,0,0
,,,,,,87,2026-02-12 13:20:35.753269,WNTR,25.9,25.9,25.92,128400.0,,1446.0,4000.0,6654.0,,,,,,,800.0,6000.0,465000.0,,,750.0,4550.0,7500.0,,,4000.0,,750.0,,6885.0,,,,1100.0,4000.0,750.0,6000.0,,,,750.0,,,,8000.0,2500.0,10408.0,1019.0,5000.0,0,0,0,0,0,0,0,0,0,0,0,0,0,0,0,0,0,0,0,0,0,0,0,0,0,0,0,0,0,0,0,0,0,0,0,0,0,0,0
2.0,1.0,1.0,,Aggregate Position Limit,Your CRO has set the aggregate position limit to 8000 shares for this week.,88,2026-02-12 13:20:36.769683,SPNG,23.79,23.91,24.03,2000.0,376700.0,5625.0,20000.0,3950.0,5366.0,2200.0,3664.0,4170.0,6000.0,5625.0,500.0,12000.0,2500.0,2000.0,6000.0,4000.0,3000.0,225200.0,25000.0,3750.0,2812.0,,,,,,,,,,,,,,,,,,,,,,,,,,,,,,,,,0,0,0,0,0,0,0,0,0,0,0,0,0,0,0,0,0,0,0,0,0,0,0,0,0,0,0,0,0,0
1.0,1.0,1.0,,Welcome to the RITC 2026 Alogithmic Market Making Case - practice server,,88,2026-02-12 13:20:36.769683,SMMR,25.56,25.36,25.38,2000.0,716100.0,,,950.0,,,,2758.0,,,,,,2000.0,,4000.0,750.0,700400.0,,1500.0,,2500.0,4000.0,916.0,300.0,2117.0,1500.0,6000.0,4200.0,2000.0,2000.0,3469.0,2758.0,1600.0,666.0,666.0,916.0,,,,,,,,,,,,,,,,,0,0,0,0,0,0,0,0,0,0,0,0,0,0,0,0,0,0,0,0,0,0,0,0,0,0,0,0,0,0
,,,,,,88,2026-02-12 13:20:36.769683,ATMN,25.8,25.8,25.81,4000.0,112400.0,5625.0,,,5625.0,3300.0,,,,3376.0,,,,4000.0,,4000.0,,109500.0,,,,2500.0,4000.0,,2100.0,,4500.0,6000.0,,,2000.0,3300.0,2308.0,2400.0,,,874.0,4000.0,4000.0,5625.0,5400.0,4000.0,2250.0,450.0,,,,,,,,,,0,0,0,0,0,0,0,0,0,0,0,0,0,0,0,0,0,0,0,0,0,0,0,0,0,0,0,0,0,0
,,,,,,88,2026-02-12 13:20:36.769683,WNTR,25.97,25.9,25.92,,744300.0,,,7200.0,,1100.0,,2674.0,,,6000.0,,,,,,750.0,465000.0,,,,,4000.0,,578.0,,,,,,,1100.0,2674.0,,,,,,,,6000.0,,,,5000.0,1063.0,926.0,4000.0,10000.0,9817.0,4000.0,8000.0,7500.0,0,0,0,0,0,0,0,0,0,0,0,0,0,0,0,0,0,0,0,0,0,0,0,0,0,0,0,0,0,0
2.0,1.0,1.0,,Aggregate Position Limit,Your CRO has set the aggregate position limit to 8000 shares for this week.,89,2026-02-12 13:20:37.785800,SPNG,23.7,23.95,23.98,2000.0,1700.0,4000.0,1216300.0,9000.0,5625.0,5000.0,10000.0,4056.0,3500.0,2994.0,1353.0,5000.0,4000.0,10000.0,,,,,,,,,,,,,,,,,,,,,,,,,,,,,,,0,0,0,0,0,0,0,0,0,0,0,0,0,0,0,0,0,0,0,0,0,0,0,0,0,0,0,0,0,0,0,0,0,0,0,0,0,0,0
1.0,1.0,1.0,,Welcome to the RITC 2026 Alogithmic Market Making Case - practice server,,89,2026-02-12 13:20:37.785800,SMMR,25.52,25.52,25.55,,,,719200.0,750.0,,,,,,,,,,,1905.0,4000.0,1100.0,2117.0,600.0,750.0,666.0,666.0,6000.0,657.0,7500.0,4200.0,6000.0,1217200.0,7500.0,750.0,4569.0,1905.0,3000.0,,,,,,,,,,,,0,0,0,0,0,0,0,0,0,0,0,0,0,0,0,0,0,0,0,0,0,0,0,0,0,0,0,0,0,0,0,0,0,0,0,0,0,0,0
,,,,,,89,2026-02-12 13:20:37.785800,ATMN,25.79,25.78,25.79,,,4000.0,112400.0,,5625.0,,,,5582.0,2400.0,6196.0,,4000.0,,,,4400.0,2458.0,,,,,6000.0,658.0,7500.0,6000.0,,201800.0,,,1100.0,2018.0,4200.0,6000.0,5625.0,4000.0,4000.0,5625.0,5250.0,2000.0,1688.0,6000.0,4000.0,,0,0,0,0,0,0,0,0,0,0,0,0,0,0,0,0,0,0,0,0,0,0,0,0,0,0,0,0,0,0,0,0,0,0,0,0,0,0,0
,,,,,,89,2026-02-12 13:20:37.785800,WNTR,25.76,25.75,25.76,,5800.0,,1169900.0,,,,4000.0,,,4800.0,,,4000.0,,2303.0,,1100.0,,,,,,,,,,,112400.0,,750.0,1100.0,2303.0,,,,,,,5961.0,,,10000.0,,30000.0,0,0,0,0,0,0,0,0,0,0,0,0,0,0,0,0,0,0,0,0,0,0,0,0,0,0,0,0,0,0,0,0,0,0,0,0,0,0,0
2.0,1.0,1.0,,Aggregate Position Limit,Your CRO has set the aggregate position limit to 8000 shares for this week.,90,2026-02-12 13:20:38.801968,SPNG,24.11,23.94,23.97,4000.0,922.0,3500.0,7500.0,5626.0,2180.0,5624.0,6000.0,3000.0,5625.0,4000.0,6000.0,675.0,4000.0,2500.0,1600.0,15000.0,5000.0,1100.0,4000.0,4840.0,5625.0,5625.0,3000.0,2180.0,3750.0,6000.0,3500.0,,,,,,,,,,,,,,,,,,,,,0,0,0,0,0,0,0,0,0,0,0,0,0,0,0,0,0,0,0,0,0,0,0,0,0,0,0,0,0,0,0,0,0,0,0,0
1.0,1.0,1.0,,Welcome to the RITC 2026 Alogithmic Market Making Case - practice server,,90,2026-02-12 13:20:38.801968,SMMR,25.41,25.35,25.41,,,,,,,,6000.0,2300.0,,,,,4000.0,,,,,4569.0,,,,,3000.0,,750.0,,2517.0,1604400.0,4200.0,6000.0,1068600.0,6000.0,750.0,,,,,,,,,,,,,,,0,0,0,0,0,0,0,0,0,0,0,0,0,0,0,0,0,0,0,0,0,0,0,0,0,0,0,0,0,0,0,0,0,0,0,0
,,,,,,90,2026-02-12 13:20:38.801968,ATMN,25.78,25.78,25.8,,,,,11250.0,2556.0,11250.0,6000.0,,5625.0,4000.0,,,,,1600.0,,,4400.0,,,3657.0,,4200.0,2556.0,,6000.0,,,,5250.0,207900.0,,2250.0,2000.0,4000.0,4400.0,8000.0,2000.0,4500.0,1912.0,7500.0,580.0,,,,,,0,0,0,0,0,0,0,0,0,0,0,0,0,0,0,0,0,0,0,0,0,0,0,0,0,0,0,0,0,0,0,0,0,0,0,0
,,,,,,90,2026-02-12 13:20:38.801968,WNTR,25.76,25.76,25.78,4000.0,300.0,,,,,,,,,4000.0,,,4000.0,,1600.0,,,1100.0,14000.0,,,,,5934.0,750.0,,7000.0,766500.0,,,240800.0,5961.0,,,4000.0,3300.0,,,750.0,,,,25000.0,4000.0,10000.0,6000.0,5000.0,0,0,0,0,0,0,0,0,0,0,0,0,0,0,0,0,0,0,0,0,0,0,0,0,0,0,0,0,0,0,0,0,0,0,0,0
2.0,1.0,1.0,,Aggregate Position Limit,Your CRO has set the aggregate position limit to 8000 shares for this week.,91,2026-02-12 13:20:39.817685,SPNG,23.94,23.89,23.91,3750.0,4000.0,600.0,2000.0,7194.0,4000.0,4000.0,373800.0,2900.0,6000.0,3398.0,2000.0,4000.0,3398.0,800.0,3500.0,3317.0,35000.0,5000.0,3300.0,4000.0,1569.0,,,,,,,,,,,,,,,,,,,,,,,,0,0,0,0,0,0,0,0,0,0,0,0,0,0,0,0,0,0,0,0,0,0,0,0,0,0,0,0,0,0,0,0,0,0,0,0,0,0,0
1.0,1.0,1.0,,Welcome to the RITC 2026 Alogithmic Market Making Case - practice server,,91,2026-02-12 13:20:39.817685,SMMR,25.36,25.35,25.36,,,,,,2000.0,,1406700.0,2150.0,,4634.0,,4000.0,4634.0,1600.0,2517.0,,,,1161.0,,,961.0,6000.0,6000.0,731500.0,6000.0,640.0,2000.0,750.0,3000.0,,,,,,,,,,,,,,,0,0,0,0,0,0,0,0,0,0,0,0,0,0,0,0,0,0,0,0,0,0,0,0,0,0,0,0,0,0,0,0,0,0,0,0,0,0,0
,,,,,,91,2026-02-12 13:20:39.817685,ATMN,25.63,25.72,25.77,,,,,11220.0,4000.0,4000.0,375200.0,8150.0,6750.0,1563.0,,,,,3500.0,,,,2200.0,4000.0,5625.0,,,,,1800.0,,4000.0,4500.0,3000.0,4000.0,5625.0,5625.0,6000.0,6000.0,4000.0,7500.0,,,,,,,,0,0,0,0,0,0,0,0,0,0,0,0,0,0,0,0,0,0,0,0,0,0,0,0,0,0,0,0,0,0,0,0,0,0,0,0,0,0,0
,,,,,,91,2026-02-12 13:20:39.817685,WNTR,25.77,25.78,25.8,,4000.0,900.0,4000.0,,,,120200.0,,,5066.0,4000.0,,5066.0,1600.0,14000.0,1500.0,,,,6000.0,,,,,,,,2000.0,,,,,,6000.0,6000.0,6000.0,,2500.0,40000.0,2200.0,5000.0,5000.0,2000.0,5961.0,0,0,0,0,0,0,0,0,0,0,0,0,0,0,0,0,0,0,0,0,0,0,0,0,0,0,0,0,0,0,0,0,0,0,0,0,0,0,0
2.0,1.0,1.0,,Aggregate Position Limit,Your CRO has set the aggregate position limit to 8000 shares for this week.,92,2026-02-12 13:20:40.841170,SPNG,23.84,23.84,23.85,5000.0,600.0,4000.0,3500.0,7194.0,4000.0,2077.0,9000.0,373800.0,3000.0,4000.0,6000.0,141000.0,1600.0,2077.0,3300.0,4000.0,3000.0,7500.0,30000.0,7500.0,3317.0,3000.0,,,,,,,,,,,,,,,,,,,,,,,0,0,0,0,0,0,0,0,0,0,0,0,0,0,0,0,0,0,0,0,0,0,0,0,0,0,0,0,0,0,0,0,0,0,0,0,0,0,0
1.0,1.0,1.0,,Welcome to the RITC 2026 Alogithmic Market Making Case - practice server,,92,2026-02-12 13:20:40.841170,SMMR,25.32,25.31,25.32,,,,,,,,,1485300.0,7100.0,,,303500.0,5600.0,,,4000.0,,7500.0,,,750.0,,6000.0,7500.0,3500.0,9651.0,543.0,,,,,,,,,,,,,,,,,,0,0,0,0,0,0,0,0,0,0,0,0,0,0,0,0,0,0,0,0,0,0,0,0,0,0,0,0,0,0,0,0,0,0,0,0,0,0,0
,,,,,,92,2026-02-12 13:20:40.841170,ATMN,25.58,25.6,25.61,,,4000.0,,3497.0,,2573.0,2250.0,864900.0,2150.0,,6000.0,,1600.0,2573.0,3300.0,,,,,,4500.0,2250.0,,,3500.0,,816.0,816.0,2500.0,2000.0,4000.0,6000.0,2500.0,5625.0,5625.0,6000.0,4000.0,,,,,,,,0,0,0,0,0,0,0,0,0,0,0,0,0,0,0,0,0,0,0,0,0,0,0,0,0,0,0,0,0,0,0,0,0,0,0,0,0,0,0
,,,,,,92,2026-02-12 13:20:40.841170,WNTR,25.76,25.77,25.78,,,4000.0,,,4000.0,3095.0,750.0,882000.0,,,,121000.0,1600.0,3095.0,,,,7500.0,,,2250.0,750.0,,,14000.0,,1781.0,,,,,,,,,,10000.0,15000.0,4400.0,750.0,20000.0,6000.0,800.0,2000.0,0,0,0,0,0,0,0,0,0,0,0,0,0,0,0,0,0,0,0,0,0,0,0,0,0,0,0,0,0,0,0,0,0,0,0,0,0,0,0
2.0,1.0,1.0,,Aggregate Position Limit,Your CRO has set the aggregate position limit to 8000 shares for this week.,93,2026-02-12 13:20:41.878324,SPNG,23.84,23.83,23.84,4000.0,694.0,479600.0,12000.0,3000.0,513.0,603.0,997.0,4000.0,6000.0,4000.0,4000.0,5000.0,3500.0,800.0,141000.0,25000.0,1967.0,1100.0,4000.0,7500.0,4087.0,3000.0,7500.0,4000.0,4000.0,3317.0,,,,,,,,,,,,,,,,,,,,,,0,0,0,0,0,0,0,0,0,0,0,0,0,0,0,0,0,0,0,0,0,0,0,0,0,0,0,0,0,0,0,0,0,0,0,0
1.0,1.0,1.0,,Welcome to the RITC 2026 Alogithmic Market Making Case - practice server,,93,2026-02-12 13:20:41.878324,SMMR,25.29,25.3,25.32,,2400.0,957900.0,,7200.0,,,,,,,,,3500.0,589.0,303900.0,,2917.0,1100.0,4000.0,7500.0,,4950.0,,,,2250.0,1100.0,2000.0,750.0,7500.0,2000.0,1800.0,2000.0,961.0,532.0,,,,,,,,,,,,,0,0,0,0,0,0,0,0,0,0,0,0,0,0,0,0,0,0,0,0,0,0,0,0,0,0,0,0,0,0,0,0,0,0,0,0
,,,,,,93,2026-02-12 13:20:41.878324,ATMN,25.6,25.58,25.6,4000.0,800.0,849700.0,,4200.0,,,2548.0,,,4000.0,,,3500.0,1256.0,,,2752.0,2200.0,,,,1200.0,,,,,,,2250.0,,,2220.0,,,800.0,800.0,2000.0,2752.0,5625.0,5625.0,6000.0,5625.0,6000.0,4500.0,4000.0,,,0,0,0,0,0,0,0,0,0,0,0,0,0,0,0,0,0,0,0,0,0,0,0,0,0,0,0,0,0,0,0,0,0,0,0,0
,,,,,,93,2026-02-12 13:20:41.878324,WNTR,25.77,25.76,25.77,4000.0,1800.0,442900.0,,,,,,,,4000.0,,,,4000.0,121000.0,,3595.0,1100.0,4000.0,7500.0,,,,6000.0,,750.0,5500.0,,750.0,,,,,,,,,,,,,,,750.0,10000.0,10000.0,30000.0,0,0,0,0,0,0,0,0,0,0,0,0,0,0,0,0,0,0,0,0,0,0,0,0,0,0,0,0,0,0,0,0,0,0,0,0
2.0,1.0,1.0,,Aggregate Position Limit,Your CRO has set the aggregate position limit to 8000 shares for this week.,94,2026-02-12 13:20:42.922208,SPNG,23.78,23.75,23.81,4000.0,2878.0,753500.0,12000.0,200.0,6000.0,4000.0,4000.0,3000.0,2000.0,4000.0,3000.0,3500.0,2500.0,8206.0,2878.0,5000.0,25000.0,1100.0,141000.0,3750.0,,,,,,,,,,,,,,,,,,,,,,,,,,0,0,0,0,0,0,0,0,0,0,0,0,0,0,0,0,0,0,0,0,0,0,0,0,0,0,0,0,0,0,0,0,0,0,0,0,0,0
1.0,1.0,1.0,,Welcome to the RITC 2026 Alogithmic Market Making Case - practice server,,94,2026-02-12 13:20:42.922208,SMMR,25.35,25.42,25.46,,1890.0,241800.0,750.0,,,,,4950.0,,,6150.0,,,,,,,4569.0,791600.0,,750.0,2200.0,359.0,7200.0,7500.0,4000.0,2986.0,750.0,2000.0,,,,,,,,,,,,,,,,,0,0,0,0,0,0,0,0,0,0,0,0,0,0,0,0,0,0,0,0,0,0,0,0,0,0,0,0,0,0,0,0,0,0,0,0,0,0
,,,,,,94,2026-02-12 13:20:42.922208,ATMN,25.67,25.67,25.75,4000.0,4028.0,210200.0,,2548.0,,,4000.0,3000.0,,,950.0,,,,4028.0,,,5500.0,412800.0,,2250.0,,2275.0,3200.0,,,,6750.0,,709.0,854.0,727.0,709.0,4000.0,2250.0,5625.0,5625.0,,,,,,,,,0,0,0,0,0,0,0,0,0,0,0,0,0,0,0,0,0,0,0,0,0,0,0,0,0,0,0,0,0,0,0,0,0,0,0,0,0,0
,,,,,,94,2026-02-12 13:20:42.922208,WNTR,25.76,25.78,25.81,4000.0,1916.0,317900.0,,,,4000.0,,,,2000.0,3000.0,,,,,,,1100.0,350400.0,,,6600.0,,600.0,7500.0,4000.0,7500.0,750.0,4000.0,,,,,4000.0,,,,6000.0,25000.0,6000.0,1081.0,800.0,6000.0,5961.0,6000.0,0,0,0,0,0,0,0,0,0,0,0,0,0,0,0,0,0,0,0,0,0,0,0,0,0,0,0,0,0,0,0,0,0,0,0,0,0,0
2.0,1.0,1.0,,Aggregate Position Limit,Your CRO has set the aggregate position limit to 8000 shares for this week.,95,2026-02-12 13:20:43.961092,SPNG,23.8,23.78,23.8,400300.0,4000.0,3750.0,900.0,7000.0,6000.0,3188.0,6000.0,50.0,525.0,4000.0,4000.0,1950.0,7000.0,4000.0,885.0,800.0,25000.0,1431.0,3188.0,3000.0,4200.0,4000.0,5000.0,3000.0,141000.0,,,,,,,,,,,,,,,,,,,,,0,0,0,0,0,0,0,0,0,0,0,0,0,0,0,0,0,0,0,0,0,0,0,0,0,0,0,0,0,0,0,0,0,0,0,0,0,0
1.0,1.0,1.0,,Welcome to the RITC 2026 Alogithmic Market Making Case - practice server,,95,2026-02-12 13:20:43.961092,SMMR,25.36,25.33,25.36,720100.0,,,1872.0,,,5188.0,,,,,,7200.0,3500.0,4000.0,750.0,800.0,,3631.0,5188.0,4950.0,,,,750.0,423200.0,6000.0,1100.0,4514.0,961.0,6000.0,7500.0,2000.0,,,,,,,,,,,,,,0,0,0,0,0,0,0,0,0,0,0,0,0,0,0,0,0,0,0,0,0,0,0,0,0,0,0,0,0,0,0,0,0,0,0,0,0,0
,,,,,,95,2026-02-12 13:20:43.961092,ATMN,25.7,25.72,25.74,93500.0,4000.0,2250.0,2400.0,3500.0,,4084.0,,,,,,1950.0,,4000.0,2250.0,452.0,,3631.0,,1200.0,6200.0,,,,198400.0,,1431.0,,,6000.0,,,9110.0,6000.0,5000.0,8000.0,5625.0,2500.0,7500.0,2250.0,,,,,,0,0,0,0,0,0,0,0,0,0,0,0,0,0,0,0,0,0,0,0,0,0,0,0,0,0,0,0,0,0,0,0,0,0,0,0,0,0
,,,,,,95,2026-02-12 13:20:43.961092,WNTR,25.79,25.78,25.8,120200.0,4000.0,,300.0,,,4244.0,,,,10000.0,4000.0,,5824.0,4000.0,,800.0,,2200.0,,4200.0,,4000.0,,750.0,350400.0,6000.0,2531.0,,,6000.0,6860.0,2000.0,,,,,,,,,45000.0,881.0,1063.0,5961.0,4000.0,0,0,0,0,0,0,0,0,0,0,0,0,0,0,0,0,0,0,0,0,0,0,0,0,0,0,0,0,0,0,0,0,0,0,0,0,0,0
2.0,1.0,1.0,,Aggregate Position Limit,Your CRO has set the aggregate position limit to 8000 shares for this week.,96,2026-02-12 13:20:44.993628,SPNG,23.78,23.79,23.8,6200.0,283900.0,7500.0,1800.0,5000.0,4000.0,3500.0,3298.0,6000.0,3000.0,800.0,885.0,5000.0,5625.0,3000.0,6000.0,6420.0,6000.0,4000.0,2000.0,3298.0,4000.0,4000.0,3000.0,,,,,,,,,,,,,,,,,,,,,,,,,,,0,0,0,0,0,0,0,0,0,0,0,0,0,0,0,0,0,0,0,0,0,0,0,0,0,0,0,0,0,0,0,0,0,0
1.0,1.0,1.0,,Welcome to the RITC 2026 Alogithmic Market Making Case - practice server,,96,2026-02-12 13:20:44.993628,SMMR,25.31,25.3,25.31,,853200.0,,1158.0,,4000.0,,4578.0,,7200.0,,750.0,,,,4000.0,5296.0,,,,4578.0,,,750.0,1100.0,578.0,4514.0,4315.0,4000.0,2500.0,3500.0,416000.0,1100.0,7500.0,2000.0,,,,,,,,,,,,,,,,0,0,0,0,0,0,0,0,0,0,0,0,0,0,0,0,0,0,0,0,0,0,0,0,0,0,0,0,0,0,0,0,0,0
,,,,,,96,2026-02-12 13:20:44.993628,ATMN,25.74,25.73,25.74,4074.0,,2250.0,2400.0,,,7000.0,1980.0,,3000.0,426.0,,,,4200.0,4000.0,,,,,1980.0,4000.0,6284.0,,2531.0,,,,4000.0,,,98400.0,3631.0,,,4000.0,2500.0,10000.0,2109.0,7500.0,777.0,7500.0,500.0,769.0,2250.0,5625.0,,,,,0,0,0,0,0,0,0,0,0,0,0,0,0,0,0,0,0,0,0,0,0,0,0,0,0,0,0,0,0,0,0,0,0,0
,,,,,,96,2026-02-12 13:20:44.993628,WNTR,25.87,25.87,25.91,,226300.0,,,,4000.0,,2057.0,,,,,,,5150.0,,,,,,2057.0,4000.0,4000.0,750.0,4731.0,,,5961.0,,,,762500.0,1100.0,7500.0,2000.0,,,,,,,6860.0,,,,,40000.0,10000.0,6000.0,4000.0,0,0,0,0,0,0,0,0,0,0,0,0,0,0,0,0,0,0,0,0,0,0,0,0,0,0,0,0,0,0,0,0,0,0
2.0,1.0,1.0,,Aggregate Position Limit,Your CRO has set the aggregate position limit to 8000 shares for this week.,97,2026-02-12 13:20:46.038039,SPNG,23.88,23.88,23.92,112900.0,3.0,25000.0,4328.0,2500.0,5824.0,2813.0,4340.0,3000.0,6000.0,4800.0,2000.0,4000.0,11250.0,2000.0,11250.0,5625.0,2500.0,915700.0,950.0,2625.0,,,,,,,,,,,,,,,,,,,,,,,,,,,,,0,0,0,0,0,0,0,0,0,0,0,0,0,0,0,0,0,0,0,0,0,0,0,0,0,0,0,0,0,0,0,0,0,0,0
1.0,1.0,1.0,,Welcome to the RITC 2026 Alogithmic Market Making Case - practice server,,97,2026-02-12 13:20:46.038039,SMMR,25.42,25.29,25.3,1076000.0,,,,,2275.0,,,,,,,,,2000.0,,,,662900.0,6150.0,,7200.0,1100.0,4000.0,845.0,2264.0,2000.0,5950.0,2264.0,4731.0,6000.0,666.0,750.0,,,,,,,,,,,,,,,,,0,0,0,0,0,0,0,0,0,0,0,0,0,0,0,0,0,0,0,0,0,0,0,0,0,0,0,0,0,0,0,0,0,0,0
,,,,,,97,2026-02-12 13:20:46.038039,ATMN,25.62,25.59,25.62,462200.0,5625.0,,5625.0,,,,,,,,2000.0,,,,5625.0,5838.0,,184100.0,,,5150.0,,,,1809.0,2000.0,7000.0,3907.0,1431.0,,,,8000.0,4000.0,4000.0,3562.0,6284.0,4000.0,3562.0,666.0,2926.0,651.0,4000.0,,,,,,0,0,0,0,0,0,0,0,0,0,0,0,0,0,0,0,0,0,0,0,0,0,0,0,0,0,0,0,0,0,0,0,0,0,0
,,,,,,97,2026-02-12 13:20:46.038039,WNTR,25.99,25.88,25.95,106100.0,,,,,,,6200.0,,,1600.0,,,,2000.0,,,2500.0,721000.0,3950.0,,,2200.0,4000.0,,4206.0,,,,,,,750.0,,,,,4000.0,,5961.0,,,1063.0,4000.0,4000.0,32000.0,1063.0,4000.0,6000.0,0,0,0,0,0,0,0,0,0,0,0,0,0,0,0,0,0,0,0,0,0,0,0,0,0,0,0,0,0,0,0,0,0,0,0
2.0,1.0,1.0,,Aggregate Position Limit,Your CRO has set the aggregate position limit to 8000 shares for this week.,98,2026-02-12 13:20:47.058875,SPNG,23.88,23.9,23.93,30000.0,3.0,3000.0,141200.0,1860.0,2200.0,885.0,25000.0,2000.0,4000.0,4000.0,224600.0,11250.0,1928.0,1100.0,4000.0,11250.0,6000.0,686.0,3000.0,1027.0,2098.0,2000.0,7500.0,6000.0,4000.0,,,,,,,,,,,,,,,,,,,,0,0,0,0,0,0,0,0,0,0,0,0,0,0,0,0,0,0,0,0,0,0,0,0,0,0,0,0,0,0,0,0,0,0,0,0,0,0,0
1.0,1.0,1.0,,Welcome to the RITC 2026 Alogithmic Market Making Case - practice server,,98,2026-02-12 13:20:47.058875,SMMR,25.38,25.32,25.37,,,750.0,1076000.0,,1100.0,1500.0,,,,,641600.0,,1050.0,5831.0,4000.0,,4315.0,,3000.0,,,2000.0,,,,2000.0,578.0,2556.0,4200.0,4514.0,2000.0,607.0,750.0,,,,,,,,,,,,0,0,0,0,0,0,0,0,0,0,0,0,0,0,0,0,0,0,0,0,0,0,0,0,0,0,0,0,0,0,0,0,0,0,0,0,0,0,0
,,,,,,98,2026-02-12 13:20:47.058875,ATMN,25.82,25.8,25.82,,5625.0,,277800.0,,1100.0,,,2000.0,,,317200.0,1214.0,,,,,,,5150.0,53.0,2270.0,,,,4000.0,,,,6350.0,,2000.0,1600.0,9000.0,4000.0,2776.0,11250.0,4000.0,4000.0,4000.0,2250.0,,,,,0,0,0,0,0,0,0,0,0,0,0,0,0,0,0,0,0,0,0,0,0,0,0,0,0,0,0,0,0,0,0,0,0,0,0,0,0,0,0
,,,,,,98,2026-02-12 13:20:47.058875,WNTR,25.93,25.92,25.93,,,750.0,106100.0,4984.0,2200.0,1500.0,,,,4000.0,836200.0,,1750.0,,4000.0,,5961.0,,5250.0,,,,7500.0,,,,,2306.0,,,,300.0,,4000.0,1600.0,,,,,,27000.0,7000.0,2500.0,1677.0,0,0,0,0,0,0,0,0,0,0,0,0,0,0,0,0,0,0,0,0,0,0,0,0,0,0,0,0,0,0,0,0,0,0,0,0,0,0,0
2.0,1.0,1.0,,Aggregate Position Limit,Your CRO has set the aggregate position limit to 8000 shares for this week.,99,2026-02-12 13:20:48.086693,SPNG,23.87,23.86,23.87,4000.0,4000.0,4000.0,1406.0,1972.0,5625.0,1406.0,691.0,141200.0,5000.0,1860.0,2200.0,10000.0,4000.0,20000.0,1568.0,4000.0,5625.0,3000.0,111300.0,3500.0,2400.0,,,,,,,,,,,,,,,,,,,,,0,0,0,0,0,0,0,0,0,0,0,0,0,0,0,0,0,0,0,0,0,0,0,0,0,0,0,0,0,0,0,0,0,0,0,0,0,0,0,0,0,0
1.0,1.0,1.0,,Welcome to the RITC 2026 Alogithmic Market Making Case - practice server,,99,2026-02-12 13:20:48.086693,SMMR,25.29,25.29,25.35,,,,,7500.0,,,,1443900.0,,,2200.0,,,,,4000.0,,1500.0,358600.0,3500.0,4000.0,7500.0,4200.0,2000.0,750.0,4869.0,3300.0,6000.0,,,,,,,,,,,,,,0,0,0,0,0,0,0,0,0,0,0,0,0,0,0,0,0,0,0,0,0,0,0,0,0,0,0,0,0,0,0,0,0,0,0,0,0,0,0,0,0,0
,,,,,,99,2026-02-12 13:20:48.086693,ATMN,26.09,25.72,25.74,1280.0,2000.0,,5625.0,,5625.0,694.0,,,,13622.0,1100.0,,,,1946.0,,,2250.0,635500.0,,800.0,,4950.0,2000.0,,6200.0,,,2500.0,6000.0,2000.0,5150.0,7500.0,4000.0,4500.0,,,,,,,0,0,0,0,0,0,0,0,0,0,0,0,0,0,0,0,0,0,0,0,0,0,0,0,0,0,0,0,0,0,0,0,0,0,0,0,0,0,0,0,0,0
,,,,,,99,2026-02-12 13:20:48.086693,WNTR,26.03,25.97,26.01,4800.0,4000.0,4000.0,,,,,,,,2136.0,1100.0,,,,2012.0,4000.0,,,1236100.0,,,,,,,,,,2500.0,,2000.0,4100.0,,,,2012.0,20000.0,10000.0,10000.0,6000.0,6000.0,0,0,0,0,0,0,0,0,0,0,0,0,0,0,0,0,0,0,0,0,0,0,0,0,0,0,0,0,0,0,0,0,0,0,0,0,0,0,0,0,0,0
2.0,1.0,1.0,,Aggregate Position Limit,Your CRO has set the aggregate position limit to 8000 shares for this week.,100,2026-02-12 13:20:49.116131,SPNG,23.93,23.86,23.87,7000.0,1876.0,409.0,10000.0,4000.0,1600.0,2200.0,262000.0,1408.0,703.0,6000.0,3000.0,6000.0,690.0,3500.0,3300.0,6000.0,111300.0,15000.0,7500.0,686.0,5625.0,4000.0,2000.0,3000.0,5625.0,4000.0,6000.0,,,,,,,,,,,,,,,,,0,0,0,0,0,0,0,0,0,0,0,0,0,0,0,0,0,0,0,0,0,0,0,0,0,0,0,0,0,0,0,0,0,0,0,0,0,0,0,0
1.0,1.0,1.0,,Welcome to the RITC 2026 Alogithmic Market Making Case - practice server,,100,2026-02-12 13:20:49.116131,SMMR,25.43,25.35,25.42,2091.0,750.0,1193.0,,4000.0,3024.0,,94500.0,,,,,,,,4731.0,,774300.0,,,,,,2000.0,4200.0,,,4315.0,5599.0,8000.0,5599.0,750.0,1193.0,,,,,,,,,,,,0,0,0,0,0,0,0,0,0,0,0,0,0,0,0,0,0,0,0,0,0,0,0,0,0,0,0,0,0,0,0,0,0,0,0,0,0,0,0,0
,,,,,,100,2026-02-12 13:20:49.116131,ATMN,25.91,25.91,25.94,,1736.0,802.0,,4000.0,1504.0,1100.0,199100.0,11250.0,5625.0,6000.0,2250.0,,,,,,824100.0,,7500.0,,,4000.0,,5900.0,,,,4765.0,,,4500.0,,5625.0,709.0,2000.0,3110.0,4000.0,5598.0,4500.0,,,,,0,0,0,0,0,0,0,0,0,0,0,0,0,0,0,0,0,0,0,0,0,0,0,0,0,0,0,0,0,0,0,0,0,0,0,0,0,0,0,0
,,,,,,100,2026-02-12 13:20:49.116131,WNTR,25.87,25.98,25.99,,,,,4000.0,2400.0,3300.0,329300.0,,,,,,1390.0,1750.0,,,940700.0,,,,,,,4200.0,,4000.0,,4914.0,,2659.0,750.0,1731.0,,,2000.0,,10000.0,,,17000.0,4567.0,1200.0,750.0,0,0,0,0,0,0,0,0,0,0,0,0,0,0,0,0,0,0,0,0,0,0,0,0,0,0,0,0,0,0,0,0,0,0,0,0,0,0,0,0
2.0,1.0,1.0,,Aggregate Position Limit,Your CRO has set the aggregate position limit to 8000 shares for this week.,101,2026-02-12 13:20:50.150250,SPNG,23.89,23.89,23.92,5950.0,35000.0,4000.0,2249.0,6914.0,6400.0,1100.0,4000.0,3000.0,15000.0,2275.0,3300.0,7500.0,5625.0,4000.0,8000.0,3000.0,1321.0,2249.0,5625.0,6000.0,,,,,,,,,,,,,,,,,,,,,,,,,,,,,,,0,0,0,0,0,0,0,0,0,0,0,0,0,0,0,0,0,0,0,0,0,0,0,0,0,0,0,0,0,0,0,0,0
1.0,1.0,1.0,,Welcome to the RITC 2026 Alogithmic Market Making Case - practice server,,101,2026-02-12 13:20:50.150250,SMMR,25.38,25.39,25.41,5591.0,,4000.0,3024.0,750.0,800.0,4400.0,4000.0,1500.0,,3500.0,4731.0,,,,,4950.0,,,,,750.0,357900.0,486.0,2000.0,7500.0,6000.0,750.0,928.0,6000.0,390500.0,1860.0,,,,,,,,,,,,,,,,,,,,0,0,0,0,0,0,0,0,0,0,0,0,0,0,0,0,0,0,0,0,0,0,0,0,0,0,0,0,0,0,0,0,0
,,,,,,101,2026-02-12 13:20:50.150250,ATMN,25.79,25.78,25.79,,,,,,,1100.0,4000.0,2250.0,,,,,,4000.0,,10350.0,,,,6000.0,,917700.0,,,7500.0,,,1254.0,,86600.0,,8000.0,5625.0,5625.0,1700.0,6000.0,4000.0,2000.0,6000.0,2000.0,2500.0,,,,,,,,,,0,0,0,0,0,0,0,0,0,0,0,0,0,0,0,0,0,0,0,0,0,0,0,0,0,0,0,0,0,0,0,0,0
,,,,,,101,2026-02-12 13:20:50.150250,WNTR,25.98,25.98,25.99,7000.0,,4000.0,2784.0,1500.0,,1100.0,4000.0,750.0,,3500.0,,,,,4000.0,,,,,,,201800.0,,,,6000.0,750.0,,,518500.0,,10000.0,,,,6000.0,4000.0,,,,,934.0,17000.0,4567.0,7500.0,2000.0,30000.0,6000.0,4000.0,902.0,0,0,0,0,0,0,0,0,0,0,0,0,0,0,0,0,0,0,0,0,0,0,0,0,0,0,0,0,0,0,0,0,0
2.0,1.0,1.0,,Aggregate Position Limit,Your CRO has set the aggregate position limit to 8000 shares for this week.,102,2026-02-12 13:20:51.212085,SPNG,23.93,23.93,23.95,253300.0,800.0,4000.0,7382.0,1050.0,286.0,3146.0,820.0,2500.0,3000.0,703.0,5625.0,4000.0,5625.0,686.0,3146.0,614.0,2000.0,1345800.0,5625.0,950.0,5250.0,,,,,,,,,,,,,,,,,,,,,,,,,,,,0,0,0,0,0,0,0,0,0,0,0,0,0,0,0,0,0,0,0,0,0,0,0,0,0,0,0,0,0,0,0,0,0,0,0
1.0,1.0,1.0,,Welcome to the RITC 2026 Alogithmic Market Making Case - practice server,,102,2026-02-12 13:20:51.212085,SMMR,25.43,25.44,25.45,496200.0,1600.0,4000.0,1500.0,3500.0,,3768.0,486.0,2500.0,750.0,,,,,,,,2000.0,927000.0,,4200.0,,2200.0,7500.0,845.0,4000.0,586.0,6000.0,1166.0,750.0,2369.0,,,,,,,,,,,,,,,,,,,0,0,0,0,0,0,0,0,0,0,0,0,0,0,0,0,0,0,0,0,0,0,0,0,0,0,0,0,0,0,0,0,0,0,0
,,,,,,102,2026-02-12 13:20:51.212085,ATMN,25.75,25.66,25.69,110400.0,1600.0,4000.0,2250.0,3500.0,760.0,,,,2250.0,11250.0,5625.0,4000.0,5625.0,,1864.0,,2000.0,228700.0,5624.0,3200.0,2250.0,1100.0,7500.0,,,,,,,1100.0,623.0,3000.0,4000.0,4000.0,2250.0,11250.0,6000.0,7624.0,6000.0,4000.0,4000.0,,,,,,,,0,0,0,0,0,0,0,0,0,0,0,0,0,0,0,0,0,0,0,0,0,0,0,0,0,0,0,0,0,0,0,0,0,0,0
,,,,,,102,2026-02-12 13:20:51.212085,WNTR,25.99,25.98,25.99,106100.0,3200.0,4000.0,2250.0,13678.0,,2168.0,,,,,,,,,,,,189500.0,,,,3300.0,,,4000.0,,,1692.0,750.0,,,,,10000.0,1500.0,,,,6000.0,4000.0,,8000.0,6000.0,4567.0,29000.0,1390.0,4000.0,3660.0,0,0,0,0,0,0,0,0,0,0,0,0,0,0,0,0,0,0,0,0,0,0,0,0,0,0,0,0,0,0,0,0,0,0,0
2.0,1.0,1.0,,Aggregate Position Limit,Your CRO has set the aggregate position limit to 8000 shares for this week.,103,2026-02-12 13:20:52.244331,SPNG,23.97,23.95,23.97,3000.0,5871.0,25000.0,4000.0,5488.0,1100.0,5600.0,11250.0,3000.0,4000.0,3484.0,6000.0,7500.0,6000.0,4000.0,7500.0,,,,,,,,,,,,,,,,,,,,,,,,,,,,,,,,,0,0,0,0,0,0,0,0,0,0,0,0,0,0,0,0,0,0,0,0,0,0,0,0,0,0,0,0,0,0,0,0,0,0,0,0
1.0,1.0,1.0,,Welcome to the RITC 2026 Alogithmic Market Making Case - practice server,,103,2026-02-12 13:20:52.244331,SMMR,25.45,25.44,25.45,,,,,486.0,2200.0,4000.0,,1800.0,4000.0,,,,,,,4174.0,484900.0,7500.0,750.0,7500.0,2000.0,861300.0,4200.0,750.0,1161.0,2000.0,,,,,,,,,,,,,,,,,,,,,,0,0,0,0,0,0,0,0,0,0,0,0,0,0,0,0,0,0,0,0,0,0,0,0,0,0,0,0,0,0,0,0,0,0,0,0
,,,,,,103,2026-02-12 13:20:52.244331,ATMN,25.83,25.83,25.88,,3490.0,,4000.0,8060.0,1100.0,1600.0,2812.0,,,4652.0,,,,,7500.0,4652.0,198000.0,,,,,116400.0,2150.0,2250.0,,,2000.0,2875.0,5625.0,2500.0,6000.0,5625.0,653.0,14968.0,4000.0,5625.0,3550.0,2250.0,,,,,,,,,,0,0,0,0,0,0,0,0,0,0,0,0,0,0,0,0,0,0,0,0,0,0,0,0,0,0,0,0,0,0,0,0,0,0,0,0
,,,,,,103,2026-02-12 13:20:52.244331,WNTR,25.96,25.92,25.96,1200.0,,,,,,,,,4000.0,,,,12000.0,4000.0,,,980100.0,,,,2000.0,909200.0,,,3300.0,,,,,,6000.0,,,,,,,,4567.0,8000.0,10000.0,8000.0,4000.0,1910.0,657.0,4000.0,821.0,0,0,0,0,0,0,0,0,0,0,0,0,0,0,0,0,0,0,0,0,0,0,0,0,0,0,0,0,0,0,0,0,0,0,0,0
2.0,1.0,1.0,,Aggregate Position Limit,Your CRO has set the aggregate position limit to 8000 shares for this week.,104,2026-02-12 13:20:53.273476,SPNG,24.08,23.95,24.08,5000.0,6000.0,1600.0,4000.0,1100.0,120800.0,5625.0,6000.0,4000.0,25000.0,5625.0,3000.0,1331500.0,5150.0,4000.0,2000.0,5250.0,,,,,,,,,,,,,,,,,,,,,,,,,,,,,,,,0,0,0,0,0,0,0,0,0,0,0,0,0,0,0,0,0,0,0,0,0,0,0,0,0,0,0,0,0,0,0,0,0,0,0,0
1.0,1.0,1.0,,Welcome to the RITC 2026 Alogithmic Market Making Case - practice server,,104,2026-02-12 13:20:53.273476,SMMR,25.45,25.43,25.44,,,800.0,4000.0,3300.0,580700.0,,,,,,750.0,738700.0,4200.0,,2000.0,,3111.0,486.0,2577.0,7500.0,2000.0,961.0,6000.0,1200.0,1500.0,4000.0,2577.0,743.0,515.0,2000.0,1161.0,,,,,,,,,,,,,,,,,0,0,0,0,0,0,0,0,0,0,0,0,0,0,0,0,0,0,0,0,0,0,0,0,0,0,0,0,0,0,0,0,0,0,0,0
,,,,,,104,2026-02-12 13:20:53.273476,ATMN,25.79,25.76,25.78,,4000.0,448.0,4000.0,,111800.0,11250.0,,,,11250.0,2250.0,,,,,,,,,,,,6000.0,2400.0,,4000.0,2035.0,,,,1100.0,4000.0,3624.0,3100.0,752.0,8000.0,6000.0,5625.0,7032.0,6000.0,1850.0,3111.0,5606.0,2250.0,,,,0,0,0,0,0,0,0,0,0,0,0,0,0,0,0,0,0,0,0,0,0,0,0,0,0,0,0,0,0,0,0,0,0,0,0,0
,,,,,,104,2026-02-12 13:20:53.273476,WNTR,25.97,25.97,25.98,,,800.0,4000.0,1100.0,415100.0,,,4000.0,,,,800400.0,,4000.0,,,2403.0,,3087.0,7500.0,2000.0,,6000.0,1266.0,,4000.0,3087.0,,795.0,,4400.0,,,,,,,,,,,3111.0,,,30000.0,4567.0,4000.0,0,0,0,0,0,0,0,0,0,0,0,0,0,0,0,0,0,0,0,0,0,0,0,0,0,0,0,0,0,0,0,0,0,0,0,0
2.0,1.0,1.0,,Aggregate Position Limit,Your CRO has set the aggregate position limit to 8000 shares for this week.,105,2026-02-12 13:20:54.301440,SPNG,23.81,24.02,24.03,4000.0,3300.0,487.0,9000.0,6000.0,4000.0,4000.0,141200.0,5000.0,1946.0,1200.0,5625.0,6000.0,2916.0,5000.0,1946.0,1136.0,3000.0,538700.0,4000.0,475.0,5000.0,2200.0,,,,,,,,,,,,,,,,,,,,0,0,0,0,0,0,0,0,0,0,0,0,0,0,0,0,0,0,0,0,0,0,0,0,0,0,0,0,0,0,0,0,0,0,0,0,0,0,0,0,0,0
1.0,1.0,1.0,,Welcome to the RITC 2026 Alogithmic Market Making Case - practice server,,105,2026-02-12 13:20:54.301440,SMMR,25.44,25.44,25.45,,5500.0,,,6000.0,,,964300.0,,3234.0,,,,,,3234.0,,2150.0,1203700.0,4000.0,,,4569.0,4000.0,486.0,2000.0,750.0,2000.0,,,,,,,,,,,,,,,0,0,0,0,0,0,0,0,0,0,0,0,0,0,0,0,0,0,0,0,0,0,0,0,0,0,0,0,0,0,0,0,0,0,0,0,0,0,0,0,0,0
,,,,,,105,2026-02-12 13:20:54.301440,ATMN,26.07,26.07,26.08,3500.0,1100.0,,2250.0,6000.0,,4000.0,212700.0,,4961.0,1200.0,5625.0,2000.0,2916.0,,4961.0,1600.0,2400.0,195800.0,4000.0,,,,4000.0,,2000.0,6750.0,,3931.0,11250.0,1145.0,7500.0,7500.0,2250.0,4000.0,6000.0,4000.0,4000.0,,,,,0,0,0,0,0,0,0,0,0,0,0,0,0,0,0,0,0,0,0,0,0,0,0,0,0,0,0,0,0,0,0,0,0,0,0,0,0,0,0,0,0,0
,,,,,,105,2026-02-12 13:20:54.301440,WNTR,25.84,25.94,25.95,,,,,,8000.0,,541100.0,,3592.0,4200.0,,2000.0,,,6918.0,5600.0,,,4000.0,,,,,,,,,2916.0,,,7500.0,,,4000.0,10000.0,4000.0,10000.0,2442.0,1081.0,20000.0,2500.0,0,0,0,0,0,0,0,0,0,0,0,0,0,0,0,0,0,0,0,0,0,0,0,0,0,0,0,0,0,0,0,0,0,0,0,0,0,0,0,0,0,0
2.0,1.0,1.0,,Aggregate Position Limit,Your CRO has set the aggregate position limit to 8000 shares for this week.,106,2026-02-12 13:20:55.319112,SPNG,23.83,23.81,23.83,12000.0,5625.0,5625.0,11250.0,1110.0,6000.0,4000.0,4000.0,5000.0,283900.0,5000.0,2200.0,1200.0,128300.0,800.0,25000.0,1692.0,2812.0,1867.0,1448.0,1100.0,4000.0,2500.0,2916.0,4000.0,3000.0,3000.0,,,,,,,,,,,,,,,,,,,0,0,0,0,0,0,0,0,0,0,0,0,0,0,0,0,0,0,0,0,0,0,0,0,0,0,0,0,0,0,0,0,0,0,0,0,0,0,0
1.0,1.0,1.0,,Welcome to the RITC 2026 Alogithmic Market Making Case - practice server,,106,2026-02-12 13:20:55.319112,SMMR,25.45,25.46,25.5,750.0,,,,2400.0,,,,,461600.0,,2200.0,1050.0,935700.0,,,2515.0,,,,4569.0,4000.0,2000.0,,,1500.0,,6000.0,2500.0,1182.0,2722.0,2515.0,4000.0,7500.0,2000.0,2000.0,445.0,,,,,,,,,0,0,0,0,0,0,0,0,0,0,0,0,0,0,0,0,0,0,0,0,0,0,0,0,0,0,0,0,0,0,0,0,0,0,0,0,0,0,0
,,,,,,106,2026-02-12 13:20:55.319112,ATMN,25.86,25.88,25.91,2250.0,11250.0,8960.0,5625.0,,6000.0,,4000.0,,193600.0,,1100.0,2150.0,304000.0,4000.0,,2239.0,,,,1100.0,4000.0,,2722.0,,6750.0,2400.0,4000.0,,,,2239.0,4000.0,7500.0,5750.0,,,6000.0,6000.0,,,,,,,0,0,0,0,0,0,0,0,0,0,0,0,0,0,0,0,0,0,0,0,0,0,0,0,0,0,0,0,0,0,0,0,0,0,0,0,0,0,0
,,,,,,106,2026-02-12 13:20:55.319112,WNTR,25.84,25.94,25.95,,,,,3195.0,,8000.0,,,223200.0,,,3000.0,,4800.0,,5750.0,,,,1100.0,4000.0,,4806.0,,,,,,,2916.0,5750.0,4000.0,,,,,4567.0,,728.0,7500.0,4000.0,10000.0,30000.0,10000.0,0,0,0,0,0,0,0,0,0,0,0,0,0,0,0,0,0,0,0,0,0,0,0,0,0,0,0,0,0,0,0,0,0,0,0,0,0,0,0
2.0,1.0,1.0,,Aggregate Position Limit,Your CRO has set the aggregate position limit to 8000 shares for this week.,107,2026-02-12 13:20:56.336651,SPNG,24.07,23.83,23.85,136200.0,20000.0,271.0,1430.0,2250.0,6000.0,5625.0,4000.0,2527.0,6000.0,5625.0,20000.0,2527.0,1597.0,1600.0,25000.0,6000.0,440800.0,4000.0,1912.0,6000.0,1100.0,4000.0,,,,,,,,,,,,,,,,,,,,,0,0,0,0,0,0,0,0,0,0,0,0,0,0,0,0,0,0,0,0,0,0,0,0,0,0,0,0,0,0,0,0,0,0,0,0,0,0,0,0,0
1.0,1.0,1.0,,Welcome to the RITC 2026 Alogithmic Market Making Case - practice server,,107,2026-02-12 13:20:56.336651,SMMR,25.37,25.47,25.48,436300.0,,778.0,6400.0,,6000.0,,4000.0,,,,,389.0,4887.0,3176.0,,750.0,656300.0,,,,1100.0,,4887.0,605.0,1400.0,2000.0,4000.0,532.0,,,,,,,,,,,,,,,0,0,0,0,0,0,0,0,0,0,0,0,0,0,0,0,0,0,0,0,0,0,0,0,0,0,0,0,0,0,0,0,0,0,0,0,0,0,0,0,0
,,,,,,107,2026-02-12 13:20:56.336651,ATMN,25.85,25.78,25.85,1217600.0,,,,,,,4000.0,,,,,2722.0,3744.0,4800.0,,,,,,,1100.0,,1805.0,,,,4000.0,,2700.0,1100.0,6000.0,5625.0,15900.0,4000.0,,,,,,,,,0,0,0,0,0,0,0,0,0,0,0,0,0,0,0,0,0,0,0,0,0,0,0,0,0,0,0,0,0,0,0,0,0,0,0,0,0,0,0,0,0
,,,,,,107,2026-02-12 13:20:56.336651,WNTR,25.99,25.94,25.95,335600.0,,,1600.0,4567.0,500.0,,4000.0,2916.0,,,,2722.0,2669.0,481.0,,,426500.0,4000.0,,,5500.0,8000.0,2669.0,,,,4000.0,,1950.0,,6000.0,,,,20000.0,4000.0,4000.0,7500.0,4000.0,10000.0,1715.0,6000.0,0,0,0,0,0,0,0,0,0,0,0,0,0,0,0,0,0,0,0,0,0,0,0,0,0,0,0,0,0,0,0,0,0,0,0,0,0,0,0,0,0
2.0,1.0,1.0,,Aggregate Position Limit,Your CRO has set the aggregate position limit to 8000 shares for this week.,108,2026-02-12 13:20:57.355856,SPNG,23.98,23.98,23.99,625000.0,6000.0,11250.0,11250.0,11250.0,12000.0,7500.0,428.0,459.0,2000.0,2000.0,9000.0,8000.0,538700.0,4000.0,3768.0,6000.0,3516.0,2200.0,1200.0,,,,,,,,,,,,,,,,,,,,,,,,,0,0,0,0,0,0,0,0,0,0,0,0,0,0,0,0,0,0,0,0,0,0,0,0,0,0,0,0,0,0,0,0,0,0,0,0,0,0,0,0
1.0,1.0,1.0,,Welcome to the RITC 2026 Alogithmic Market Making Case - practice server,,108,2026-02-12 13:20:57.355856,SMMR,25.44,25.35,25.44,1356900.0,6000.0,,,,,,,,,,1500.0,,656300.0,,,,,4400.0,,4400.0,6000.0,4200.0,4192.0,6200.0,2500.0,1752.0,4000.0,4000.0,800.0,,,,,,,,,,,,,,,0,0,0,0,0,0,0,0,0,0,0,0,0,0,0,0,0,0,0,0,0,0,0,0,0,0,0,0,0,0,0,0,0,0,0,0,0,0,0,0
,,,,,,108,2026-02-12 13:20:57.355856,ATMN,25.72,25.7,25.72,666500.0,,109.0,,,2250.0,,,,,,,,214300.0,,5625.0,,5625.0,2200.0,,1100.0,6000.0,3650.0,4860.0,4900.0,,1386.0,,,4800.0,6000.0,4000.0,4000.0,4000.0,4000.0,6000.0,7500.0,,,,,,,,0,0,0,0,0,0,0,0,0,0,0,0,0,0,0,0,0,0,0,0,0,0,0,0,0,0,0,0,0,0,0,0,0,0,0,0,0,0,0,0
,,,,,,108,2026-02-12 13:20:57.355856,WNTR,25.96,25.94,25.96,207000.0,500.0,,,,,7500.0,,,,,,8000.0,738000.0,,,,,5500.0,,1100.0,,,,,,2025.0,4000.0,,,,,,4000.0,4000.0,6000.0,,40000.0,2400.0,3528.0,2025.0,5000.0,1400.0,7500.0,0,0,0,0,0,0,0,0,0,0,0,0,0,0,0,0,0,0,0,0,0,0,0,0,0,0,0,0,0,0,0,0,0,0,0,0,0,0,0,0
2.0,1.0,1.0,,Aggregate Position Limit,Your CRO has set the aggregate position limit to 8000 shares for this week.,109,2026-02-12 13:20:58.377353,SPNG,23.86,23.84,23.86,3045.0,4000.0,6310.0,5625.0,4000.0,5625.0,6000.0,1100.0,3000.0,443.0,1659.0,207100.0,8000.0,20000.0,640.0,4000.0,2000.0,3000.0,,,,,,,,,,,,,,,,,,,,,,,0,0,0,0,0,0,0,0,0,0,0,0,0,0,0,0,0,0,0,0,0,0,0,0,0,0,0,0,0,0,0,0,0,0,0,0,0,0,0,0,0,0,0,0
1.0,1.0,1.0,,Welcome to the RITC 2026 Alogithmic Market Making Case - practice server,,109,2026-02-12 13:20:58.377353,SMMR,25.29,25.39,25.4,,4000.0,1254.0,,,,,4400.0,,560.0,,267100.0,2400.0,,,4000.0,4000.0,1500.0,4276.0,4000.0,5860.0,2500.0,382800.0,3000.0,3738.0,5000.0,2200.0,6000.0,1860.0,605.0,749.0,,,,,,,,,,0,0,0,0,0,0,0,0,0,0,0,0,0,0,0,0,0,0,0,0,0,0,0,0,0,0,0,0,0,0,0,0,0,0,0,0,0,0,0,0,0,0,0,0
,,,,,,109,2026-02-12 13:20:58.377353,ATMN,25.71,25.7,25.71,6000.0,4000.0,300.0,,4000.0,,,1100.0,2250.0,,2932.0,116800.0,1600.0,,,4000.0,6000.0,2250.0,,,,,480700.0,4200.0,2932.0,2500.0,2200.0,,7672.0,,,4000.0,14.0,8000.0,3000.0,7500.0,7500.0,,,,0,0,0,0,0,0,0,0,0,0,0,0,0,0,0,0,0,0,0,0,0,0,0,0,0,0,0,0,0,0,0,0,0,0,0,0,0,0,0,0,0,0,0,0
,,,,,,109,2026-02-12 13:20:58.377353,WNTR,25.97,25.97,25.98,,4000.0,4000.0,,,,,,,,,826000.0,,,,,,,,,500.0,,,,,,7700.0,6000.0,,,,10000.0,,,3000.0,,7500.0,640.0,52000.0,4000.0,0,0,0,0,0,0,0,0,0,0,0,0,0,0,0,0,0,0,0,0,0,0,0,0,0,0,0,0,0,0,0,0,0,0,0,0,0,0,0,0,0,0,0,0
2.0,1.0,1.0,,Aggregate Position Limit,Your CRO has set the aggregate position limit to 8000 shares for this week.,110,2026-02-12 13:20:59.396971,SPNG,23.9,23.86,23.89,1319.0,2000.0,3045.0,4000.0,15000.0,1262.0,20000.0,5625.0,4000.0,6000.0,1833.0,1100.0,3000.0,2000.0,20000.0,1884.0,3777.0,5625.0,521.0,6000.0,1400.0,1100.0,6000.0,3000.0,6000.0,4000.0,,,,,,,,,,,,,,,,,,0,0,0,0,0,0,0,0,0,0,0,0,0,0,0,0,0,0,0,0,0,0,0,0,0,0,0,0,0,0,0,0,0,0,0,0,0,0,0,0,0
1.0,1.0,1.0,,Welcome to the RITC 2026 Alogithmic Market Making Case - practice server,,110,2026-02-12 13:20:59.396971,SMMR,25.46,25.39,25.42,,,,4000.0,,418.0,,,,,4255.0,5500.0,4200.0,,,,2190.0,,,,,4461.0,,4200.0,1500.0,,2138.0,500.0,735600.0,1042100.0,7500.0,2000.0,,,,,,,,,,,,0,0,0,0,0,0,0,0,0,0,0,0,0,0,0,0,0,0,0,0,0,0,0,0,0,0,0,0,0,0,0,0,0,0,0,0,0,0,0,0,0
,,,,,,110,2026-02-12 13:20:59.396971,ATMN,25.59,25.58,25.59,3.0,,,,,900.0,,,4000.0,6000.0,3788.0,1100.0,2150.0,4000.0,,,3788.0,,,,,2200.0,,,2250.0,4000.0,,,480700.0,235800.0,7500.0,,4000.0,464.0,487.0,4000.0,800.0,13925.0,4000.0,4000.0,4000.0,,,0,0,0,0,0,0,0,0,0,0,0,0,0,0,0,0,0,0,0,0,0,0,0,0,0,0,0,0,0,0,0,0,0,0,0,0,0,0,0,0,0
,,,,,,110,2026-02-12 13:20:59.396971,WNTR,25.89,25.95,25.97,,4000.0,,4000.0,,1600.0,,,12000.0,6000.0,4034.0,1100.0,3000.0,4000.0,,,,,,,,6600.0,,,750.0,,,,430200.0,306000.0,,,4000.0,,,4000.0,300.0,6200.0,4000.0,,,13168.0,843.0,0,0,0,0,0,0,0,0,0,0,0,0,0,0,0,0,0,0,0,0,0,0,0,0,0,0,0,0,0,0,0,0,0,0,0,0,0,0,0,0,0
2.0,1.0,1.0,,Aggregate Position Limit,Your CRO has set the aggregate position limit to 8000 shares for this week.,111,2026-02-12 13:21:00.416351,SPNG,23.86,23.85,23.86,4000.0,884.0,15000.0,2715.0,2133.0,25000.0,5625.0,4000.0,5625.0,3437.0,131100.0,30000.0,800.0,4000.0,2337.0,1884.0,5625.0,20000.0,2715.0,6000.0,,,,,,,,,,,,,,,,,,,,,,,,,,,,0,0,0,0,0,0,0,0,0,0,0,0,0,0,0,0,0,0,0,0,0,0,0,0,0,0,0,0,0,0,0,0,0,0,0,0,0
1.0,1.0,1.0,,Welcome to the RITC 2026 Alogithmic Market Making Case - practice server,,111,2026-02-12 13:21:00.416351,SMMR,25.39,25.39,25.41,,1485.0,,3634.0,,,,,,7837.0,791500.0,,1600.0,4000.0,3437.0,,,,3634.0,,859800.0,6000.0,560.0,3000.0,1500.0,1000.0,1485.0,7500.0,3000.0,,,,,,,,,,,,,,,,,,,0,0,0,0,0,0,0,0,0,0,0,0,0,0,0,0,0,0,0,0,0,0,0,0,0,0,0,0,0,0,0,0,0,0,0,0,0
,,,,,,111,2026-02-12 13:21:00.416351,ATMN,25.72,25.57,25.59,4000.0,,,3167.0,600.0,,,4000.0,,1100.0,95200.0,,800.0,4000.0,3300.0,5625.0,11250.0,,3167.0,6000.0,480700.0,,,2900.0,4500.0,1000.0,,,3000.0,2250.0,1.0,7500.0,7500.0,6000.0,4000.0,11250.0,4000.0,4000.0,,,,,,,,,,0,0,0,0,0,0,0,0,0,0,0,0,0,0,0,0,0,0,0,0,0,0,0,0,0,0,0,0,0,0,0,0,0,0,0,0,0
,,,,,,111,2026-02-12 13:21:00.416351,WNTR,26.0,25.95,25.96,4000.0,,,3557.0,2400.0,,,4000.0,,,308800.0,,300.0,4000.0,4537.0,,,,,6000.0,303800.0,,,,,1000.0,2326.0,,,,,7500.0,,12000.0,8000.0,,,,15000.0,754.0,8000.0,10000.0,4000.0,754.0,2132.0,728.0,1400.0,0,0,0,0,0,0,0,0,0,0,0,0,0,0,0,0,0,0,0,0,0,0,0,0,0,0,0,0,0,0,0,0,0,0,0,0,0
2.0,1.0,1.0,,Aggregate Position Limit,Your CRO has set the aggregate position limit to 8000 shares for this week.,113,2026-02-12 13:21:01.454344,SPNG,23.86,23.84,23.86,3555.0,10000.0,1237200.0,5625.0,1813.0,950.0,131100.0,30000.0,4800.0,1813.0,4000.0,3437.0,1884.0,3162.0,,,,,,,,,,,,,,,,,,,,,,,,,,0,0,0,0,0,0,0,0,0,0,0,0,0,0,0,0,0,0,0,0,0,0,0,0,0,0,0,0,0,0,0,0,0,0,0,0,0,0,0,0,0,0,0,0,0
1.0,1.0,1.0,,Welcome to the RITC 2026 Alogithmic Market Making Case - practice server,,113,2026-02-12 13:21:01.454344,SMMR,25.38,25.36,25.38,2103.0,,759100.0,,2467.0,3000.0,896500.0,,800.0,2467.0,4000.0,4537.0,,,2000.0,1000.0,4000.0,528.0,4400.0,2000.0,661.0,750.0,3000.0,560.0,,,,,,,,,,,,,,,,0,0,0,0,0,0,0,0,0,0,0,0,0,0,0,0,0,0,0,0,0,0,0,0,0,0,0,0,0,0,0,0,0,0,0,0,0,0,0,0,0,0,0,0,0
,,,,,,113,2026-02-12 13:21:01.454344,ATMN,25.56,25.56,25.63,,,906000.0,,,1700.0,209500.0,,,5648.0,4000.0,2200.0,5625.0,5625.0,,,,,1100.0,2000.0,,4500.0,3000.0,,7500.0,7500.0,473.0,6000.0,4000.0,4000.0,4000.0,2500.0,1000.0,4000.0,11250.0,6000.0,,,,0,0,0,0,0,0,0,0,0,0,0,0,0,0,0,0,0,0,0,0,0,0,0,0,0,0,0,0,0,0,0,0,0,0,0,0,0,0,0,0,0,0,0,0,0
,,,,,,113,2026-02-12 13:21:01.454344,WNTR,25.96,25.95,25.97,8000.0,,208100.0,,6439.0,,115000.0,,3540.0,3325.0,4000.0,1100.0,,,,,4000.0,,,,,,,,,,,,4000.0,8000.0,4000.0,,1000.0,4000.0,,6000.0,5000.0,10000.0,6000.0,0,0,0,0,0,0,0,0,0,0,0,0,0,0,0,0,0,0,0,0,0,0,0,0,0,0,0,0,0,0,0,0,0,0,0,0,0,0,0,0,0,0,0,0,0
2.0,1.0,1.0,,Aggregate Position Limit,Your CRO has set the aggregate position limit to 8000 shares for this week.,114,2026-02-12 13:21:02.471476,SPNG,23.83,23.78,23.8,484.0,7500.0,1864400.0,5625.0,1499.0,950.0,4000.0,4400.0,131100.0,45000.0,3200.0,1499.0,,,,,,,,,,,,,,,,,,,,,,,,,,,,0,0,0,0,0,0,0,0,0,0,0,0,0,0,0,0,0,0,0,0,0,0,0,0,0,0,0,0,0,0,0,0,0,0,0,0,0,0,0,0,0,0,0,0,0
1.0,1.0,1.0,,Welcome to the RITC 2026 Alogithmic Market Making Case - practice server,,114,2026-02-12 13:21:02.471476,SMMR,25.43,25.41,25.43,,,254200.0,,,,4000.0,3300.0,757400.0,,4000.0,2000.0,1584.0,4907.0,4000.0,5481.0,4000.0,750.0,1100.0,7500.0,7500.0,3000.0,,,,,,,,,,,,,,,,,,0,0,0,0,0,0,0,0,0,0,0,0,0,0,0,0,0,0,0,0,0,0,0,0,0,0,0,0,0,0,0,0,0,0,0,0,0,0,0,0,0,0,0,0,0
,,,,,,114,2026-02-12 13:21:02.471476,ATMN,25.72,25.53,25.56,,7500.0,1095500.0,,,4700.0,,2200.0,209500.0,,,1465.0,,628.0,4000.0,,,,,,7500.0,1200.0,261.0,11250.0,261.0,6000.0,4500.0,4000.0,11250.0,5625.0,641.0,4000.0,6000.0,,,,,,,0,0,0,0,0,0,0,0,0,0,0,0,0,0,0,0,0,0,0,0,0,0,0,0,0,0,0,0,0,0,0,0,0,0,0,0,0,0,0,0,0,0,0,0,0
,,,,,,114,2026-02-12 13:21:02.471476,WNTR,25.96,25.89,25.91,,,1326000.0,,,4200.0,4000.0,3300.0,115000.0,,,2336.0,,,4000.0,,,750.0,,,,,,,1504.0,6000.0,,8000.0,,,,4000.0,6000.0,2500.0,4000.0,4000.0,30000.0,2000.0,2500.0,0,0,0,0,0,0,0,0,0,0,0,0,0,0,0,0,0,0,0,0,0,0,0,0,0,0,0,0,0,0,0,0,0,0,0,0,0,0,0,0,0,0,0,0,0
2.0,1.0,1.0,,Aggregate Position Limit,Your CRO has set the aggregate position limit to 8000 shares for this week.,115,2026-02-12 13:21:03.492760,SPNG,23.77,23.76,23.77,1720400.0,1219.0,4000.0,312.0,5625.0,1572.0,950.0,8000.0,36219.0,3300.0,1572.0,4000.0,2500.0,1600.0,10000.0,3000.0,131100.0,,,,,,,,,,,,,,,,,,,,,,,,0,0,0,0,0,0,0,0,0,0,0,0,0,0,0,0,0,0,0,0,0,0,0,0,0,0,0,0,0,0,0,0,0,0,0,0,0,0,0,0,0,0,0,0
1.0,1.0,1.0,,Welcome to the RITC 2026 Alogithmic Market Making Case - practice server,,115,2026-02-12 13:21:03.492760,SMMR,25.43,25.41,25.43,630000.0,,4000.0,800.0,,,3000.0,,,5500.0,,4000.0,,1749.0,,,757400.0,5481.0,5500.0,750.0,723.0,6000.0,723.0,7500.0,7500.0,3000.0,,,,,,,,,,,,,,,0,0,0,0,0,0,0,0,0,0,0,0,0,0,0,0,0,0,0,0,0,0,0,0,0,0,0,0,0,0,0,0,0,0,0,0,0,0,0,0,0,0,0,0
,,,,,,115,2026-02-12 13:21:03.492760,ATMN,25.53,25.51,25.53,260700.0,,4000.0,5516.0,,,1950.0,,,1100.0,3098.0,,,7200.0,4000.0,2250.0,114300.0,,2200.0,2250.0,,,,,,1200.0,1000.0,4000.0,7500.0,4000.0,4000.0,6000.0,5625.0,6000.0,5625.0,,,,,,0,0,0,0,0,0,0,0,0,0,0,0,0,0,0,0,0,0,0,0,0,0,0,0,0,0,0,0,0,0,0,0,0,0,0,0,0,0,0,0,0,0,0,0
,,,,,,115,2026-02-12 13:21:03.492760,WNTR,25.95,25.95,25.96,396800.0,,4000.0,4000.0,,4454.0,1950.0,8000.0,,3300.0,,,,2480.0,4000.0,,207200.0,,,750.0,,,,,,,,4000.0,,,4000.0,,,6000.0,,15000.0,5784.0,1000.0,25000.0,4000.0,0,0,0,0,0,0,0,0,0,0,0,0,0,0,0,0,0,0,0,0,0,0,0,0,0,0,0,0,0,0,0,0,0,0,0,0,0,0,0,0,0,0,0,0
2.0,1.0,1.0,,Aggregate Position Limit,Your CRO has set the aggregate position limit to 8000 shares for this week.,116,2026-02-12 13:21:04.509317,SPNG,23.78,23.78,23.86,1848000.0,900.0,4000.0,1767.0,10000.0,4537.0,213100.0,25000.0,7509.0,9000.0,,,,,,,,,,,,,,,,,,,,,0,0,0,0,0,0,0,0,0,0,0,0,0,0,0,0,0,0,0,0,0,0,0,0,0,0,0,0,0,0,0,0,0,0,0,0,0,0,0,0,0,0,0,0,0,0,0,0,0,0,0,0,0,0
1.0,1.0,1.0,,Welcome to the RITC 2026 Alogithmic Market Making Case - practice server,,116,2026-02-12 13:21:04.509317,SMMR,25.5,25.48,25.5,361500.0,4000.0,4000.0,1783.0,,5669.0,1315800.0,,,750.0,69.0,1500.0,5481.0,3300.0,431.0,7500.0,528.0,7500.0,,,,,,,,,,,,,0,0,0,0,0,0,0,0,0,0,0,0,0,0,0,0,0,0,0,0,0,0,0,0,0,0,0,0,0,0,0,0,0,0,0,0,0,0,0,0,0,0,0,0,0,0,0,0,0,0,0,0,0,0
,,,,,,116,2026-02-12 13:21:04.509317,ATMN,25.43,25.43,25.51,1513300.0,,,1705.0,,3300.0,209500.0,,11250.0,6750.0,,,,,,7500.0,,7500.0,4000.0,4000.0,243.0,2000.0,8000.0,4000.0,2400.0,4000.0,,,,,0,0,0,0,0,0,0,0,0,0,0,0,0,0,0,0,0,0,0,0,0,0,0,0,0,0,0,0,0,0,0,0,0,0,0,0,0,0,0,0,0,0,0,0,0,0,0,0,0,0,0,0,0,0
,,,,,,116,2026-02-12 13:21:04.509317,WNTR,25.99,25.96,25.99,180300.0,2400.0,4000.0,4496.0,,8800.0,806300.0,,,,,750.0,,1100.0,,7500.0,,,,,,,,4000.0,,,2500.0,40000.0,5784.0,2132.0,0,0,0,0,0,0,0,0,0,0,0,0,0,0,0,0,0,0,0,0,0,0,0,0,0,0,0,0,0,0,0,0,0,0,0,0,0,0,0,0,0,0,0,0,0,0,0,0,0,0,0,0,0,0
2.0,1.0,1.0,,Aggregate Position Limit,Your CRO has set the aggregate position limit to 8000 shares for this week.,117,2026-02-12 13:21:05.528030,SPNG,23.81,23.81,23.84,25000.0,2500.0,1594900.0,4000.0,2500.0,10000.0,2944.0,504.0,15000.0,318600.0,25000.0,,,,,,,,,,,,,,0,0,0,0,0,0,0,0,0,0,0,0,0,0,0,0,0,0,0,0,0,0,0,0,0,0,0,0,0,0,0,0,0,0,0,0,0,0,0,0,0,0,0,0,0,0,0,0,0,0,0,0,0,0,0,0,0,0,0,0
1.0,1.0,1.0,,Welcome to the RITC 2026 Alogithmic Market Making Case - practice server,,117,2026-02-12 13:21:05.528030,SMMR,25.51,25.42,25.51,,,2104700.0,,,,,,,2113100.0,,2000.0,4340.0,750.0,4000.0,464.0,,,,,,,,,0,0,0,0,0,0,0,0,0,0,0,0,0,0,0,0,0,0,0,0,0,0,0,0,0,0,0,0,0,0,0,0,0,0,0,0,0,0,0,0,0,0,0,0,0,0,0,0,0,0,0,0,0,0,0,0,0,0,0,0
,,,,,,117,2026-02-12 13:21:05.528030,ATMN,25.47,25.43,25.47,,,743000.0,4000.0,2500.0,,,6400.0,9000.0,223000.0,,,2466.0,,4000.0,,2793.0,4000.0,4000.0,4000.0,,,,,0,0,0,0,0,0,0,0,0,0,0,0,0,0,0,0,0,0,0,0,0,0,0,0,0,0,0,0,0,0,0,0,0,0,0,0,0,0,0,0,0,0,0,0,0,0,0,0,0,0,0,0,0,0,0,0,0,0,0,0
,,,,,,117,2026-02-12 13:21:05.528030,WNTR,25.97,25.97,25.99,,2500.0,1472100.0,4000.0,,,1066.0,,,1298200.0,,4000.0,,750.0,4000.0,,,4000.0,,,5000.0,594.0,10000.0,594.0,0,0,0,0,0,0,0,0,0,0,0,0,0,0,0,0,0,0,0,0,0,0,0,0,0,0,0,0,0,0,0,0,0,0,0,0,0,0,0,0,0,0,0,0,0,0,0,0,0,0,0,0,0,0,0,0,0,0,0,0
2.0,1.0,1.0,,Aggregate Position Limit,Your CRO has set the aggregate position limit to 8000 shares for this week.,118,2026-02-12 13:21:06.551391,SPNG,23.78,23.78,23.81,1870300.0,15000.0,396.0,1000.0,5000.0,4000.0,7408.0,1546500.0,,,,,,,,,,,,,,,0,0,0,0,0,0,0,0,0,0,0,0,0,0,0,0,0,0,0,0,0,0,0,0,0,0,0,0,0,0,0,0,0,0,0,0,0,0,0,0,0,0,0,0,0,0,0,0,0,0,0,0,0,0,0,0,0,0,0,0,0,0
1.0,1.0,1.0,,Welcome to the RITC 2026 Alogithmic Market Making Case - practice server,,118,2026-02-12 13:21:06.551391,SMMR,25.48,25.47,25.48,1636500.0,,,1000.0,,4000.0,1860.0,1722100.0,2000.0,4000.0,10585.0,5000.0,464.0,,,,,,,,,,0,0,0,0,0,0,0,0,0,0,0,0,0,0,0,0,0,0,0,0,0,0,0,0,0,0,0,0,0,0,0,0,0,0,0,0,0,0,0,0,0,0,0,0,0,0,0,0,0,0,0,0,0,0,0,0,0,0,0,0,0,0
,,,,,,118,2026-02-12 13:21:06.551391,ATMN,25.43,25.43,25.45,1129500.0,,,,,,,1624400.0,4000.0,4000.0,2466.0,,,2500.0,4000.0,4500.0,,,,,,,0,0,0,0,0,0,0,0,0,0,0,0,0,0,0,0,0,0,0,0,0,0,0,0,0,0,0,0,0,0,0,0,0,0,0,0,0,0,0,0,0,0,0,0,0,0,0,0,0,0,0,0,0,0,0,0,0,0,0,0,0,0
,,,,,,118,2026-02-12 13:21:06.551391,WNTR,25.99,25.96,25.99,2055300.0,,,,,,,1311800.0,,,,,594.0,,,,5000.0,594.0,15000.0,1000.0,594.0,1000.0,0,0,0,0,0,0,0,0,0,0,0,0,0,0,0,0,0,0,0,0,0,0,0,0,0,0,0,0,0,0,0,0,0,0,0,0,0,0,0,0,0,0,0,0,0,0,0,0,0,0,0,0,0,0,0,0,0,0,0,0,0,0
2.0,1.0,1.0,,Aggregate Position Limit,Your CRO has set the aggregate position limit to 8000 shares for this week.,119,2026-02-12 13:21:07.574915,SPNG,24.06,24.06,24.07,2360300.0,2500.0,2069200.0,5250.0,,,,,,,0,0,0,0,0,0,0,0,0,0,0,0,0,0,0,0,0,0,0,0,0,0,0,0,0,0,0,0,0,0,0,0,0,0,0,0,0,0,0,0,0,0,0,0,0,0,0,0,0,0,0,0,0,0,0,0,0,0,0,0,0,0,0,0,0,0,0,0,0,0,0,0,0,0
1.0,1.0,1.0,,Welcome to the RITC 2026 Alogithmic Market Making Case - practice server,,119,2026-02-12 13:21:07.574915,SMMR,25.41,25.41,25.5,2245800.0,,2045500.0,,528.0,528.0,2500.0,528.0,,,0,0,0,0,0,0,0,0,0,0,0,0,0,0,0,0,0,0,0,0,0,0,0,0,0,0,0,0,0,0,0,0,0,0,0,0,0,0,0,0,0,0,0,0,0,0,0,0,0,0,0,0,0,0,0,0,0,0,0,0,0,0,0,0,0,0,0,0,0,0,0,0,0,0
,,,,,,119,2026-02-12 13:21:07.574915,ATMN,25.36,25.37,25.55,1807800.0,2500.0,1716400.0,4500.0,,,,,295.0,1000.0,0,0,0,0,0,0,0,0,0,0,0,0,0,0,0,0,0,0,0,0,0,0,0,0,0,0,0,0,0,0,0,0,0,0,0,0,0,0,0,0,0,0,0,0,0,0,0,0,0,0,0,0,0,0,0,0,0,0,0,0,0,0,0,0,0,0,0,0,0,0,0,0,0,0
,,,,,,119,2026-02-12 13:21:07.574915,WNTR,26.03,25.97,26.03,2011300.0,2500.0,2031300.0,,,,,,550.0,,0,0,0,0,0,0,0,0,0,0,0,0,0,0,0,0,0,0,0,0,0,0,0,0,0,0,0,0,0,0,0,0,0,0,0,0,0,0,0,0,0,0,0,0,0,0,0,0,0,0,0,0,0,0,0,0,0,0,0,0,0,0,0,0,0,0,0,0,0,0,0,0,0,0
2.0,1.0,1.0,,Aggregate Position Limit,Your CRO has set the aggregate position limit to 8000 shares for this week.,120,2026-02-12 13:21:08.603241,SPNG,24.3,25.27,0.0,200000.0,,,,,,,,,0,0,0,0,0,0,0,0,0,0,0,0,0,0,0,0,0,0,0,0,0,0,0,0,0,0,0,0,0,0,0,0,0,0,0,0,0,0,0,0,0,0,0,0,0,0,0,0,0,0,0,0,0,0,0,0,0,0,0,0,0,0,0,0,0,0,0,0,0,0,0,0,0,0,0
1.0,1.0,1.0,,Welcome to the RITC 2026 Alogithmic Market Making Case - practice server,,120,2026-02-12 13:21:08.603241,SMMR,25.47,26.61,0.0,200000.0,,,,,,,,,0,0,0,0,0,0,0,0,0,0,0,0,0,0,0,0,0,0,0,0,0,0,0,0,0,0,0,0,0,0,0,0,0,0,0,0,0,0,0,0,0,0,0,0,0,0,0,0,0,0,0,0,0,0,0,0,0,0,0,0,0,0,0,0,0,0,0,0,0,0,0,0,0,0,0
,,,,,,120,2026-02-12 13:21:08.603241,ATMN,25.55,25.32,26.13,200000.0,330.0,4500.0,,,,,,,0,0,0,0,0,0,0,0,0,0,0,0,0,0,0,0,0,0,0,0,0,0,0,0,0,0,0,0,0,0,0,0,0,0,0,0,0,0,0,0,0,0,0,0,0,0,0,0,0,0,0,0,0,0,0,0,0,0,0,0,0,0,0,0,0,0,0,0,0,0,0,0,0,0,0
,,,,,,120,2026-02-12 13:21:08.603241,WNTR,26.04,25.97,26.03,871900.0,,,5000.0,594.0,594.0,594.0,594.0,782100.0,0,0,0,0,0,0,0,0,0,0,0,0,0,0,0,0,0,0,0,0,0,0,0,0,0,0,0,0,0,0,0,0,0,0,0,0,0,0,0,0,0,0,0,0,0,0,0,0,0,0,0,0,0,0,0,0,0,0,0,0,0,0,0,0,0,0,0,0,0,0,0,0,0,0,0
2.0,1.0,1.0,,Aggregate Position Limit,Your CRO has set the aggregate position limit to 8000 shares for this week.,121,2026-02-12 13:21:09.622988,SPNG,24.54,25.28,25.6,5000.0,68.0,1009400.0,980000.0,68.0,5000.0,,,,,,,,,,,,0,0,0,0,0,0,0,0,0,0,0,0,0,0,0,0,0,0,0,0,0,0,0,0,0,0,0,0,0,0,0,0,0,0,0,0,0,0,0,0,0,0,0,0,0,0,0,0,0,0,0,0,0,0,0,0,0,0,0,0,0,0,0,0,0,0,0
1.0,1.0,1.0,,Welcome to the RITC 2026 Alogithmic Market Making Case - practice server,,121,2026-02-12 13:21:09.622988,SMMR,26.02,26.65,26.7,2500.0,240.0,1110800.0,908500.0,240.0,,2500.0,,,,,,,,,,,0,0,0,0,0,0,0,0,0,0,0,0,0,0,0,0,0,0,0,0,0,0,0,0,0,0,0,0,0,0,0,0,0,0,0,0,0,0,0,0,0,0,0,0,0,0,0,0,0,0,0,0,0,0,0,0,0,0,0,0,0,0,0,0,0,0,0
,,,,,,121,2026-02-12 13:21:09.622988,ATMN,23.3,24.31,24.74,,132.0,1022200.0,873900.0,132.0,,2500.0,6000.0,4000.0,4000.0,4500.0,4000.0,,,,,,0,0,0,0,0,0,0,0,0,0,0,0,0,0,0,0,0,0,0,0,0,0,0,0,0,0,0,0,0,0,0,0,0,0,0,0,0,0,0,0,0,0,0,0,0,0,0,0,0,0,0,0,0,0,0,0,0,0,0,0,0,0,0,0,0,0,0
,,,,,,121,2026-02-12 13:21:09.622988,WNTR,26.04,25.94,25.98,,182.0,871900.0,1093800.0,182.0,,,6000.0,4000.0,4000.0,,4000.0,4000.0,594.0,6000.0,4000.0,4000.0,0,0,0,0,0,0,0,0,0,0,0,0,0,0,0,0,0,0,0,0,0,0,0,0,0,0,0,0,0,0,0,0,0,0,0,0,0,0,0,0,0,0,0,0,0,0,0,0,0,0,0,0,0,0,0,0,0,0,0,0,0,0,0,0,0,0,0
2.0,1.0,1.0,,Aggregate Position Limit,Your CRO has set the aggregate position limit to 8000 shares for this week.,122,2026-02-12 13:21:10.645460,SPNG,24.54,25.31,25.47,4000.0,2500.0,3000.0,68.0,685.0,685.0,685.0,1009400.0,6000.0,4000.0,4000.0,883200.0,4000.0,3000.0,68.0,356.0,6000.0,4000.0,4000.0,25000.0,,,,,,0,0,0,0,0,0,0,0,0,0,0,0,0,0,0,0,0,0,0,0,0,0,0,0,0,0,0,0,0,0,0,0,0,0,0,0,0,0,0,0,0,0,0,0,0,0,0,0,0,0,0,0,0,0,0,0,0,0,0
1.0,1.0,1.0,,Welcome to the RITC 2026 Alogithmic Market Making Case - practice server,,122,2026-02-12 13:21:10.645460,SMMR,26.65,26.65,26.69,,,3000.0,240.0,932.0,,,1242700.0,,,,1108400.0,4000.0,6000.0,240.0,,,,,,2500.0,484.0,,,,0,0,0,0,0,0,0,0,0,0,0,0,0,0,0,0,0,0,0,0,0,0,0,0,0,0,0,0,0,0,0,0,0,0,0,0,0,0,0,0,0,0,0,0,0,0,0,0,0,0,0,0,0,0,0,0,0,0,0
,,,,,,122,2026-02-12 13:21:10.645460,ATMN,23.23,24.26,24.42,4000.0,,3000.0,132.0,,,,1059600.0,6000.0,4000.0,4000.0,902400.0,4000.0,6000.0,132.0,,6000.0,4000.0,4000.0,,2500.0,,4500.0,4000.0,,0,0,0,0,0,0,0,0,0,0,0,0,0,0,0,0,0,0,0,0,0,0,0,0,0,0,0,0,0,0,0,0,0,0,0,0,0,0,0,0,0,0,0,0,0,0,0,0,0,0,0,0,0,0,0,0,0,0,0
,,,,,,122,2026-02-12 13:21:10.645460,WNTR,25.91,25.91,25.97,4000.0,,3000.0,182.0,,,,871900.0,,,,1051400.0,4000.0,3000.0,182.0,,12000.0,8000.0,8000.0,,,,,4000.0,2000.0,0,0,0,0,0,0,0,0,0,0,0,0,0,0,0,0,0,0,0,0,0,0,0,0,0,0,0,0,0,0,0,0,0,0,0,0,0,0,0,0,0,0,0,0,0,0,0,0,0,0,0,0,0,0,0,0,0,0,0
2.0,1.0,1.0,,Aggregate Position Limit,Your CRO has set the aggregate position limit to 8000 shares for this week.,123,2026-02-12 13:21:11.681056,SPNG,25.38,25.38,25.39,2000.0,5150.0,4000.0,2500.0,3500.0,3000.0,8000.0,1796.0,4000.0,2250.0,2000.0,7090.0,3500.0,3000.0,102900.0,7500.0,6000.0,4000.0,,,,,,,,,,,,,,,,,,,0,0,0,0,0,0,0,0,0,0,0,0,0,0,0,0,0,0,0,0,0,0,0,0,0,0,0,0,0,0,0,0,0,0,0,0,0,0,0,0,0,0,0,0,0,0,0,0
1.0,1.0,1.0,,Welcome to the RITC 2026 Alogithmic Market Making Case - practice server,,123,2026-02-12 13:21:11.681056,SMMR,26.48,26.62,26.64,1750.0,6950.0,,,,,,,4000.0,4200.0,1750.0,8000.0,,,251700.0,,,,1123300.0,2000.0,4000.0,2500.0,1796.0,7500.0,,,,,,,,,,,,,0,0,0,0,0,0,0,0,0,0,0,0,0,0,0,0,0,0,0,0,0,0,0,0,0,0,0,0,0,0,0,0,0,0,0,0,0,0,0,0,0,0,0,0,0,0,0,0
,,,,,,123,2026-02-12 13:21:11.681056,ATMN,24.24,24.16,24.24,,1800.0,,,,,,,,3500.0,1750.0,3200.0,,,529700.0,7500.0,6000.0,4000.0,1059600.0,,,,,7500.0,411.0,407.0,7500.0,6000.0,4000.0,4000.0,4000.0,7500.0,792.0,4000.0,,,0,0,0,0,0,0,0,0,0,0,0,0,0,0,0,0,0,0,0,0,0,0,0,0,0,0,0,0,0,0,0,0,0,0,0,0,0,0,0,0,0,0,0,0,0,0,0,0
,,,,,,123,2026-02-12 13:21:11.681056,WNTR,25.93,25.93,25.94,3500.0,,4000.0,2500.0,,3000.0,8000.0,,4000.0,,,8000.0,,3000.0,644100.0,7500.0,,,204700.0,,,,,7500.0,,,7500.0,,,,,,,,1000.0,182.0,0,0,0,0,0,0,0,0,0,0,0,0,0,0,0,0,0,0,0,0,0,0,0,0,0,0,0,0,0,0,0,0,0,0,0,0,0,0,0,0,0,0,0,0,0,0,0,0
2.0,1.0,1.0,,Aggregate Position Limit,Your CRO has set the aggregate position limit to 8000 shares for this week.,124,2026-02-12 13:21:12.734454,SPNG,25.38,25.38,25.39,5625.0,4000.0,3000.0,6400.0,7000.0,20000.0,3750.0,1100.0,1050.0,7500.0,20000.0,3000.0,7090.0,4000.0,3500.0,,,,,,,,,,,,,,,,,,,,,,0,0,0,0,0,0,0,0,0,0,0,0,0,0,0,0,0,0,0,0,0,0,0,0,0,0,0,0,0,0,0,0,0,0,0,0,0,0,0,0,0,0,0,0,0,0,0,0
1.0,1.0,1.0,,Welcome to the RITC 2026 Alogithmic Market Making Case - practice server,,124,2026-02-12 13:21:12.734454,SMMR,26.4,26.35,26.4,,,1050.0,,,,,,,1500.0,,3000.0,8000.0,4000.0,7000.0,4000.0,991400.0,254000.0,2000.0,1100.0,,,,,,,,,,,,,,,,,0,0,0,0,0,0,0,0,0,0,0,0,0,0,0,0,0,0,0,0,0,0,0,0,0,0,0,0,0,0,0,0,0,0,0,0,0,0,0,0,0,0,0,0,0,0,0,0
,,,,,,124,2026-02-12 13:21:12.734454,ATMN,24.29,24.3,24.42,11250.0,,4200.0,2400.0,3500.0,,4500.0,,3500.0,,,,1600.0,,,3500.0,88600.0,456600.0,2000.0,1100.0,4000.0,1860.0,5624.0,4000.0,3000.0,7500.0,6200.0,138.0,8000.0,3500.0,4000.0,,,,,,0,0,0,0,0,0,0,0,0,0,0,0,0,0,0,0,0,0,0,0,0,0,0,0,0,0,0,0,0,0,0,0,0,0,0,0,0,0,0,0,0,0,0,0,0,0,0,0
,,,,,,124,2026-02-12 13:21:12.734454,WNTR,25.94,25.93,25.94,,4000.0,,8000.0,7000.0,,,,,,,,8000.0,,6500.0,4500.0,204700.0,218800.0,,,,,,,1425.0,,,,4000.0,4500.0,,10000.0,1081.0,10000.0,1080.0,6000.0,0,0,0,0,0,0,0,0,0,0,0,0,0,0,0,0,0,0,0,0,0,0,0,0,0,0,0,0,0,0,0,0,0,0,0,0,0,0,0,0,0,0,0,0,0,0,0,0
2.0,1.0,1.0,,Aggregate Position Limit,Your CRO has set the aggregate position limit to 8000 shares for this week.,125,2026-02-12 13:21:13.777639,SPNG,25.24,25.24,25.26,4000.0,5000.0,5625.0,5841.0,4000.0,4000.0,3500.0,685.0,3500.0,750.0,3000.0,90100.0,25000.0,6400.0,2460.0,4000.0,1750.0,3750.0,4219.0,1050.0,,,,,,,,,,,,,,,,,,,,,,,,0,0,0,0,0,0,0,0,0,0,0,0,0,0,0,0,0,0,0,0,0,0,0,0,0,0,0,0,0,0,0,0,0,0,0,0,0,0,0,0,0
1.0,1.0,1.0,,Welcome to the RITC 2026 Alogithmic Market Making Case - practice server,,125,2026-02-12 13:21:13.777639,SMMR,26.45,26.48,26.54,,,,600.0,,,2275.0,,5750.0,5900.0,7280.0,528700.0,,1600.0,7280.0,4000.0,4000.0,,,4200.0,332100.0,750.0,4000.0,750.0,1425.0,2500.0,2896.0,7500.0,232.0,,,,,,,,,,,,,,,0,0,0,0,0,0,0,0,0,0,0,0,0,0,0,0,0,0,0,0,0,0,0,0,0,0,0,0,0,0,0,0,0,0,0,0,0,0,0,0,0
,,,,,,125,2026-02-12 13:21:13.777639,ATMN,24.28,24.28,24.29,,,11250.0,,4000.0,4000.0,3500.0,,1750.0,4550.0,6370.0,318100.0,,1600.0,6370.0,4000.0,6000.0,,,,88600.0,2250.0,,2250.0,,2500.0,2200.0,,,11250.0,140.0,411.0,6000.0,8590.0,2812.0,3000.0,3500.0,,,,,,,0,0,0,0,0,0,0,0,0,0,0,0,0,0,0,0,0,0,0,0,0,0,0,0,0,0,0,0,0,0,0,0,0,0,0,0,0,0,0,0,0
,,,,,,125,2026-02-12 13:21:13.777639,WNTR,25.91,25.93,25.94,4000.0,,,,4000.0,4000.0,3500.0,,,,4500.0,324100.0,,1600.0,4500.0,4000.0,,,,,868000.0,,,,1425.0,,,,,,320.0,,6000.0,,,,6500.0,7500.0,4000.0,35000.0,6000.0,2000.0,4000.0,0,0,0,0,0,0,0,0,0,0,0,0,0,0,0,0,0,0,0,0,0,0,0,0,0,0,0,0,0,0,0,0,0,0,0,0,0,0,0,0,0
2.0,1.0,1.0,,Aggregate Position Limit,Your CRO has set the aggregate position limit to 8000 shares for this week.,126,2026-02-12 13:21:14.808383,SPNG,25.34,25.34,25.39,326800.0,5624.0,2000.0,6000.0,2000.0,4000.0,900.0,6200.0,10000.0,2500.0,6000.0,735.0,30000.0,43.0,6000.0,3000.0,1100.0,5625.0,25000.0,6000.0,1170.0,7500.0,,,,,,,,,,,,,,,,,,,,,,,,,,,,,,,0,0,0,0,0,0,0,0,0,0,0,0,0,0,0,0,0,0,0,0,0,0,0,0,0,0,0,0,0,0,0,0
1.0,1.0,1.0,,Welcome to the RITC 2026 Alogithmic Market Making Case - practice server,,126,2026-02-12 13:21:14.808383,SMMR,26.48,26.47,26.48,915800.0,,,,2000.0,,,,,,750.0,6950.0,,139.0,,,2896.0,,,6000.0,1200.0,7500.0,3500.0,1100.0,6000.0,570100.0,6000.0,3000.0,3500.0,4000.0,2400.0,1882.0,7500.0,,,,,,,,,,,,,,,,,,,,0,0,0,0,0,0,0,0,0,0,0,0,0,0,0,0,0,0,0,0,0,0,0,0,0,0,0,0,0,0,0,0
,,,,,,126,2026-02-12 13:21:14.808383,ATMN,24.29,24.28,24.29,88600.0,,1750.0,6000.0,,4000.0,1029.0,,,,2250.0,4550.0,,,,,3300.0,2812.0,,,,,3500.0,1100.0,,117600.0,,3000.0,7000.0,4000.0,800.0,2066.0,,3000.0,5625.0,2250.0,4000.0,5625.0,87.0,5625.0,11776.0,2250.0,2000.0,,,,,,,,,,0,0,0,0,0,0,0,0,0,0,0,0,0,0,0,0,0,0,0,0,0,0,0,0,0,0,0,0,0,0,0,0
,,,,,,126,2026-02-12 13:21:14.808383,WNTR,25.93,25.93,25.94,334000.0,,,6000.0,2000.0,4000.0,560.0,,,,,,,,6000.0,,,,,,,,,,6000.0,218800.0,,,6500.0,4000.0,,3526.0,,1425.0,,,4000.0,,200.0,,,750.0,,10000.0,12000.0,4000.0,3526.0,7500.0,7500.0,4000.0,44000.0,4000.0,0,0,0,0,0,0,0,0,0,0,0,0,0,0,0,0,0,0,0,0,0,0,0,0,0,0,0,0,0,0,0,0
2.0,1.0,1.0,,Aggregate Position Limit,Your CRO has set the aggregate position limit to 8000 shares for this week.,127,2026-02-12 13:21:15.848980,SPNG,24.54,24.54,25.33,1143500.0,2310.0,2275.0,4000.0,326000.0,11248.0,5625.0,3500.0,13124.0,3000.0,67.0,1100.0,15000.0,3000.0,2520.0,1608.0,,,,,,,,,,,,,,,,,,,,,,,,,,,,,,,,0,0,0,0,0,0,0,0,0,0,0,0,0,0,0,0,0,0,0,0,0,0,0,0,0,0,0,0,0,0,0,0,0,0,0,0,0
1.0,1.0,1.0,,Welcome to the RITC 2026 Alogithmic Market Making Case - practice server,,127,2026-02-12 13:21:15.848980,SMMR,26.54,26.54,26.55,549300.0,1950.0,3500.0,,343400.0,,,7000.0,,750.0,218.0,3996.0,,6000.0,1200.0,4046.0,4000.0,900.0,1500.0,2200.0,4046.0,218.0,2000.0,750.0,4000.0,6000.0,4000.0,7500.0,7500.0,,,,,,,,,,,,,,,,,,,0,0,0,0,0,0,0,0,0,0,0,0,0,0,0,0,0,0,0,0,0,0,0,0,0,0,0,0,0,0,0,0,0,0,0,0,0
,,,,,,127,2026-02-12 13:21:15.848980,ATMN,24.25,24.17,24.23,,5150.0,2275.0,,117600.0,5625.0,,9450.0,,,,,,,3000.0,1699.0,4000.0,1500.0,,,1699.0,,2000.0,,4000.0,6000.0,,7500.0,7500.0,5625.0,4000.0,6200.0,7500.0,7500.0,2400.0,6200.0,2000.0,5625.0,,,,,,,,,,0,0,0,0,0,0,0,0,0,0,0,0,0,0,0,0,0,0,0,0,0,0,0,0,0,0,0,0,0,0,0,0,0,0,0,0,0
,,,,,,127,2026-02-12 13:21:15.848980,WNTR,25.93,25.93,25.94,112600.0,,,,223600.0,,,3500.0,1500.0,,,,,,,,4000.0,3360.0,750.0,,1827.0,200.0,2000.0,,,250.0,,,,,,,7500.0,,,,,,5000.0,6000.0,6000.0,8000.0,6000.0,4000.0,4000.0,54475.0,4000.0,0,0,0,0,0,0,0,0,0,0,0,0,0,0,0,0,0,0,0,0,0,0,0,0,0,0,0,0,0,0,0,0,0,0,0,0,0
2.0,1.0,1.0,,Aggregate Position Limit,Your CRO has set the aggregate position limit to 8000 shares for this week.,128,2026-02-12 13:21:16.899691,SPNG,25.06,25.02,25.06,217.0,6000.0,1750.0,2000.0,1700.0,2700.0,1875.0,6000.0,3500.0,118000.0,5000.0,2166.0,2000.0,5625.0,4000.0,2000.0,5625.0,7500.0,6000.0,2500.0,3500.0,2200.0,5624.0,3000.0,4000.0,3000.0,,,,,,,,,,,,,,,,,,0,0,0,0,0,0,0,0,0,0,0,0,0,0,0,0,0,0,0,0,0,0,0,0,0,0,0,0,0,0,0,0,0,0,0,0,0,0,0,0,0
1.0,1.0,1.0,,Welcome to the RITC 2026 Alogithmic Market Making Case - practice server,,128,2026-02-12 13:21:16.899691,SMMR,26.54,26.54,26.56,,,,2000.0,1950.0,600.0,,,3500.0,345100.0,,3098.0,2000.0,,4000.0,,,,6000.0,,,5096.0,,1200.0,,1500.0,656700.0,4000.0,4400.0,932.0,3098.0,750.0,2400.0,2000.0,7500.0,,,,,,,,,0,0,0,0,0,0,0,0,0,0,0,0,0,0,0,0,0,0,0,0,0,0,0,0,0,0,0,0,0,0,0,0,0,0,0,0,0,0,0,0,0
,,,,,,128,2026-02-12 13:21:16.899691,ATMN,24.15,24.13,24.14,6200.0,,5250.0,2000.0,5150.0,,,,2275.0,104800.0,,2602.0,,,4000.0,5250.0,5625.0,,6000.0,1334.0,12072.0,1100.0,,3000.0,,2250.0,111100.0,4000.0,,411.0,2602.0,2250.0,800.0,,,4218.0,139.0,6000.0,9775.0,,,,,0,0,0,0,0,0,0,0,0,0,0,0,0,0,0,0,0,0,0,0,0,0,0,0,0,0,0,0,0,0,0,0,0,0,0,0,0,0,0,0,0
,,,,,,128,2026-02-12 13:21:16.899691,WNTR,25.88,25.79,25.88,,6000.0,2000.0,4000.0,,,,,,233900.0,,,,,4000.0,,,750.0,6000.0,,3500.0,,,,4000.0,750.0,883900.0,,,,2290.0,,,,,,,,,8000.0,7500.0,48250.0,4000.0,0,0,0,0,0,0,0,0,0,0,0,0,0,0,0,0,0,0,0,0,0,0,0,0,0,0,0,0,0,0,0,0,0,0,0,0,0,0,0,0,0
2.0,1.0,1.0,,Aggregate Position Limit,Your CRO has set the aggregate position limit to 8000 shares for this week.,129,2026-02-12 13:21:18.090322,SPNG,25.26,25.26,25.27,343100.0,2400.0,5000.0,2000.0,73.0,4000.0,217.0,1100.0,3500.0,6000.0,950.0,2180.0,7500.0,5625.0,4000.0,2250.0,11250.0,2180.0,6000.0,7500.0,372.0,2200.0,5625.0,3000.0,4000.0,3000.0,15000.0,,,,,,,,,,,,,,,,,,,0,0,0,0,0,0,0,0,0,0,0,0,0,0,0,0,0,0,0,0,0,0,0,0,0,0,0,0,0,0,0,0,0,0,0,0,0,0,0
1.0,1.0,1.0,,Welcome to the RITC 2026 Alogithmic Market Making Case - practice server,,129,2026-02-12 13:21:18.090322,SMMR,26.58,26.58,26.59,653200.0,2400.0,,,,4000.0,,3300.0,3500.0,6000.0,,2356.0,,,4000.0,,,2356.0,,7500.0,764.0,7296.0,,1200.0,,,,1500.0,750.0,750.0,449900.0,139.0,484.0,,,,,,,,,,,,,0,0,0,0,0,0,0,0,0,0,0,0,0,0,0,0,0,0,0,0,0,0,0,0,0,0,0,0,0,0,0,0,0,0,0,0,0,0,0
,,,,,,129,2026-02-12 13:21:18.090322,ATMN,24.16,24.14,24.16,207700.0,1341.0,,,89.0,4000.0,2028.0,1100.0,1805.0,,3000.0,,,5625.0,,,5625.0,2560.0,6000.0,,3200.0,1100.0,,,4000.0,,,4500.0,,2250.0,117600.0,,,2000.0,1055.0,1055.0,6200.0,2000.0,10000.0,1334.0,,,,,,0,0,0,0,0,0,0,0,0,0,0,0,0,0,0,0,0,0,0,0,0,0,0,0,0,0,0,0,0,0,0,0,0,0,0,0,0,0,0
,,,,,,129,2026-02-12 13:21:18.090322,WNTR,25.59,25.53,25.59,883900.0,,,,,,,,,,1050.0,2138.0,7500.0,,4000.0,,,2138.0,6000.0,,,,,4200.0,,,,,,,353100.0,,,,,,6200.0,3500.0,,,4000.0,6225.0,7000.0,2000.0,6000.0,0,0,0,0,0,0,0,0,0,0,0,0,0,0,0,0,0,0,0,0,0,0,0,0,0,0,0,0,0,0,0,0,0,0,0,0,0,0,0
2.0,1.0,1.0,,Aggregate Position Limit,Your CRO has set the aggregate position limit to 8000 shares for this week.,130,2026-02-12 13:21:19.111422,SPNG,25.03,25.02,25.03,217.0,1100.0,3140.0,685.0,8000.0,7500.0,362300.0,6000.0,4000.0,4000.0,3000.0,5000.0,120900.0,2200.0,2526.0,4200.0,698.0,8000.0,10000.0,4000.0,5625.0,3000.0,6000.0,73.0,5625.0,4000.0,,,,,,,,,,,,,,,,,,,,,,,0,0,0,0,0,0,0,0,0,0,0,0,0,0,0,0,0,0,0,0,0,0,0,0,0,0,0,0,0,0,0,0,0,0,0,0
1.0,1.0,1.0,,Welcome to the RITC 2026 Alogithmic Market Making Case - practice server,,130,2026-02-12 13:21:19.111422,SMMR,26.62,26.62,26.63,,4400.0,1950.0,,,,748200.0,,,,,,841100.0,1796.0,2776.0,4100.0,612.0,,,4000.0,,,,242.0,,,4000.0,1600.0,2776.0,2186.0,961.0,242.0,7500.0,6000.0,,,,,,,,,,,,,,,0,0,0,0,0,0,0,0,0,0,0,0,0,0,0,0,0,0,0,0,0,0,0,0,0,0,0,0,0,0,0,0,0,0,0,0
,,,,,,130,2026-02-12 13:21:19.111422,ATMN,24.17,24.17,24.18,1956.0,2200.0,3000.0,,,,301500.0,6000.0,,,2250.0,,218200.0,2200.0,,,,4000.0,,,5625.0,,6000.0,154.0,5625.0,10000.0,4000.0,806.0,,,,154.0,,,6000.0,5690.0,527.0,2250.0,1860.0,6000.0,1582.0,4500.0,4000.0,5625.0,,,,,0,0,0,0,0,0,0,0,0,0,0,0,0,0,0,0,0,0,0,0,0,0,0,0,0,0,0,0,0,0,0,0,0,0,0,0
,,,,,,130,2026-02-12 13:21:19.111422,WNTR,25.54,25.53,25.54,,,6950.0,,4000.0,7500.0,421400.0,,4000.0,,,,558700.0,,1188.0,,800.0,,,,,1500.0,,,,,4000.0,900.0,1188.0,,,249.0,7500.0,,,,,,4340.0,,5904.0,750.0,,,1750.0,7725.0,7500.0,2000.0,0,0,0,0,0,0,0,0,0,0,0,0,0,0,0,0,0,0,0,0,0,0,0,0,0,0,0,0,0,0,0,0,0,0,0,0
2.0,1.0,1.0,,Aggregate Position Limit,Your CRO has set the aggregate position limit to 8000 shares for this week.,131,2026-02-12 13:21:20.130542,SPNG,25.26,25.26,25.27,369900.0,1164.0,3300.0,3478.0,500.0,4000.0,2000.0,3000.0,11250.0,1511.0,950.0,2437.0,3750.0,73.0,5625.0,4000.0,15000.0,4210.0,1600.0,6000.0,3478.0,1511.0,3300.0,5625.0,3000.0,4000.0,,,,,,,,,,,,,,,,,,,,,,0,0,0,0,0,0,0,0,0,0,0,0,0,0,0,0,0,0,0,0,0,0,0,0,0,0,0,0,0,0,0,0,0,0,0,0,0
1.0,1.0,1.0,,Welcome to the RITC 2026 Alogithmic Market Making Case - practice server,,131,2026-02-12 13:21:20.130542,SMMR,26.64,26.63,26.64,663700.0,800.0,3300.0,333.0,500.0,,,,,1773.0,,,750.0,242.0,,4000.0,,,806.0,,6645.0,1773.0,1796.0,,,,10017.0,4689.0,932.0,750.0,750.0,735100.0,7500.0,242.0,7500.0,484.0,,,,,,,,,,,,0,0,0,0,0,0,0,0,0,0,0,0,0,0,0,0,0,0,0,0,0,0,0,0,0,0,0,0,0,0,0,0,0,0,0,0,0
,,,,,,131,2026-02-12 13:21:20.130542,ATMN,24.18,24.18,24.19,93800.0,1600.0,3300.0,12809.0,6000.0,4000.0,,2250.0,132.0,,,,4500.0,,5625.0,4000.0,,,,,1582.0,1928.0,3300.0,5625.0,,4000.0,1956.0,5853.0,,,4500.0,218200.0,7500.0,,7500.0,,6000.0,4000.0,6000.0,5625.0,4000.0,2000.0,,,,,,0,0,0,0,0,0,0,0,0,0,0,0,0,0,0,0,0,0,0,0,0,0,0,0,0,0,0,0,0,0,0,0,0,0,0,0,0
,,,,,,131,2026-02-12 13:21:20.130542,WNTR,25.04,25.0,25.04,935100.0,600.0,,,,,,,,1424.0,1800.0,,,,,4000.0,,9672.0,800.0,,,1424.0,1100.0,,3000.0,,,,,750.0,,364000.0,,,,,,,,,,2000.0,4000.0,4000.0,7500.0,1750.0,11000.0,0,0,0,0,0,0,0,0,0,0,0,0,0,0,0,0,0,0,0,0,0,0,0,0,0,0,0,0,0,0,0,0,0,0,0,0,0
2.0,1.0,1.0,,Aggregate Position Limit,Your CRO has set the aggregate position limit to 8000 shares for this week.,132,2026-02-12 13:21:21.152666,SPNG,25.27,25.26,25.27,5000.0,358500.0,4400.0,6874.0,4000.0,500.0,2000.0,203.0,3750.0,11250.0,3000.0,5625.0,800.0,5000.0,3750.0,4000.0,11250.0,2200.0,3500.0,203.0,15000.0,3000.0,3750.0,4000.0,1406.0,1200.0,4000.0,,,,,,,,,,,,,,,,,,,,,0,0,0,0,0,0,0,0,0,0,0,0,0,0,0,0,0,0,0,0,0,0,0,0,0,0,0,0,0,0,0,0,0,0,0,0,0
1.0,1.0,1.0,,Welcome to the RITC 2026 Alogithmic Market Making Case - practice server,,132,2026-02-12 13:21:21.152666,SMMR,26.59,26.58,26.59,,318200.0,3300.0,,4000.0,5500.0,,,4285.0,,,,5600.0,,2219.0,4000.0,,,3478.0,1489.0,,1500.0,750.0,,,,,6016.0,4689.0,961.0,6000.0,487700.0,7500.0,,,,,,,,,,,,,,,0,0,0,0,0,0,0,0,0,0,0,0,0,0,0,0,0,0,0,0,0,0,0,0,0,0,0,0,0,0,0,0,0,0,0,0,0
,,,,,,132,2026-02-12 13:21:21.152666,ATMN,24.37,24.37,24.4,,425100.0,1100.0,,4000.0,,,949.0,2241.0,,4500.0,132.0,,,2241.0,,,2200.0,,,,,,4000.0,,6250.0,,800.0,,,,620500.0,,6000.0,4000.0,4000.0,7500.0,66.0,3000.0,5625.0,2000.0,,,,,,,0,0,0,0,0,0,0,0,0,0,0,0,0,0,0,0,0,0,0,0,0,0,0,0,0,0,0,0,0,0,0,0,0,0,0,0,0
,,,,,,132,2026-02-12 13:21:21.152666,WNTR,24.9,24.9,24.98,,935100.0,,,,,,,1656.0,,,,800.0,,1656.0,,,2200.0,,,,1500.0,,,,,,,,,,234900.0,7500.0,,4000.0,,7500.0,,3430.0,,,4000.0,5750.0,14012.0,2500.0,5000.0,7500.0,0,0,0,0,0,0,0,0,0,0,0,0,0,0,0,0,0,0,0,0,0,0,0,0,0,0,0,0,0,0,0,0,0,0,0,0,0
2.0,1.0,1.0,,Aggregate Position Limit,Your CRO has set the aggregate position limit to 8000 shares for this week.,133,2026-02-12 13:21:22.182796,SPNG,25.26,25.26,25.27,30000.0,3750.0,6000.0,4000.0,3000.0,4000.0,6400.0,113600.0,5000.0,7500.0,268.0,5625.0,4000.0,3718.0,6344.0,1100.0,6000.0,5625.0,6000.0,,,,,,,,,,,,,,,,,,,,,,,,,,,,0,0,0,0,0,0,0,0,0,0,0,0,0,0,0,0,0,0,0,0,0,0,0,0,0,0,0,0,0,0,0,0,0,0,0,0,0,0
1.0,1.0,1.0,,Welcome to the RITC 2026 Alogithmic Market Making Case - practice server,,133,2026-02-12 13:21:22.182796,SMMR,26.5,26.5,26.52,,,,,750.0,4000.0,,973200.0,,1500.0,,,,4625.0,800.0,2896.0,2354.0,,,3369.0,2200.0,2900.0,6000.0,4625.0,712400.0,2250.0,7500.0,7500.0,3500.0,,,,,,,,,,,,,,,,,,0,0,0,0,0,0,0,0,0,0,0,0,0,0,0,0,0,0,0,0,0,0,0,0,0,0,0,0,0,0,0,0,0,0,0,0,0,0
,,,,,,133,2026-02-12 13:21:22.182796,ATMN,24.2,24.27,24.29,,2250.0,,,2250.0,,600.0,207700.0,,2250.0,,,4000.0,3991.0,,,,,,3500.0,1100.0,1950.0,,,419700.0,2250.0,7500.0,7424.0,,4000.0,5625.0,6000.0,11250.0,4000.0,4000.0,7500.0,7500.0,33.0,4000.0,996.0,4000.0,6200.0,2000.0,4000.0,,,0,0,0,0,0,0,0,0,0,0,0,0,0,0,0,0,0,0,0,0,0,0,0,0,0,0,0,0,0,0,0,0,0,0,0,0,0,0
,,,,,,133,2026-02-12 13:21:22.182796,WNTR,24.32,24.31,24.32,,,,,,,,911100.0,,,,,4000.0,2874.0,,2200.0,,,,,,2098.0,,2874.0,131600.0,,,,,,,,,,,,,,,,6000.0,12811.0,2256.0,,4000.0,5000.0,0,0,0,0,0,0,0,0,0,0,0,0,0,0,0,0,0,0,0,0,0,0,0,0,0,0,0,0,0,0,0,0,0,0,0,0,0,0
2.0,1.0,1.0,,Aggregate Position Limit,Your CRO has set the aggregate position limit to 8000 shares for this week.,134,2026-02-12 13:21:23.200347,SPNG,25.3,25.3,25.32,217100.0,8281.0,4000.0,6600.0,25000.0,5625.0,694.0,2000.0,1846.0,6000.0,4000.0,4265.0,4000.0,610.0,10000.0,1100.0,5625.0,44.0,2570.0,4000.0,605700.0,,,,,,,,,,,,,,,,,,,,,,,,,0,0,0,0,0,0,0,0,0,0,0,0,0,0,0,0,0,0,0,0,0,0,0,0,0,0,0,0,0,0,0,0,0,0,0,0,0,0,0
1.0,1.0,1.0,,Welcome to the RITC 2026 Alogithmic Market Making Case - practice server,,134,2026-02-12 13:21:23.200347,SMMR,26.5,26.5,26.51,877400.0,,4000.0,2200.0,,,,,,,,,,,,3300.0,,,,,337300.0,2100.0,3369.0,1200.0,4800.0,2382.0,4000.0,7500.0,1500.0,6000.0,7500.0,,,,,,,,,,,,,,,0,0,0,0,0,0,0,0,0,0,0,0,0,0,0,0,0,0,0,0,0,0,0,0,0,0,0,0,0,0,0,0,0,0,0,0,0,0,0
,,,,,,134,2026-02-12 13:21:23.200347,ATMN,24.32,24.32,24.36,325300.0,,4000.0,3300.0,,11250.0,,,,,,,,,,,,,10400.0,4000.0,321900.0,,6869.0,,2400.0,2125.0,4000.0,,2250.0,,,2250.0,5625.0,2796.0,1434.0,6000.0,4000.0,4000.0,4500.0,2796.0,2250.0,,,,,0,0,0,0,0,0,0,0,0,0,0,0,0,0,0,0,0,0,0,0,0,0,0,0,0,0,0,0,0,0,0,0,0,0,0,0,0,0,0
,,,,,,134,2026-02-12 13:21:23.200347,WNTR,24.23,24.21,24.23,947600.0,,,,,,,,1480.0,,,,,,,1100.0,,,1469.0,,340100.0,644.0,1684.0,1084.0,1600.0,1480.0,,7500.0,,,7500.0,,,,,,,,,,,15000.0,12811.0,2000.0,6738.0,0,0,0,0,0,0,0,0,0,0,0,0,0,0,0,0,0,0,0,0,0,0,0,0,0,0,0,0,0,0,0,0,0,0,0,0,0,0,0
2.0,1.0,1.0,,Aggregate Position Limit,Your CRO has set the aggregate position limit to 8000 shares for this week.,135,2026-02-12 13:21:24.217605,SPNG,25.24,25.25,25.27,2000.0,2500.0,113600.0,7700.0,5000.0,5000.0,11250.0,7500.0,1995.0,2000.0,6000.0,5625.0,4000.0,5.0,5624.0,4000.0,25000.0,12000.0,350.0,3750.0,1995.0,133400.0,3000.0,1100.0,4265.0,3252.0,,,,,,,,,,,,,,,,,,,,,,,,0,0,0,0,0,0,0,0,0,0,0,0,0,0,0,0,0,0,0,0,0,0,0,0,0,0,0,0,0,0,0,0,0,0,0
1.0,1.0,1.0,,Welcome to the RITC 2026 Alogithmic Market Making Case - practice server,,135,2026-02-12 13:21:24.217605,SMMR,26.53,26.53,26.55,,2500.0,649800.0,2200.0,,,,,2314.0,,,,,,,4000.0,,,,,2314.0,226700.0,,1100.0,,,4000.0,4968.0,750.0,2000.0,8000.0,7500.0,6000.0,7500.0,750.0,,,,,,,,,,,,,,,0,0,0,0,0,0,0,0,0,0,0,0,0,0,0,0,0,0,0,0,0,0,0,0,0,0,0,0,0,0,0,0,0,0,0
,,,,,,135,2026-02-12 13:21:24.217605,ATMN,24.23,24.23,24.25,,,207700.0,1100.0,,,11250.0,7500.0,2321.0,,,5625.0,4000.0,318.0,,4000.0,,,,3733.0,2321.0,98400.0,8400.0,,5250.0,3252.0,4000.0,1032.0,1508.0,,1600.0,,,,,395.0,696.0,2829.0,6000.0,7500.0,2250.0,6200.0,2796.0,2500.0,,,,,,0,0,0,0,0,0,0,0,0,0,0,0,0,0,0,0,0,0,0,0,0,0,0,0,0,0,0,0,0,0,0,0,0,0,0
,,,,,,135,2026-02-12 13:21:24.217605,WNTR,24.26,24.26,24.29,,,1159800.0,,,,,,1994.0,,,,,,,,,,,,3924.0,335000.0,1469.0,,,13476.0,4000.0,644.0,500.0,2000.0,,7500.0,,7500.0,,,,,,,,12811.0,,,1369.0,1084.0,3310.0,15000.0,2000.0,0,0,0,0,0,0,0,0,0,0,0,0,0,0,0,0,0,0,0,0,0,0,0,0,0,0,0,0,0,0,0,0,0,0,0
2.0,1.0,1.0,,Aggregate Position Limit,Your CRO has set the aggregate position limit to 8000 shares for this week.,136,2026-02-12 13:21:25.235794,SPNG,25.35,25.25,25.29,3750.0,10000.0,5000.0,5625.0,6000.0,2500.0,6200.0,4000.0,244900.0,3006.0,2200.0,4265.0,2000.0,11250.0,435900.0,4000.0,7620.0,3006.0,1100.0,2812.0,4265.0,3.0,3000.0,,,,,,,,,,,,,,,,,,,,,,,,0,0,0,0,0,0,0,0,0,0,0,0,0,0,0,0,0,0,0,0,0,0,0,0,0,0,0,0,0,0,0,0,0,0,0,0,0,0
1.0,1.0,1.0,,Welcome to the RITC 2026 Alogithmic Market Making Case - practice server,,136,2026-02-12 13:21:25.235794,SMMR,26.55,26.54,26.55,,,,,,,,4000.0,663100.0,1590.0,3300.0,,,,980500.0,,,,1796.0,,6000.0,,1500.0,3252.0,3472.0,932.0,3500.0,4000.0,750.0,6000.0,7500.0,820.0,7500.0,,,,,,,,,,,,,,0,0,0,0,0,0,0,0,0,0,0,0,0,0,0,0,0,0,0,0,0,0,0,0,0,0,0,0,0,0,0,0,0,0,0,0,0,0
,,,,,,136,2026-02-12 13:21:25.235794,ATMN,24.23,24.23,24.24,,,,5625.0,,,659.0,4000.0,107900.0,1954.0,2200.0,,,2796.0,98400.0,,,1954.0,2200.0,,,,2250.0,3500.0,3440.0,,,4000.0,,,,,,6000.0,6200.0,8000.0,682.0,,,,,,,,,,0,0,0,0,0,0,0,0,0,0,0,0,0,0,0,0,0,0,0,0,0,0,0,0,0,0,0,0,0,0,0,0,0,0,0,0,0,0
,,,,,,136,2026-02-12 13:21:25.235794,WNTR,24.4,24.4,24.42,,,,,,,,4000.0,559000.0,1867.0,1100.0,,,,338100.0,,1469.0,1867.0,,,,,,,3200.0,,,4000.0,,,7500.0,,7500.0,,,3980.0,,8550.0,750.0,4000.0,1084.0,4000.0,1080.0,4000.0,4000.0,5000.0,0,0,0,0,0,0,0,0,0,0,0,0,0,0,0,0,0,0,0,0,0,0,0,0,0,0,0,0,0,0,0,0,0,0,0,0,0,0
2.0,1.0,1.0,,Aggregate Position Limit,Your CRO has set the aggregate position limit to 8000 shares for this week.,137,2026-02-12 13:21:26.253970,SPNG,25.31,25.2,25.31,821100.0,4218.0,4000.0,11250.0,2812.0,7500.0,10000.0,2200.0,4265.0,3000.0,840.0,11250.0,4265.0,4000.0,4000.0,6000.0,3770.0,1100.0,3000.0,4000.0,709200.0,,,,,,,,,,,,,,,,,,,,,0,0,0,0,0,0,0,0,0,0,0,0,0,0,0,0,0,0,0,0,0,0,0,0,0,0,0,0,0,0,0,0,0,0,0,0,0,0,0,0,0,0,0
1.0,1.0,1.0,,Welcome to the RITC 2026 Alogithmic Market Making Case - practice server,,137,2026-02-12 13:21:26.253970,SMMR,26.54,26.53,26.54,345800.0,,,,,,,4400.0,,,,,,,,,,,1500.0,4000.0,430700.0,4000.0,750.0,8000.0,1590.0,3000.0,6000.0,845.0,7500.0,,,,,,,,,,,,,0,0,0,0,0,0,0,0,0,0,0,0,0,0,0,0,0,0,0,0,0,0,0,0,0,0,0,0,0,0,0,0,0,0,0,0,0,0,0,0,0,0,0
,,,,,,137,2026-02-12 13:21:26.253970,ATMN,24.43,24.24,24.28,107900.0,,,5625.0,,,,,,2250.0,,,5812.0,,4000.0,6000.0,6550.0,,2250.0,,643500.0,4000.0,,3440.0,1954.0,,,,,3500.0,395.0,6000.0,4000.0,4000.0,3768.0,1954.0,709.0,4000.0,,,,0,0,0,0,0,0,0,0,0,0,0,0,0,0,0,0,0,0,0,0,0,0,0,0,0,0,0,0,0,0,0,0,0,0,0,0,0,0,0,0,0,0,0
,,,,,,137,2026-02-12 13:21:26.253970,WNTR,24.41,24.4,24.41,245700.0,,,,,,,2200.0,,750.0,,,,,,,,1100.0,,4000.0,96100.0,4000.0,1066.0,6400.0,1867.0,7164.0,,,,,,,4000.0,,2364.0,1867.0,,,8550.0,14000.0,4950.0,0,0,0,0,0,0,0,0,0,0,0,0,0,0,0,0,0,0,0,0,0,0,0,0,0,0,0,0,0,0,0,0,0,0,0,0,0,0,0,0,0,0,0
2.0,1.0,1.0,,Aggregate Position Limit,Your CRO has set the aggregate position limit to 8000 shares for this week.,138,2026-02-12 13:21:27.274092,SPNG,25.49,25.26,25.28,2500.0,6000.0,4000.0,7031.0,2400.0,3548.0,3750.0,3000.0,111200.0,5000.0,4337.0,3500.0,5625.0,7500.0,5625.0,4000.0,465.0,4000.0,5000.0,4300.0,1464.0,1774.0,606300.0,5040.0,2467.0,,,,,,,,,,,,,,,,,,,,,0,0,0,0,0,0,0,0,0,0,0,0,0,0,0,0,0,0,0,0,0,0,0,0,0,0,0,0,0,0,0,0,0,0,0,0,0,0,0
1.0,1.0,1.0,,Welcome to the RITC 2026 Alogithmic Market Making Case - practice server,,138,2026-02-12 13:21:27.274092,SMMR,26.54,26.54,26.55,2500.0,,4000.0,,,3606.0,750.0,750.0,676300.0,,,3500.0,,,,,1178.0,,,,,3606.0,799200.0,,3500.0,4000.0,3300.0,6200.0,4340.0,2000.0,750.0,6000.0,1500.0,7500.0,1796.0,6000.0,,,,,,,,,,0,0,0,0,0,0,0,0,0,0,0,0,0,0,0,0,0,0,0,0,0,0,0,0,0,0,0,0,0,0,0,0,0,0,0,0,0,0,0
,,,,,,138,2026-02-12 13:21:27.274092,ATMN,24.4,24.4,24.41,,,4000.0,,,3758.0,,,232300.0,,,,5625.0,,,,,,,,,3758.0,643500.0,6350.0,,6000.0,5500.0,5263.0,,,,,2250.0,,,11624.0,6000.0,4000.0,4000.0,792.0,4000.0,6000.0,4000.0,,,0,0,0,0,0,0,0,0,0,0,0,0,0,0,0,0,0,0,0,0,0,0,0,0,0,0,0,0,0,0,0,0,0,0,0,0,0,0,0
,,,,,,138,2026-02-12 13:21:27.274092,WNTR,24.41,24.4,24.41,,,4000.0,,8000.0,,533.0,,118100.0,,,,,,,,,4000.0,,,7164.0,1977.0,,,21000.0,,4400.0,,,,,,,,,,6000.0,,,,4000.0,6000.0,,8550.0,7450.0,0,0,0,0,0,0,0,0,0,0,0,0,0,0,0,0,0,0,0,0,0,0,0,0,0,0,0,0,0,0,0,0,0,0,0,0,0,0,0
2.0,1.0,1.0,,Aggregate Position Limit,Your CRO has set the aggregate position limit to 8000 shares for this week.,139,2026-02-12 13:21:28.294842,SPNG,25.22,25.26,25.28,1298.0,6000.0,333700.0,3500.0,7500.0,4337.0,5625.0,2000.0,4000.0,8000.0,5625.0,1330.0,5625.0,10000.0,1100.0,10000.0,3500.0,4000.0,4686.0,391200.0,4000.0,2596.0,4200.0,,,,,,,,,,,,,,,,,,,0,0,0,0,0,0,0,0,0,0,0,0,0,0,0,0,0,0,0,0,0,0,0,0,0,0,0,0,0,0,0,0,0,0,0,0,0,0,0,0,0,0,0
1.0,1.0,1.0,,Welcome to the RITC 2026 Alogithmic Market Making Case - practice server,,139,2026-02-12 13:21:28.294842,SMMR,26.54,26.54,26.56,1718.0,,461700.0,3500.0,,,,,,,,3000.0,,,2896.0,,,,,735100.0,,,1950.0,2500.0,4000.0,750.0,6501.0,4000.0,1500.0,6200.0,2000.0,750.0,6000.0,,,,,,,,,0,0,0,0,0,0,0,0,0,0,0,0,0,0,0,0,0,0,0,0,0,0,0,0,0,0,0,0,0,0,0,0,0,0,0,0,0,0,0,0,0,0,0
,,,,,,139,2026-02-12 13:21:28.294842,ATMN,24.46,24.41,24.42,1668.0,,232300.0,7000.0,7500.0,,,,4000.0,4000.0,,,5625.0,,,,3500.0,,,729200.0,4000.0,1668.0,8200.0,,,,5263.0,4000.0,,,,,11624.0,4400.0,6000.0,6000.0,4000.0,,,,,0,0,0,0,0,0,0,0,0,0,0,0,0,0,0,0,0,0,0,0,0,0,0,0,0,0,0,0,0,0,0,0,0,0,0,0,0,0,0,0,0,0,0
,,,,,,139,2026-02-12 13:21:28.294842,WNTR,24.39,24.39,24.4,1755.0,750.0,235600.0,3500.0,,,,,4000.0,4000.0,,332.0,,,,,7000.0,,,120900.0,4000.0,1755.0,,,,533.0,,4000.0,6368.0,,,750.0,,5500.0,6000.0,,4000.0,1750.0,496.0,15450.0,6000.0,0,0,0,0,0,0,0,0,0,0,0,0,0,0,0,0,0,0,0,0,0,0,0,0,0,0,0,0,0,0,0,0,0,0,0,0,0,0,0,0,0,0,0
2.0,1.0,1.0,,Aggregate Position Limit,Your CRO has set the aggregate position limit to 8000 shares for this week.,140,2026-02-12 13:21:29.312727,SPNG,25.33,25.23,25.33,11250.0,5000.0,464100.0,11250.0,7500.0,3750.0,3000.0,4337.0,7500.0,5625.0,4000.0,1330.0,6000.0,4000.0,1100.0,6000.0,3500.0,867700.0,5705.0,1860.0,4337.0,1277.0,,,,,,,,,,,,,,,,,,,,,,,0,0,0,0,0,0,0,0,0,0,0,0,0,0,0,0,0,0,0,0,0,0,0,0,0,0,0,0,0,0,0,0,0,0,0,0,0,0,0,0
1.0,1.0,1.0,,Welcome to the RITC 2026 Alogithmic Market Making Case - practice server,,140,2026-02-12 13:21:29.312727,SMMR,26.56,26.56,26.57,,,95800.0,,,750.0,,,,,,,,,3996.0,6000.0,,742700.0,3000.0,6200.0,6000.0,1840.0,4000.0,2500.0,1840.0,3500.0,6000.0,7200.0,5175.0,877.0,4000.0,2500.0,750.0,,,,,,,,,,,,0,0,0,0,0,0,0,0,0,0,0,0,0,0,0,0,0,0,0,0,0,0,0,0,0,0,0,0,0,0,0,0,0,0,0,0,0,0,0,0
,,,,,,140,2026-02-12 13:21:29.312727,ATMN,24.42,24.43,24.44,11250.0,,107900.0,5625.0,,,,,,5625.0,4000.0,1200.0,,14000.0,,,,645600.0,6850.0,,11624.0,1657.0,,,1657.0,3500.0,,,3008.0,634.0,4000.0,,2250.0,5500.0,4000.0,4000.0,3310.0,,,,,,,,0,0,0,0,0,0,0,0,0,0,0,0,0,0,0,0,0,0,0,0,0,0,0,0,0,0,0,0,0,0,0,0,0,0,0,0,0,0,0,0
,,,,,,140,2026-02-12 13:21:29.312727,WNTR,24.35,24.3,24.35,,,1032200.0,,,,,,,,,1084.0,,4000.0,,,,345200.0,,,,1599.0,,,1599.0,,,,,,4000.0,2500.0,750.0,,4000.0,,750.0,3500.0,526.0,561.0,2000.0,3500.0,6400.0,10000.0,0,0,0,0,0,0,0,0,0,0,0,0,0,0,0,0,0,0,0,0,0,0,0,0,0,0,0,0,0,0,0,0,0,0,0,0,0,0,0,0
2.0,1.0,1.0,,Aggregate Position Limit,Your CRO has set the aggregate position limit to 8000 shares for this week.,141,2026-02-12 13:21:30.329944,SPNG,25.3,25.29,25.3,10000.0,8000.0,500.0,3320.0,5625.0,2200.0,3500.0,5000.0,3000.0,25000.0,6000.0,938.0,752.0,3300.0,3500.0,4000.0,2400.0,1535.0,1950.0,,,,,,,,,,,,,,,,,,,0,0,0,0,0,0,0,0,0,0,0,0,0,0,0,0,0,0,0,0,0,0,0,0,0,0,0,0,0,0,0,0,0,0,0,0,0,0,0,0,0,0,0,0,0,0,0
1.0,1.0,1.0,,Welcome to the RITC 2026 Alogithmic Market Making Case - practice server,,141,2026-02-12 13:21:30.329944,SMMR,26.67,26.56,26.67,,8000.0,6000.0,4260.0,,,3500.0,,,,,,,1796.0,,,,,6500.0,1500.0,109500.0,3849.0,2811.0,1296600.0,6000.0,,,,,,,,,,,,,0,0,0,0,0,0,0,0,0,0,0,0,0,0,0,0,0,0,0,0,0,0,0,0,0,0,0,0,0,0,0,0,0,0,0,0,0,0,0,0,0,0,0,0,0,0,0
,,,,,,141,2026-02-12 13:21:30.329944,ATMN,24.34,24.34,24.41,,8000.0,,,5625.0,1100.0,,,4500.0,,6000.0,8086.0,,1100.0,3500.0,,,,5150.0,,218200.0,,,434200.0,5812.0,3500.0,2500.0,4000.0,4000.0,2250.0,6000.0,,,,,,,0,0,0,0,0,0,0,0,0,0,0,0,0,0,0,0,0,0,0,0,0,0,0,0,0,0,0,0,0,0,0,0,0,0,0,0,0,0,0,0,0,0,0,0,0,0,0
,,,,,,141,2026-02-12 13:21:30.329944,WNTR,24.28,24.27,24.28,4000.0,,,4055.0,,,1796.0,,,,,3000.0,,1100.0,13812.0,,,4055.0,,,690400.0,,,345200.0,,3500.0,,4000.0,,1500.0,10000.0,2815.0,496.0,7500.0,7500.0,1750.0,9550.0,0,0,0,0,0,0,0,0,0,0,0,0,0,0,0,0,0,0,0,0,0,0,0,0,0,0,0,0,0,0,0,0,0,0,0,0,0,0,0,0,0,0,0,0,0,0,0
2.0,1.0,1.0,,Aggregate Position Limit,Your CRO has set the aggregate position limit to 8000 shares for this week.,142,2026-02-12 13:21:31.543388,SPNG,25.32,25.38,25.39,5950.0,2940.0,4800.0,4000.0,4000.0,4340.0,5625.0,6000.0,5000.0,10000.0,5625.0,4000.0,2109.0,5600.0,1406.0,1406.0,6296.0,4000.0,3000.0,2000.0,89400.0,509.0,,,,,,,,,,,,,,,,,,,,,,,,,,0,0,0,0,0,0,0,0,0,0,0,0,0,0,0,0,0,0,0,0,0,0,0,0,0,0,0,0,0,0,0,0,0,0,0,0,0
1.0,1.0,1.0,,Welcome to the RITC 2026 Alogithmic Market Making Case - practice server,,142,2026-02-12 13:21:31.543388,SMMR,26.65,26.68,26.69,6356.0,,,4000.0,4000.0,7859.0,,,,,,,,,,,,,,,1068700.0,,89100.0,2084.0,5000.0,750.0,2200.0,750.0,877.0,7500.0,4000.0,4689.0,1796.0,6393.0,5900.0,2084.0,,,,,,,,,,,,0,0,0,0,0,0,0,0,0,0,0,0,0,0,0,0,0,0,0,0,0,0,0,0,0,0,0,0,0,0,0,0,0,0,0,0,0
,,,,,,142,2026-02-12 13:21:31.543388,ATMN,24.35,24.32,24.35,3500.0,4200.0,,4000.0,2000.0,,11250.0,,,,2812.0,,1119.0,3000.0,5625.0,5625.0,,,4500.0,,,,97500.0,2494.0,2500.0,4500.0,1100.0,,701.0,7500.0,4000.0,,,,1950.0,,7500.0,4000.0,5625.0,2500.0,5812.0,3500.0,,,,,,0,0,0,0,0,0,0,0,0,0,0,0,0,0,0,0,0,0,0,0,0,0,0,0,0,0,0,0,0,0,0,0,0,0,0,0,0
,,,,,,142,2026-02-12 13:21:31.543388,WNTR,24.26,24.21,24.23,,2483.0,,4000.0,5500.0,,,,,,,,,8000.0,,,,1750.0,750.0,,125700.0,,327400.0,5028.0,,,,,,5432.0,4000.0,,,,,2817.0,1091.0,4000.0,,2500.0,,13812.0,2170.0,4000.0,4000.0,5000.0,750.0,0,0,0,0,0,0,0,0,0,0,0,0,0,0,0,0,0,0,0,0,0,0,0,0,0,0,0,0,0,0,0,0,0,0,0,0,0
2.0,1.0,1.0,,Aggregate Position Limit,Your CRO has set the aggregate position limit to 8000 shares for this week.,143,2026-02-12 13:21:32.587793,SPNG,25.38,25.38,25.39,9080.0,15000.0,3750.0,2400.0,1745.0,2940.0,2200.0,6000.0,6000.0,4000.0,3000.0,4340.0,5500.0,5000.0,1208.0,2200.0,300.0,4000.0,1745.0,3748.0,6000.0,128.0,4000.0,317300.0,3930.0,,,,,,,,,,,,,,,,,,,,,,,,,0,0,0,0,0,0,0,0,0,0,0,0,0,0,0,0,0,0,0,0,0,0,0,0,0,0,0,0,0,0,0,0,0,0,0
1.0,1.0,1.0,,Welcome to the RITC 2026 Alogithmic Market Making Case - practice server,,143,2026-02-12 13:21:32.587793,SMMR,26.53,26.67,26.7,,,,800.0,,4200.0,2200.0,,,,750.0,,,,,,1233.0,4000.0,1777.0,,,,,844000.0,5150.0,1295100.0,6000.0,4689.0,6393.0,6000.0,,,,,,,,,,,,,,,,,,,,0,0,0,0,0,0,0,0,0,0,0,0,0,0,0,0,0,0,0,0,0,0,0,0,0,0,0,0,0,0,0,0,0,0,0
,,,,,,143,2026-02-12 13:21:32.587793,ATMN,24.19,24.18,24.19,,,2250.0,,,2150.0,1100.0,,6000.0,,2250.0,,6000.0,,1119.0,2200.0,4800.0,,1685.0,,,6200.0,,95300.0,,334200.0,4828.0,,,4828.0,1406.0,11250.0,4000.0,5625.0,8000.0,7500.0,7500.0,4000.0,3500.0,5625.0,5625.0,4000.0,709.0,,,,,,,0,0,0,0,0,0,0,0,0,0,0,0,0,0,0,0,0,0,0,0,0,0,0,0,0,0,0,0,0,0,0,0,0,0,0
,,,,,,143,2026-02-12 13:21:32.587793,WNTR,24.36,24.17,24.36,1750.0,,548.0,,2615.0,2483.0,,,,4000.0,,,6000.0,,,1100.0,,,,,,,,468700.0,,555500.0,,,,,,,4000.0,,4000.0,,5432.0,4000.0,,,,4000.0,,561.0,526.0,1500.0,2000.0,30450.0,1013.0,0,0,0,0,0,0,0,0,0,0,0,0,0,0,0,0,0,0,0,0,0,0,0,0,0,0,0,0,0,0,0,0,0,0,0
2.0,1.0,1.0,,Aggregate Position Limit,Your CRO has set the aggregate position limit to 8000 shares for this week.,144,2026-02-12 13:21:33.620917,SPNG,25.38,25.38,25.44,30000.0,3200.0,1420.0,2205.0,3300.0,6630.0,694.0,6000.0,4000.0,527.0,1420.0,1255600.0,5080.0,,,,,,,,,,,,,,,,,,,,,,,,,,,,,,,0,0,0,0,0,0,0,0,0,0,0,0,0,0,0,0,0,0,0,0,0,0,0,0,0,0,0,0,0,0,0,0,0,0,0,0,0,0,0,0,0
1.0,1.0,1.0,,Welcome to the RITC 2026 Alogithmic Market Making Case - practice server,,144,2026-02-12 13:21:33.620917,SMMR,26.69,26.7,26.71,,800.0,1800.0,3000.0,2200.0,3500.0,,6000.0,4000.0,,1800.0,729000.0,4200.0,750.0,859.0,2000.0,1107.0,7500.0,659900.0,6000.0,904.0,600.0,59.0,1100.0,7500.0,7500.0,6000.0,,,,,,,,,,,,,,,,,0,0,0,0,0,0,0,0,0,0,0,0,0,0,0,0,0,0,0,0,0,0,0,0,0,0,0,0,0,0,0,0,0,0,0,0,0,0,0,0,0
,,,,,,144,2026-02-12 13:21:33.620917,ATMN,24.07,24.09,24.15,,,3118.0,1700.0,,,,,,,3118.0,95300.0,,4500.0,,,,7500.0,1197000.0,4828.0,,,3500.0,4400.0,7500.0,7500.0,4828.0,4000.0,6200.0,5625.0,6000.0,5625.0,5625.0,4000.0,,,,,,,,,,0,0,0,0,0,0,0,0,0,0,0,0,0,0,0,0,0,0,0,0,0,0,0,0,0,0,0,0,0,0,0,0,0,0,0,0,0,0,0,0,0
,,,,,,144,2026-02-12 13:21:33.620917,WNTR,24.19,24.19,24.2,,900.0,5258.0,,,2331.0,,,4000.0,,5258.0,224300.0,420.0,,,,1091.0,7500.0,327400.0,,,800.0,6260.0,1100.0,2068.0,7500.0,,4000.0,5159.0,,,,,4000.0,15000.0,2275.0,6000.0,4000.0,4000.0,1500.0,5000.0,6000.0,2000.0,0,0,0,0,0,0,0,0,0,0,0,0,0,0,0,0,0,0,0,0,0,0,0,0,0,0,0,0,0,0,0,0,0,0,0,0,0,0,0,0,0
2.0,1.0,1.0,,Aggregate Position Limit,Your CRO has set the aggregate position limit to 8000 shares for this week.,145,2026-02-12 13:21:34.654745,SPNG,25.6,25.49,25.53,7500.0,2896.0,3780.0,3086.0,3090.0,3500.0,30000.0,10000.0,3000.0,3750.0,783300.0,438.0,3086.0,7495.0,3090.0,,,,,,,,,,,,,,,,,,,,,,,,,,0,0,0,0,0,0,0,0,0,0,0,0,0,0,0,0,0,0,0,0,0,0,0,0,0,0,0,0,0,0,0,0,0,0,0,0,0,0,0,0,0,0,0,0
1.0,1.0,1.0,,Welcome to the RITC 2026 Alogithmic Market Making Case - practice server,,145,2026-02-12 13:21:34.654745,SMMR,26.53,26.55,26.76,,3300.0,4200.0,2162.0,,2197.0,,,,,1176700.0,,2162.0,3950.0,6000.0,4000.0,2500.0,969500.0,1100.0,642.0,,,,,,,,,,,,,,,,,,,,,0,0,0,0,0,0,0,0,0,0,0,0,0,0,0,0,0,0,0,0,0,0,0,0,0,0,0,0,0,0,0,0,0,0,0,0,0,0,0,0,0,0,0,0
,,,,,,145,2026-02-12 13:21:34.654745,ATMN,24.42,24.12,24.13,2250.0,,3000.0,,,3500.0,,,2250.0,2250.0,,,1701.0,4350.0,4828.0,6000.0,,96600.0,1100.0,,1790.0,4000.0,296.0,1326.0,3196.0,6000.0,4775.0,4000.0,3500.0,6000.0,2400.0,10000.0,4000.0,4000.0,5625.0,4000.0,2250.0,,,,0,0,0,0,0,0,0,0,0,0,0,0,0,0,0,0,0,0,0,0,0,0,0,0,0,0,0,0,0,0,0,0,0,0,0,0,0,0,0,0,0,0,0,0
,,,,,,145,2026-02-12 13:21:34.654745,WNTR,24.36,24.19,24.2,,2200.0,682.0,2640.0,,581.0,,6000.0,,,584900.0,,2640.0,332.0,,,,557700.0,1100.0,,,,1412.0,900.0,,6000.0,,4000.0,,,800.0,,,,,,1500.0,4550.0,10000.0,34225.0,0,0,0,0,0,0,0,0,0,0,0,0,0,0,0,0,0,0,0,0,0,0,0,0,0,0,0,0,0,0,0,0,0,0,0,0,0,0,0,0,0,0,0,0
2.0,1.0,1.0,,Aggregate Position Limit,Your CRO has set the aggregate position limit to 8000 shares for this week.,146,2026-02-12 13:21:35.671325,SPNG,25.23,25.53,25.54,1883.0,4000.0,2200.0,3500.0,11250.0,5000.0,3000.0,1050.0,4000.0,5625.0,5625.0,113600.0,3500.0,4000.0,3500.0,2076.0,4000.0,568700.0,6830.0,,,,,,,,,,,,,,,,,,,,,,,,,,,,,0,0,0,0,0,0,0,0,0,0,0,0,0,0,0,0,0,0,0,0,0,0,0,0,0,0,0,0,0,0,0,0,0,0,0,0,0
1.0,1.0,1.0,,Welcome to the RITC 2026 Alogithmic Market Making Case - practice server,,146,2026-02-12 13:21:35.671325,SMMR,26.6,26.59,26.6,,,3996.0,,,,750.0,1200.0,,,,869800.0,,,1279.0,996.0,,897000.0,5150.0,2500.0,5697.0,6000.0,947.0,7500.0,750.0,7500.0,1100.0,6000.0,2638.0,,,,,,,,,,,,,,,,,,,0,0,0,0,0,0,0,0,0,0,0,0,0,0,0,0,0,0,0,0,0,0,0,0,0,0,0,0,0,0,0,0,0,0,0,0,0
,,,,,,146,2026-02-12 13:21:35.671325,ATMN,24.13,24.13,24.15,,2652.0,1796.0,6000.0,,,2250.0,,4000.0,,4602.0,,,4000.0,,,,322200.0,1900.0,2500.0,7000.0,,,,,,2896.0,5812.0,2534.0,4000.0,3196.0,2250.0,6000.0,2250.0,701.0,11250.0,6000.0,2250.0,6000.0,4000.0,5625.0,4000.0,,,,,,0,0,0,0,0,0,0,0,0,0,0,0,0,0,0,0,0,0,0,0,0,0,0,0,0,0,0,0,0,0,0,0,0,0,0,0,0
,,,,,,146,2026-02-12 13:21:35.671325,WNTR,24.18,24.18,24.19,3456.0,3000.0,,,,,,682.0,,,,320800.0,,4000.0,3500.0,,,224300.0,332.0,,,,,,,2068.0,2896.0,,3456.0,,,750.0,6000.0,750.0,954.0,,6000.0,750.0,,4000.0,,4000.0,10000.0,4000.0,5000.0,1013.0,6000.0,0,0,0,0,0,0,0,0,0,0,0,0,0,0,0,0,0,0,0,0,0,0,0,0,0,0,0,0,0,0,0,0,0,0,0,0,0
2.0,1.0,1.0,,Aggregate Position Limit,Your CRO has set the aggregate position limit to 8000 shares for this week.,147,2026-02-12 13:21:36.688771,SPNG,25.33,25.28,25.33,6620.0,11250.0,2000.0,641400.0,2200.0,1904.0,10042.0,4220.0,4250.0,3000.0,1750.0,15000.0,1100.0,1904.0,4000.0,3500.0,1600.0,4000.0,10000.0,,,,,,,,,,,,,,,,,,,,,,,0,0,0,0,0,0,0,0,0,0,0,0,0,0,0,0,0,0,0,0,0,0,0,0,0,0,0,0,0,0,0,0,0,0,0,0,0,0,0,0,0,0,0
1.0,1.0,1.0,,Welcome to the RITC 2026 Alogithmic Market Making Case - practice server,,147,2026-02-12 13:21:36.688771,SMMR,26.54,26.5,26.54,3100.0,,,1185600.0,3996.0,2903.0,,,,6000.0,4000.0,,2200.0,2903.0,4000.0,,2580.0,,,6000.0,750.0,319200.0,7500.0,750.0,2000.0,,,,,,,,,,,,,,,,,0,0,0,0,0,0,0,0,0,0,0,0,0,0,0,0,0,0,0,0,0,0,0,0,0,0,0,0,0,0,0,0,0,0,0,0,0,0,0,0,0,0,0
,,,,,,147,2026-02-12 13:21:36.688771,ATMN,24.24,24.23,24.24,,2660.0,2000.0,96700.0,2896.0,2892.0,5625.0,5625.0,6000.0,,,,1100.0,5433.0,4000.0,3500.0,4000.0,4000.0,,,2250.0,221100.0,,,2000.0,3500.0,7500.0,2784.0,4000.0,3196.0,4500.0,2000.0,4000.0,4000.0,5625.0,4500.0,,,,,,0,0,0,0,0,0,0,0,0,0,0,0,0,0,0,0,0,0,0,0,0,0,0,0,0,0,0,0,0,0,0,0,0,0,0,0,0,0,0,0,0,0,0
,,,,,,147,2026-02-12 13:21:36.688771,WNTR,24.29,24.29,24.31,2483.0,,,546200.0,1796.0,6762.0,,,6000.0,332.0,,,1100.0,,4000.0,,1300.0,4000.0,,,,461400.0,,,,6712.0,7500.0,,4000.0,,750.0,2000.0,,4000.0,,1500.0,4000.0,15775.0,4000.0,4000.0,6000.0,0,0,0,0,0,0,0,0,0,0,0,0,0,0,0,0,0,0,0,0,0,0,0,0,0,0,0,0,0,0,0,0,0,0,0,0,0,0,0,0,0,0,0
2.0,1.0,1.0,,Aggregate Position Limit,Your CRO has set the aggregate position limit to 8000 shares for this week.,148,2026-02-12 13:21:37.706645,SPNG,25.48,25.29,25.32,6627.0,4000.0,1502.0,600.0,224100.0,11250.0,3500.0,11250.0,1875.0,3000.0,6000.0,1822.0,1600.0,132200.0,4200.0,4219.0,6000.0,15000.0,1100.0,6000.0,25000.0,,,,,,,,,,,,,,,,,,,,,,,,,,,,,,0,0,0,0,0,0,0,0,0,0,0,0,0,0,0,0,0,0,0,0,0,0,0,0,0,0,0,0,0,0,0,0,0,0
1.0,1.0,1.0,,Welcome to the RITC 2026 Alogithmic Market Making Case - practice server,,148,2026-02-12 13:21:37.706645,SMMR,26.51,26.5,26.52,,4000.0,,,891100.0,,3500.0,,,750.0,,2441.0,,319200.0,3000.0,,6000.0,,3300.0,,,7500.0,4000.0,2150.0,3996.0,6000.0,4000.0,1030.0,4000.0,1500.0,4295.0,2000.0,,,,,,,,,,,,,,,,,,,0,0,0,0,0,0,0,0,0,0,0,0,0,0,0,0,0,0,0,0,0,0,0,0,0,0,0,0,0,0,0,0,0,0
,,,,,,148,2026-02-12 13:21:37.706645,ATMN,24.23,24.23,24.24,3196.0,4000.0,,446.0,317500.0,2660.0,3500.0,,2250.0,2250.0,,2432.0,1600.0,221100.0,,5625.0,6000.0,,,,,,,,3300.0,5015.0,4000.0,,,2250.0,,2000.0,749.0,701.0,2000.0,3500.0,674.0,701.0,783.0,5625.0,4500.0,4000.0,4000.0,7500.0,,,,,,,0,0,0,0,0,0,0,0,0,0,0,0,0,0,0,0,0,0,0,0,0,0,0,0,0,0,0,0,0,0,0,0,0,0
,,,,,,148,2026-02-12 13:21:37.706645,WNTR,24.3,24.3,24.31,,4000.0,,1580.0,311700.0,,7000.0,,750.0,750.0,6000.0,3218.0,1600.0,340500.0,332.0,,6000.0,,1100.0,6000.0,,1091.0,,,3300.0,,4000.0,,,,,,1568.0,,2000.0,,,,,,750.0,4000.0,8000.0,,3000.0,4000.0,4000.0,3218.0,20000.0,4000.0,0,0,0,0,0,0,0,0,0,0,0,0,0,0,0,0,0,0,0,0,0,0,0,0,0,0,0,0,0,0,0,0,0,0
2.0,1.0,1.0,,Aggregate Position Limit,Your CRO has set the aggregate position limit to 8000 shares for this week.,149,2026-02-12 13:21:38.724777,SPNG,25.48,25.3,25.33,10000.0,1200.0,6627.0,7000.0,3000.0,5625.0,93700.0,5625.0,2000.0,2554.0,694.0,2364.0,132200.0,4200.0,6000.0,2110.0,15000.0,1100.0,6000.0,5625.0,25000.0,,,,,,,,,,,,,,,,,,,,,,,,,,,0,0,0,0,0,0,0,0,0,0,0,0,0,0,0,0,0,0,0,0,0,0,0,0,0,0,0,0,0,0,0,0,0,0,0,0,0
1.0,1.0,1.0,,Welcome to the RITC 2026 Alogithmic Market Making Case - practice server,,149,2026-02-12 13:21:38.724777,SMMR,26.56,26.52,26.61,,1377.0,,9450.0,750.0,,907900.0,,,1500.0,,,679400.0,9850.0,6000.0,,,3300.0,,,,4000.0,1200.0,2896.0,1227.0,2000.0,,,,,,,,,,,,,,,,,,,,,,0,0,0,0,0,0,0,0,0,0,0,0,0,0,0,0,0,0,0,0,0,0,0,0,0,0,0,0,0,0,0,0,0,0,0,0,0
,,,,,,149,2026-02-12 13:21:38.724777,ATMN,24.15,24.22,24.23,,2100.0,2283.0,,,,121000.0,1330.0,,2250.0,,2841.0,91900.0,,6000.0,5625.0,,,,5625.0,,4000.0,,2200.0,,,2784.0,2000.0,5015.0,689.0,2000.0,2000.0,4000.0,6400.0,5996.0,783.0,5625.0,,,,,,,,,,,0,0,0,0,0,0,0,0,0,0,0,0,0,0,0,0,0,0,0,0,0,0,0,0,0,0,0,0,0,0,0,0,0,0,0,0,0
,,,,,,149,2026-02-12 13:21:38.724777,WNTR,24.18,24.17,24.18,,,,101.0,750.0,,430600.0,,,,,3624.0,461300.0,2345.0,,,,1100.0,,,,,2782.0,2896.0,,,,,,598.0,4000.0,,4000.0,800.0,750.0,,,8000.0,6000.0,4000.0,4000.0,3624.0,5000.0,1500.0,5000.0,6200.0,954.0,0,0,0,0,0,0,0,0,0,0,0,0,0,0,0,0,0,0,0,0,0,0,0,0,0,0,0,0,0,0,0,0,0,0,0,0,0
2.0,1.0,1.0,,Aggregate Position Limit,Your CRO has set the aggregate position limit to 8000 shares for this week.,150,2026-02-12 13:21:39.743927,SPNG,25.37,25.37,25.38,30000.0,4000.0,126300.0,4298.0,5857.0,5950.0,10752.0,2812.0,3000.0,5625.0,2275.0,5484.0,6200.0,1600.0,4000.0,20000.0,2200.0,488.0,5625.0,132200.0,3000.0,2110.0,,,,,,,,,,,,,,,,,,,,,,,,0,0,0,0,0,0,0,0,0,0,0,0,0,0,0,0,0,0,0,0,0,0,0,0,0,0,0,0,0,0,0,0,0,0,0,0,0,0,0
1.0,1.0,1.0,,Welcome to the RITC 2026 Alogithmic Market Making Case - practice server,,150,2026-02-12 13:21:39.743927,SMMR,26.54,26.54,26.55,,4000.0,687500.0,6364.0,6200.0,6746.0,1500.0,,750.0,,1876.0,750.0,6630.0,,4000.0,,1100.0,,,91400.0,4200.0,,779.0,2500.0,2200.0,784.0,959.0,784.0,6364.0,2000.0,6000.0,2000.0,,,,,,,,,,,,,,0,0,0,0,0,0,0,0,0,0,0,0,0,0,0,0,0,0,0,0,0,0,0,0,0,0,0,0,0,0,0,0,0,0,0,0,0,0,0
,,,,,,150,2026-02-12 13:21:39.743927,ATMN,24.15,24.22,24.23,,4000.0,214700.0,5540.0,2283.0,3500.0,2250.0,,2250.0,,3500.0,5996.0,,1600.0,4000.0,,2200.0,,,91900.0,,5625.0,900.0,,2200.0,,,701.0,5540.0,,,2000.0,1330.0,804.0,5015.0,4000.0,7500.0,2250.0,4000.0,5625.0,6000.0,,,,,0,0,0,0,0,0,0,0,0,0,0,0,0,0,0,0,0,0,0,0,0,0,0,0,0,0,0,0,0,0,0,0,0,0,0,0,0,0,0
,,,,,,150,2026-02-12 13:21:39.743927,WNTR,24.31,24.31,24.37,,4000.0,116200.0,6172.0,,1895.0,,,750.0,,,,,,,,5500.0,,,550800.0,665.0,,4776.0,,,,,,,,,2000.0,,1812.0,,,,750.0,,,,15000.0,6000.0,2000.0,28000.0,0,0,0,0,0,0,0,0,0,0,0,0,0,0,0,0,0,0,0,0,0,0,0,0,0,0,0,0,0,0,0,0,0,0,0,0,0,0,0
2.0,1.0,1.0,,Aggregate Position Limit,Your CRO has set the aggregate position limit to 8000 shares for this week.,151,2026-02-12 13:21:40.763133,SPNG,25.38,25.41,25.42,20000.0,3325.0,4000.0,5857.0,5376.0,4632.0,6000.0,694.0,5310.0,541.0,4000.0,3000.0,5625.0,1860.0,447.0,2200.0,2275.0,694.0,4000.0,247600.0,541.0,3000.0,6000.0,7500.0,6000.0,1055.0,5625.0,15000.0,,,,,,,,,,,,,,,,,,,,,,,0,0,0,0,0,0,0,0,0,0,0,0,0,0,0,0,0,0,0,0,0,0,0,0,0,0,0,0,0,0,0,0,0,0
1.0,1.0,1.0,,Welcome to the RITC 2026 Alogithmic Market Making Case - practice server,,151,2026-02-12 13:21:40.763133,SMMR,26.51,26.51,26.55,,,,,750.0,,,,,959.0,,750.0,,6384.0,1014.0,1100.0,,,,,,3000.0,,,,,,,1244500.0,2539.0,7500.0,3996.0,7500.0,4000.0,4000.0,750.0,6400.0,2539.0,,,,,,,,,,,,,0,0,0,0,0,0,0,0,0,0,0,0,0,0,0,0,0,0,0,0,0,0,0,0,0,0,0,0,0,0,0,0,0,0
,,,,,,151,2026-02-12 13:21:40.763133,ATMN,24.32,24.23,24.29,,,,9396.0,4500.0,1392.0,,,,,,2250.0,,,,,,,,185400.0,,3000.0,,7500.0,6000.0,,5625.0,,,2528.0,4775.0,2200.0,,6000.0,4000.0,4500.0,800.0,2528.0,6000.0,2500.0,714.0,4000.0,1496.0,7500.0,4000.0,5625.0,4000.0,,,,0,0,0,0,0,0,0,0,0,0,0,0,0,0,0,0,0,0,0,0,0,0,0,0,0,0,0,0,0,0,0,0,0,0
,,,,,,151,2026-02-12 13:21:40.763133,WNTR,24.36,24.34,24.36,,5985.0,4000.0,2677.0,,,,,,,,1500.0,,,,3425.0,2257.0,,,456700.0,,1200.0,,7500.0,,,,,116200.0,2525.0,4682.0,1225.0,,,4000.0,750.0,,,2000.0,,2400.0,,,7500.0,,,,16225.0,2000.0,30275.0,0,0,0,0,0,0,0,0,0,0,0,0,0,0,0,0,0,0,0,0,0,0,0,0,0,0,0,0,0,0,0,0,0,0
2.0,1.0,1.0,,Aggregate Position Limit,Your CRO has set the aggregate position limit to 8000 shares for this week.,152,2026-02-12 13:21:41.785107,SPNG,25.55,25.39,25.42,2000.0,7500.0,4000.0,4137.0,1100.0,600.0,11250.0,679.0,224100.0,2000.0,4000.0,1613.0,5625.0,5625.0,3000.0,1600.0,1613.0,20000.0,1860.0,5000.0,1875.0,322600.0,1100.0,6000.0,2000.0,1902.0,1200.0,5310.0,4000.0,,,,,,,,,,,,,,,,,,,,,,0,0,0,0,0,0,0,0,0,0,0,0,0,0,0,0,0,0,0,0,0,0,0,0,0,0,0,0,0,0,0,0,0,0
1.0,1.0,1.0,,Welcome to the RITC 2026 Alogithmic Market Making Case - practice server,,152,2026-02-12 13:21:41.785107,SMMR,26.52,26.5,26.52,,,4000.0,,3996.0,,,861.0,1249700.0,,,2270.0,,,,800.0,2270.0,,6630.0,,,90200.0,4400.0,,,,3000.0,,,3000.0,1900.0,4000.0,1500.0,3500.0,6000.0,1900.0,,,,,,,,,,,,,,,0,0,0,0,0,0,0,0,0,0,0,0,0,0,0,0,0,0,0,0,0,0,0,0,0,0,0,0,0,0,0,0,0,0
,,,,,,152,2026-02-12 13:21:41.785107,ATMN,24.29,24.24,24.25,6000.0,,4000.0,3196.0,2200.0,,3509.0,,121000.0,,,,166.0,2812.0,2250.0,,,,,,,304200.0,1100.0,,2000.0,5625.0,3000.0,,8000.0,3000.0,1900.0,,4500.0,3500.0,6000.0,,701.0,5015.0,4775.0,7500.0,5625.0,7500.0,5625.0,4000.0,4000.0,,,,,,0,0,0,0,0,0,0,0,0,0,0,0,0,0,0,0,0,0,0,0,0,0,0,0,0,0,0,0,0,0,0,0,0,0
,,,,,,152,2026-02-12 13:21:41.785107,WNTR,24.35,24.34,24.35,,626.0,,7575.0,3425.0,,,,116200.0,,,2257.0,,,750.0,1836.0,,,,,,340900.0,4400.0,6000.0,,,3000.0,,,,,4000.0,,,,,,,7500.0,,,7500.0,,,4000.0,17000.0,5076.0,6000.0,6000.0,2500.0,0,0,0,0,0,0,0,0,0,0,0,0,0,0,0,0,0,0,0,0,0,0,0,0,0,0,0,0,0,0,0,0,0,0
2.0,1.0,1.0,,Aggregate Position Limit,Your CRO has set the aggregate position limit to 8000 shares for this week.,153,2026-02-12 13:21:42.802789,SPNG,25.55,25.37,25.4,6000.0,5000.0,1340.0,15000.0,5625.0,3000.0,5625.0,4000.0,7500.0,4000.0,2500.0,5625.0,7500.0,1771.0,2016.0,9389.0,450600.0,6300.0,15000.0,1100.0,6000.0,4000.0,,,,,,,,,,,,,,,,,,,,,,,,,,0,0,0,0,0,0,0,0,0,0,0,0,0,0,0,0,0,0,0,0,0,0,0,0,0,0,0,0,0,0,0,0,0,0,0,0,0
1.0,1.0,1.0,,Welcome to the RITC 2026 Alogithmic Market Making Case - practice server,,153,2026-02-12 13:21:42.802789,SMMR,26.61,26.61,26.62,,,,,,,,,,4000.0,,,7500.0,2707.0,,,769600.0,6850.0,,3300.0,,,1271600.0,750.0,905.0,974.0,2896.0,1227.0,3453.0,2707.0,6000.0,,,,,,,,,,,,,,,,,0,0,0,0,0,0,0,0,0,0,0,0,0,0,0,0,0,0,0,0,0,0,0,0,0,0,0,0,0,0,0,0,0,0,0,0,0
,,,,,,153,2026-02-12 13:21:42.802789,ATMN,24.24,24.24,24.25,,,3196.0,,5625.0,3000.0,2812.0,,2250.0,,,,,2299.0,,1058.0,286600.0,3000.0,,,,8000.0,121000.0,2250.0,3500.0,,4400.0,,,2299.0,,5015.0,6000.0,4000.0,11250.0,674.0,4000.0,8000.0,6750.0,2000.0,4000.0,,,,,,,0,0,0,0,0,0,0,0,0,0,0,0,0,0,0,0,0,0,0,0,0,0,0,0,0,0,0,0,0,0,0,0,0,0,0,0,0
,,,,,,153,2026-02-12 13:21:42.802789,WNTR,24.38,24.37,24.38,,,6857.0,,,,,10000.0,750.0,4000.0,,,,4875.0,750.0,,219600.0,3000.0,,3300.0,,,,750.0,3500.0,4800.0,2200.0,,,,,,,,,,4000.0,,,,,4000.0,10000.0,7725.0,3138.0,6200.0,3500.0,0,0,0,0,0,0,0,0,0,0,0,0,0,0,0,0,0,0,0,0,0,0,0,0,0,0,0,0,0,0,0,0,0,0,0,0,0
2.0,1.0,1.0,,Aggregate Position Limit,Your CRO has set the aggregate position limit to 8000 shares for this week.,155,2026-02-12 13:21:43.829713,SPNG,25.38,25.39,25.4,7000.0,30000.0,10000.0,900.0,4000.0,1340.0,1100.0,5625.0,3000.0,2016.0,4000.0,5493.0,2400.0,490.0,4694.0,2259.0,7000.0,1100.0,344.0,590.0,618.0,2000.0,4000.0,4000.0,500.0,,,,,,,,,,,,,,,,,,,,,,,,,,0,0,0,0,0,0,0,0,0,0,0,0,0,0,0,0,0,0,0,0,0,0,0,0,0,0,0,0,0,0,0,0,0,0
1.0,1.0,1.0,,Welcome to the RITC 2026 Alogithmic Market Making Case - practice server,,155,2026-02-12 13:21:43.829713,SMMR,26.6,26.6,26.61,3500.0,,,3235.0,4000.0,,1100.0,,1500.0,,4000.0,,1600.0,,,3183.0,,2200.0,,,,2000.0,,,,2500.0,3183.0,709300.0,6000.0,7500.0,2000.0,2500.0,689.0,1227.0,6000.0,5150.0,441800.0,,,,,,,,,,,,,,0,0,0,0,0,0,0,0,0,0,0,0,0,0,0,0,0,0,0,0,0,0,0,0,0,0,0,0,0,0,0,0,0,0
,,,,,,155,2026-02-12 13:21:43.829713,ATMN,24.2,24.18,24.2,,,,,4000.0,,2896.0,,6750.0,2250.0,4000.0,5625.0,1600.0,,264.0,2765.0,,,,,,,,4000.0,,,2765.0,214700.0,,,,2500.0,,,,,300200.0,2250.0,5015.0,8000.0,6000.0,4000.0,4200.0,4000.0,166.0,9581.0,6750.0,,,,0,0,0,0,0,0,0,0,0,0,0,0,0,0,0,0,0,0,0,0,0,0,0,0,0,0,0,0,0,0,0,0,0,0
,,,,,,155,2026-02-12 13:21:43.829713,WNTR,24.29,24.23,24.29,,,,,,,3996.0,,1500.0,2250.0,4000.0,,800.0,,,3557.0,7000.0,1100.0,,,,,4000.0,,,,,430600.0,,,,,,,,3000.0,319300.0,,,4000.0,6000.0,4000.0,5900.0,,,6200.0,,2000.0,10000.0,15000.0,0,0,0,0,0,0,0,0,0,0,0,0,0,0,0,0,0,0,0,0,0,0,0,0,0,0,0,0,0,0,0,0,0,0
2.0,1.0,1.0,,Aggregate Position Limit,Your CRO has set the aggregate position limit to 8000 shares for this week.,156,2026-02-12 13:21:44.851216,SPNG,25.25,25.25,25.4,661000.0,2000.0,3266.0,2200.0,5625.0,2570.0,5625.0,5625.0,3000.0,4000.0,4000.0,5766.0,7456.0,2812.0,1600.0,4694.0,4000.0,3266.0,7000.0,3300.0,172.0,,,,,,,,,,,,,,,,,,,,,,,0,0,0,0,0,0,0,0,0,0,0,0,0,0,0,0,0,0,0,0,0,0,0,0,0,0,0,0,0,0,0,0,0,0,0,0,0,0,0,0,0
1.0,1.0,1.0,,Welcome to the RITC 2026 Alogithmic Market Making Case - practice server,,156,2026-02-12 13:21:44.851216,SMMR,26.74,26.74,26.75,1502400.0,,,3996.0,,1050.0,,,,,,,,,,,,,,2200.0,,6200.0,2500.0,7500.0,7450.0,55.0,1012400.0,1227.0,,,,,,,,,,,,,,,,0,0,0,0,0,0,0,0,0,0,0,0,0,0,0,0,0,0,0,0,0,0,0,0,0,0,0,0,0,0,0,0,0,0,0,0,0,0,0,0,0
,,,,,,156,2026-02-12 13:21:44.851216,ATMN,24.24,24.23,24.24,,,1633.0,,5625.0,,5625.0,83.0,2250.0,,4000.0,4500.0,,,800.0,2945.0,4000.0,1633.0,3500.0,2200.0,5625.0,,2500.0,,3000.0,,91900.0,7500.0,6750.0,1917.0,4000.0,6000.0,2597.0,5015.0,6000.0,4000.0,6000.0,2500.0,4000.0,4000.0,,,,0,0,0,0,0,0,0,0,0,0,0,0,0,0,0,0,0,0,0,0,0,0,0,0,0,0,0,0,0,0,0,0,0,0,0,0,0,0,0,0,0
,,,,,,156,2026-02-12 13:21:44.851216,WNTR,24.24,24.24,24.26,339200.0,4000.0,,,,,,,,4000.0,,1376.0,,,4000.0,,,2225.0,,,,,2500.0,7500.0,,,195800.0,7500.0,,2100.0,2000.0,,3500.0,,,4000.0,6000.0,2500.0,2000.0,,4000.0,7500.0,30000.0,0,0,0,0,0,0,0,0,0,0,0,0,0,0,0,0,0,0,0,0,0,0,0,0,0,0,0,0,0,0,0,0,0,0,0,0,0,0,0,0,0
2.0,1.0,1.0,,Aggregate Position Limit,Your CRO has set the aggregate position limit to 8000 shares for this week.,157,2026-02-12 13:21:45.875929,SPNG,25.55,25.37,25.55,7904.0,4000.0,7486.0,599.0,3500.0,6000.0,1991.0,3000.0,11250.0,196000.0,2000.0,1100.0,1200.0,5625.0,576700.0,5565.0,2812.0,15000.0,1100.0,6000.0,5625.0,4000.0,,,,,,,,,,,,,,,,,,,,,,,,,,,,0,0,0,0,0,0,0,0,0,0,0,0,0,0,0,0,0,0,0,0,0,0,0,0,0,0,0,0,0,0,0,0,0,0,0
1.0,1.0,1.0,,Welcome to the RITC 2026 Alogithmic Market Making Case - practice server,,157,2026-02-12 13:21:45.875929,SMMR,26.74,26.74,26.76,6200.0,,,,,6000.0,2931.0,,,1052100.0,2000.0,5096.0,,,106000.0,4200.0,,,,,,,6333.0,750.0,7500.0,5600.0,1245.0,8000.0,4000.0,3500.0,37.0,750.0,,,,,,,,,,,,,,,,,,0,0,0,0,0,0,0,0,0,0,0,0,0,0,0,0,0,0,0,0,0,0,0,0,0,0,0,0,0,0,0,0,0,0,0
,,,,,,157,2026-02-12 13:21:45.875929,ATMN,24.3,24.3,24.31,,4000.0,5625.0,1278.0,,,1990.0,4500.0,83.0,,,1100.0,,5625.0,91900.0,3000.0,,,2200.0,6000.0,,4000.0,,9000.0,,4800.0,,,4000.0,3500.0,,4500.0,742.0,815.0,627.0,4000.0,8000.0,11250.0,4000.0,,,,,,,,,,,0,0,0,0,0,0,0,0,0,0,0,0,0,0,0,0,0,0,0,0,0,0,0,0,0,0,0,0,0,0,0,0,0,0,0
,,,,,,157,2026-02-12 13:21:45.875929,WNTR,24.26,24.25,24.26,,,,900.0,2275.0,,3001.0,750.0,,367200.0,2000.0,,,,225100.0,3000.0,,,3300.0,,,4000.0,7500.0,750.0,7500.0,800.0,,,4000.0,3500.0,4340.0,,,,,4000.0,4000.0,,4000.0,5000.0,5000.0,872.0,4000.0,5000.0,5528.0,992.0,7500.0,2000.0,4000.0,0,0,0,0,0,0,0,0,0,0,0,0,0,0,0,0,0,0,0,0,0,0,0,0,0,0,0,0,0,0,0,0,0,0,0
2.0,1.0,1.0,,Aggregate Position Limit,Your CRO has set the aggregate position limit to 8000 shares for this week.,158,2026-02-12 13:21:46.892343,SPNG,25.55,25.37,25.38,1264.0,7507.0,1850.0,5625.0,3000.0,4000.0,4000.0,2000.0,196000.0,5000.0,3270.0,1100.0,5000.0,2000.0,2000.0,704700.0,20000.0,1100.0,4694.0,7500.0,4219.0,1200.0,4000.0,,,,,,,,,,,,,,,,,,,,,,,,,0,0,0,0,0,0,0,0,0,0,0,0,0,0,0,0,0,0,0,0,0,0,0,0,0,0,0,0,0,0,0,0,0,0,0,0,0
1.0,1.0,1.0,,Welcome to the RITC 2026 Alogithmic Market Making Case - practice server,,158,2026-02-12 13:21:46.892343,SMMR,26.67,26.67,26.69,600.0,,,,,,,,1159400.0,,2179.0,3996.0,,,2000.0,689100.0,,1100.0,,,,4200.0,,6200.0,6000.0,3000.0,2179.0,3500.0,1500.0,801.0,4000.0,750.0,74.0,,,,,,,,,,,,,,,0,0,0,0,0,0,0,0,0,0,0,0,0,0,0,0,0,0,0,0,0,0,0,0,0,0,0,0,0,0,0,0,0,0,0,0,0
,,,,,,158,2026-02-12 13:21:46.892343,ATMN,24.3,24.3,24.31,1233.0,5625.0,,5625.0,2250.0,4000.0,4000.0,,,,3276.0,3300.0,,,,211300.0,,4400.0,176.0,,1406.0,3000.0,4000.0,,6000.0,,,3500.0,1490.0,,4000.0,,,742.0,2597.0,4500.0,83.0,4000.0,11250.0,800.0,6000.0,8000.0,,,,,,0,0,0,0,0,0,0,0,0,0,0,0,0,0,0,0,0,0,0,0,0,0,0,0,0,0,0,0,0,0,0,0,0,0,0,0,0
,,,,,,158,2026-02-12 13:21:46.892343,WNTR,24.31,24.28,24.31,2668.0,,,,750.0,4000.0,,,125700.0,,2122.0,,,,,332000.0,,6600.0,,7500.0,,1200.0,4000.0,6200.0,,,,,,,4000.0,,7808.0,1822.0,3500.0,750.0,,,,800.0,6000.0,,2500.0,35000.0,788.0,6000.0,4000.0,0,0,0,0,0,0,0,0,0,0,0,0,0,0,0,0,0,0,0,0,0,0,0,0,0,0,0,0,0,0,0,0,0,0,0,0,0
2.0,1.0,1.0,,Aggregate Position Limit,Your CRO has set the aggregate position limit to 8000 shares for this week.,159,2026-02-12 13:21:47.910477,SPNG,25.24,25.37,25.38,5000.0,5000.0,6566.0,8436.0,6000.0,3750.0,3500.0,2000.0,4271.0,4000.0,102300.0,2000.0,4000.0,1100.0,3000.0,10000.0,7500.0,3500.0,2768.0,1753.0,6000.0,4562.0,673.0,4000.0,1406.0,690.0,101900.0,1600.0,2000.0,4000.0,,,,,,,,,,,,,,,,,,,,0,0,0,0,0,0,0,0,0,0,0,0,0,0,0,0,0,0,0,0,0,0,0,0,0,0,0,0,0,0,0,0,0,0,0
1.0,1.0,1.0,,Welcome to the RITC 2026 Alogithmic Market Making Case - practice server,,159,2026-02-12 13:21:47.910477,SMMR,26.63,26.56,26.63,,,,,,,3500.0,,,,1081600.0,2000.0,,5493.0,,,1500.0,,,2669.0,,,,,,,423000.0,800.0,,,4000.0,2669.0,6200.0,7500.0,6333.0,4000.0,8000.0,1500.0,1497.0,37.0,4200.0,,,,,,,,,0,0,0,0,0,0,0,0,0,0,0,0,0,0,0,0,0,0,0,0,0,0,0,0,0,0,0,0,0,0,0,0,0,0,0
,,,,,,159,2026-02-12 13:21:47.910477,ATMN,24.06,24.05,24.06,,,5625.0,,,,,,,,1535400.0,,,,2150.0,,1490.0,3500.0,5625.0,2113.0,6000.0,2856.0,,10000.0,1406.0,561.0,208800.0,800.0,,,,,,,,4000.0,,,5897.0,,,6750.0,640.0,2500.0,,,,,,0,0,0,0,0,0,0,0,0,0,0,0,0,0,0,0,0,0,0,0,0,0,0,0,0,0,0,0,0,0,0,0,0,0,0
,,,,,,159,2026-02-12 13:21:47.910477,WNTR,24.33,24.33,24.34,,,,,,,3500.0,,,,219000.0,,,1497.0,,,,,,,,,,4000.0,,,332000.0,1600.0,2000.0,4000.0,4000.0,2400.0,6200.0,,,,,,7700.0,1072.0,1200.0,1500.0,,,43500.0,1334.0,1850.0,6000.0,7500.0,0,0,0,0,0,0,0,0,0,0,0,0,0,0,0,0,0,0,0,0,0,0,0,0,0,0,0,0,0,0,0,0,0,0,0
2.0,1.0,1.0,,Aggregate Position Limit,Your CRO has set the aggregate position limit to 8000 shares for this week.,160,2026-02-12 13:21:48.937361,SPNG,25.37,25.37,25.38,15000.0,10000.0,4689.0,2200.0,4000.0,7000.0,11250.0,690.0,3515.0,4271.0,6000.0,673.0,5626.0,3750.0,5625.0,2147.0,4000.0,217300.0,1600.0,643.0,7500.0,1100.0,2000.0,4000.0,6000.0,4000.0,6000.0,1200.0,,,,,,,,,,,,,,,,,,,,,0,0,0,0,0,0,0,0,0,0,0,0,0,0,0,0,0,0,0,0,0,0,0,0,0,0,0,0,0,0,0,0,0,0,0,0
1.0,1.0,1.0,,Welcome to the RITC 2026 Alogithmic Market Making Case - practice server,,160,2026-02-12 13:21:48.937361,SMMR,26.61,26.59,26.61,,,,1796.0,4000.0,3500.0,750.0,,,,6000.0,,,1500.0,,2983.0,4000.0,315000.0,800.0,,,1100.0,2000.0,,,,2250.0,3000.0,2983.0,6677.0,837500.0,1200.0,7500.0,6200.0,7000.0,2500.0,3000.0,,,,,,,,,,,,0,0,0,0,0,0,0,0,0,0,0,0,0,0,0,0,0,0,0,0,0,0,0,0,0,0,0,0,0,0,0,0,0,0,0,0
,,,,,,160,2026-02-12 13:21:48.937361,ATMN,24.27,24.27,24.28,,,5536.0,,4000.0,3500.0,,,11250.0,,5601.0,,,,4219.0,2563.0,,184300.0,1600.0,,7500.0,5897.0,,,,4000.0,2250.0,3000.0,2563.0,,628600.0,3000.0,,290.0,,,5015.0,2000.0,6750.0,10000.0,,,,,,,,,0,0,0,0,0,0,0,0,0,0,0,0,0,0,0,0,0,0,0,0,0,0,0,0,0,0,0,0,0,0,0,0,0,0,0,0
,,,,,,160,2026-02-12 13:21:48.937361,WNTR,24.34,24.33,24.34,,,,2597.0,4000.0,11450.0,1500.0,,,,,,,,,,4000.0,346900.0,1600.0,,,3300.0,,4000.0,12000.0,,,1200.0,3039.0,,125700.0,,,1072.0,2275.0,,,,750.0,8000.0,30000.0,6000.0,4000.0,2000.0,4000.0,5000.0,6000.0,954.0,0,0,0,0,0,0,0,0,0,0,0,0,0,0,0,0,0,0,0,0,0,0,0,0,0,0,0,0,0,0,0,0,0,0,0,0
2.0,1.0,1.0,,Aggregate Position Limit,Your CRO has set the aggregate position limit to 8000 shares for this week.,161,2026-02-12 13:21:49.968754,SPNG,25.37,25.36,25.37,4218.0,4000.0,6000.0,4950.0,2200.0,4000.0,6458.0,3500.0,4000.0,2000.0,2500.0,102300.0,4689.0,2000.0,4000.0,2000.0,2500.0,15000.0,6000.0,1948.0,3750.0,2200.0,5625.0,15000.0,5625.0,101900.0,690.0,4000.0,,,,,,,,,,,,,,,,,,,,,,,0,0,0,0,0,0,0,0,0,0,0,0,0,0,0,0,0,0,0,0,0,0,0,0,0,0,0,0,0,0,0,0,0,0
1.0,1.0,1.0,,Welcome to the RITC 2026 Alogithmic Market Making Case - practice server,,161,2026-02-12 13:21:49.968754,SMMR,26.65,26.65,26.66,,4000.0,6000.0,1200.0,1100.0,,6677.0,3500.0,,,,864700.0,,,4000.0,,,,,,1500.0,3697.0,,,,536600.0,,,750.0,750.0,7500.0,3500.0,1500.0,800.0,6000.0,957.0,,,,,,,,,,,,,,,0,0,0,0,0,0,0,0,0,0,0,0,0,0,0,0,0,0,0,0,0,0,0,0,0,0,0,0,0,0,0,0,0,0
,,,,,,161,2026-02-12 13:21:49.968754,ATMN,24.33,24.33,24.34,2793.0,4000.0,6000.0,3000.0,,,,3500.0,,,,295500.0,11250.0,,4000.0,,,,,2721.0,,3300.0,2856.0,,,646600.0,,4000.0,4500.0,,,,,,1200.0,,561.0,770.0,815.0,2721.0,667.0,6000.0,8000.0,7500.0,6000.0,4000.0,2000.0,,,,0,0,0,0,0,0,0,0,0,0,0,0,0,0,0,0,0,0,0,0,0,0,0,0,0,0,0,0,0,0,0,0,0,0
,,,,,,161,2026-02-12 13:21:49.968754,WNTR,24.42,24.34,24.35,,4000.0,,,1100.0,,,11450.0,,,,,,,4000.0,,,,6000.0,,,1100.0,,,,123500.0,,,750.0,750.0,,3500.0,,8000.0,1200.0,,,1786.0,,3013.0,,,4000.0,,6000.0,4000.0,,20000.0,4272.0,992.0,0,0,0,0,0,0,0,0,0,0,0,0,0,0,0,0,0,0,0,0,0,0,0,0,0,0,0,0,0,0,0,0,0,0
2.0,1.0,1.0,,Aggregate Position Limit,Your CRO has set the aggregate position limit to 8000 shares for this week.,162,2026-02-12 13:21:50.986599,SPNG,25.4,25.36,25.4,6000.0,11226.0,4000.0,7500.0,1100.0,689.0,2000.0,11250.0,15000.0,262100.0,2344.0,2000.0,6000.0,10000.0,5625.0,7500.0,101900.0,1100.0,3505.0,8000.0,4000.0,12000.0,8000.0,6000.0,4950.0,,,,,,,,,,,,,,,,,,,,,,,,,0,0,0,0,0,0,0,0,0,0,0,0,0,0,0,0,0,0,0,0,0,0,0,0,0,0,0,0,0,0,0,0,0,0,0
1.0,1.0,1.0,,Welcome to the RITC 2026 Alogithmic Market Making Case - practice server,,162,2026-02-12 13:21:50.986599,SMMR,26.64,26.63,26.65,6000.0,,4000.0,750.0,,,,,,376000.0,,,,,,,218700.0,2200.0,,,,,,750.0,,2100.0,2500.0,6333.0,7500.0,3642.0,2850.0,4000.0,3500.0,601.0,8000.0,750.0,2850.0,,,,,,,,,,,,,0,0,0,0,0,0,0,0,0,0,0,0,0,0,0,0,0,0,0,0,0,0,0,0,0,0,0,0,0,0,0,0,0,0,0
,,,,,,162,2026-02-12 13:21:50.986599,ATMN,24.33,24.33,24.34,,,4000.0,1190.0,,,,,,198500.0,5625.0,,,,,,184300.0,4400.0,5625.0,,,,4000.0,,,3240.0,,7500.0,,,2601.0,,2275.0,,8000.0,,2601.0,563.0,2793.0,2250.0,,,,,,,,,,0,0,0,0,0,0,0,0,0,0,0,0,0,0,0,0,0,0,0,0,0,0,0,0,0,0,0,0,0,0,0,0,0,0,0
,,,,,,162,2026-02-12 13:21:50.986599,WNTR,24.38,24.35,24.38,6000.0,,4000.0,,,954.0,2000.0,,,125700.0,,,,,,,758900.0,5500.0,,,,,,,1950.0,1600.0,2500.0,7500.0,,6200.0,2880.0,,,,640.0,,2880.0,1156.0,,,3000.0,4000.0,6000.0,4000.0,10000.0,4000.0,6200.0,5000.0,788.0,0,0,0,0,0,0,0,0,0,0,0,0,0,0,0,0,0,0,0,0,0,0,0,0,0,0,0,0,0,0,0,0,0,0,0
2.0,1.0,1.0,,Aggregate Position Limit,Your CRO has set the aggregate position limit to 8000 shares for this week.,163,2026-02-12 13:21:52.012344,SPNG,25.39,25.37,25.38,10000.0,1640.0,4000.0,6400.0,3750.0,3500.0,1495.0,1100.0,2750.0,4932.0,5000.0,4000.0,10000.0,3500.0,6000.0,4000.0,5625.0,7500.0,1100.0,1495.0,2120.0,4000.0,12000.0,4000.0,8000.0,2000.0,3000.0,1950.0,,,,,,,,,,,,,,,,,,,,0,0,0,0,0,0,0,0,0,0,0,0,0,0,0,0,0,0,0,0,0,0,0,0,0,0,0,0,0,0,0,0,0,0,0,0,0
1.0,1.0,1.0,,Welcome to the RITC 2026 Alogithmic Market Making Case - practice server,,163,2026-02-12 13:21:52.012344,SMMR,26.61,26.57,26.58,,,,,,,,2896.0,6000.0,,,,,,,4000.0,,2250.0,2200.0,,,,,,,,1500.0,,957.0,6333.0,1413900.0,2000.0,3000.0,194800.0,2700.0,364.0,,,,,,,,,,,,0,0,0,0,0,0,0,0,0,0,0,0,0,0,0,0,0,0,0,0,0,0,0,0,0,0,0,0,0,0,0,0,0,0,0,0,0
,,,,,,163,2026-02-12 13:21:52.012344,ATMN,24.27,24.27,24.31,,11250.0,,,,,,,6000.0,11250.0,,,,7000.0,,4000.0,,,6600.0,,,,6000.0,,,,2250.0,,,,302200.0,2000.0,3000.0,91900.0,5600.0,,11231.0,4000.0,2250.0,2831.0,,,,,,,,0,0,0,0,0,0,0,0,0,0,0,0,0,0,0,0,0,0,0,0,0,0,0,0,0,0,0,0,0,0,0,0,0,0,0,0,0
,,,,,,163,2026-02-12 13:21:52.012344,WNTR,24.37,24.37,24.38,,,4000.0,1600.0,1500.0,3500.0,1677.0,2200.0,6000.0,,,,,,,4000.0,,,,,,,,,4000.0,2000.0,,3000.0,,,,,3000.0,1225600.0,600.0,,,,,,2500.0,10000.0,1912.0,954.0,6000.0,5000.0,992.0,0,0,0,0,0,0,0,0,0,0,0,0,0,0,0,0,0,0,0,0,0,0,0,0,0,0,0,0,0,0,0,0,0,0,0,0,0
2.0,1.0,1.0,,Aggregate Position Limit,Your CRO has set the aggregate position limit to 8000 shares for this week.,164,2026-02-12 13:21:53.061935,SPNG,25.35,25.33,25.35,689.0,588.0,643.0,4000.0,1600.0,12000.0,2000.0,392500.0,1640.0,703.0,1666.0,2000.0,4000.0,5625.0,3000.0,6000.0,110300.0,1920.0,1666.0,24874.0,3500.0,6000.0,4565.0,999.0,5625.0,3750.0,2200.0,5625.0,689.0,,,,,,,,,,,,,,,,,,,,,,,,,,,0,0,0,0,0,0,0,0,0,0,0,0,0,0,0,0,0,0,0,0,0,0,0,0,0,0,0,0,0
1.0,1.0,1.0,,Welcome to the RITC 2026 Alogithmic Market Making Case - practice server,,164,2026-02-12 13:21:53.061935,SMMR,26.58,26.59,26.63,,,949.0,4000.0,1490.0,,,952300.0,,,2471.0,,,,,,98000.0,1600.0,,,,,,,,1500.0,4400.0,,,2500.0,2148.0,6333.0,6000.0,1100.0,7500.0,1950.0,4000.0,4000.0,850.0,5250.0,750.0,949.0,3000.0,,,,,,,,,,,,,0,0,0,0,0,0,0,0,0,0,0,0,0,0,0,0,0,0,0,0,0,0,0,0,0,0,0,0,0
,,,,,,164,2026-02-12 13:21:53.061935,ATMN,24.09,24.21,24.27,,,,,,,,1052000.0,5625.0,,2291.0,,4000.0,,9000.0,6000.0,92400.0,2400.0,2291.0,,3305.0,,1427.0,,89.0,2250.0,1100.0,,,,,,,,,950.0,4000.0,2000.0,304.0,,,,,4000.0,2500.0,4000.0,7500.0,4000.0,4000.0,,,,,,,0,0,0,0,0,0,0,0,0,0,0,0,0,0,0,0,0,0,0,0,0,0,0,0,0,0,0,0,0
,,,,,,164,2026-02-12 13:21:53.061935,WNTR,24.27,24.37,24.38,,,,,1600.0,,,234400.0,,,2331.0,,4000.0,,750.0,,659100.0,900.0,,,3305.0,,,,,750.0,1100.0,,,,3305.0,,,2597.0,,1200.0,4000.0,,,,750.0,,3000.0,4000.0,,,,,4000.0,1661.0,27193.0,4000.0,4167.0,2000.0,788.0,0,0,0,0,0,0,0,0,0,0,0,0,0,0,0,0,0,0,0,0,0,0,0,0,0,0,0,0,0
2.0,1.0,1.0,,Aggregate Position Limit,Your CRO has set the aggregate position limit to 8000 shares for this week.,165,2026-02-12 13:21:54.091325,SPNG,25.19,25.19,25.32,1535600.0,1765.0,6000.0,1700.0,2200.0,10000.0,6222.0,1280.0,110300.0,39874.0,1765.0,4000.0,3000.0,7082.0,2200.0,6000.0,,,,,,,,,,,,,,,,,,,,,,,,,,,,,,0,0,0,0,0,0,0,0,0,0,0,0,0,0,0,0,0,0,0,0,0,0,0,0,0,0,0,0,0,0,0,0,0,0,0,0,0,0,0
1.0,1.0,1.0,,Welcome to the RITC 2026 Alogithmic Market Making Case - practice server,,165,2026-02-12 13:21:54.091325,SMMR,26.73,26.64,26.73,1166600.0,2865.0,,3000.0,3300.0,,,,1354600.0,,,4000.0,750.0,,2597.0,,4000.0,6200.0,6000.0,4100.0,2000.0,,,,,,,,,,,,,,,,,,,,,,,,,0,0,0,0,0,0,0,0,0,0,0,0,0,0,0,0,0,0,0,0,0,0,0,0,0,0,0,0,0,0,0,0,0,0,0,0,0,0,0
,,,,,,165,2026-02-12 13:21:54.091325,ATMN,24.26,24.29,24.3,,2191.0,,4950.0,,4000.0,,1600.0,92400.0,,2191.0,,2250.0,,,6000.0,6000.0,6991.0,6000.0,7200.0,,4000.0,2500.0,815.0,2000.0,3111.0,1520.0,5625.0,7500.0,4228.0,4263.0,737.0,6200.0,2500.0,4000.0,4000.0,6000.0,,,,,,,,,0,0,0,0,0,0,0,0,0,0,0,0,0,0,0,0,0,0,0,0,0,0,0,0,0,0,0,0,0,0,0,0,0,0,0,0,0,0,0
,,,,,,165,2026-02-12 13:21:54.091325,WNTR,24.37,24.37,24.38,692500.0,2716.0,,1200.0,1100.0,,3111.0,740.0,323700.0,,2716.0,4000.0,,1458.0,1100.0,,,,6000.0,,,4000.0,,,,3111.0,,,7500.0,,,,,,4000.0,4000.0,,1600.0,8000.0,6000.0,992.0,7500.0,29167.0,6000.0,7500.0,0,0,0,0,0,0,0,0,0,0,0,0,0,0,0,0,0,0,0,0,0,0,0,0,0,0,0,0,0,0,0,0,0,0,0,0,0,0,0
2.0,1.0,1.0,,Aggregate Position Limit,Your CRO has set the aggregate position limit to 8000 shares for this week.,166,2026-02-12 13:21:55.135836,SPNG,25.3,25.29,25.3,10000.0,181.0,4000.0,2164.0,2500.0,176.0,394800.0,6000.0,1600.0,2313.0,6000.0,3000.0,4000.0,14000.0,4418.0,4000.0,2313.0,3300.0,15000.0,7500.0,5625.0,5625.0,3000.0,2000.0,1200.0,4000.0,4000.0,6000.0,,,,,,,,,,,,,,,,,,,,,,,,,0,0,0,0,0,0,0,0,0,0,0,0,0,0,0,0,0,0,0,0,0,0,0,0,0,0,0,0,0,0,0,0
1.0,1.0,1.0,,Welcome to the RITC 2026 Alogithmic Market Making Case - practice server,,166,2026-02-12 13:21:55.135836,SMMR,26.72,26.65,26.66,,,4000.0,6027.0,,,375500.0,,1290.0,2963.0,5812.0,,,,6027.0,4000.0,,,,7500.0,,,1500.0,,1200.0,,,,2000.0,3300.0,690.0,949.0,750.0,7500.0,7500.0,6000.0,625.0,1600.0,2500.0,2000.0,690.0,652600.0,255.0,,,,,,,,,,0,0,0,0,0,0,0,0,0,0,0,0,0,0,0,0,0,0,0,0,0,0,0,0,0,0,0,0,0,0,0,0
,,,,,,166,2026-02-12 13:21:55.135836,ATMN,24.16,24.23,24.3,,,,,,1396.0,188000.0,6000.0,,2834.0,,4200.0,4000.0,,2082.0,4000.0,2834.0,,,,5625.0,1397.0,2250.0,,,,,6000.0,,,,,9000.0,,,6000.0,,8000.0,,,,119400.0,,3493.0,4000.0,2812.0,8000.0,500.0,5625.0,,,,0,0,0,0,0,0,0,0,0,0,0,0,0,0,0,0,0,0,0,0,0,0,0,0,0,0,0,0,0,0,0,0
,,,,,,166,2026-02-12 13:21:55.135836,WNTR,24.27,24.22,24.25,,6446.0,,,,,120900.0,,4272.0,,,,,,,,3314.0,,,,,,750.0,,,,,,8000.0,1100.0,,,750.0,7500.0,,,,4800.0,,8000.0,,264000.0,6200.0,,,,,,,10000.0,15833.0,7500.0,0,0,0,0,0,0,0,0,0,0,0,0,0,0,0,0,0,0,0,0,0,0,0,0,0,0,0,0,0,0,0,0
2.0,1.0,1.0,,Aggregate Position Limit,Your CRO has set the aggregate position limit to 8000 shares for this week.,167,2026-02-12 13:21:56.186408,SPNG,25.3,25.27,25.3,6000.0,5000.0,2916.0,1726.0,2160.0,1100.0,4000.0,1355.0,264400.0,6000.0,473.0,440.0,3000.0,15000.0,566700.0,6000.0,4200.0,9000.0,5625.0,4000.0,4000.0,5625.0,5000.0,1100.0,5625.0,2529.0,,,,,,,,,,,,,,,,,,,,,,,0,0,0,0,0,0,0,0,0,0,0,0,0,0,0,0,0,0,0,0,0,0,0,0,0,0,0,0,0,0,0,0,0,0,0,0
1.0,1.0,1.0,,Welcome to the RITC 2026 Alogithmic Market Making Case - practice server,,167,2026-02-12 13:21:56.186408,SMMR,26.63,26.62,26.64,6000.0,,583.0,,2384.0,1100.0,4000.0,,375500.0,,,,3000.0,,529900.0,,,2250.0,,,,,,,,6692.0,3745.0,890.0,6692.0,5812.0,2500.0,583.0,4000.0,7921.0,1600.0,662.0,7500.0,7500.0,,,,,,,,,,,0,0,0,0,0,0,0,0,0,0,0,0,0,0,0,0,0,0,0,0,0,0,0,0,0,0,0,0,0,0,0,0,0,0,0,0
,,,,,,167,2026-02-12 13:21:56.186408,ATMN,24.29,24.29,24.32,6000.0,,1246.0,2722.0,900.0,1100.0,4000.0,6468.0,91400.0,6000.0,,,4200.0,,680800.0,6000.0,1200.0,,,,4000.0,5625.0,,1100.0,5625.0,5360.0,,,5360.0,,,2756.0,4000.0,,,,,,3510.0,2813.0,4000.0,2000.0,,,,,,,0,0,0,0,0,0,0,0,0,0,0,0,0,0,0,0,0,0,0,0,0,0,0,0,0,0,0,0,0,0,0,0,0,0,0,0
,,,,,,167,2026-02-12 13:21:56.186408,WNTR,24.23,24.22,24.23,,,,1822.0,600.0,1100.0,4000.0,,559700.0,6000.0,,,,,264000.0,,,1500.0,,10000.0,,,,1100.0,,3430.0,328.0,2500.0,6860.0,,2500.0,625.0,4000.0,9364.0,1600.0,,,,,,,,8000.0,7500.0,7500.0,640.0,14167.0,6200.0,0,0,0,0,0,0,0,0,0,0,0,0,0,0,0,0,0,0,0,0,0,0,0,0,0,0,0,0,0,0,0,0,0,0,0,0
2.0,1.0,1.0,,Aggregate Position Limit,Your CRO has set the aggregate position limit to 8000 shares for this week.,168,2026-02-12 13:21:57.216916,SPNG,25.41,25.41,25.43,113900.0,5625.0,1814.0,8332.0,6000.0,5000.0,20000.0,6000.0,3200.0,1100.0,1895.0,3743.0,2000.0,3790.0,5624.0,4000.0,4000.0,6000.0,4000.0,352000.0,3000.0,5625.0,7500.0,7500.0,5000.0,5625.0,1100.0,,,,,,,,,,,,,,,,,,,,,,,,,,0,0,0,0,0,0,0,0,0,0,0,0,0,0,0,0,0,0,0,0,0,0,0,0,0,0,0,0,0,0,0,0
1.0,1.0,1.0,,Welcome to the RITC 2026 Alogithmic Market Making Case - practice server,,168,2026-02-12 13:21:57.216916,SMMR,26.7,26.69,26.7,90800.0,,1467.0,1665.0,6000.0,,,,2400.0,2200.0,2239.0,,,,,,,750.0,,871400.0,6000.0,,,7500.0,,,1497.0,1050.0,4000.0,6200.0,3390.0,4000.0,750.0,4000.0,684.0,6200.0,2000.0,1307.0,,,,,,,,,,,,,,,0,0,0,0,0,0,0,0,0,0,0,0,0,0,0,0,0,0,0,0,0,0,0,0,0,0,0,0,0,0,0,0
,,,,,,168,2026-02-12 13:21:57.216916,ATMN,24.32,24.32,24.33,,,4477.0,3250.0,6000.0,,,,900.0,3300.0,2183.0,,,,,4000.0,4000.0,,,967700.0,1200.0,5625.0,,,,5625.0,1100.0,,4000.0,,2500.0,4000.0,,,1600.0,,,,3234.0,5625.0,574.0,4276.0,1120.0,574.0,6000.0,,,,,,,,0,0,0,0,0,0,0,0,0,0,0,0,0,0,0,0,0,0,0,0,0,0,0,0,0,0,0,0,0,0,0,0
,,,,,,168,2026-02-12 13:21:57.216916,WNTR,24.15,24.23,24.24,1277100.0,,,,,,,,,1796.0,,,,,,,,750.0,,371100.0,,,7500.0,2818.0,,,2200.0,3500.0,,,,,,4000.0,5600.0,,,,,,,,,,,2514.0,4000.0,7500.0,1400.0,744.0,6000.0,10000.0,0,0,0,0,0,0,0,0,0,0,0,0,0,0,0,0,0,0,0,0,0,0,0,0,0,0,0,0,0,0,0,0
2.0,1.0,1.0,,Aggregate Position Limit,Your CRO has set the aggregate position limit to 8000 shares for this week.,169,2026-02-12 13:21:58.233496,SPNG,25.43,25.43,25.45,4000.0,2000.0,7200.0,5000.0,53.0,2812.0,3743.0,3000.0,1893.0,8000.0,6200.0,2500.0,4671.0,4000.0,1893.0,2812.0,5000.0,1950.0,,,,,,,,,,,,,,,,,,,,,,,,,,,,,0,0,0,0,0,0,0,0,0,0,0,0,0,0,0,0,0,0,0,0,0,0,0,0,0,0,0,0,0,0,0,0,0,0,0,0,0,0
1.0,1.0,1.0,,Welcome to the RITC 2026 Alogithmic Market Making Case - practice server,,169,2026-02-12 13:21:58.233496,SMMR,26.61,26.6,26.61,,,,,,,,1200.0,2688.0,,6200.0,,684.0,4000.0,2688.0,,,1950.0,6196.0,1410400.0,7500.0,869800.0,7500.0,7500.0,750.0,4000.0,1497.0,473.0,,,,,,,,,,,,,,,,,,,0,0,0,0,0,0,0,0,0,0,0,0,0,0,0,0,0,0,0,0,0,0,0,0,0,0,0,0,0,0,0,0,0,0,0,0,0,0
,,,,,,169,2026-02-12 13:21:58.233496,ATMN,24.32,24.32,24.34,4000.0,,,,,11250.0,,3000.0,2386.0,,,,,,2386.0,703.0,,1200.0,4400.0,91400.0,,979400.0,,,2250.0,,2200.0,,6000.0,529.0,635.0,4276.0,5625.0,2250.0,4000.0,2138.0,3136.0,4000.0,4000.0,4000.0,,,,,,,0,0,0,0,0,0,0,0,0,0,0,0,0,0,0,0,0,0,0,0,0,0,0,0,0,0,0,0,0,0,0,0,0,0,0,0,0,0
,,,,,,169,2026-02-12 13:21:58.233496,WNTR,24.21,24.18,24.2,,,,,,,4682.0,2900.0,,,,,1600.0,4000.0,3299.0,,,,1796.0,1267100.0,7500.0,244000.0,7500.0,7500.0,750.0,,1100.0,,,,,,,,,,,10000.0,,4000.0,6000.0,4000.0,4000.0,28334.0,669.0,6000.0,0,0,0,0,0,0,0,0,0,0,0,0,0,0,0,0,0,0,0,0,0,0,0,0,0,0,0,0,0,0,0,0,0,0,0,0,0,0
2.0,1.0,1.0,,Aggregate Position Limit,Your CRO has set the aggregate position limit to 8000 shares for this week.,170,2026-02-12 13:21:59.250995,SPNG,25.35,25.35,25.37,6000.0,2469.0,4000.0,2500.0,6000.0,2650.0,914100.0,2200.0,2500.0,4000.0,464.0,10000.0,2469.0,1407.0,1100.0,10000.0,4000.0,352000.0,6000.0,3000.0,3000.0,2000.0,,,,,,,,,,,,,,,,,,,,,,,,,0,0,0,0,0,0,0,0,0,0,0,0,0,0,0,0,0,0,0,0,0,0,0,0,0,0,0,0,0,0,0,0,0,0,0,0,0,0
1.0,1.0,1.0,,Welcome to the RITC 2026 Alogithmic Market Making Case - practice server,,170,2026-02-12 13:21:59.250995,SMMR,26.73,26.66,26.73,2000.0,3183.0,4000.0,2500.0,,,227700.0,2200.0,,,,,3183.0,,3697.0,,,1121500.0,,750.0,3000.0,2000.0,6200.0,750.0,6760.0,919.0,7500.0,,,,,,,,,,,,,,,,,,,,0,0,0,0,0,0,0,0,0,0,0,0,0,0,0,0,0,0,0,0,0,0,0,0,0,0,0,0,0,0,0,0,0,0,0,0,0,0
,,,,,,170,2026-02-12 13:21:59.250995,ATMN,24.37,24.32,24.33,,2705.0,4000.0,,,,,3300.0,,,,,,351.0,,,4000.0,326900.0,6000.0,,,,,,3000.0,,,982.0,142.0,5625.0,6000.0,2138.0,8000.0,8000.0,4000.0,,,,,,,,,,,,0,0,0,0,0,0,0,0,0,0,0,0,0,0,0,0,0,0,0,0,0,0,0,0,0,0,0,0,0,0,0,0,0,0,0,0,0,0
,,,,,,170,2026-02-12 13:21:59.250995,WNTR,24.2,24.2,24.26,,3777.0,4000.0,5000.0,6000.0,,602500.0,1100.0,,,,,3777.0,,2200.0,,,214500.0,,,1950.0,2000.0,,,413.0,,7500.0,1867.0,,,,,,,,10000.0,4000.0,8000.0,7500.0,565.0,4000.0,744.0,5562.0,791.0,6000.0,35000.0,0,0,0,0,0,0,0,0,0,0,0,0,0,0,0,0,0,0,0,0,0,0,0,0,0,0,0,0,0,0,0,0,0,0,0,0,0,0
2.0,1.0,1.0,,Aggregate Position Limit,Your CRO has set the aggregate position limit to 8000 shares for this week.,171,2026-02-12 13:22:00.267902,SPNG,25.4,25.4,25.42,4000.0,3073.0,25000.0,1494.0,2394.0,6400.0,1457.0,3377.0,6000.0,130100.0,4000.0,499.0,5000.0,6000.0,2394.0,4000.0,5625.0,1100.0,10000.0,4000.0,3000.0,3757.0,7500.0,,,,,,,,,,,,,,,,,,,,,0,0,0,0,0,0,0,0,0,0,0,0,0,0,0,0,0,0,0,0,0,0,0,0,0,0,0,0,0,0,0,0,0,0,0,0,0,0,0,0,0
1.0,1.0,1.0,,Welcome to the RITC 2026 Alogithmic Market Making Case - practice server,,171,2026-02-12 13:22:00.267902,SMMR,26.73,26.72,26.73,4000.0,,,,3086.0,7200.0,,,,674000.0,2400.0,,,,,,,1497.0,,,,7500.0,,640.0,9575.0,2500.0,4000.0,111800.0,2000.0,1000.0,3000.0,,,,,,,,,,,,,0,0,0,0,0,0,0,0,0,0,0,0,0,0,0,0,0,0,0,0,0,0,0,0,0,0,0,0,0,0,0,0,0,0,0,0,0,0,0,0,0
,,,,,,171,2026-02-12 13:22:00.267902,ATMN,24.1,24.08,24.1,4000.0,,,,6065.0,900.0,1457.0,,,447100.0,800.0,,,6000.0,6065.0,4000.0,352.0,,,4000.0,,,,,,,,842400.0,5250.0,1000.0,,2150.0,6750.0,4000.0,844.0,1301.0,4000.0,,,,,,,0,0,0,0,0,0,0,0,0,0,0,0,0,0,0,0,0,0,0,0,0,0,0,0,0,0,0,0,0,0,0,0,0,0,0,0,0,0,0,0,0
,,,,,,171,2026-02-12 13:22:00.267902,WNTR,24.28,24.28,24.29,4000.0,,,,7161.0,800.0,2557.0,,,312000.0,,,,,7161.0,,,3300.0,,4000.0,,,7500.0,,74.0,7500.0,2000.0,334400.0,,,1200.0,,,,,,,500.0,20000.0,6000.0,34167.0,6000.0,669.0,0,0,0,0,0,0,0,0,0,0,0,0,0,0,0,0,0,0,0,0,0,0,0,0,0,0,0,0,0,0,0,0,0,0,0,0,0,0,0,0,0
2.0,1.0,1.0,,Aggregate Position Limit,Your CRO has set the aggregate position limit to 8000 shares for this week.,172,2026-02-12 13:22:01.292001,SPNG,25.24,25.38,25.4,1820.0,1100.0,5518.0,499.0,527.0,3000.0,4000.0,1400.0,596300.0,6000.0,5625.0,4921.0,1900.0,4000.0,5625.0,243300.0,10000.0,20000.0,518.0,4000.0,400.0,3000.0,2200.0,6000.0,4000.0,5625.0,4000.0,,,,,,,,,,,,,,,,,,,0,0,0,0,0,0,0,0,0,0,0,0,0,0,0,0,0,0,0,0,0,0,0,0,0,0,0,0,0,0,0,0,0,0,0,0,0,0,0
1.0,1.0,1.0,,Welcome to the RITC 2026 Alogithmic Market Making Case - practice server,,172,2026-02-12 13:22:01.292001,SMMR,26.61,26.61,26.7,,4400.0,,,,,,,1183200.0,,,,4200.0,,,1023400.0,,,1080.0,4000.0,800.0,750.0,4054.0,,,,,6000.0,670.0,7500.0,1000.0,3000.0,589.0,,,,,,,,,,,,,0,0,0,0,0,0,0,0,0,0,0,0,0,0,0,0,0,0,0,0,0,0,0,0,0,0,0,0,0,0,0,0,0,0,0,0,0,0,0
,,,,,,172,2026-02-12 13:22:01.292001,ATMN,24.3,24.3,24.31,3208.0,,4851.0,,,,,,122600.0,,5624.0,5449.0,3000.0,,4781.0,576800.0,,,,4000.0,800.0,2250.0,,,,11074.0,,6000.0,,,,3000.0,,4000.0,2500.0,900.0,2000.0,778.0,238.0,6000.0,5625.0,8000.0,7500.0,,,0,0,0,0,0,0,0,0,0,0,0,0,0,0,0,0,0,0,0,0,0,0,0,0,0,0,0,0,0,0,0,0,0,0,0,0,0,0,0
,,,,,,172,2026-02-12 13:22:01.292001,WNTR,24.35,24.35,24.37,2508.0,2557.0,,,,,10000.0,,237800.0,,,,,,,1092500.0,,,,4000.0,600.0,,3300.0,6000.0,,,,,,7500.0,,4200.0,,4000.0,,1600.0,,1771.0,10012.0,,,,,20000.0,500.0,0,0,0,0,0,0,0,0,0,0,0,0,0,0,0,0,0,0,0,0,0,0,0,0,0,0,0,0,0,0,0,0,0,0,0,0,0,0,0
2.0,1.0,1.0,,Aggregate Position Limit,Your CRO has set the aggregate position limit to 8000 shares for this week.,173,2026-02-12 13:22:02.312316,SPNG,25.5,25.37,25.38,4000.0,5884.0,1494.0,10000.0,11250.0,466.0,4100.0,6000.0,7500.0,1738.0,2500.0,4000.0,130400.0,1500.0,8568.0,500.0,7500.0,5000.0,465200.0,4000.0,3757.0,6000.0,4000.0,3150.0,5625.0,,,,,,,,,,,,,,,,,0,0,0,0,0,0,0,0,0,0,0,0,0,0,0,0,0,0,0,0,0,0,0,0,0,0,0,0,0,0,0,0,0,0,0,0,0,0,0,0,0,0,0
1.0,1.0,1.0,,Welcome to the RITC 2026 Alogithmic Market Making Case - practice server,,173,2026-02-12 13:22:02.312316,SMMR,26.61,26.61,26.63,,,,,,,9000.0,,,1945.0,2500.0,4000.0,615200.0,,,6000.0,,,424200.0,,7500.0,1500.0,,6000.0,,289.0,4400.0,7500.0,4000.0,1000.0,1945.0,3697.0,1355.0,588.0,,,,,,,,0,0,0,0,0,0,0,0,0,0,0,0,0,0,0,0,0,0,0,0,0,0,0,0,0,0,0,0,0,0,0,0,0,0,0,0,0,0,0,0,0,0,0
,,,,,,173,2026-02-12 13:22:02.312316,ATMN,24.31,24.31,24.32,,1406.0,5273.0,,3472.0,,,6000.0,,1580.0,,4000.0,122600.0,5625.0,5625.0,,7500.0,,1079600.0,,,,,1200.0,5625.0,238.0,,,4000.0,,,2200.0,,,3000.0,800.0,,,,,,0,0,0,0,0,0,0,0,0,0,0,0,0,0,0,0,0,0,0,0,0,0,0,0,0,0,0,0,0,0,0,0,0,0,0,0,0,0,0,0,0,0,0
,,,,,,173,2026-02-12 13:22:02.312316,WNTR,24.38,24.39,24.42,4000.0,,,,,,3000.0,,,,2500.0,4000.0,,,,,,,513200.0,4000.0,,,,,,6200.0,,,,,,1100.0,,,8000.0,3000.0,10000.0,750.0,5000.0,4000.0,6200.0,0,0,0,0,0,0,0,0,0,0,0,0,0,0,0,0,0,0,0,0,0,0,0,0,0,0,0,0,0,0,0,0,0,0,0,0,0,0,0,0,0,0,0
2.0,1.0,1.0,,Aggregate Position Limit,Your CRO has set the aggregate position limit to 8000 shares for this week.,174,2026-02-12 13:22:03.333362,SPNG,25.5,25.37,25.38,35000.0,1341.0,3560.0,4000.0,3200.0,2200.0,5625.0,560.0,3000.0,11250.0,4000.0,2682.0,5625.0,3040.0,1100.0,4000.0,20000.0,316200.0,,,,,,,,,,,,,,,,,,,,0,0,0,0,0,0,0,0,0,0,0,0,0,0,0,0,0,0,0,0,0,0,0,0,0,0,0,0,0,0,0,0,0,0,0,0,0,0,0,0,0,0,0,0,0,0,0
1.0,1.0,1.0,,Welcome to the RITC 2026 Alogithmic Market Making Case - practice server,,174,2026-02-12 13:22:03.333362,SMMR,26.67,26.67,26.68,,,,,1200.0,2200.0,,,7200.0,,,,,,4797.0,,,640400.0,1070000.0,7050.0,1500.0,670.0,7500.0,7500.0,,,,,,,,,,,,,,0,0,0,0,0,0,0,0,0,0,0,0,0,0,0,0,0,0,0,0,0,0,0,0,0,0,0,0,0,0,0,0,0,0,0,0,0,0,0,0,0,0,0,0,0,0,0
,,,,,,174,2026-02-12 13:22:03.333362,ATMN,24.29,24.29,24.3,,2813.0,5625.0,4000.0,3200.0,,11250.0,,1950.0,9930.0,4000.0,5625.0,5589.0,600.0,3300.0,,,462800.0,220600.0,1200.0,2250.0,,,7500.0,2500.0,1643.0,238.0,621.0,2250.0,6276.0,1280.0,1000.0,4000.0,,,,,0,0,0,0,0,0,0,0,0,0,0,0,0,0,0,0,0,0,0,0,0,0,0,0,0,0,0,0,0,0,0,0,0,0,0,0,0,0,0,0,0,0,0,0,0,0,0
,,,,,,174,2026-02-12 13:22:03.333362,WNTR,24.45,24.45,24.47,,,,,9740.0,1100.0,,,3000.0,,4000.0,,,,,,,1439800.0,131900.0,4200.0,750.0,,,,,4686.0,123.0,,1500.0,,,,,8000.0,15000.0,10000.0,4686.0,0,0,0,0,0,0,0,0,0,0,0,0,0,0,0,0,0,0,0,0,0,0,0,0,0,0,0,0,0,0,0,0,0,0,0,0,0,0,0,0,0,0,0,0,0,0,0
2.0,1.0,1.0,,Aggregate Position Limit,Your CRO has set the aggregate position limit to 8000 shares for this week.,175,2026-02-12 13:22:04.370339,SPNG,25.39,25.37,25.38,5000.0,2400.0,6000.0,4000.0,377.0,3506.0,1341.0,2000.0,710900.0,5000.0,4000.0,4000.0,5000.0,1753.0,1248100.0,4875.0,4000.0,6000.0,4000.0,5625.0,1100.0,,,,,,,,,,,,,,,,,,,,0,0,0,0,0,0,0,0,0,0,0,0,0,0,0,0,0,0,0,0,0,0,0,0,0,0,0,0,0,0,0,0,0,0,0,0,0,0,0,0,0,0,0,0
1.0,1.0,1.0,,Welcome to the RITC 2026 Alogithmic Market Making Case - practice server,,175,2026-02-12 13:22:04.370339,SMMR,26.56,26.56,26.59,,1200.0,,4000.0,,,,8000.0,737800.0,,,,,4444.0,333500.0,,,1500.0,,,3300.0,1064.0,750.0,2500.0,1100.0,10000.0,2500.0,1000.0,7500.0,6000.0,528.0,,,,,,,,,,0,0,0,0,0,0,0,0,0,0,0,0,0,0,0,0,0,0,0,0,0,0,0,0,0,0,0,0,0,0,0,0,0,0,0,0,0,0,0,0,0,0,0,0
,,,,,,175,2026-02-12 13:22:04.370339,ATMN,24.44,24.31,24.44,,1600.0,6000.0,,,1746.0,2813.0,,187400.0,,5637.0,,,1746.0,1683500.0,,,,,5589.0,2200.0,238.0,4500.0,,1100.0,,,,,,,6339.0,5625.0,1000.0,11250.0,6276.0,,,,,0,0,0,0,0,0,0,0,0,0,0,0,0,0,0,0,0,0,0,0,0,0,0,0,0,0,0,0,0,0,0,0,0,0,0,0,0,0,0,0,0,0,0,0
,,,,,,175,2026-02-12 13:22:04.370339,WNTR,24.35,24.35,24.37,,,6000.0,,,2738.0,,,433400.0,,6000.0,,,2738.0,1774900.0,,,,,,,49.0,,,4757.0,,,,,,,10000.0,,,,,25000.0,6000.0,5938.0,4000.0,0,0,0,0,0,0,0,0,0,0,0,0,0,0,0,0,0,0,0,0,0,0,0,0,0,0,0,0,0,0,0,0,0,0,0,0,0,0,0,0,0,0,0,0
2.0,1.0,1.0,,Aggregate Position Limit,Your CRO has set the aggregate position limit to 8000 shares for this week.,176,2026-02-12 13:22:05.413216,SPNG,25.44,25.44,25.45,4000.0,430500.0,2000.0,10000.0,6200.0,7200.0,10000.0,3180.0,1248100.0,7500.0,4000.0,6000.0,,,,,,,,,,,,0,0,0,0,0,0,0,0,0,0,0,0,0,0,0,0,0,0,0,0,0,0,0,0,0,0,0,0,0,0,0,0,0,0,0,0,0,0,0,0,0,0,0,0,0,0,0,0,0,0,0,0,0,0,0,0,0,0,0,0,0
1.0,1.0,1.0,,Welcome to the RITC 2026 Alogithmic Market Making Case - practice server,,176,2026-02-12 13:22:05.413216,SMMR,26.61,26.61,26.62,4000.0,1308700.0,,,1490.0,600.0,,,1267400.0,,,1500.0,750.0,2200.0,7500.0,7354.0,,,,,,,,0,0,0,0,0,0,0,0,0,0,0,0,0,0,0,0,0,0,0,0,0,0,0,0,0,0,0,0,0,0,0,0,0,0,0,0,0,0,0,0,0,0,0,0,0,0,0,0,0,0,0,0,0,0,0,0,0,0,0,0,0
,,,,,,176,2026-02-12 13:22:05.413216,ATMN,24.44,24.39,24.44,4000.0,,2000.0,,238.0,7200.0,,,1800100.0,1224.0,,,,1100.0,,2200.0,6339.0,2500.0,2000.0,4000.0,,,,0,0,0,0,0,0,0,0,0,0,0,0,0,0,0,0,0,0,0,0,0,0,0,0,0,0,0,0,0,0,0,0,0,0,0,0,0,0,0,0,0,0,0,0,0,0,0,0,0,0,0,0,0,0,0,0,0,0,0,0,0
,,,,,,176,2026-02-12 13:22:05.413216,WNTR,24.37,24.41,24.46,,217500.0,,,49.0,5600.0,,,1998300.0,,4000.0,,,3300.0,,,,,,,30000.0,7500.0,938.0,0,0,0,0,0,0,0,0,0,0,0,0,0,0,0,0,0,0,0,0,0,0,0,0,0,0,0,0,0,0,0,0,0,0,0,0,0,0,0,0,0,0,0,0,0,0,0,0,0,0,0,0,0,0,0,0,0,0,0,0,0
2.0,1.0,1.0,,Aggregate Position Limit,Your CRO has set the aggregate position limit to 8000 shares for this week.,177,2026-02-12 13:22:06.438932,SPNG,25.48,25.45,25.48,2000.0,40000.0,1600.0,17.0,560900.0,377.0,1827400.0,4000.0,6000.0,346.0,,,,,,,,0,0,0,0,0,0,0,0,0,0,0,0,0,0,0,0,0,0,0,0,0,0,0,0,0,0,0,0,0,0,0,0,0,0,0,0,0,0,0,0,0,0,0,0,0,0,0,0,0,0,0,0,0,0,0,0,0,0,0,0,0,0,0,0,0,0,0
1.0,1.0,1.0,,Welcome to the RITC 2026 Alogithmic Market Making Case - practice server,,177,2026-02-12 13:22:06.438932,SMMR,26.7,26.7,26.72,,,2840.0,,1162800.0,,1838300.0,4000.0,,,4000.0,750.0,606.0,528.0,,,,0,0,0,0,0,0,0,0,0,0,0,0,0,0,0,0,0,0,0,0,0,0,0,0,0,0,0,0,0,0,0,0,0,0,0,0,0,0,0,0,0,0,0,0,0,0,0,0,0,0,0,0,0,0,0,0,0,0,0,0,0,0,0,0,0,0,0
,,,,,,177,2026-02-12 13:22:06.438932,ATMN,24.44,24.26,24.44,,,,,1578800.0,,1770100.0,4000.0,,,,11250.0,,,2000.0,,,0,0,0,0,0,0,0,0,0,0,0,0,0,0,0,0,0,0,0,0,0,0,0,0,0,0,0,0,0,0,0,0,0,0,0,0,0,0,0,0,0,0,0,0,0,0,0,0,0,0,0,0,0,0,0,0,0,0,0,0,0,0,0,0,0,0,0
,,,,,,177,2026-02-12 13:22:06.438932,WNTR,24.24,24.24,24.26,,,,,2371600.0,,1341800.0,4000.0,750.0,,,,,,,20938.0,3000.0,0,0,0,0,0,0,0,0,0,0,0,0,0,0,0,0,0,0,0,0,0,0,0,0,0,0,0,0,0,0,0,0,0,0,0,0,0,0,0,0,0,0,0,0,0,0,0,0,0,0,0,0,0,0,0,0,0,0,0,0,0,0,0,0,0,0,0
2.0,1.0,1.0,,Aggregate Position Limit,Your CRO has set the aggregate position limit to 8000 shares for this week.,178,2026-02-12 13:22:07.465495,SPNG,25.5,25.46,25.5,3018.0,10551.0,1545000.0,396.0,1988200.0,346.0,348.0,1000.0,,,,,0,0,0,0,0,0,0,0,0,0,0,0,0,0,0,0,0,0,0,0,0,0,0,0,0,0,0,0,0,0,0,0,0,0,0,0,0,0,0,0,0,0,0,0,0,0,0,0,0,0,0,0,0,0,0,0,0,0,0,0,0,0,0,0,0,0,0,0,0,0,0,0
1.0,1.0,1.0,,Welcome to the RITC 2026 Alogithmic Market Making Case - practice server,,178,2026-02-12 13:22:07.465495,SMMR,26.71,26.71,26.74,,,2161000.0,,1819800.0,372.0,,,528.0,484.0,464.0,,0,0,0,0,0,0,0,0,0,0,0,0,0,0,0,0,0,0,0,0,0,0,0,0,0,0,0,0,0,0,0,0,0,0,0,0,0,0,0,0,0,0,0,0,0,0,0,0,0,0,0,0,0,0,0,0,0,0,0,0,0,0,0,0,0,0,0,0,0,0,0,0
,,,,,,178,2026-02-12 13:22:07.465495,ATMN,24.39,24.29,24.39,,6200.0,2065200.0,,1511100.0,,,,,9217.0,,2500.0,0,0,0,0,0,0,0,0,0,0,0,0,0,0,0,0,0,0,0,0,0,0,0,0,0,0,0,0,0,0,0,0,0,0,0,0,0,0,0,0,0,0,0,0,0,0,0,0,0,0,0,0,0,0,0,0,0,0,0,0,0,0,0,0,0,0,0,0,0,0,0,0
,,,,,,178,2026-02-12 13:22:07.465495,WNTR,24.47,24.24,24.47,,,2340100.0,,2222200.0,,,,,,,,0,0,0,0,0,0,0,0,0,0,0,0,0,0,0,0,0,0,0,0,0,0,0,0,0,0,0,0,0,0,0,0,0,0,0,0,0,0,0,0,0,0,0,0,0,0,0,0,0,0,0,0,0,0,0,0,0,0,0,0,0,0,0,0,0,0,0,0,0,0,0,0
2.0,1.0,1.0,,Aggregate Position Limit,Your CRO has set the aggregate position limit to 8000 shares for this week.,179,2026-02-12 13:22:08.520674,SPNG,25.41,25.41,25.5,2216200.0,2288900.0,,,,0,0,0,0,0,0,0,0,0,0,0,0,0,0,0,0,0,0,0,0,0,0,0,0,0,0,0,0,0,0,0,0,0,0,0,0,0,0,0,0,0,0,0,0,0,0,0,0,0,0,0,0,0,0,0,0,0,0,0,0,0,0,0,0,0,0,0,0,0,0,0,0,0,0,0,0,0,0,0
1.0,1.0,1.0,,Welcome to the RITC 2026 Alogithmic Market Making Case - practice server,,179,2026-02-12 13:22:08.520674,SMMR,26.71,26.71,26.74,2291300.0,2167000.0,372.0,,,0,0,0,0,0,0,0,0,0,0,0,0,0,0,0,0,0,0,0,0,0,0,0,0,0,0,0,0,0,0,0,0,0,0,0,0,0,0,0,0,0,0,0,0,0,0,0,0,0,0,0,0,0,0,0,0,0,0,0,0,0,0,0,0,0,0,0,0,0,0,0,0,0,0,0,0,0,0,0
,,,,,,179,2026-02-12 13:22:08.520674,ATMN,24.29,24.29,24.46,2055100.0,1801000.0,403.0,2052.0,2500.0,0,0,0,0,0,0,0,0,0,0,0,0,0,0,0,0,0,0,0,0,0,0,0,0,0,0,0,0,0,0,0,0,0,0,0,0,0,0,0,0,0,0,0,0,0,0,0,0,0,0,0,0,0,0,0,0,0,0,0,0,0,0,0,0,0,0,0,0,0,0,0,0,0,0,0,0,0,0,0
,,,,,,179,2026-02-12 13:22:08.520674,WNTR,24.22,24.22,24.46,2321100.0,1998300.0,,,5000.0,0,0,0,0,0,0,0,0,0,0,0,0,0,0,0,0,0,0,0,0,0,0,0,0,0,0,0,0,0,0,0,0,0,0,0,0,0,0,0,0,0,0,0,0,0,0,0,0,0,0,0,0,0,0,0,0,0,0,0,0,0,0,0,0,0,0,0,0,0,0,0,0,0,0,0,0,0,0,0
2.0,1.0,1.0,,Aggregate Position Limit,Your CRO has set the aggregate position limit to 8000 shares for this week.,180,2026-02-12 13:22:09.550754,SPNG,25.49,25.52,0.0,200000.0,2500.0,,,,,,,,0,0,0,0,0,0,0,0,0,0,0,0,0,0,0,0,0,0,0,0,0,0,0,0,0,0,0,0,0,0,0,0,0,0,0,0,0,0,0,0,0,0,0,0,0,0,0,0,0,0,0,0,0,0,0,0,0,0,0,0,0,0,0,0,0,0,0,0,0,0,0,0,0,0,0
1.0,1.0,1.0,,Welcome to the RITC 2026 Alogithmic Market Making Case - practice server,,180,2026-02-12 13:22:09.550754,SMMR,26.75,26.62,26.83,200000.0,,528.0,372.0,464.0,464.0,1000.0,,,0,0,0,0,0,0,0,0,0,0,0,0,0,0,0,0,0,0,0,0,0,0,0,0,0,0,0,0,0,0,0,0,0,0,0,0,0,0,0,0,0,0,0,0,0,0,0,0,0,0,0,0,0,0,0,0,0,0,0,0,0,0,0,0,0,0,0,0,0,0,0,0,0,0,0
,,,,,,180,2026-02-12 13:22:09.550754,ATMN,25.41,24.81,25.41,948100.0,2500.0,,,,,,672800.0,4500.0,0,0,0,0,0,0,0,0,0,0,0,0,0,0,0,0,0,0,0,0,0,0,0,0,0,0,0,0,0,0,0,0,0,0,0,0,0,0,0,0,0,0,0,0,0,0,0,0,0,0,0,0,0,0,0,0,0,0,0,0,0,0,0,0,0,0,0,0,0,0,0,0,0,0,0
,,,,,,180,2026-02-12 13:22:09.550754,WNTR,24.46,24.8,25.22,896200.0,,,,,,,813500.0,,0,0,0,0,0,0,0,0,0,0,0,0,0,0,0,0,0,0,0,0,0,0,0,0,0,0,0,0,0,0,0,0,0,0,0,0,0,0,0,0,0,0,0,0,0,0,0,0,0,0,0,0,0,0,0,0,0,0,0,0,0,0,0,0,0,0,0,0,0,0,0,0,0,0,0
2.0,1.0,1.0,,Aggregate Position Limit,Your CRO has set the aggregate position limit to 8000 shares for this week.,181,2026-02-12 13:22:10.572086,SPNG,25.52,25.55,26.4,4000.0,2500.0,985300.0,977800.0,75.0,10000.0,,,,,,,,,,,0,0,0,0,0,0,0,0,0,0,0,0,0,0,0,0,0,0,0,0,0,0,0,0,0,0,0,0,0,0,0,0,0,0,0,0,0,0,0,0,0,0,0,0,0,0,0,0,0,0,0,0,0,0,0,0,0,0,0,0,0,0,0,0,0,0,0,0
1.0,1.0,1.0,,Welcome to the RITC 2026 Alogithmic Market Making Case - practice server,,181,2026-02-12 13:22:10.572086,SMMR,26.53,25.84,26.02,,2500.0,888300.0,1196800.0,242.0,,242.0,,,,,,,,,,0,0,0,0,0,0,0,0,0,0,0,0,0,0,0,0,0,0,0,0,0,0,0,0,0,0,0,0,0,0,0,0,0,0,0,0,0,0,0,0,0,0,0,0,0,0,0,0,0,0,0,0,0,0,0,0,0,0,0,0,0,0,0,0,0,0,0,0
,,,,,,181,2026-02-12 13:22:10.572086,ATMN,25.41,24.82,25.1,4000.0,5000.0,948100.0,955800.0,178.0,,178.0,4000.0,4000.0,4500.0,4000.0,4000.0,4000.0,,,,0,0,0,0,0,0,0,0,0,0,0,0,0,0,0,0,0,0,0,0,0,0,0,0,0,0,0,0,0,0,0,0,0,0,0,0,0,0,0,0,0,0,0,0,0,0,0,0,0,0,0,0,0,0,0,0,0,0,0,0,0,0,0,0,0,0,0,0
,,,,,,181,2026-02-12 13:22:10.572086,WNTR,24.46,24.82,25.13,,5000.0,896200.0,1143600.0,348.0,,348.0,4000.0,4000.0,,,4000.0,,4000.0,6000.0,6000.0,0,0,0,0,0,0,0,0,0,0,0,0,0,0,0,0,0,0,0,0,0,0,0,0,0,0,0,0,0,0,0,0,0,0,0,0,0,0,0,0,0,0,0,0,0,0,0,0,0,0,0,0,0,0,0,0,0,0,0,0,0,0,0,0,0,0,0,0
2.0,1.0,1.0,,Aggregate Position Limit,Your CRO has set the aggregate position limit to 8000 shares for this week.,182,2026-02-12 13:22:11.591523,SPNG,25.4,25.71,25.87,2000.0,3450.0,6000.0,4000.0,10000.0,1038900.0,8600.0,245500.0,2500.0,4000.0,3000.0,75.0,4000.0,6000.0,4000.0,10000.0,,,,,,,,,,,,,,,,0,0,0,0,0,0,0,0,0,0,0,0,0,0,0,0,0,0,0,0,0,0,0,0,0,0,0,0,0,0,0,0,0,0,0,0,0,0,0,0,0,0,0,0,0,0,0,0,0,0,0,0,0
1.0,1.0,1.0,,Welcome to the RITC 2026 Alogithmic Market Making Case - practice server,,182,2026-02-12 13:22:11.591523,SMMR,25.76,25.75,25.76,,3950.0,,,,910300.0,6950.0,614500.0,2500.0,4000.0,3758.0,245.0,,,,,4000.0,6200.0,2000.0,897.0,,,,,,,,,,,,0,0,0,0,0,0,0,0,0,0,0,0,0,0,0,0,0,0,0,0,0,0,0,0,0,0,0,0,0,0,0,0,0,0,0,0,0,0,0,0,0,0,0,0,0,0,0,0,0,0,0,0,0
,,,,,,182,2026-02-12 13:22:11.591523,ATMN,24.81,24.83,25.03,2000.0,6950.0,6000.0,8000.0,,335600.0,6500.0,310100.0,5000.0,4000.0,6000.0,180.0,,6000.0,,,4000.0,,2000.0,,3000.0,2000.0,178.0,8000.0,4000.0,432.0,2000.0,,,,,0,0,0,0,0,0,0,0,0,0,0,0,0,0,0,0,0,0,0,0,0,0,0,0,0,0,0,0,0,0,0,0,0,0,0,0,0,0,0,0,0,0,0,0,0,0,0,0,0,0,0,0,0
,,,,,,182,2026-02-12 13:22:11.591523,WNTR,24.8,24.8,25.0,,3950.0,6000.0,4000.0,,900400.0,6500.0,559500.0,,4000.0,3000.0,352.0,4000.0,6000.0,4000.0,,,,2000.0,,,,352.0,,4000.0,,,1081.0,1070.0,4000.0,556.0,0,0,0,0,0,0,0,0,0,0,0,0,0,0,0,0,0,0,0,0,0,0,0,0,0,0,0,0,0,0,0,0,0,0,0,0,0,0,0,0,0,0,0,0,0,0,0,0,0,0,0,0,0
2.0,1.0,1.0,,Aggregate Position Limit,Your CRO has set the aggregate position limit to 8000 shares for this week.,183,2026-02-12 13:22:12.615770,SPNG,25.23,24.83,25.23,1062900.0,355700.0,3605.0,3750.0,5000.0,3000.0,5000.0,6000.0,4000.0,1240.0,2400.0,7500.0,,,,,,,,,,,,,,,,,,,0,0,0,0,0,0,0,0,0,0,0,0,0,0,0,0,0,0,0,0,0,0,0,0,0,0,0,0,0,0,0,0,0,0,0,0,0,0,0,0,0,0,0,0,0,0,0,0,0,0,0,0,0,0
1.0,1.0,1.0,,Welcome to the RITC 2026 Alogithmic Market Making Case - practice server,,183,2026-02-12 13:22:12.615770,SMMR,25.71,25.72,25.74,1016400.0,858700.0,5900.0,,2500.0,,,,4000.0,,1600.0,7500.0,2750.0,1855.0,7500.0,7500.0,270.0,8000.0,1855.0,270.0,7500.0,,,,,,,,,,0,0,0,0,0,0,0,0,0,0,0,0,0,0,0,0,0,0,0,0,0,0,0,0,0,0,0,0,0,0,0,0,0,0,0,0,0,0,0,0,0,0,0,0,0,0,0,0,0,0,0,0,0,0
,,,,,,183,2026-02-12 13:22:12.615770,ATMN,24.81,24.88,24.9,210000.0,176500.0,1950.0,,2500.0,,,,4000.0,6200.0,7100.0,,,1855.0,,7500.0,190.0,3500.0,1855.0,190.0,,2000.0,8000.0,6000.0,4000.0,745.0,508.0,6000.0,,,0,0,0,0,0,0,0,0,0,0,0,0,0,0,0,0,0,0,0,0,0,0,0,0,0,0,0,0,0,0,0,0,0,0,0,0,0,0,0,0,0,0,0,0,0,0,0,0,0,0,0,0,0,0
,,,,,,183,2026-02-12 13:22:12.615770,WNTR,24.77,24.76,24.77,926800.0,350400.0,,,2500.0,,,4500.0,4000.0,6200.0,7200.0,7500.0,,,,,,4500.0,,352.0,7500.0,,,,,,,,1081.0,691.0,0,0,0,0,0,0,0,0,0,0,0,0,0,0,0,0,0,0,0,0,0,0,0,0,0,0,0,0,0,0,0,0,0,0,0,0,0,0,0,0,0,0,0,0,0,0,0,0,0,0,0,0,0,0
2.0,1.0,1.0,,Aggregate Position Limit,Your CRO has set the aggregate position limit to 8000 shares for this week.,184,2026-02-12 13:22:13.633302,SPNG,25.21,25.03,25.12,2000.0,3000.0,3000.0,3500.0,3000.0,363200.0,81.0,4000.0,2000.0,8000.0,2096.0,5000.0,4000.0,1950.0,3500.0,1860.0,10000.0,,,,,,,,,,,,,,,,,,,,,,,,0,0,0,0,0,0,0,0,0,0,0,0,0,0,0,0,0,0,0,0,0,0,0,0,0,0,0,0,0,0,0,0,0,0,0,0,0,0,0,0,0,0,0,0
1.0,1.0,1.0,,Welcome to the RITC 2026 Alogithmic Market Making Case - practice server,,184,2026-02-12 13:22:13.633302,SMMR,25.71,25.71,25.75,2000.0,320.0,1700.0,7000.0,1500.0,429400.0,259.0,,,800.0,3520.0,,,6950.0,,,,1200.0,2250.0,1100.0,7500.0,7500.0,1200500.0,259.0,,,,,,,,,,,,,,,,,0,0,0,0,0,0,0,0,0,0,0,0,0,0,0,0,0,0,0,0,0,0,0,0,0,0,0,0,0,0,0,0,0,0,0,0,0,0,0,0,0,0,0,0
,,,,,,184,2026-02-12 13:22:13.633302,ATMN,24.88,24.88,24.89,1750.0,,,3500.0,,663100.0,182.0,4000.0,,,3080.0,2500.0,,950.0,3500.0,,,,2250.0,1100.0,7500.0,,277000.0,182.0,6000.0,8000.0,797.0,3080.0,8000.0,7500.0,2000.0,6750.0,6000.0,8000.0,510.0,8000.0,4000.0,,,,0,0,0,0,0,0,0,0,0,0,0,0,0,0,0,0,0,0,0,0,0,0,0,0,0,0,0,0,0,0,0,0,0,0,0,0,0,0,0,0,0,0,0,0
,,,,,,184,2026-02-12 13:22:13.633302,WNTR,24.84,24.63,24.73,,,,,,1130000.0,,,4000.0,,3960.0,,4000.0,5150.0,3500.0,6200.0,,2500.0,,,,7500.0,235400.0,352.0,,,,3960.0,,7500.0,,2250.0,,,,4000.0,,4000.0,5000.0,7500.0,0,0,0,0,0,0,0,0,0,0,0,0,0,0,0,0,0,0,0,0,0,0,0,0,0,0,0,0,0,0,0,0,0,0,0,0,0,0,0,0,0,0,0,0
2.0,1.0,1.0,,Aggregate Position Limit,Your CRO has set the aggregate position limit to 8000 shares for this week.,185,2026-02-12 13:22:14.650713,SPNG,25.77,25.78,25.83,1600.0,2000.0,1704.0,610100.0,78.0,6000.0,4000.0,3750.0,2900.0,4000.0,6000.0,3426.0,2000.0,4000.0,2310.0,6000.0,5000.0,4000.0,4000.0,130300.0,1855.0,4000.0,,,,,,,,,,,,,,,,0,0,0,0,0,0,0,0,0,0,0,0,0,0,0,0,0,0,0,0,0,0,0,0,0,0,0,0,0,0,0,0,0,0,0,0,0,0,0,0,0,0,0,0,0,0,0
1.0,1.0,1.0,,Welcome to the RITC 2026 Alogithmic Market Making Case - practice server,,185,2026-02-12 13:22:14.650713,SMMR,25.72,25.71,25.72,3200.0,,2200.0,,,,,1500.0,950.0,,,8000.0,,4000.0,3000.0,,,,,597000.0,,,3500.0,1500.0,4000.0,2887.0,2275.0,2000.0,,,,,,,,,,0,0,0,0,0,0,0,0,0,0,0,0,0,0,0,0,0,0,0,0,0,0,0,0,0,0,0,0,0,0,0,0,0,0,0,0,0,0,0,0,0,0,0,0,0,0,0
,,,,,,185,2026-02-12 13:22:14.650713,ATMN,24.87,24.84,24.87,7190.0,,1100.0,100000.0,,,4000.0,4500.0,,,6000.0,8000.0,,4000.0,,6000.0,,,,188800.0,1100.0,,,,4000.0,2526.0,7000.0,,5625.0,2000.0,2500.0,2812.0,2250.0,,,,,0,0,0,0,0,0,0,0,0,0,0,0,0,0,0,0,0,0,0,0,0,0,0,0,0,0,0,0,0,0,0,0,0,0,0,0,0,0,0,0,0,0,0,0,0,0,0
,,,,,,185,2026-02-12 13:22:14.650713,WNTR,24.84,24.72,24.84,6980.0,,,132300.0,,,,1500.0,,,,,,,2900.0,16000.0,,4000.0,8000.0,680300.0,,8000.0,7000.0,750.0,4000.0,1838.0,,,,,,,,2500.0,5000.0,2250.0,1838.0,0,0,0,0,0,0,0,0,0,0,0,0,0,0,0,0,0,0,0,0,0,0,0,0,0,0,0,0,0,0,0,0,0,0,0,0,0,0,0,0,0,0,0,0,0,0,0
2.0,1.0,1.0,,Aggregate Position Limit,Your CRO has set the aggregate position limit to 8000 shares for this week.,186,2026-02-12 13:22:15.668769,SPNG,25.79,25.63,25.69,5900.0,5625.0,911.0,2000.0,1598.0,4000.0,5624.0,1704.0,4000.0,114500.0,78.0,6000.0,7500.0,2775.0,4000.0,6200.0,3997.0,6000.0,20000.0,4000.0,4000.0,130300.0,,,,,,,,,,,,,,,,,,,,,,,,,0,0,0,0,0,0,0,0,0,0,0,0,0,0,0,0,0,0,0,0,0,0,0,0,0,0,0,0,0,0,0,0,0,0,0,0,0,0
1.0,1.0,1.0,,Welcome to the RITC 2026 Alogithmic Market Making Case - practice server,,186,2026-02-12 13:22:15.668769,SMMR,25.72,25.71,25.72,1700.0,,,2000.0,2580.0,,,3904.0,,429400.0,255.0,,,3000.0,4000.0,,2400.0,,,,,713400.0,3500.0,1500.0,1500.0,960.0,3500.0,2804.0,897.0,770.0,2580.0,2000.0,255.0,,,,,,,,,,,,,,0,0,0,0,0,0,0,0,0,0,0,0,0,0,0,0,0,0,0,0,0,0,0,0,0,0,0,0,0,0,0,0,0,0,0,0,0,0
,,,,,,186,2026-02-12 13:22:15.668769,ATMN,24.53,24.87,24.88,,,,,2258.0,,,1704.0,,1169200.0,,6000.0,,,,,2400.0,6000.0,,,4000.0,367200.0,2275.0,,,,7000.0,1100.0,,,2258.0,,180.0,6000.0,794.0,797.0,6000.0,8000.0,2000.0,1406.0,4500.0,2250.0,5625.0,,,,0,0,0,0,0,0,0,0,0,0,0,0,0,0,0,0,0,0,0,0,0,0,0,0,0,0,0,0,0,0,0,0,0,0,0,0,0,0
,,,,,,186,2026-02-12 13:22:15.668769,WNTR,24.92,24.92,24.95,,,,,3502.0,4000.0,,,,236100.0,,,4471.0,4250.0,,,,6000.0,,4000.0,12000.0,742900.0,,1500.0,,11082.0,,,,,3502.0,,,6000.0,,,,,,,,,,1260.0,10000.0,4000.0,0,0,0,0,0,0,0,0,0,0,0,0,0,0,0,0,0,0,0,0,0,0,0,0,0,0,0,0,0,0,0,0,0,0,0,0,0,0
2.0,1.0,1.0,,Aggregate Position Limit,Your CRO has set the aggregate position limit to 8000 shares for this week.,187,2026-02-12 13:22:16.686256,SPNG,24.94,24.94,24.97,1111700.0,6000.0,3300.0,4000.0,3500.0,1802.0,256300.0,15000.0,5250.0,1802.0,1100.0,3000.0,4000.0,250.0,4050.0,2000.0,3500.0,5625.0,,,,,,,,,,,,,,,,,,,,,,,,,,,,,,0,0,0,0,0,0,0,0,0,0,0,0,0,0,0,0,0,0,0,0,0,0,0,0,0,0,0,0,0,0,0,0,0,0,0,0,0
1.0,1.0,1.0,,Welcome to the RITC 2026 Alogithmic Market Making Case - practice server,,187,2026-02-12 13:22:16.686256,SMMR,25.66,25.66,25.67,646500.0,,4200.0,,,1181.0,247900.0,,2000.0,2362.0,3517.0,,4000.0,6000.0,3000.0,,3500.0,,6200.0,2000.0,750.0,7500.0,4000.0,255.0,437.0,466.0,2000.0,2000.0,8060.0,3200.0,7500.0,750.0,,,,,,,,,,,,,,,,0,0,0,0,0,0,0,0,0,0,0,0,0,0,0,0,0,0,0,0,0,0,0,0,0,0,0,0,0,0,0,0,0,0,0,0,0
,,,,,,187,2026-02-12 13:22:16.686256,ATMN,24.72,24.72,24.74,228000.0,6000.0,,,,,115400.0,,,1914.0,2417.0,,4000.0,6000.0,,,5178.0,5625.0,,,1490.0,,,186.0,,,,4000.0,,7200.0,,,4800.0,2844.0,2417.0,4218.0,6000.0,5625.0,186.0,5625.0,,,,,,,,0,0,0,0,0,0,0,0,0,0,0,0,0,0,0,0,0,0,0,0,0,0,0,0,0,0,0,0,0,0,0,0,0,0,0,0,0
,,,,,,187,2026-02-12 13:22:16.686256,WNTR,25.0,25.0,25.01,194500.0,,,,3500.0,1134.0,952900.0,,,1134.0,,,,,4850.0,,,,,,750.0,,,,,,,,,,,,,10282.0,,,6000.0,,,,2500.0,20000.0,750.0,6000.0,4000.0,4000.0,6000.0,0,0,0,0,0,0,0,0,0,0,0,0,0,0,0,0,0,0,0,0,0,0,0,0,0,0,0,0,0,0,0,0,0,0,0,0,0
2.0,1.0,1.0,,Aggregate Position Limit,Your CRO has set the aggregate position limit to 8000 shares for this week.,188,2026-02-12 13:22:17.701558,SPNG,25.29,25.29,25.31,6000.0,4000.0,10000.0,2940.0,4000.0,7200.0,5435.0,3500.0,1248.0,3500.0,10725.0,20000.0,8000.0,5625.0,6000.0,3000.0,4000.0,,,,,,,,,,,,,,,,,,,,,,,,,,,,,,,,,0,0,0,0,0,0,0,0,0,0,0,0,0,0,0,0,0,0,0,0,0,0,0,0,0,0,0,0,0,0,0,0,0,0,0
1.0,1.0,1.0,,Welcome to the RITC 2026 Alogithmic Market Making Case - practice server,,188,2026-02-12 13:22:17.701558,SMMR,25.67,25.66,25.67,,2000.0,,7200.0,4000.0,2560.0,,,1504.0,3500.0,,,,,,,,6200.0,438700.0,750.0,7500.0,297.0,2000.0,6200.0,5221.0,2400.0,1300.0,6000.0,1500.0,580100.0,7500.0,841.0,,,,,,,,,,,,,,,,,,0,0,0,0,0,0,0,0,0,0,0,0,0,0,0,0,0,0,0,0,0,0,0,0,0,0,0,0,0,0,0,0,0,0,0
,,,,,,188,2026-02-12 13:22:17.701558,ATMN,24.73,24.69,24.71,,2000.0,,3200.0,4000.0,900.0,,,1275.0,,,,,11250.0,,2250.0,,,409700.0,,,202.0,,,5221.0,2400.0,2500.0,6000.0,7536.0,103300.0,,,586.0,625.0,6000.0,2250.0,7500.0,6000.0,4000.0,2000.0,7500.0,2000.0,5625.0,202.0,,,,,,0,0,0,0,0,0,0,0,0,0,0,0,0,0,0,0,0,0,0,0,0,0,0,0,0,0,0,0,0,0,0,0,0,0,0
,,,,,,188,2026-02-12 13:22:17.701558,WNTR,24.99,24.95,24.99,,4000.0,,,,,,3500.0,1614.0,2275.0,3950.0,,,,,750.0,4000.0,2406.0,93300.0,750.0,7500.0,,2000.0,,1100.0,,2500.0,,,668900.0,,,,,,1500.0,7500.0,,,4000.0,3029.0,,,,25000.0,2200.0,2500.0,4000.0,6000.0,0,0,0,0,0,0,0,0,0,0,0,0,0,0,0,0,0,0,0,0,0,0,0,0,0,0,0,0,0,0,0,0,0,0,0
2.0,1.0,1.0,,Aggregate Position Limit,Your CRO has set the aggregate position limit to 8000 shares for this week.,189,2026-02-12 13:22:18.717314,SPNG,25.35,25.35,25.38,4000.0,1486.0,4200.0,2200.0,20000.0,3200.0,6000.0,4072.0,5625.0,5625.0,5625.0,4000.0,5000.0,1219.0,3000.0,4200.0,6000.0,2000.0,114800.0,5625.0,380.0,2500.0,4072.0,1100.0,,,,,,,,,,,,,,,,,,,,,,,0,0,0,0,0,0,0,0,0,0,0,0,0,0,0,0,0,0,0,0,0,0,0,0,0,0,0,0,0,0,0,0,0,0,0,0,0,0
1.0,1.0,1.0,,Welcome to the RITC 2026 Alogithmic Market Making Case - practice server,,189,2026-02-12 13:22:18.717314,SMMR,25.63,25.65,25.66,,,9350.0,,,,,2193.0,,,,4000.0,,3472.0,750.0,,6000.0,,134400.0,,,,4386.0,2200.0,2275.0,572500.0,1500.0,2000.0,297.0,7500.0,6000.0,5950.0,4800.0,750.0,7500.0,,,,,,,,,,,,0,0,0,0,0,0,0,0,0,0,0,0,0,0,0,0,0,0,0,0,0,0,0,0,0,0,0,0,0,0,0,0,0,0,0,0,0,0
,,,,,,189,2026-02-12 13:22:18.717314,ATMN,24.94,24.69,24.71,4000.0,1406.0,2250.0,,,900.0,,4434.0,2460.0,,11250.0,,,,4500.0,3000.0,,,367200.0,5625.0,5625.0,,2217.0,,6085.0,204600.0,2310.0,2000.0,,,,3500.0,,,,7500.0,6000.0,2250.0,12000.0,4000.0,4000.0,8000.0,,,,,0,0,0,0,0,0,0,0,0,0,0,0,0,0,0,0,0,0,0,0,0,0,0,0,0,0,0,0,0,0,0,0,0,0,0,0,0,0
,,,,,,189,2026-02-12 13:22:18.717314,WNTR,24.84,24.83,24.84,,,2150.0,,,,,,,,,4000.0,,,,3950.0,,,808000.0,,,,2789.0,1100.0,,356600.0,,,556.0,,6000.0,5775.0,2136.0,,,,,2250.0,,4000.0,,,35000.0,8000.0,1081.0,556.0,0,0,0,0,0,0,0,0,0,0,0,0,0,0,0,0,0,0,0,0,0,0,0,0,0,0,0,0,0,0,0,0,0,0,0,0,0,0
2.0,1.0,1.0,,Aggregate Position Limit,Your CRO has set the aggregate position limit to 8000 shares for this week.,190,2026-02-12 13:22:19.733150,SPNG,25.47,25.47,25.48,259200.0,743.0,4000.0,8000.0,20000.0,6200.0,1050.0,3500.0,3000.0,2690.0,4000.0,1100.0,250.0,2000.0,114800.0,3750.0,5625.0,,,,,,,,,,,,,,,,,,,,,,,,,,,,,0,0,0,0,0,0,0,0,0,0,0,0,0,0,0,0,0,0,0,0,0,0,0,0,0,0,0,0,0,0,0,0,0,0,0,0,0,0,0
1.0,1.0,1.0,,Welcome to the RITC 2026 Alogithmic Market Making Case - practice server,,190,2026-02-12 13:22:19.733150,SMMR,25.61,25.6,25.61,489200.0,,4000.0,,,6200.0,,6746.0,4800.0,6200.0,4000.0,4400.0,,,134400.0,,,1950.0,2000.0,6850.0,297.0,2000.0,2000.0,6000.0,4760.0,4000.0,1500.0,4760.0,,,,,,,,,,,,,,,,,,0,0,0,0,0,0,0,0,0,0,0,0,0,0,0,0,0,0,0,0,0,0,0,0,0,0,0,0,0,0,0,0,0,0,0,0,0,0,0
,,,,,,190,2026-02-12 13:22:19.733150,ATMN,24.75,24.75,24.76,207300.0,4578.0,,900.0,,,5629.0,,,,4000.0,,6000.0,2000.0,98300.0,,11250.0,,,1200.0,,,2000.0,,5050.0,,6750.0,5050.0,8086.0,6000.0,1100.0,1654.0,7500.0,647.0,690.0,11250.0,281.0,11250.0,12000.0,4000.0,4000.0,,,,,0,0,0,0,0,0,0,0,0,0,0,0,0,0,0,0,0,0,0,0,0,0,0,0,0,0,0,0,0,0,0,0,0,0,0,0,0,0,0
,,,,,,190,2026-02-12 13:22:19.733150,WNTR,24.84,24.83,24.84,331700.0,,,,,,,7000.0,4984.0,,4000.0,,6000.0,2000.0,240000.0,750.0,,,,1200.0,624.0,,2000.0,6000.0,3232.0,,,3232.0,,,1100.0,,7500.0,,,,,,,,,30000.0,8000.0,1500.0,20000.0,0,0,0,0,0,0,0,0,0,0,0,0,0,0,0,0,0,0,0,0,0,0,0,0,0,0,0,0,0,0,0,0,0,0,0,0,0,0,0
2.0,1.0,1.0,,Aggregate Position Limit,Your CRO has set the aggregate position limit to 8000 shares for this week.,191,2026-02-12 13:22:20.758133,SPNG,25.55,25.54,25.55,4000.0,25000.0,3500.0,2500.0,390200.0,6000.0,1100.0,25000.0,371.0,2147.0,4000.0,2500.0,380.0,4000.0,3000.0,11250.0,1750.0,2147.0,2000.0,116.0,3500.0,4000.0,25000.0,950.0,,,,,,,,,,,,,,,,,,,,,,,,,0,0,0,0,0,0,0,0,0,0,0,0,0,0,0,0,0,0,0,0,0,0,0,0,0,0,0,0,0,0,0,0,0,0,0,0
1.0,1.0,1.0,,Welcome to the RITC 2026 Alogithmic Market Making Case - practice server,,191,2026-02-12 13:22:20.758133,SMMR,25.6,25.59,25.6,4000.0,,1750.0,,639800.0,,,,,2536.0,4000.0,2500.0,,,,,6000.0,2536.0,,,7000.0,,,840.0,6200.0,400.0,386.0,6000.0,5500.0,2000.0,4400.0,7462.0,134400.0,750.0,897.0,770.0,841.0,,,,,,,,,,,,0,0,0,0,0,0,0,0,0,0,0,0,0,0,0,0,0,0,0,0,0,0,0,0,0,0,0,0,0,0,0,0,0,0,0,0
,,,,,,191,2026-02-12 13:22:20.758133,ATMN,24.84,24.76,24.84,4000.0,,,,308300.0,,,,4578.0,2161.0,,,5625.0,4000.0,9000.0,5625.0,,,2000.0,,1750.0,4000.0,,3000.0,,,,,,,,,472100.0,,,,,5290.0,6000.0,2156.0,7500.0,500.0,4000.0,6000.0,,,,,0,0,0,0,0,0,0,0,0,0,0,0,0,0,0,0,0,0,0,0,0,0,0,0,0,0,0,0,0,0,0,0,0,0,0,0
,,,,,,191,2026-02-12 13:22:20.758133,WNTR,24.97,24.83,24.97,,,3500.0,,184100.0,,1100.0,,,,,,,4000.0,,,,,2000.0,,3500.0,,,3950.0,,,,,,,1100.0,,798800.0,,,,,3000.0,,,,6000.0,4000.0,6000.0,25000.0,750.0,2000.0,12000.0,0,0,0,0,0,0,0,0,0,0,0,0,0,0,0,0,0,0,0,0,0,0,0,0,0,0,0,0,0,0,0,0,0,0,0,0
2.0,1.0,1.0,,Aggregate Position Limit,Your CRO has set the aggregate position limit to 8000 shares for this week.,192,2026-02-12 13:22:21.795930,SPNG,25.49,25.48,25.49,25000.0,3000.0,6000.0,390200.0,6000.0,1100.0,5625.0,5048.0,25000.0,206800.0,15000.0,800.0,2000.0,4000.0,4000.0,10506.0,6000.0,2524.0,4000.0,3500.0,129.0,4000.0,950.0,,,,,,,,,,,,,,,,,,,,,,,,,,0,0,0,0,0,0,0,0,0,0,0,0,0,0,0,0,0,0,0,0,0,0,0,0,0,0,0,0,0,0,0,0,0,0,0,0
1.0,1.0,1.0,,Welcome to the RITC 2026 Alogithmic Market Making Case - practice server,,192,2026-02-12 13:22:21.795930,SMMR,25.64,25.64,25.65,,750.0,,525300.0,,1100.0,,3022.0,,702300.0,,,4000.0,,,,,,4000.0,,453.0,,5400.0,8767.0,6000.0,6000.0,3500.0,1600.0,4000.0,750.0,453.0,6200.0,6000.0,4121.0,6000.0,,,,,,,,,,,,,,0,0,0,0,0,0,0,0,0,0,0,0,0,0,0,0,0,0,0,0,0,0,0,0,0,0,0,0,0,0,0,0,0,0,0,0
,,,,,,192,2026-02-12 13:22:21.795930,ATMN,24.76,24.75,24.76,,2250.0,6000.0,308300.0,,1100.0,5625.0,2995.0,,221900.0,,1200.0,,,4000.0,,6750.0,2995.0,,2621.0,305.0,4000.0,,4340.0,,6000.0,,,,,339.0,6200.0,500.0,,,5625.0,4000.0,3000.0,4000.0,2000.0,2250.0,3469.0,5625.0,4000.0,,,,,0,0,0,0,0,0,0,0,0,0,0,0,0,0,0,0,0,0,0,0,0,0,0,0,0,0,0,0,0,0,0,0,0,0,0,0
,,,,,,192,2026-02-12 13:22:21.795930,WNTR,24.91,24.91,24.94,,,,184400.0,,1100.0,,3752.0,,359400.0,,712.0,2000.0,4000.0,4000.0,,,3752.0,2000.0,,,4000.0,3000.0,6620.0,2000.0,,,2400.0,4000.0,,,6200.0,6000.0,2200.0,6000.0,,,3000.0,,,,,,,25000.0,6000.0,693.0,951.0,0,0,0,0,0,0,0,0,0,0,0,0,0,0,0,0,0,0,0,0,0,0,0,0,0,0,0,0,0,0,0,0,0,0,0,0
2.0,1.0,1.0,,Aggregate Position Limit,Your CRO has set the aggregate position limit to 8000 shares for this week.,193,2026-02-12 13:22:22.827421,SPNG,25.49,25.48,25.49,3000.0,944.0,263700.0,6000.0,3300.0,5625.0,11538.0,2524.0,7500.0,4000.0,5000.0,5250.0,1524.0,6000.0,5000.0,1600.0,4000.0,2000.0,326600.0,3500.0,7500.0,4000.0,10506.0,2524.0,6000.0,7500.0,2000.0,129.0,,,,,,,,,,,,,,,,,,,,,,,,,0,0,0,0,0,0,0,0,0,0,0,0,0,0,0,0,0,0,0,0,0,0,0,0,0,0,0,0,0,0,0,0
1.0,1.0,1.0,,Welcome to the RITC 2026 Alogithmic Market Making Case - practice server,,193,2026-02-12 13:22:22.827421,SMMR,25.69,25.69,25.7,750.0,1600.0,383600.0,,2200.0,,,3022.0,7500.0,4000.0,,,750.0,6000.0,,2067.0,4000.0,4000.0,470600.0,,4580.0,,,,,750.0,2000.0,,14134.0,2000.0,2500.0,3500.0,862.0,4121.0,4200.0,6000.0,,,,,,,,,,,,,,,,,0,0,0,0,0,0,0,0,0,0,0,0,0,0,0,0,0,0,0,0,0,0,0,0,0,0,0,0,0,0,0,0
,,,,,,193,2026-02-12 13:22:22.827421,ATMN,24.79,24.79,24.82,2250.0,,314600.0,4000.0,1100.0,5625.0,,2995.0,,4000.0,,5279.0,2250.0,,,2470.0,4000.0,4000.0,104900.0,,,4000.0,,5990.0,2250.0,,2000.0,339.0,,,,,,1100.0,,,339.0,6000.0,7500.0,4000.0,5625.0,1200.0,2000.0,1400.0,2500.0,3469.0,500.0,5625.0,,,,,0,0,0,0,0,0,0,0,0,0,0,0,0,0,0,0,0,0,0,0,0,0,0,0,0,0,0,0,0,0,0,0
,,,,,,193,2026-02-12 13:22:22.827421,WNTR,24.91,24.92,24.93,750.0,2400.0,197700.0,,1100.0,,,7504.0,7500.0,4000.0,,,,,,1424.0,4000.0,,359400.0,7000.0,,4000.0,,7504.0,750.0,,,,420.0,,,1050.0,,3300.0,,,,,,,,1950.0,,,,,6000.0,,20000.0,6200.0,12000.0,4000.0,0,0,0,0,0,0,0,0,0,0,0,0,0,0,0,0,0,0,0,0,0,0,0,0,0,0,0,0,0,0,0,0
2.0,1.0,1.0,,Aggregate Position Limit,Your CRO has set the aggregate position limit to 8000 shares for this week.,194,2026-02-12 13:22:23.854559,SPNG,25.49,25.48,25.49,3000.0,12000.0,20000.0,1104.0,263700.0,3300.0,11538.0,3500.0,4000.0,4000.0,10800.0,4000.0,3500.0,2292.0,800.0,449700.0,7500.0,4000.0,6000.0,3750.0,2000.0,118.0,5250.0,950.0,,,,,,,,,,,,,,,,,,,,,,,,,,,,,0,0,0,0,0,0,0,0,0,0,0,0,0,0,0,0,0,0,0,0,0,0,0,0,0,0,0,0,0,0,0,0
1.0,1.0,1.0,,Welcome to the RITC 2026 Alogithmic Market Making Case - practice server,,194,2026-02-12 13:22:23.854559,SMMR,25.66,25.65,25.66,750.0,,,,644800.0,3300.0,,,,,,4000.0,2127.0,2937.0,1378.0,796400.0,4580.0,,750.0,750.0,,,,3150.0,750.0,6000.0,7500.0,381.0,7500.0,2937.0,4200.0,2000.0,6000.0,500.0,4121.0,,,,,,,,,,,,,,,,,,0,0,0,0,0,0,0,0,0,0,0,0,0,0,0,0,0,0,0,0,0,0,0,0,0,0,0,0,0,0,0,0
,,,,,,194,2026-02-12 13:22:23.854559,ATMN,24.74,24.74,24.76,2250.0,4000.0,,600.0,112000.0,2200.0,,,,4000.0,,,3500.0,2527.0,1600.0,104900.0,,,2250.0,6750.0,,,,,,,,310.0,,2527.0,1200.0,2000.0,5279.0,6000.0,3300.0,12000.0,9936.0,5625.0,4000.0,5000.0,1046.0,5625.0,736.0,5625.0,,,,,,,,,0,0,0,0,0,0,0,0,0,0,0,0,0,0,0,0,0,0,0,0,0,0,0,0,0,0,0,0,0,0,0,0
,,,,,,194,2026-02-12 13:22:23.854559,WNTR,24.97,24.93,24.94,750.0,,,7110.0,,1100.0,,3500.0,,4000.0,,4000.0,,,5600.0,244500.0,,4000.0,,,,,,,,,,,,2953.0,,,,6000.0,2200.0,,,,6000.0,,,,,,2000.0,15000.0,180.0,8000.0,2000.0,5000.0,3029.0,2000.0,0,0,0,0,0,0,0,0,0,0,0,0,0,0,0,0,0,0,0,0,0,0,0,0,0,0,0,0,0,0,0,0
2.0,1.0,1.0,,Aggregate Position Limit,Your CRO has set the aggregate position limit to 8000 shares for this week.,195,2026-02-12 13:22:24.871654,SPNG,25.54,25.53,25.54,4000.0,25000.0,4618.0,10071.0,1896.0,3000.0,1100.0,131000.0,6000.0,7500.0,6200.0,8000.0,4000.0,800.0,3000.0,332600.0,3750.0,4618.0,2000.0,118.0,3000.0,5253.0,656.0,1900.0,,,,,,,,,,,,,,,,,,,,,,,,,,,0,0,0,0,0,0,0,0,0,0,0,0,0,0,0,0,0,0,0,0,0,0,0,0,0,0,0,0,0,0,0,0,0,0
1.0,1.0,1.0,,Welcome to the RITC 2026 Alogithmic Market Making Case - practice server,,195,2026-02-12 13:22:24.871654,SMMR,25.7,25.65,25.7,4000.0,,3321.0,6200.0,1412.0,,3300.0,380900.0,,4580.0,8160.0,,,1600.0,750.0,436600.0,750.0,,,,4200.0,,,,5100.0,1500.0,6000.0,750.0,7500.0,655.0,639.0,381.0,2607.0,2000.0,4121.0,,,,,,,,,,,,,,,,0,0,0,0,0,0,0,0,0,0,0,0,0,0,0,0,0,0,0,0,0,0,0,0,0,0,0,0,0,0,0,0,0,0
,,,,,,195,2026-02-12 13:22:24.871654,ATMN,24.84,24.74,24.79,,,2989.0,,600.0,3150.0,2200.0,230000.0,,,,,4000.0,1600.0,4500.0,92900.0,2250.0,2989.0,2000.0,310.0,,1046.0,,,3500.0,2250.0,,,,,,310.0,,2000.0,2200.0,2000.0,5279.0,4968.0,2000.0,700.0,5625.0,4000.0,2500.0,703.0,6000.0,8000.0,4000.0,,,,0,0,0,0,0,0,0,0,0,0,0,0,0,0,0,0,0,0,0,0,0,0,0,0,0,0,0,0,0,0,0,0,0,0
,,,,,,195,2026-02-12 13:22:24.871654,WNTR,25.0,25.0,25.01,4000.0,,6213.0,180.0,1600.0,,2200.0,104800.0,,,,4000.0,4000.0,1314.0,,803000.0,,3015.0,2000.0,747.0,3950.0,,,,3500.0,750.0,,1500.0,,,,,,,1100.0,,,,,,,6000.0,,,,,,25000.0,6000.0,12000.0,0,0,0,0,0,0,0,0,0,0,0,0,0,0,0,0,0,0,0,0,0,0,0,0,0,0,0,0,0,0,0,0,0,0
2.0,1.0,1.0,,Aggregate Position Limit,Your CRO has set the aggregate position limit to 8000 shares for this week.,196,2026-02-12 13:22:25.901313,SPNG,25.47,25.54,25.58,3796.0,8450.0,3000.0,263700.0,6000.0,11538.0,4000.0,4000.0,3048.0,5625.0,5250.0,118.0,1200.0,2000.0,8000.0,4000.0,1550.0,3500.0,4000.0,230400.0,3796.0,7500.0,4000.0,2000.0,6000.0,,,,,,,,,,,,,,,,,,,,,,,0,0,0,0,0,0,0,0,0,0,0,0,0,0,0,0,0,0,0,0,0,0,0,0,0,0,0,0,0,0,0,0,0,0,0,0,0
1.0,1.0,1.0,,Welcome to the RITC 2026 Alogithmic Market Making Case - practice server,,196,2026-02-12 13:22:25.901313,SMMR,25.66,25.66,25.67,5624.0,,750.0,482100.0,,,,,1500.0,,,381.0,,,,,4580.0,2607.0,4000.0,577600.0,5624.0,750.0,,,,5100.0,6200.0,1412.0,4000.0,4400.0,7500.0,1600.0,8160.0,750.0,4121.0,,,,,,,,,,,,,0,0,0,0,0,0,0,0,0,0,0,0,0,0,0,0,0,0,0,0,0,0,0,0,0,0,0,0,0,0,0,0,0,0,0,0,0
,,,,,,196,2026-02-12 13:22:25.901313,ATMN,24.84,24.75,24.77,,,4500.0,112000.0,,,,,,,5279.0,,,,,,,3500.0,4000.0,,4186.0,,,,3000.0,3500.0,,3000.0,4000.0,2200.0,7500.0,8000.0,,,1100.0,638.0,3074.0,1900.0,736.0,,,,,,,,,0,0,0,0,0,0,0,0,0,0,0,0,0,0,0,0,0,0,0,0,0,0,0,0,0,0,0,0,0,0,0,0,0,0,0,0,0
,,,,,,196,2026-02-12 13:22:25.901313,WNTR,24.95,24.94,24.95,,,,290700.0,4000.0,,,,,,,683.0,3000.0,,,4000.0,,,4000.0,796600.0,2803.0,,,2000.0,3950.0,3325.0,6320.0,,4000.0,2200.0,,,,750.0,1100.0,,,,,6000.0,6000.0,20000.0,7500.0,5000.0,6000.0,3029.0,683.0,0,0,0,0,0,0,0,0,0,0,0,0,0,0,0,0,0,0,0,0,0,0,0,0,0,0,0,0,0,0,0,0,0,0,0,0,0
2.0,1.0,1.0,,Aggregate Position Limit,Your CRO has set the aggregate position limit to 8000 shares for this week.,197,2026-02-12 13:22:26.918346,SPNG,25.45,25.48,25.57,3750.0,3500.0,459000.0,10000.0,11250.0,6000.0,5250.0,121.0,2000.0,2150.0,720.0,5625.0,6000.0,4000.0,20000.0,3500.0,4000.0,6000.0,2364.0,4000.0,3000.0,1403.0,2070.0,123100.0,7500.0,3750.0,4000.0,2000.0,,,,,,,,,,,,,,,,,,,0,0,0,0,0,0,0,0,0,0,0,0,0,0,0,0,0,0,0,0,0,0,0,0,0,0,0,0,0,0,0,0,0,0,0,0,0,0
1.0,1.0,1.0,,Welcome to the RITC 2026 Alogithmic Market Making Case - practice server,,197,2026-02-12 13:22:26.918346,SMMR,25.72,25.68,25.72,750.0,5100.0,496400.0,,,6000.0,,,,,789.0,,750.0,4000.0,,,,,,,,4121.0,,784100.0,4580.0,750.0,,2000.0,2400.0,2282.0,6200.0,6903.0,1120.0,5400.0,391.0,,,,,,,,,,,,0,0,0,0,0,0,0,0,0,0,0,0,0,0,0,0,0,0,0,0,0,0,0,0,0,0,0,0,0,0,0,0,0,0,0,0,0,0
,,,,,,197,2026-02-12 13:22:26.918346,ATMN,24.75,24.74,24.75,,,232500.0,,,,,411.0,2000.0,4200.0,,,2250.0,4000.0,,3500.0,,,800.0,,2250.0,1100.0,2269.0,205500.0,,4500.0,4000.0,2000.0,1272.0,2269.0,6634.0,,,3000.0,411.0,6000.0,4000.0,4000.0,2000.0,5625.0,703.0,11250.0,,,,,0,0,0,0,0,0,0,0,0,0,0,0,0,0,0,0,0,0,0,0,0,0,0,0,0,0,0,0,0,0,0,0,0,0,0,0,0,0
,,,,,,197,2026-02-12 13:22:26.918346,WNTR,25.0,25.0,25.09,750.0,,199900.0,,,6000.0,,683.0,,1950.0,,,,,,,,,,,,,6335.0,1346300.0,,,,,1600.0,6335.0,120.0,1100.0,,2900.0,683.0,,4000.0,,,,,,25000.0,6000.0,7500.0,12000.0,0,0,0,0,0,0,0,0,0,0,0,0,0,0,0,0,0,0,0,0,0,0,0,0,0,0,0,0,0,0,0,0,0,0,0,0,0,0
2.0,1.0,1.0,,Aggregate Position Limit,Your CRO has set the aggregate position limit to 8000 shares for this week.,198,2026-02-12 13:22:27.947808,SPNG,25.35,25.52,25.55,2000.0,2288.0,11250.0,11250.0,3500.0,3200.0,5000.0,4000.0,1694.0,7500.0,216700.0,673.0,8000.0,4000.0,15000.0,7000.0,2500.0,4000.0,1100.0,1694.0,805.0,657.0,,,,,,,,,,,,,,,,,,,,,,,,,0,0,0,0,0,0,0,0,0,0,0,0,0,0,0,0,0,0,0,0,0,0,0,0,0,0,0,0,0,0,0,0,0,0,0,0,0,0
1.0,1.0,1.0,,Welcome to the RITC 2026 Alogithmic Market Making Case - practice server,,198,2026-02-12 13:22:27.947808,SMMR,25.64,25.64,25.7,,,,,,7200.0,,,,7500.0,842700.0,,,300.0,,2282.0,,,4121.0,,1120.0,,4400.0,750.0,2000.0,6000.0,2180.0,779200.0,1500.0,4580.0,4200.0,,,,,,,,,,,,,,,,0,0,0,0,0,0,0,0,0,0,0,0,0,0,0,0,0,0,0,0,0,0,0,0,0,0,0,0,0,0,0,0,0,0,0,0,0,0
,,,,,,198,2026-02-12 13:22:27.947808,ATMN,24.75,24.75,24.76,,4452.0,4087.0,5625.0,3500.0,,,,,,,3103.0,,7200.0,,3500.0,,4000.0,2503.0,2366.0,,5625.0,1100.0,,,,,,1750.0,,,6000.0,6000.0,434.0,2813.0,4000.0,814.0,2812.0,6000.0,2250.0,,,,,,,0,0,0,0,0,0,0,0,0,0,0,0,0,0,0,0,0,0,0,0,0,0,0,0,0,0,0,0,0,0,0,0,0,0,0,0,0,0
,,,,,,198,2026-02-12 13:22:27.947808,WNTR,25.04,25.04,25.06,,8000.0,,,,,,,3005.0,,,,,3000.0,,,,4000.0,1403.0,3005.0,,,1403.0,750.0,,,683.0,343600.0,,,,,,2600.0,,4000.0,,,,,2500.0,7500.0,750.0,5000.0,7650.0,6000.0,0,0,0,0,0,0,0,0,0,0,0,0,0,0,0,0,0,0,0,0,0,0,0,0,0,0,0,0,0,0,0,0,0,0,0,0,0,0
2.0,1.0,1.0,,Aggregate Position Limit,Your CRO has set the aggregate position limit to 8000 shares for this week.,199,2026-02-12 13:22:28.971227,SPNG,25.37,25.35,25.36,5000.0,4000.0,2150.0,4000.0,688.0,6000.0,5000.0,332500.0,5625.0,4000.0,2275.0,5625.0,5812.0,254.0,1291.0,7134.0,193800.0,23343.0,800.0,1291.0,3300.0,4000.0,5950.0,2000.0,6000.0,10000.0,805.0,3000.0,,,,,,,,,,,,,,,,,,,,,,0,0,0,0,0,0,0,0,0,0,0,0,0,0,0,0,0,0,0,0,0,0,0,0,0,0,0,0,0,0,0,0,0,0,0
1.0,1.0,1.0,,Welcome to the RITC 2026 Alogithmic Market Making Case - practice server,,199,2026-02-12 13:22:28.971227,SMMR,25.69,25.69,25.7,,,,,3200.0,,,618500.0,,4000.0,1023.0,,,,3771.0,1500.0,473700.0,,300.0,,5221.0,4000.0,4564.0,,6000.0,,1372.0,,750.0,6000.0,6200.0,3300.0,789.0,2180.0,1900.0,1200.0,,,,,,,,,,,,,,0,0,0,0,0,0,0,0,0,0,0,0,0,0,0,0,0,0,0,0,0,0,0,0,0,0,0,0,0,0,0,0,0,0,0
,,,,,,199,2026-02-12 13:22:28.971227,ATMN,24.83,24.83,24.86,,,,6000.0,1600.0,2250.0,,86700.0,3212.0,4000.0,12521.0,5625.0,,3103.0,3262.0,,655700.0,,300.0,3262.0,,,,,,,,4500.0,2250.0,6000.0,310.0,1100.0,,3103.0,,2900.0,2000.0,777.0,4000.0,5624.0,5625.0,5279.0,,,,,,,,0,0,0,0,0,0,0,0,0,0,0,0,0,0,0,0,0,0,0,0,0,0,0,0,0,0,0,0,0,0,0,0,0,0,0
,,,,,,199,2026-02-12 13:22:28.971227,WNTR,25.09,24.99,25.02,,4000.0,1050.0,4000.0,1329.0,750.0,,106600.0,,,,,6000.0,,,,1031600.0,,,1777.0,1403.0,,,,,,1110.0,,,6000.0,6200.0,1100.0,882.0,,,6000.0,2000.0,,,,,6000.0,2500.0,12000.0,8000.0,2000.0,2000.0,5000.0,670.0,0,0,0,0,0,0,0,0,0,0,0,0,0,0,0,0,0,0,0,0,0,0,0,0,0,0,0,0,0,0,0,0,0,0,0
2.0,1.0,1.0,,Aggregate Position Limit,Your CRO has set the aggregate position limit to 8000 shares for this week.,200,2026-02-12 13:22:29.991758,SPNG,25.37,25.34,25.36,3000.0,25000.0,4000.0,423400.0,4000.0,4968.0,7500.0,5625.0,5812.0,950.0,4116.0,1382.0,1382.0,4000.0,5500.0,7500.0,101600.0,18343.0,2000.0,6000.0,4000.0,10000.0,805.0,3000.0,657.0,,,,,,,,,,,,,,,,,,,,,0,0,0,0,0,0,0,0,0,0,0,0,0,0,0,0,0,0,0,0,0,0,0,0,0,0,0,0,0,0,0,0,0,0,0,0,0,0,0
1.0,1.0,1.0,,Welcome to the RITC 2026 Alogithmic Market Making Case - practice server,,200,2026-02-12 13:22:29.991758,SMMR,25.7,25.7,25.71,,,4000.0,490300.0,,,,,,,2250.0,1955.0,1955.0,4000.0,6321.0,7500.0,1040400.0,,,,,,,,,2400.0,3500.0,6000.0,4400.0,6200.0,2920.0,5400.0,,,,,,,,,,,,,,0,0,0,0,0,0,0,0,0,0,0,0,0,0,0,0,0,0,0,0,0,0,0,0,0,0,0,0,0,0,0,0,0,0,0,0,0,0,0
,,,,,,200,2026-02-12 13:22:29.991758,ATMN,24.84,24.81,24.84,2250.0,,,83600.0,,3212.0,,5625.0,,,3656.0,1629.0,1629.0,,,,188800.0,,,,4000.0,6000.0,,9000.0,5225.0,6400.0,,6000.0,2200.0,,,,16000.0,6000.0,1546.0,5624.0,716.0,2100.0,,,,,,,,0,0,0,0,0,0,0,0,0,0,0,0,0,0,0,0,0,0,0,0,0,0,0,0,0,0,0,0,0,0,0,0,0,0,0,0,0,0,0
,,,,,,200,2026-02-12 13:22:29.991758,WNTR,25.01,25.01,25.03,,,4000.0,211900.0,,,,,6000.0,,,,,,2503.0,,901000.0,,,,,6000.0,3360.0,750.0,,4700.0,,,,,,,4000.0,6000.0,,,,,15000.0,4000.0,5000.0,3500.0,4000.0,4000.0,6000.0,0,0,0,0,0,0,0,0,0,0,0,0,0,0,0,0,0,0,0,0,0,0,0,0,0,0,0,0,0,0,0,0,0,0,0,0,0,0,0
2.0,1.0,1.0,,Aggregate Position Limit,Your CRO has set the aggregate position limit to 8000 shares for this week.,201,2026-02-12 13:22:31.009876,SPNG,25.33,25.45,25.49,1100.0,1965.0,7500.0,423400.0,4000.0,4000.0,2484.0,25000.0,1406.0,11250.0,950.0,3000.0,101600.0,28486.0,5625.0,4000.0,3300.0,4000.0,720.0,4000.0,805.0,3000.0,3469.0,,,,,,,,,,,,,,,,,,,,,,,,,,0,0,0,0,0,0,0,0,0,0,0,0,0,0,0,0,0,0,0,0,0,0,0,0,0,0,0,0,0,0,0,0,0,0,0,0
1.0,1.0,1.0,,Welcome to the RITC 2026 Alogithmic Market Making Case - practice server,,201,2026-02-12 13:22:31.009876,SMMR,25.72,25.7,25.72,5500.0,2291.0,2920.0,491800.0,,,,,,,,,930600.0,,,4000.0,4121.0,,,,,750.0,,4000.0,3000.0,897.0,6200.0,7500.0,4000.0,2088.0,5400.0,2291.0,,,,,,,,,,,,,,,,,0,0,0,0,0,0,0,0,0,0,0,0,0,0,0,0,0,0,0,0,0,0,0,0,0,0,0,0,0,0,0,0,0,0,0,0
,,,,,,201,2026-02-12 13:22:31.009876,ATMN,24.9,24.88,24.9,,1909.0,7500.0,83600.0,,16000.0,5625.0,,5625.0,5625.0,,4500.0,467700.0,,,,,4000.0,,,,9000.0,5225.0,,11316.0,,186.0,7500.0,,2426.0,1200.0,,6000.0,4000.0,706.0,2000.0,1900.0,6000.0,5761.0,4000.0,2812.0,4000.0,,,,,,,0,0,0,0,0,0,0,0,0,0,0,0,0,0,0,0,0,0,0,0,0,0,0,0,0,0,0,0,0,0,0,0,0,0,0,0
,,,,,,201,2026-02-12 13:22:31.009876,WNTR,24.93,24.93,25.02,2200.0,,7500.0,386000.0,4000.0,4000.0,,,,,2400.0,750.0,,,,,1100.0,,,,2400.0,1500.0,,,750.0,,,,,3500.0,,,6000.0,,,,,6000.0,,,,4000.0,3500.0,4000.0,6000.0,15000.0,5000.0,3300.0,0,0,0,0,0,0,0,0,0,0,0,0,0,0,0,0,0,0,0,0,0,0,0,0,0,0,0,0,0,0,0,0,0,0,0,0
2.0,1.0,1.0,,Aggregate Position Limit,Your CRO has set the aggregate position limit to 8000 shares for this week.,202,2026-02-12 13:22:32.028884,SPNG,25.57,25.34,25.37,2000.0,6200.0,423400.0,4000.0,4000.0,1242.0,25000.0,1406.0,5625.0,4200.0,5812.0,4000.0,6200.0,5000.0,1879.0,2000.0,10000.0,4968.0,5625.0,5812.0,1200.0,6000.0,1403.0,253300.0,4000.0,4000.0,,,,,,,,,,,,,,,,,,,,,,,,,,,,,0,0,0,0,0,0,0,0,0,0,0,0,0,0,0,0,0,0,0,0,0,0,0,0,0,0,0,0,0,0
1.0,1.0,1.0,,Welcome to the RITC 2026 Alogithmic Market Making Case - practice server,,202,2026-02-12 13:22:32.028884,SMMR,25.72,25.71,25.72,,6200.0,220100.0,,,,,,,,,,,,5134.0,,,,,,4200.0,750.0,5221.0,488200.0,,,1742.0,4000.0,5134.0,1600.0,750.0,7700.0,841.0,6000.0,2920.0,4000.0,3500.0,750.0,1212.0,7500.0,,,,,,,,,,,,,,,0,0,0,0,0,0,0,0,0,0,0,0,0,0,0,0,0,0,0,0,0,0,0,0,0,0,0,0,0,0
,,,,,,202,2026-02-12 13:22:32.028884,ATMN,24.89,24.89,24.91,2500.0,10974.0,,,,,,,5625.0,,,,6200.0,,5076.0,,,,,5761.0,,11250.0,1100.0,98300.0,,,486.0,4000.0,5076.0,1600.0,3738.0,,,,,4000.0,3500.0,1505.0,600.0,,4000.0,833.0,6000.0,4000.0,4500.0,2500.0,618.0,633.0,4000.0,,,,,,0,0,0,0,0,0,0,0,0,0,0,0,0,0,0,0,0,0,0,0,0,0,0,0,0,0,0,0,0,0
,,,,,,202,2026-02-12 13:22:32.028884,WNTR,24.84,24.95,24.97,,,407300.0,,,,,,,1200.0,,4000.0,3462.0,,6304.0,,,,,,,1500.0,1100.0,,,,3500.0,,,600.0,750.0,2200.0,,6000.0,7500.0,4000.0,3500.0,750.0,1600.0,,2000.0,,,4000.0,,250.0,,,,20000.0,7500.0,10000.0,6000.0,640.0,0,0,0,0,0,0,0,0,0,0,0,0,0,0,0,0,0,0,0,0,0,0,0,0,0,0,0,0,0,0
2.0,1.0,1.0,,Aggregate Position Limit,Your CRO has set the aggregate position limit to 8000 shares for this week.,203,2026-02-12 13:22:33.046117,SPNG,25.45,25.43,25.45,3500.0,4406.0,3750.0,2000.0,10000.0,862.0,15000.0,1100.0,3000.0,126100.0,4000.0,3516.0,5625.0,2000.0,4000.0,610500.0,10000.0,4000.0,5625.0,3750.0,3500.0,6000.0,11250.0,6000.0,7500.0,3000.0,7500.0,2203.0,2000.0,4000.0,,,,,,,,,,,,,,,,,,0,0,0,0,0,0,0,0,0,0,0,0,0,0,0,0,0,0,0,0,0,0,0,0,0,0,0,0,0,0,0,0,0,0,0,0,0
1.0,1.0,1.0,,Welcome to the RITC 2026 Alogithmic Market Making Case - practice server,,203,2026-02-12 13:22:33.046117,SMMR,25.76,25.71,25.76,3484.0,2627.0,750.0,,,4800.0,,5500.0,,115200.0,,,,,,1401800.0,,,,,,,,,7500.0,,,2627.0,2000.0,,4000.0,841.0,6000.0,2000.0,5400.0,1100.0,,,,,,,,,,,,0,0,0,0,0,0,0,0,0,0,0,0,0,0,0,0,0,0,0,0,0,0,0,0,0,0,0,0,0,0,0,0,0,0,0,0,0
,,,,,,203,2026-02-12 13:22:33.046117,ATMN,24.88,24.83,24.86,,,,6000.0,,7200.0,,,,,4000.0,,,,4000.0,,,4000.0,,,3500.0,,653.0,,,,,2350.0,,,4000.0,,6000.0,,,1100.0,833.0,6200.0,5625.0,814.0,9108.0,3840.0,2500.0,,,,,0,0,0,0,0,0,0,0,0,0,0,0,0,0,0,0,0,0,0,0,0,0,0,0,0,0,0,0,0,0,0,0,0,0,0,0,0
,,,,,,203,2026-02-12 13:22:33.046117,WNTR,24.96,24.96,24.97,3500.0,3225.0,750.0,,,900.0,,2200.0,,317500.0,,,,,,,,4000.0,,750.0,7000.0,6000.0,,,,1500.0,,3225.0,,10000.0,4000.0,,6000.0,,,2200.0,801.0,,,,3462.0,1600.0,,1537.0,20000.0,6000.0,20000.0,0,0,0,0,0,0,0,0,0,0,0,0,0,0,0,0,0,0,0,0,0,0,0,0,0,0,0,0,0,0,0,0,0,0,0,0,0
2.0,1.0,1.0,,Aggregate Position Limit,Your CRO has set the aggregate position limit to 8000 shares for this week.,204,2026-02-12 13:22:34.071170,SPNG,25.43,25.43,25.44,20000.0,4218.0,1100.0,4828.0,4000.0,5625.0,3500.0,206400.0,7500.0,1561.0,3000.0,2000.0,688.0,4000.0,4000.0,261800.0,1871.0,10000.0,11250.0,2400.0,6000.0,5625.0,6000.0,3750.0,2000.0,7500.0,3000.0,4000.0,7500.0,656.0,,,,,,,,,,,,,,,,,0,0,0,0,0,0,0,0,0,0,0,0,0,0,0,0,0,0,0,0,0,0,0,0,0,0,0,0,0,0,0,0,0,0,0,0,0,0
1.0,1.0,1.0,,Welcome to the RITC 2026 Alogithmic Market Making Case - practice server,,204,2026-02-12 13:22:34.071170,SMMR,25.75,25.73,25.74,,,3300.0,,4000.0,,5258.0,104900.0,7500.0,,,,,,4000.0,593700.0,2943.0,,,2700.0,,,,,,,,,,,7200.0,3928.0,750.0,2579.0,6200.0,1200.0,1100.0,,,,,,,,,,0,0,0,0,0,0,0,0,0,0,0,0,0,0,0,0,0,0,0,0,0,0,0,0,0,0,0,0,0,0,0,0,0,0,0,0,0,0
,,,,,,204,2026-02-12 13:22:34.071170,ATMN,24.97,24.83,24.85,,5625.0,2200.0,,4000.0,5625.0,7000.0,103200.0,,4971.0,,,,,,755600.0,2319.0,,,2400.0,,5625.0,,,2000.0,,,4000.0,,,3744.0,,,,,1200.0,,6000.0,1850.0,1407.0,5761.0,,,,,,0,0,0,0,0,0,0,0,0,0,0,0,0,0,0,0,0,0,0,0,0,0,0,0,0,0,0,0,0,0,0,0,0,0,0,0,0,0
,,,,,,204,2026-02-12 13:22:34.071170,WNTR,24.96,24.95,24.96,,,3300.0,,4000.0,,3500.0,419300.0,,,,,,,4000.0,,6364.0,,,1600.0,6000.0,,,1250.0,,,,10000.0,,,900.0,,750.0,7000.0,1484.0,,1100.0,6000.0,,,,15000.0,6000.0,4000.0,882.0,27368.0,0,0,0,0,0,0,0,0,0,0,0,0,0,0,0,0,0,0,0,0,0,0,0,0,0,0,0,0,0,0,0,0,0,0,0,0,0,0
2.0,1.0,1.0,,Aggregate Position Limit,Your CRO has set the aggregate position limit to 8000 shares for this week.,205,2026-02-12 13:22:35.096289,SPNG,25.31,25.43,25.45,1534.0,406900.0,2109.0,2555.0,5150.0,2000.0,781.0,4000.0,4000.0,4120.0,5625.0,405.0,131600.0,4000.0,20000.0,405.0,800.0,3500.0,4120.0,11250.0,6000.0,5625.0,6000.0,7500.0,3750.0,2000.0,,,,,,,,,,,,,,,0,0,0,0,0,0,0,0,0,0,0,0,0,0,0,0,0,0,0,0,0,0,0,0,0,0,0,0,0,0,0,0,0,0,0,0,0,0,0,0,0,0,0,0
1.0,1.0,1.0,,Welcome to the RITC 2026 Alogithmic Market Making Case - practice server,,205,2026-02-12 13:22:35.096289,SMMR,25.75,25.73,25.74,1600.0,346400.0,,750.0,,,,,,6480.0,,,725300.0,4000.0,,1162.0,600.0,,6480.0,,,,750.0,,750.0,,750.0,4000.0,3928.0,897.0,4400.0,6000.0,7500.0,4200.0,3300.0,,,,,,0,0,0,0,0,0,0,0,0,0,0,0,0,0,0,0,0,0,0,0,0,0,0,0,0,0,0,0,0,0,0,0,0,0,0,0,0,0,0,0,0,0,0,0
,,,,,,205,2026-02-12 13:22:35.096289,ATMN,24.97,24.83,24.96,2400.0,278300.0,5625.0,4500.0,3000.0,,4971.0,4000.0,,,5625.0,,1160100.0,,,,,,,,,5625.0,,7500.0,,,,4000.0,,,3300.0,,,2900.0,,3500.0,833.0,1407.0,,,0,0,0,0,0,0,0,0,0,0,0,0,0,0,0,0,0,0,0,0,0,0,0,0,0,0,0,0,0,0,0,0,0,0,0,0,0,0,0,0,0,0,0,0
,,,,,,205,2026-02-12 13:22:35.096289,WNTR,24.97,24.92,24.97,,1146600.0,,750.0,1200.0,,,4000.0,,3700.0,,,1016800.0,4000.0,,,1460.0,3500.0,3700.0,,500.0,,,,,,,,,,4400.0,,,3000.0,1403.0,,,,5000.0,12000.0,0,0,0,0,0,0,0,0,0,0,0,0,0,0,0,0,0,0,0,0,0,0,0,0,0,0,0,0,0,0,0,0,0,0,0,0,0,0,0,0,0,0,0,0
2.0,1.0,1.0,,Aggregate Position Limit,Your CRO has set the aggregate position limit to 8000 shares for this week.,206,2026-02-12 13:22:36.132292,SPNG,25.44,25.42,25.44,2200.0,7000.0,780.0,4000.0,600.0,352.0,4000.0,5625.0,2500.0,188400.0,3000.0,2000.0,688.0,3000.0,800.0,131600.0,45000.0,405.0,4000.0,1926.0,5625.0,1100.0,6000.0,5625.0,3750.0,,,,,,,,,,,,,,,,,,,,,,,,,,,0,0,0,0,0,0,0,0,0,0,0,0,0,0,0,0,0,0,0,0,0,0,0,0,0,0,0,0,0,0,0,0,0
1.0,1.0,1.0,,Welcome to the RITC 2026 Alogithmic Market Making Case - practice server,,206,2026-02-12 13:22:36.132292,SMMR,25.64,25.69,25.71,2200.0,,,,2400.0,,,,,239600.0,,,,750.0,345.0,613800.0,,1479.0,4000.0,3029.0,,1100.0,,,,10000.0,7379.0,750.0,740.0,3029.0,7500.0,10000.0,6200.0,3500.0,740.0,7500.0,,,,,,,,,,,,,,,,0,0,0,0,0,0,0,0,0,0,0,0,0,0,0,0,0,0,0,0,0,0,0,0,0,0,0,0,0,0,0,0,0
,,,,,,206,2026-02-12 13:22:36.132292,ATMN,24.83,24.85,24.87,4400.0,3500.0,5625.0,4000.0,2400.0,5625.0,,5625.0,,278300.0,1200.0,,,,300.0,397200.0,,,4000.0,2349.0,,1100.0,6000.0,3466.0,2250.0,,,,,2349.0,,,2978.0,3500.0,,7500.0,2250.0,6000.0,4000.0,1406.0,2500.0,6000.0,640.0,,,,,,,,,0,0,0,0,0,0,0,0,0,0,0,0,0,0,0,0,0,0,0,0,0,0,0,0,0,0,0,0,0,0,0,0,0
,,,,,,206,2026-02-12 13:22:36.132292,WNTR,24.95,24.95,24.96,3300.0,,,4000.0,2130.0,,6000.0,,,299000.0,,,,,2400.0,683600.0,,,,3459.0,,1403.0,6000.0,,,,,750.0,,3459.0,7500.0,,,3500.0,,,750.0,,4000.0,,,,882.0,10000.0,6000.0,7500.0,5000.0,15000.0,7500.0,4000.0,1200.0,0,0,0,0,0,0,0,0,0,0,0,0,0,0,0,0,0,0,0,0,0,0,0,0,0,0,0,0,0,0,0,0,0
2.0,1.0,1.0,,Aggregate Position Limit,Your CRO has set the aggregate position limit to 8000 shares for this week.,207,2026-02-12 13:22:37.169372,SPNG,25.42,25.41,25.42,3300.0,7500.0,4000.0,5000.0,6000.0,4000.0,3500.0,5625.0,4000.0,3000.0,188400.0,3000.0,2000.0,1685.0,4000.0,10000.0,7000.0,4000.0,6000.0,45000.0,1600.0,1685.0,131600.0,405.0,,,,,,,,,,,,,,,,,,,,,,,,,,0,0,0,0,0,0,0,0,0,0,0,0,0,0,0,0,0,0,0,0,0,0,0,0,0,0,0,0,0,0,0,0,0,0,0
1.0,1.0,1.0,,Welcome to the RITC 2026 Alogithmic Market Making Case - practice server,,207,2026-02-12 13:22:37.169372,SMMR,25.67,25.65,25.66,1100.0,750.0,4000.0,,,,3500.0,,,750.0,626100.0,5250.0,,2516.0,,,7000.0,,750.0,,1170.0,2516.0,,1479.0,6200.0,2500.0,789.0,7500.0,6000.0,12000.0,4000.0,6200.0,2500.0,6000.0,2200.0,750.0,,,,,,,,,,,,,,0,0,0,0,0,0,0,0,0,0,0,0,0,0,0,0,0,0,0,0,0,0,0,0,0,0,0,0,0,0,0,0,0,0,0
,,,,,,207,2026-02-12 13:22:37.169372,ATMN,24.88,24.85,24.86,5500.0,2250.0,4000.0,,,,2634.0,,,,88400.0,,,2055.0,,,1848.0,,,,5664.0,,298200.0,,,,,,,,,,,6000.0,1100.0,2250.0,6400.0,500.0,761.0,1733.0,703.0,2000.0,6000.0,4000.0,,,,,,0,0,0,0,0,0,0,0,0,0,0,0,0,0,0,0,0,0,0,0,0,0,0,0,0,0,0,0,0,0,0,0,0,0,0
,,,,,,207,2026-02-12 13:22:37.169372,WNTR,24.95,24.94,24.95,5500.0,750.0,4000.0,,6000.0,,,,10000.0,750.0,296900.0,,,2661.0,,,3500.0,,,,490.0,5198.0,889900.0,,,,,,,,4000.0,,,6000.0,1403.0,,2400.0,6000.0,,,,,,,5000.0,7500.0,10000.0,3150.0,6000.0,0,0,0,0,0,0,0,0,0,0,0,0,0,0,0,0,0,0,0,0,0,0,0,0,0,0,0,0,0,0,0,0,0,0,0
2.0,1.0,1.0,,Aggregate Position Limit,Your CRO has set the aggregate position limit to 8000 shares for this week.,208,2026-02-12 13:22:38.196520,SPNG,25.3,25.4,25.42,3750.0,1664.0,856900.0,5150.0,2000.0,4000.0,390.0,3000.0,6000.0,5625.0,10000.0,50000.0,4000.0,4000.0,3459.0,3750.0,9000.0,131600.0,,,,,,,,,,,,,,,,,,,,,,,,,,,,0,0,0,0,0,0,0,0,0,0,0,0,0,0,0,0,0,0,0,0,0,0,0,0,0,0,0,0,0,0,0,0,0,0,0,0,0,0,0
1.0,1.0,1.0,,Welcome to the RITC 2026 Alogithmic Market Making Case - practice server,,208,2026-02-12 13:22:38.196520,SMMR,25.67,25.65,25.66,,5595.0,352600.0,4050.0,,,,750.0,,,,,,4000.0,5595.0,,,502400.0,4000.0,2288.0,6200.0,2500.0,3500.0,651.0,667.0,7500.0,2400.0,1100.0,740.0,6000.0,4000.0,6200.0,2500.0,3500.0,3000.0,,,,,,,,,,,0,0,0,0,0,0,0,0,0,0,0,0,0,0,0,0,0,0,0,0,0,0,0,0,0,0,0,0,0,0,0,0,0,0,0,0,0,0,0
,,,,,,208,2026-02-12 13:22:38.196520,ATMN,24.96,24.96,24.98,2250.0,4218.0,295800.0,,,4000.0,5625.0,,,,,,,,4218.0,,,892100.0,4000.0,1600.0,,,2634.0,,,,,,,,,2978.0,,,4200.0,6600.0,500.0,4000.0,4000.0,703.0,1733.0,4917.0,,,,0,0,0,0,0,0,0,0,0,0,0,0,0,0,0,0,0,0,0,0,0,0,0,0,0,0,0,0,0,0,0,0,0,0,0,0,0,0,0
,,,,,,208,2026-02-12 13:22:38.196520,WNTR,24.99,24.99,25.02,,5185.0,100400.0,,,10000.0,,750.0,,,,,,4000.0,,,750.0,674000.0,4000.0,2400.0,,,3500.0,,,,882.0,1403.0,,,2000.0,1040.0,250.0,,4950.0,,6000.0,,,,,6000.0,6000.0,25000.0,10000.0,0,0,0,0,0,0,0,0,0,0,0,0,0,0,0,0,0,0,0,0,0,0,0,0,0,0,0,0,0,0,0,0,0,0,0,0,0,0,0
2.0,1.0,1.0,,Aggregate Position Limit,Your CRO has set the aggregate position limit to 8000 shares for this week.,209,2026-02-12 13:22:39.237620,SPNG,25.45,25.36,25.45,3500.0,1398.0,4000.0,321300.0,5625.0,7500.0,4000.0,8000.0,3000.0,720.0,98.0,577.0,605.0,3000.0,131600.0,15000.0,4400.0,25000.0,6000.0,6000.0,2812.0,5625.0,4000.0,5625.0,3000.0,,,,,,,,,,,,,,,,,,,,0,0,0,0,0,0,0,0,0,0,0,0,0,0,0,0,0,0,0,0,0,0,0,0,0,0,0,0,0,0,0,0,0,0,0,0,0,0,0,0
1.0,1.0,1.0,,Welcome to the RITC 2026 Alogithmic Market Making Case - practice server,,209,2026-02-12 13:22:39.237620,SMMR,25.73,25.73,25.75,3500.0,,4000.0,467700.0,,1500.0,,,6200.0,,,,,750.0,1370300.0,,4400.0,,,,,,,,,2702.0,6000.0,2200.0,2500.0,7500.0,4400.0,,,,,,,,,,,,,,0,0,0,0,0,0,0,0,0,0,0,0,0,0,0,0,0,0,0,0,0,0,0,0,0,0,0,0,0,0,0,0,0,0,0,0,0,0,0,0
,,,,,,209,2026-02-12 13:22:39.237620,ATMN,24.96,24.92,24.94,,4000.0,4000.0,107800.0,5625.0,,,,3000.0,,5625.0,,,2250.0,517000.0,,,,,,703.0,,,3679.0,2250.0,2704.0,6000.0,1100.0,,7500.0,1950.0,6200.0,2000.0,4000.0,6200.0,4000.0,4038.0,4000.0,1750.0,7500.0,,,,,0,0,0,0,0,0,0,0,0,0,0,0,0,0,0,0,0,0,0,0,0,0,0,0,0,0,0,0,0,0,0,0,0,0,0,0,0,0,0,0
,,,,,,209,2026-02-12 13:22:39.237620,WNTR,25.11,25.0,25.11,3500.0,,,611600.0,,,,,3000.0,,,,,,915100.0,,1403.0,,,,,,,,,3443.0,,6600.0,,7500.0,7200.0,,,,1040.0,,,,,,12000.0,5000.0,11250.0,934.0,0,0,0,0,0,0,0,0,0,0,0,0,0,0,0,0,0,0,0,0,0,0,0,0,0,0,0,0,0,0,0,0,0,0,0,0,0,0,0,0
2.0,1.0,1.0,,Aggregate Position Limit,Your CRO has set the aggregate position limit to 8000 shares for this week.,210,2026-02-12 13:22:40.263982,SPNG,25.4,25.38,25.41,3500.0,4000.0,5000.0,1600.0,20000.0,1100.0,11250.0,319800.0,3000.0,5625.0,4288.0,900.0,9000.0,4000.0,1350.0,2813.0,2200.0,4000.0,5625.0,6000.0,2000.0,5625.0,3000.0,,,,,,,,,,,,,,,,,,,0,0,0,0,0,0,0,0,0,0,0,0,0,0,0,0,0,0,0,0,0,0,0,0,0,0,0,0,0,0,0,0,0,0,0,0,0,0,0,0,0,0,0
1.0,1.0,1.0,,Welcome to the RITC 2026 Alogithmic Market Making Case - practice server,,210,2026-02-12 13:22:40.263982,SMMR,25.66,25.65,25.66,,4000.0,2500.0,8000.0,,2200.0,750.0,101200.0,1200.0,,6202.0,1280.0,,4000.0,3500.0,,2200.0,,,,,,,6202.0,750.0,486200.0,6456.0,2000.0,1600.0,2500.0,,,,,,,,,,,,0,0,0,0,0,0,0,0,0,0,0,0,0,0,0,0,0,0,0,0,0,0,0,0,0,0,0,0,0,0,0,0,0,0,0,0,0,0,0,0,0,0,0
,,,,,,210,2026-02-12 13:22:40.263982,ATMN,24.94,24.93,24.96,3398.0,,,4800.0,,,7690.0,,3000.0,,5176.0,2754.0,,4000.0,3500.0,352.0,,,1839.0,,,,,5176.0,2250.0,311300.0,2607.0,,,,6200.0,833.0,4917.0,5625.0,7500.0,4000.0,4000.0,1452.0,,,,0,0,0,0,0,0,0,0,0,0,0,0,0,0,0,0,0,0,0,0,0,0,0,0,0,0,0,0,0,0,0,0,0,0,0,0,0,0,0,0,0,0,0
,,,,,,210,2026-02-12 13:22:40.263982,WNTR,25.03,25.03,25.04,,4000.0,,2400.0,,5500.0,,414300.0,3000.0,,,,,4000.0,,,2503.0,4000.0,,11250.0,,,3000.0,,,804600.0,1040.0,,,2500.0,,,,,7500.0,,,750.0,10000.0,7500.0,1041.0,0,0,0,0,0,0,0,0,0,0,0,0,0,0,0,0,0,0,0,0,0,0,0,0,0,0,0,0,0,0,0,0,0,0,0,0,0,0,0,0,0,0,0
2.0,1.0,1.0,,Aggregate Position Limit,Your CRO has set the aggregate position limit to 8000 shares for this week.,211,2026-02-12 13:22:41.302857,SPNG,25.5,25.48,25.49,40000.0,800.0,130000.0,2084.0,3500.0,1100.0,7500.0,24.0,1934.0,6000.0,6000.0,6000.0,4000.0,5000.0,4000.0,3000.0,7500.0,300.0,1406.0,1029000.0,2084.0,5150.0,,,,,,,,,,,,,,,,,,,,,0,0,0,0,0,0,0,0,0,0,0,0,0,0,0,0,0,0,0,0,0,0,0,0,0,0,0,0,0,0,0,0,0,0,0,0,0,0,0,0,0,0
1.0,1.0,1.0,,Welcome to the RITC 2026 Alogithmic Market Making Case - practice server,,211,2026-02-12 13:22:41.302857,SMMR,25.74,25.74,25.75,,2400.0,227700.0,2929.0,3500.0,3300.0,7500.0,,,4900.0,,,,,,,,,,1038800.0,,5250.0,4000.0,750.0,6200.0,2000.0,2500.0,750.0,801.0,1950.0,6600.0,669.0,,,,,,,,,,,0,0,0,0,0,0,0,0,0,0,0,0,0,0,0,0,0,0,0,0,0,0,0,0,0,0,0,0,0,0,0,0,0,0,0,0,0,0,0,0,0,0
,,,,,,211,2026-02-12 13:22:41.302857,ATMN,24.96,24.94,24.97,,1600.0,,2445.0,3500.0,,,5625.0,,6000.0,,,4000.0,,4000.0,2250.0,,660.0,176.0,431000.0,,3000.0,,2250.0,6200.0,2000.0,2500.0,17983.0,,3000.0,1100.0,2904.0,742.0,4917.0,2500.0,2607.0,652.0,460.0,,,,,0,0,0,0,0,0,0,0,0,0,0,0,0,0,0,0,0,0,0,0,0,0,0,0,0,0,0,0,0,0,0,0,0,0,0,0,0,0,0,0,0,0
,,,,,,211,2026-02-12 13:22:41.302857,WNTR,25.08,25.08,25.09,,7200.0,401900.0,5744.0,3500.0,1100.0,7500.0,,,6000.0,,,,,,,,,,915100.0,,3000.0,,,,,,,,,3603.0,,,,,1040.0,,,5000.0,704.0,4000.0,11250.0,0,0,0,0,0,0,0,0,0,0,0,0,0,0,0,0,0,0,0,0,0,0,0,0,0,0,0,0,0,0,0,0,0,0,0,0,0,0,0,0,0,0
2.0,1.0,1.0,,Aggregate Position Limit,Your CRO has set the aggregate position limit to 8000 shares for this week.,212,2026-02-12 13:22:42.338298,SPNG,25.48,25.5,25.51,16000.0,3500.0,4000.0,1600.0,130000.0,20000.0,1757.0,1100.0,3949.0,5625.0,6000.0,6000.0,656.0,4000.0,2000.0,4000.0,600.0,3500.0,656.0,5600.0,1757.0,2000.0,659600.0,5150.0,3949.0,,,,,,,,,,,,,,,,,0,0,0,0,0,0,0,0,0,0,0,0,0,0,0,0,0,0,0,0,0,0,0,0,0,0,0,0,0,0,0,0,0,0,0,0,0,0,0,0,0,0,0
1.0,1.0,1.0,,Welcome to the RITC 2026 Alogithmic Market Making Case - practice server,,212,2026-02-12 13:22:42.338298,SMMR,25.63,25.62,25.63,,,,1600.0,863100.0,,1935.0,4400.0,6000.0,,,,,,2000.0,4000.0,1485.0,,,,1935.0,,837100.0,,,2000.0,3950.0,750.0,6200.0,6000.0,2488.0,4400.0,,,,,,,,,,0,0,0,0,0,0,0,0,0,0,0,0,0,0,0,0,0,0,0,0,0,0,0,0,0,0,0,0,0,0,0,0,0,0,0,0,0,0,0,0,0,0,0
,,,,,,212,2026-02-12 13:22:42.338298,ATMN,24.87,24.96,24.97,4000.0,,,,221400.0,,,2200.0,,5625.0,6000.0,,,8000.0,,4000.0,656.0,2292.0,,230.0,2061.0,2000.0,498300.0,3000.0,,2000.0,2400.0,9000.0,6200.0,,,1100.0,8000.0,3431.0,5625.0,6000.0,4000.0,4000.0,547.0,,,0,0,0,0,0,0,0,0,0,0,0,0,0,0,0,0,0,0,0,0,0,0,0,0,0,0,0,0,0,0,0,0,0,0,0,0,0,0,0,0,0,0,0
,,,,,,212,2026-02-12 13:22:42.338298,WNTR,25.08,25.08,25.1,,3500.0,4000.0,3200.0,310000.0,,5274.0,1100.0,,,6000.0,,,,,4000.0,,,,,,4000.0,1151100.0,3000.0,11250.0,,,,594.0,,,1100.0,4000.0,,,,,,,25000.0,788.0,0,0,0,0,0,0,0,0,0,0,0,0,0,0,0,0,0,0,0,0,0,0,0,0,0,0,0,0,0,0,0,0,0,0,0,0,0,0,0,0,0,0,0
2.0,1.0,1.0,,Aggregate Position Limit,Your CRO has set the aggregate position limit to 8000 shares for this week.,213,2026-02-12 13:22:43.356826,SPNG,25.52,25.54,25.55,4000.0,245400.0,10000.0,5950.0,10000.0,10000.0,20000.0,3104.0,3000.0,2200.0,7500.0,3949.0,5625.0,1100.0,2275.0,4000.0,1845.0,605.0,3104.0,2000.0,6000.0,665100.0,5150.0,3949.0,,,,,,,,,,,,,,,,,,,,,,0,0,0,0,0,0,0,0,0,0,0,0,0,0,0,0,0,0,0,0,0,0,0,0,0,0,0,0,0,0,0,0,0,0,0,0,0,0,0
1.0,1.0,1.0,,Welcome to the RITC 2026 Alogithmic Market Making Case - practice server,,213,2026-02-12 13:22:43.356826,SMMR,25.67,25.67,25.68,4000.0,445000.0,,1876.0,,,,,750.0,6053.0,7500.0,,,3300.0,,,,,3954.0,,,359600.0,1050.0,,6200.0,3200.0,3000.0,6200.0,1500.0,750.0,897.0,929.0,6000.0,1518.0,,,,,,,,,,,,0,0,0,0,0,0,0,0,0,0,0,0,0,0,0,0,0,0,0,0,0,0,0,0,0,0,0,0,0,0,0,0,0,0,0,0,0,0,0
,,,,,,213,2026-02-12 13:22:43.356826,ATMN,25.01,24.95,24.98,,107800.0,4000.0,3500.0,,12000.0,,3654.0,6750.0,2753.0,,,5625.0,1653.0,,,,,1827.0,2000.0,,683500.0,8400.0,,,,3000.0,,,,,,,,2000.0,742.0,6000.0,5625.0,4000.0,4000.0,57.0,88.0,,,,0,0,0,0,0,0,0,0,0,0,0,0,0,0,0,0,0,0,0,0,0,0,0,0,0,0,0,0,0,0,0,0,0,0,0,0,0,0,0
,,,,,,213,2026-02-12 13:22:43.356826,WNTR,25.1,25.1,25.12,,310000.0,,7000.0,,,,2292.0,,1653.0,,,,1100.0,,,,,2292.0,4000.0,,811100.0,3000.0,6000.0,,800.0,,297.0,900.0,750.0,,,,,,934.0,,,,,,,50000.0,6000.0,2000.0,0,0,0,0,0,0,0,0,0,0,0,0,0,0,0,0,0,0,0,0,0,0,0,0,0,0,0,0,0,0,0,0,0,0,0,0,0,0,0
2.0,1.0,1.0,,Aggregate Position Limit,Your CRO has set the aggregate position limit to 8000 shares for this week.,214,2026-02-12 13:22:44.378281,SPNG,25.58,25.58,25.6,10000.0,7500.0,5950.0,25000.0,6400.0,4000.0,3000.0,115400.0,3949.0,1100.0,2275.0,5592.0,1681.0,1875.0,6000.0,4000.0,2000.0,324600.0,3000.0,,,,,,,,,,,,,,,,,,,,,,,,,,,,,0,0,0,0,0,0,0,0,0,0,0,0,0,0,0,0,0,0,0,0,0,0,0,0,0,0,0,0,0,0,0,0,0,0,0,0,0
1.0,1.0,1.0,,Welcome to the RITC 2026 Alogithmic Market Making Case - practice server,,214,2026-02-12 13:22:44.378281,SMMR,25.58,25.57,25.58,,,,,,,750.0,761900.0,6000.0,1100.0,2529.0,1800.0,2140.0,750.0,,,,134700.0,1950.0,2200.0,7600.0,2000.0,2000.0,2140.0,2000.0,4000.0,7872.0,2500.0,1500.0,,,,,,,,,,,,,,,,,,,0,0,0,0,0,0,0,0,0,0,0,0,0,0,0,0,0,0,0,0,0,0,0,0,0,0,0,0,0,0,0,0,0,0,0,0,0
,,,,,,214,2026-02-12 13:22:44.378281,ATMN,25.06,24.89,24.95,,,,,,4000.0,2250.0,537200.0,,,,,,,,,2000.0,775100.0,7100.0,4400.0,2400.0,,2000.0,,,,6200.0,,,4000.0,6200.0,2500.0,4000.0,5625.0,4000.0,29.0,44.0,4917.0,,,,,,,,,,0,0,0,0,0,0,0,0,0,0,0,0,0,0,0,0,0,0,0,0,0,0,0,0,0,0,0,0,0,0,0,0,0,0,0,0,0
,,,,,,214,2026-02-12 13:22:44.378281,WNTR,25.12,25.09,25.11,4000.0,,,,,4000.0,,398400.0,,1100.0,2275.0,1800.0,2978.0,750.0,,,,458500.0,3000.0,3853.0,,,2000.0,2978.0,2000.0,,297.0,,,,,,4000.0,,4000.0,,,,1885.0,7500.0,4000.0,788.0,900.0,7500.0,6000.0,6000.0,5000.0,0,0,0,0,0,0,0,0,0,0,0,0,0,0,0,0,0,0,0,0,0,0,0,0,0,0,0,0,0,0,0,0,0,0,0,0,0
2.0,1.0,1.0,,Aggregate Position Limit,Your CRO has set the aggregate position limit to 8000 shares for this week.,215,2026-02-12 13:22:45.394956,SPNG,25.71,25.61,25.62,12679.0,20436.0,4000.0,5600.0,2093.0,10000.0,2200.0,10000.0,3000.0,3136.0,2390.0,894400.0,5150.0,2000.0,2093.0,3949.0,,,,,,,,,,,,,,,,,,,,,,,,,,,,,,,0,0,0,0,0,0,0,0,0,0,0,0,0,0,0,0,0,0,0,0,0,0,0,0,0,0,0,0,0,0,0,0,0,0,0,0,0,0
1.0,1.0,1.0,,Welcome to the RITC 2026 Alogithmic Market Making Case - practice server,,215,2026-02-12 13:22:45.394956,SMMR,25.75,25.58,25.59,2444.0,1500.0,4000.0,2400.0,,,1100.0,,750.0,733.0,750.0,503600.0,,2000.0,2920.0,6000.0,2500.0,6350.0,261200.0,7500.0,681.0,7500.0,5128.0,897.0,2488.0,4000.0,7500.0,2000.0,3300.0,,,,,,,,,,,,,,,,,,0,0,0,0,0,0,0,0,0,0,0,0,0,0,0,0,0,0,0,0,0,0,0,0,0,0,0,0,0,0,0,0,0,0,0,0,0,0
,,,,,,215,2026-02-12 13:22:45.394956,ATMN,24.89,24.89,24.9,,,,1280.0,2814.0,,4400.0,,2250.0,1600.0,,306800.0,1200.0,2000.0,2814.0,,2000.0,3000.0,228600.0,7500.0,,,4113.0,,2500.0,,7500.0,,1100.0,5625.0,6000.0,2000.0,5625.0,4000.0,4000.0,5654.0,4196.0,6573.0,2250.0,22.0,,,,,,,0,0,0,0,0,0,0,0,0,0,0,0,0,0,0,0,0,0,0,0,0,0,0,0,0,0,0,0,0,0,0,0,0,0,0,0,0,0
,,,,,,215,2026-02-12 13:22:45.394956,WNTR,25.06,25.04,25.06,,,4000.0,,3709.0,4000.0,5500.0,,,2400.0,1500.0,345400.0,,,3709.0,,,3000.0,479600.0,,,,297.0,,,4000.0,,,1100.0,,6000.0,,,4000.0,,,,,,,6000.0,2000.0,934.0,30000.0,5757.0,4000.0,0,0,0,0,0,0,0,0,0,0,0,0,0,0,0,0,0,0,0,0,0,0,0,0,0,0,0,0,0,0,0,0,0,0,0,0,0,0
2.0,1.0,1.0,,Aggregate Position Limit,Your CRO has set the aggregate position limit to 8000 shares for this week.,216,2026-02-12 13:22:46.413947,SPNG,25.67,25.67,25.7,4000.0,2500.0,1600.0,1739.0,15000.0,3000.0,2200.0,130000.0,6000.0,2000.0,25000.0,5625.0,4000.0,313.0,417.0,1845.0,894400.0,5150.0,1750.0,2000.0,1739.0,3949.0,,,,,,,,,,,,,,,,,,,,,,,,0,0,0,0,0,0,0,0,0,0,0,0,0,0,0,0,0,0,0,0,0,0,0,0,0,0,0,0,0,0,0,0,0,0,0,0,0,0,0
1.0,1.0,1.0,,Welcome to the RITC 2026 Alogithmic Market Making Case - practice server,,216,2026-02-12 13:22:46.413947,SMMR,25.71,25.71,25.73,4000.0,,2400.0,2775.0,,750.0,1100.0,468900.0,,,,,,,,,943000.0,1950.0,,2000.0,,6000.0,2444.0,6350.0,750.0,7500.0,817.0,6000.0,9353.0,,,,,,,,,,,,,,,,,0,0,0,0,0,0,0,0,0,0,0,0,0,0,0,0,0,0,0,0,0,0,0,0,0,0,0,0,0,0,0,0,0,0,0,0,0,0,0
,,,,,,216,2026-02-12 13:22:46.413947,ATMN,25.07,24.89,24.94,4000.0,,2400.0,2535.0,,,2200.0,211900.0,6000.0,,,5625.0,,,,,762200.0,4600.0,,,2535.0,,3500.0,3000.0,,7500.0,,,1100.0,4304.0,4617.0,5603.0,2000.0,4000.0,2000.0,7500.0,5625.0,5625.0,,,,,,,,0,0,0,0,0,0,0,0,0,0,0,0,0,0,0,0,0,0,0,0,0,0,0,0,0,0,0,0,0,0,0,0,0,0,0,0,0,0,0
,,,,,,216,2026-02-12 13:22:46.413947,WNTR,25.05,25.04,25.05,,,1758.0,2927.0,,,5500.0,388200.0,,2000.0,,,4000.0,800.0,,,234300.0,,5757.0,,2927.0,,,3000.0,,,,,2200.0,,,,,,,7500.0,,,5000.0,7500.0,2184.0,30000.0,4000.0,4000.0,2250.0,0,0,0,0,0,0,0,0,0,0,0,0,0,0,0,0,0,0,0,0,0,0,0,0,0,0,0,0,0,0,0,0,0,0,0,0,0,0,0
2.0,1.0,1.0,,Aggregate Position Limit,Your CRO has set the aggregate position limit to 8000 shares for this week.,218,2026-02-12 13:22:47.435749,SPNG,25.47,25.44,25.47,1100.0,25000.0,4120.0,7500.0,4000.0,5625.0,6000.0,5625.0,113700.0,20000.0,6400.0,15000.0,1100.0,4000.0,1856.0,2500.0,,,,,,,,,,,,,,,,,,,,,,,,,,,,,,,,0,0,0,0,0,0,0,0,0,0,0,0,0,0,0,0,0,0,0,0,0,0,0,0,0,0,0,0,0,0,0,0,0,0,0,0,0
1.0,1.0,1.0,,Welcome to the RITC 2026 Alogithmic Market Making Case - practice server,,218,2026-02-12 13:22:47.435749,SMMR,25.68,25.58,25.67,2200.0,,,7500.0,4000.0,,,,220100.0,,1407.0,750.0,1100.0,10000.0,,2500.0,2000.0,2097.0,12.0,7500.0,6000.0,575.0,750.0,752900.0,3950.0,366.0,3000.0,750.0,4000.0,6000.0,,,,,,,,,,,,,,,,,,0,0,0,0,0,0,0,0,0,0,0,0,0,0,0,0,0,0,0,0,0,0,0,0,0,0,0,0,0,0,0,0,0,0,0,0,0
,,,,,,218,2026-02-12 13:22:47.435749,ATMN,24.99,24.99,25.07,4400.0,,1600.0,7500.0,,,,5625.0,675600.0,,,,,,1935.0,,,1935.0,2500.0,,,,,192000.0,,,6850.0,,,,9305.0,3500.0,5614.0,644.0,2250.0,7500.0,2842.0,4000.0,5493.0,5625.0,,,,,,,,0,0,0,0,0,0,0,0,0,0,0,0,0,0,0,0,0,0,0,0,0,0,0,0,0,0,0,0,0,0,0,0,0,0,0,0,0
,,,,,,218,2026-02-12 13:22:47.435749,WNTR,25.04,24.96,25.04,4400.0,,,,4000.0,,,,234300.0,,,500.0,2200.0,,,,,2323.0,,7500.0,,,,488500.0,3000.0,,1950.0,750.0,,6000.0,2184.0,,,900.0,,7500.0,,4000.0,,,10000.0,6000.0,30000.0,3500.0,4000.0,2000.0,6000.0,0,0,0,0,0,0,0,0,0,0,0,0,0,0,0,0,0,0,0,0,0,0,0,0,0,0,0,0,0,0,0,0,0,0,0,0,0
2.0,1.0,1.0,,Aggregate Position Limit,Your CRO has set the aggregate position limit to 8000 shares for this week.,219,2026-02-12 13:22:48.473408,SPNG,25.63,25.63,25.66,338100.0,5000.0,4242.0,15000.0,4000.0,6000.0,1100.0,1545.0,5625.0,668.0,5625.0,4000.0,24.0,4000.0,10000.0,4000.0,4000.0,644600.0,5150.0,3000.0,1875.0,4242.0,,,,,,,,,,,,,,,,,,,,,,,,0,0,0,0,0,0,0,0,0,0,0,0,0,0,0,0,0,0,0,0,0,0,0,0,0,0,0,0,0,0,0,0,0,0,0,0,0,0,0
1.0,1.0,1.0,,Welcome to the RITC 2026 Alogithmic Market Making Case - practice server,,219,2026-02-12 13:22:48.473408,SMMR,25.73,25.64,25.73,236200.0,,2397.0,,4000.0,,2200.0,5600.0,,3500.0,,,,,,,,1059100.0,3150.0,,,,6200.0,12.0,881.0,897.0,6000.0,7500.0,897.0,9353.0,,,,,,,,,,,,,,,,0,0,0,0,0,0,0,0,0,0,0,0,0,0,0,0,0,0,0,0,0,0,0,0,0,0,0,0,0,0,0,0,0,0,0,0,0,0,0
,,,,,,219,2026-02-12 13:22:48.473408,ATMN,25.12,25.05,25.06,87900.0,,2212.0,,4000.0,6000.0,1100.0,2400.0,,3500.0,,,5625.0,,,,,847400.0,8150.0,,,2212.0,6200.0,2500.0,,,,7500.0,,,2000.0,2250.0,6000.0,6000.0,3500.0,886.0,7500.0,,,,,,,,,0,0,0,0,0,0,0,0,0,0,0,0,0,0,0,0,0,0,0,0,0,0,0,0,0,0,0,0,0,0,0,0,0,0,0,0,0,0,0
,,,,,,219,2026-02-12 13:22:48.473408,WNTR,24.97,24.98,25.0,191000.0,,3187.0,,,,2200.0,1317.0,,2154.0,,,,4000.0,,,,566000.0,4200.0,,,3187.0,2184.0,2500.0,,,,,,1100.0,2000.0,,,6000.0,,,7500.0,20000.0,1500.0,4000.0,677.0,2000.0,934.0,5000.0,12000.0,0,0,0,0,0,0,0,0,0,0,0,0,0,0,0,0,0,0,0,0,0,0,0,0,0,0,0,0,0,0,0,0,0,0,0,0,0,0,0
2.0,1.0,1.0,,Aggregate Position Limit,Your CRO has set the aggregate position limit to 8000 shares for this week.,219,2026-02-12 13:22:49.491279,SPNG,25.65,25.64,25.65,3000.0,30000.0,125800.0,8000.0,1989.0,3500.0,5127.0,6000.0,2700.0,10000.0,4000.0,4000.0,4000.0,3500.0,1100.0,3000.0,107300.0,,,,,,,,,,,,,,,,,,,,,,,,,,,,,,,0,0,0,0,0,0,0,0,0,0,0,0,0,0,0,0,0,0,0,0,0,0,0,0,0,0,0,0,0,0,0,0,0,0,0,0,0
1.0,1.0,1.0,,Welcome to the RITC 2026 Alogithmic Market Making Case - practice server,,219,2026-02-12 13:22:49.491279,SMMR,25.64,25.67,25.7,,,631200.0,,,3500.0,,,300.0,,,,,3500.0,6053.0,,939300.0,6000.0,750.0,3300.0,658.0,7500.0,6200.0,881.0,2000.0,7500.0,3000.0,2000.0,2488.0,4000.0,881.0,6000.0,,,,,,,,,,,,,,,,0,0,0,0,0,0,0,0,0,0,0,0,0,0,0,0,0,0,0,0,0,0,0,0,0,0,0,0,0,0,0,0,0,0,0,0,0
,,,,,,219,2026-02-12 13:22:49.491279,ATMN,25.12,25.09,25.1,2250.0,,87900.0,1600.0,,5425.0,,,900.0,,4000.0,,4000.0,,,,575100.0,6000.0,2250.0,2200.0,,,13739.0,,,,3000.0,4000.0,,2000.0,,,2000.0,4000.0,6000.0,6200.0,7200.0,7500.0,2000.0,,,,,,,,,0,0,0,0,0,0,0,0,0,0,0,0,0,0,0,0,0,0,0,0,0,0,0,0,0,0,0,0,0,0,0,0,0,0,0,0,0
,,,,,,219,2026-02-12 13:22:49.491279,WNTR,24.93,24.92,24.93,,,521000.0,,2376.0,,,18000.0,1600.0,,4000.0,,,,2200.0,,217400.0,,,5500.0,,,,,,7500.0,4200.0,,2500.0,2000.0,,6000.0,,,6000.0,,3000.0,,,4000.0,4000.0,4000.0,900.0,10000.0,2376.0,900.0,4000.0,0,0,0,0,0,0,0,0,0,0,0,0,0,0,0,0,0,0,0,0,0,0,0,0,0,0,0,0,0,0,0,0,0,0,0,0,0
2.0,1.0,1.0,,Aggregate Position Limit,Your CRO has set the aggregate position limit to 8000 shares for this week.,221,2026-02-12 13:22:50.532645,SPNG,25.54,25.65,25.7,2500.0,5000.0,10000.0,2400.0,6000.0,7500.0,3000.0,212300.0,2000.0,4588.0,4000.0,1100.0,4000.0,6000.0,4000.0,3500.0,1370.0,5000.0,2500.0,318000.0,4000.0,1100.0,4000.0,4588.0,2100.0,2000.0,,,,,,,,,,,,,,,0,0,0,0,0,0,0,0,0,0,0,0,0,0,0,0,0,0,0,0,0,0,0,0,0,0,0,0,0,0,0,0,0,0,0,0,0,0,0,0,0,0,0,0
1.0,1.0,1.0,,Welcome to the RITC 2026 Alogithmic Market Making Case - practice server,,221,2026-02-12 13:22:50.532645,SMMR,25.76,25.66,25.76,,,,,,7500.0,,611700.0,,5552.0,,4400.0,4000.0,,,,,,,1248200.0,,7153.0,,,3000.0,2000.0,6000.0,1500.0,3500.0,6200.0,3000.0,,,,,,,,,,0,0,0,0,0,0,0,0,0,0,0,0,0,0,0,0,0,0,0,0,0,0,0,0,0,0,0,0,0,0,0,0,0,0,0,0,0,0,0,0,0,0,0,0
,,,,,,221,2026-02-12 13:22:50.532645,ATMN,25.12,25.09,25.12,,,,2400.0,,7500.0,4500.0,87900.0,,4676.0,10000.0,2200.0,,,,1831.0,,,,563600.0,4000.0,,,2338.0,7200.0,4000.0,,2250.0,6837.0,13739.0,,10000.0,644.0,2250.0,469.0,7500.0,6000.0,,,,0,0,0,0,0,0,0,0,0,0,0,0,0,0,0,0,0,0,0,0,0,0,0,0,0,0,0,0,0,0,0,0,0,0,0,0,0,0,0,0,0,0,0,0
,,,,,,221,2026-02-12 13:22:50.532645,WNTR,25.14,25.14,25.15,,,,2700.0,,,750.0,381500.0,,6548.0,,,,,,,,,,1308500.0,,,,3274.0,5150.0,,,,3500.0,,,,,,,7500.0,3000.0,15000.0,3000.0,4000.0,0,0,0,0,0,0,0,0,0,0,0,0,0,0,0,0,0,0,0,0,0,0,0,0,0,0,0,0,0,0,0,0,0,0,0,0,0,0,0,0,0,0,0,0
2.0,1.0,1.0,,Aggregate Position Limit,Your CRO has set the aggregate position limit to 8000 shares for this week.,222,2026-02-12 13:22:51.549864,SPNG,25.7,25.67,25.68,3000.0,4000.0,6200.0,4000.0,3500.0,6750.0,1100.0,692.0,938.0,6000.0,6200.0,10000.0,5000.0,8000.0,1557.0,4000.0,,,,,,,,,,,,,,,,,,,,,,,,,,,,,,0,0,0,0,0,0,0,0,0,0,0,0,0,0,0,0,0,0,0,0,0,0,0,0,0,0,0,0,0,0,0,0,0,0,0,0,0,0,0
1.0,1.0,1.0,,Welcome to the RITC 2026 Alogithmic Market Making Case - practice server,,222,2026-02-12 13:22:51.549864,SMMR,25.64,25.62,25.64,4200.0,,,4000.0,,,3300.0,,,,154.0,,,788.0,2232.0,4000.0,1088800.0,7500.0,2000.0,6000.0,7500.0,473500.0,658.0,750.0,881.0,6000.0,750.0,295.0,2753.0,1587.0,,,,,,,,,,,,,,,,0,0,0,0,0,0,0,0,0,0,0,0,0,0,0,0,0,0,0,0,0,0,0,0,0,0,0,0,0,0,0,0,0,0,0,0,0,0,0
,,,,,,222,2026-02-12 13:22:51.549864,ATMN,25.13,25.11,25.13,,,13739.0,4000.0,6837.0,1600.0,4400.0,,,,,,,,1998.0,,215400.0,7500.0,,,,753800.0,,,,,4500.0,295.0,,,2250.0,785.0,1998.0,10000.0,10000.0,5150.0,4000.0,7500.0,2000.0,6000.0,,,,,,0,0,0,0,0,0,0,0,0,0,0,0,0,0,0,0,0,0,0,0,0,0,0,0,0,0,0,0,0,0,0,0,0,0,0,0,0,0,0
,,,,,,222,2026-02-12 13:22:51.549864,WNTR,25.06,25.1,25.11,3000.0,2000.0,6200.0,,,,4400.0,,,4000.0,,,,2400.0,2970.0,4000.0,345300.0,7500.0,,3000.0,7500.0,694600.0,,,,6000.0,,295.0,,,1500.0,,2970.0,,,3000.0,,,2000.0,,5000.0,6000.0,6000.0,4000.0,5000.0,0,0,0,0,0,0,0,0,0,0,0,0,0,0,0,0,0,0,0,0,0,0,0,0,0,0,0,0,0,0,0,0,0,0,0,0,0,0,0
2.0,1.0,1.0,,Aggregate Position Limit,Your CRO has set the aggregate position limit to 8000 shares for this week.,223,2026-02-12 13:22:52.566718,SPNG,25.67,25.63,25.67,4578.0,5000.0,7500.0,3950.0,2000.0,11250.0,5625.0,4000.0,5625.0,4000.0,3000.0,455200.0,9568.0,45000.0,108300.0,4000.0,800.0,3458.0,3478.0,6000.0,4000.0,,,,,,,,,,,,,,,,,,,,,,,,0,0,0,0,0,0,0,0,0,0,0,0,0,0,0,0,0,0,0,0,0,0,0,0,0,0,0,0,0,0,0,0,0,0,0,0,0,0,0,0
1.0,1.0,1.0,,Welcome to the RITC 2026 Alogithmic Market Making Case - practice server,,223,2026-02-12 13:22:52.566718,SMMR,25.7,25.62,25.64,3300.0,,,4200.0,,,,,,,,722800.0,,,684100.0,4000.0,2142.0,5378.0,7153.0,,,4000.0,750.0,2400.0,4550.0,6000.0,6000.0,750.0,,,,,,,,,,,,,,,,,0,0,0,0,0,0,0,0,0,0,0,0,0,0,0,0,0,0,0,0,0,0,0,0,0,0,0,0,0,0,0,0,0,0,0,0,0,0,0,0
,,,,,,223,2026-02-12 13:22:52.566718,ATMN,25.15,25.12,25.14,2200.0,,7500.0,,2000.0,,,,,10000.0,2250.0,114300.0,,,744600.0,,,4766.0,,,4000.0,4000.0,4500.0,1600.0,,,,,6000.0,4766.0,2000.0,4308.0,762.0,644.0,5900.0,1831.0,7500.0,2000.0,6000.0,,,,,,0,0,0,0,0,0,0,0,0,0,0,0,0,0,0,0,0,0,0,0,0,0,0,0,0,0,0,0,0,0,0,0,0,0,0,0,0,0,0,0
,,,,,,223,2026-02-12 13:22:52.566718,WNTR,25.1,25.09,25.1,5500.0,,7500.0,,,,,4000.0,,,,224300.0,6200.0,,444100.0,4000.0,1600.0,3278.0,,4000.0,4000.0,4000.0,,1212.0,,,1500.0,,,6556.0,,,681.0,,,2570.0,,,,934.0,6000.0,7500.0,25000.0,750.0,0,0,0,0,0,0,0,0,0,0,0,0,0,0,0,0,0,0,0,0,0,0,0,0,0,0,0,0,0,0,0,0,0,0,0,0,0,0,0,0
2.0,1.0,1.0,,Aggregate Position Limit,Your CRO has set the aggregate position limit to 8000 shares for this week.,224,2026-02-12 13:22:53.586498,SPNG,25.62,25.65,25.66,2000.0,1888.0,5000.0,3305.0,4000.0,6000.0,4000.0,4200.0,6000.0,2107.0,3750.0,113700.0,5625.0,4000.0,3000.0,800.0,6000.0,5000.0,2000.0,108300.0,25000.0,3113.0,2832.0,8000.0,4000.0,2107.0,3478.0,6000.0,,,,,,,,,,,,,,,,,,,0,0,0,0,0,0,0,0,0,0,0,0,0,0,0,0,0,0,0,0,0,0,0,0,0,0,0,0,0,0,0,0,0,0,0,0,0,0
1.0,1.0,1.0,,Welcome to the RITC 2026 Alogithmic Market Making Case - practice server,,224,2026-02-12 13:22:53.586498,SMMR,25.76,25.65,25.66,,,,3500.0,4000.0,,,3000.0,,3013.0,1200.0,688600.0,,,750.0,,,,,1248700.0,,,3305.0,,,,6053.0,,5678.0,7500.0,881.0,6000.0,2000.0,3000.0,,,,,,,,,,,,,0,0,0,0,0,0,0,0,0,0,0,0,0,0,0,0,0,0,0,0,0,0,0,0,0,0,0,0,0,0,0,0,0,0,0,0,0,0
,,,,,,224,2026-02-12 13:22:53.586498,ATMN,25.11,25.11,25.15,,,,6005.0,4000.0,,,,6000.0,2923.0,6750.0,87900.0,5625.0,,6750.0,,,,,1038600.0,,,,,,,1100.0,,2378.0,7500.0,,6000.0,,3950.0,4000.0,762.0,2154.0,2000.0,7500.0,2000.0,6000.0,,,,,,0,0,0,0,0,0,0,0,0,0,0,0,0,0,0,0,0,0,0,0,0,0,0,0,0,0,0,0,0,0,0,0,0,0,0,0,0,0
,,,,,,224,2026-02-12 13:22:53.586498,WNTR,25.04,25.09,25.1,,,,3305.0,4000.0,,4000.0,,6000.0,3672.0,,319000.0,,8000.0,,1600.0,,,,203000.0,,6200.0,5775.0,4000.0,,3672.0,,9050.0,6600.0,,,4687.0,,,4000.0,,,2000.0,,,,2000.0,30000.0,6000.0,500.0,4000.0,0,0,0,0,0,0,0,0,0,0,0,0,0,0,0,0,0,0,0,0,0,0,0,0,0,0,0,0,0,0,0,0,0,0,0,0,0,0
2.0,1.0,1.0,,Aggregate Position Limit,Your CRO has set the aggregate position limit to 8000 shares for this week.,225,2026-02-12 13:22:54.604981,SPNG,25.71,25.65,25.66,5000.0,4000.0,2570.0,1600.0,6000.0,6000.0,7500.0,346900.0,2400.0,5625.0,5625.0,4000.0,4000.0,1100.0,3300.0,1285.0,6000.0,4000.0,1245.0,4472.0,7082.0,7500.0,4000.0,3000.0,318000.0,3000.0,706.0,2000.0,,,,,,,,,,,,,,,,,,,,,0,0,0,0,0,0,0,0,0,0,0,0,0,0,0,0,0,0,0,0,0,0,0,0,0,0,0,0,0,0,0,0,0,0,0,0
1.0,1.0,1.0,,Welcome to the RITC 2026 Alogithmic Market Making Case - practice server,,225,2026-02-12 13:22:54.604981,SMMR,25.75,25.75,25.76,,4000.0,1539.0,1600.0,6000.0,1500.0,,408500.0,,,,,,2200.0,4400.0,,,,,,,,,,1346100.0,3000.0,,,10363.0,7500.0,3538.0,916.0,4000.0,806.0,,,,,,,,,,,,,,,0,0,0,0,0,0,0,0,0,0,0,0,0,0,0,0,0,0,0,0,0,0,0,0,0,0,0,0,0,0,0,0,0,0,0,0
,,,,,,225,2026-02-12 13:22:54.604981,ATMN,25.12,25.1,25.12,,,1799.0,1600.0,6000.0,6750.0,,87900.0,,5625.0,,4000.0,4000.0,3478.0,2200.0,1799.0,,,,6000.0,,,,,697000.0,2150.0,,,3305.0,,6625.0,,4000.0,,6000.0,794.0,2154.0,900.0,1815.0,2000.0,7500.0,,,,,,,,0,0,0,0,0,0,0,0,0,0,0,0,0,0,0,0,0,0,0,0,0,0,0,0,0,0,0,0,0,0,0,0,0,0,0,0
,,,,,,225,2026-02-12 13:22:54.604981,WNTR,25.11,25.11,25.12,,4000.0,2430.0,1272.0,6000.0,,,333900.0,,,,4000.0,4000.0,4400.0,1100.0,,,8000.0,6200.0,,708.0,7500.0,4000.0,,784000.0,3000.0,,,,7500.0,,,,,,,,,,,7500.0,4687.0,2000.0,2000.0,4000.0,4000.0,5000.0,821.0,0,0,0,0,0,0,0,0,0,0,0,0,0,0,0,0,0,0,0,0,0,0,0,0,0,0,0,0,0,0,0,0,0,0,0,0
2.0,1.0,1.0,,Aggregate Position Limit,Your CRO has set the aggregate position limit to 8000 shares for this week.,226,2026-02-12 13:22:55.622937,SPNG,25.49,25.49,25.5,15000.0,4000.0,800.0,9000.0,444800.0,5625.0,1200.0,5625.0,2767.0,7500.0,4000.0,4000.0,1100.0,101300.0,666.0,4000.0,1620.0,7500.0,2767.0,703.0,353.0,2000.0,3300.0,5000.0,5000.0,6000.0,6666.0,8000.0,1245.0,4472.0,,,,,,,,,,,,,,,,,,,,,,,,0,0,0,0,0,0,0,0,0,0,0,0,0,0,0,0,0,0,0,0,0,0,0,0,0,0,0,0,0,0,0
1.0,1.0,1.0,,Welcome to the RITC 2026 Alogithmic Market Making Case - practice server,,226,2026-02-12 13:22:55.622937,SMMR,25.72,25.71,25.72,,4000.0,,750.0,297900.0,,1950.0,,,7500.0,,,5678.0,1015500.0,828.0,4000.0,,,,,,,4400.0,,,,,,,,2500.0,2465.0,3471.0,574.0,7500.0,6000.0,2000.0,2500.0,806.0,3000.0,,,,,,,,,,,,,,0,0,0,0,0,0,0,0,0,0,0,0,0,0,0,0,0,0,0,0,0,0,0,0,0,0,0,0,0,0,0
,,,,,,226,2026-02-12 13:22:55.622937,ATMN,24.99,25.05,25.11,,4000.0,,2250.0,200800.0,5625.0,6000.0,5625.0,,,,,3300.0,117600.0,1800.0,,2462.0,,3200.0,,,,3300.0,,,,,,6200.0,,,2462.0,,,,,2000.0,,,,4000.0,6200.0,4000.0,6000.0,4000.0,4000.0,6000.0,645.0,4000.0,,,,,0,0,0,0,0,0,0,0,0,0,0,0,0,0,0,0,0,0,0,0,0,0,0,0,0,0,0,0,0,0,0
,,,,,,226,2026-02-12 13:22:55.622937,WNTR,25.13,25.11,25.13,,,1752.0,,232100.0,,,,1566.0,,,4000.0,1100.0,676500.0,1600.0,4000.0,3179.0,7500.0,,,,,1100.0,,,,708.0,8000.0,6200.0,,,3179.0,666.0,,7500.0,6000.0,2000.0,,,,,,4000.0,,,8000.0,,,4000.0,20000.0,934.0,6000.0,5000.0,0,0,0,0,0,0,0,0,0,0,0,0,0,0,0,0,0,0,0,0,0,0,0,0,0,0,0,0,0,0,0
2.0,1.0,1.0,,Aggregate Position Limit,Your CRO has set the aggregate position limit to 8000 shares for this week.,227,2026-02-12 13:22:56.640110,SPNG,25.6,25.51,25.6,6000.0,6200.0,4000.0,2500.0,45000.0,500.0,4000.0,2400.0,6000.0,7509.0,3819.0,2500.0,2000.0,3000.0,537300.0,1100.0,5000.0,,,,,,,,,,,,,,,,,,,,,,,,,,,,,0,0,0,0,0,0,0,0,0,0,0,0,0,0,0,0,0,0,0,0,0,0,0,0,0,0,0,0,0,0,0,0,0,0,0,0,0,0,0
1.0,1.0,1.0,,Welcome to the RITC 2026 Alogithmic Market Making Case - practice server,,227,2026-02-12 13:22:56.640110,SMMR,25.69,25.68,25.69,,,4000.0,2500.0,,6000.0,,8000.0,2000.0,,6001.0,2500.0,,,787500.0,4400.0,,5135.0,197200.0,750.0,2200.0,7500.0,1724.0,500.0,4000.0,1515.0,7500.0,,,,,,,,,,,,,,,,,,,0,0,0,0,0,0,0,0,0,0,0,0,0,0,0,0,0,0,0,0,0,0,0,0,0,0,0,0,0,0,0,0,0,0,0,0,0,0,0
,,,,,,227,2026-02-12 13:22:56.640110,ATMN,25.09,25.09,25.1,,538.0,4000.0,,,6000.0,,7290.0,,,,,,,117600.0,1100.0,,6698.0,108000.0,,,,,,4000.0,4337.0,,781.0,1950.0,5625.0,14000.0,66.0,8000.0,6000.0,619.0,,,,,,,,,,,0,0,0,0,0,0,0,0,0,0,0,0,0,0,0,0,0,0,0,0,0,0,0,0,0,0,0,0,0,0,0,0,0,0,0,0,0,0,0
,,,,,,227,2026-02-12 13:22:56.640110,WNTR,25.12,25.11,25.12,,,4000.0,,,6000.0,4000.0,,,6200.0,2716.0,,,,204100.0,3300.0,,,224300.0,,6600.0,7500.0,,708.0,,5489.0,,1812.0,,,8000.0,,1600.0,,,10000.0,583.0,531.0,1400.0,4000.0,4000.0,4000.0,750.0,15000.0,4000.0,0,0,0,0,0,0,0,0,0,0,0,0,0,0,0,0,0,0,0,0,0,0,0,0,0,0,0,0,0,0,0,0,0,0,0,0,0,0,0
2.0,1.0,1.0,,Aggregate Position Limit,Your CRO has set the aggregate position limit to 8000 shares for this week.,228,2026-02-12 13:22:57.657584,SPNG,25.46,25.53,25.55,2400.0,542800.0,2200.0,5625.0,3888.0,3000.0,6000.0,5625.0,3000.0,4000.0,2000.0,1894.0,4000.0,1800.0,523.0,4000.0,220200.0,1100.0,177.0,25000.0,1200.0,,,,,,,,,,,,,,,,,,,,,,,,,,,,0,0,0,0,0,0,0,0,0,0,0,0,0,0,0,0,0,0,0,0,0,0,0,0,0,0,0,0,0,0,0,0,0,0,0,0
1.0,1.0,1.0,,Welcome to the RITC 2026 Alogithmic Market Making Case - practice server,,228,2026-02-12 13:22:57.657584,SMMR,25.72,25.72,25.74,8000.0,102300.0,2200.0,,1846.0,,,,,,,2671.0,4000.0,,,,1018600.0,4400.0,,,3000.0,640.0,9902.0,2671.0,6000.0,7500.0,714.0,1383.0,,,,,,,,,,,,,,,,,,,,,0,0,0,0,0,0,0,0,0,0,0,0,0,0,0,0,0,0,0,0,0,0,0,0,0,0,0,0,0,0,0,0,0,0,0,0
,,,,,,228,2026-02-12 13:22:57.657584,ATMN,25.22,25.1,25.19,7290.0,108000.0,1100.0,,,1950.0,,,,,,2185.0,,,,,981000.0,,66.0,,5900.0,,9225.0,2185.0,6000.0,,,,4000.0,5625.0,1400.0,2000.0,6000.0,,,,,,,,,,,,,,,,0,0,0,0,0,0,0,0,0,0,0,0,0,0,0,0,0,0,0,0,0,0,0,0,0,0,0,0,0,0,0,0,0,0,0,0
,,,,,,228,2026-02-12 13:22:57.657584,WNTR,25.09,25.04,25.05,,122500.0,,,,3000.0,6000.0,,750.0,,,5767.0,4000.0,,,4000.0,102100.0,1100.0,,,,,,2977.0,6000.0,,,2527.0,4000.0,,,,,10000.0,6593.0,10000.0,2500.0,728.0,6000.0,6200.0,750.0,10000.0,6000.0,6000.0,4000.0,728.0,4000.0,7500.0,0,0,0,0,0,0,0,0,0,0,0,0,0,0,0,0,0,0,0,0,0,0,0,0,0,0,0,0,0,0,0,0,0,0,0,0
2.0,1.0,1.0,,Aggregate Position Limit,Your CRO has set the aggregate position limit to 8000 shares for this week.,229,2026-02-12 13:22:58.674365,SPNG,25.8,25.58,25.6,2000.0,1100.0,5000.0,4000.0,2145.0,5000.0,6400.0,3000.0,4252.0,6000.0,97900.0,2000.0,4000.0,5625.0,3200.0,568600.0,2145.0,,,,,,,,,,,,,,,,,,,,,0,0,0,0,0,0,0,0,0,0,0,0,0,0,0,0,0,0,0,0,0,0,0,0,0,0,0,0,0,0,0,0,0,0,0,0,0,0,0,0,0,0,0,0,0,0,0
1.0,1.0,1.0,,Welcome to the RITC 2026 Alogithmic Market Making Case - practice server,,229,2026-02-12 13:22:58.674365,SMMR,25.71,25.7,25.71,,5678.0,,4000.0,2537.0,,1600.0,4200.0,,,722800.0,,,,3000.0,1322800.0,,604.0,2000.0,1400.0,4000.0,2500.0,4400.0,,,,,,,,,,,,,,,0,0,0,0,0,0,0,0,0,0,0,0,0,0,0,0,0,0,0,0,0,0,0,0,0,0,0,0,0,0,0,0,0,0,0,0,0,0,0,0,0,0,0,0,0,0,0
,,,,,,229,2026-02-12 13:22:58.674365,ATMN,25.13,25.13,25.14,,1100.0,,,,,4000.0,3000.0,,6000.0,108000.0,,3000.0,17.0,,417300.0,,,,,4000.0,,,4605.0,6953.0,7500.0,2250.0,5625.0,4000.0,601.0,6200.0,2250.0,7500.0,4000.0,,,,0,0,0,0,0,0,0,0,0,0,0,0,0,0,0,0,0,0,0,0,0,0,0,0,0,0,0,0,0,0,0,0,0,0,0,0,0,0,0,0,0,0,0,0,0,0,0
,,,,,,229,2026-02-12 13:22:58.674365,WNTR,25.01,25.0,25.01,,,,4000.0,,,6050.0,,,,,,8000.0,,,130900.0,2492.0,,,,4000.0,,3300.0,4424.0,6200.0,,750.0,,,,6200.0,750.0,,,20000.0,6000.0,10000.0,0,0,0,0,0,0,0,0,0,0,0,0,0,0,0,0,0,0,0,0,0,0,0,0,0,0,0,0,0,0,0,0,0,0,0,0,0,0,0,0,0,0,0,0,0,0,0
2.0,1.0,1.0,,Aggregate Position Limit,Your CRO has set the aggregate position limit to 8000 shares for this week.,230,2026-02-12 13:22:59.692646,SPNG,25.61,25.58,25.6,6547.0,30000.0,2400.0,5000.0,2857.0,2551.0,3819.0,1950.0,5625.0,500.0,1757.0,4000.0,11250.0,483.0,2000.0,2551.0,3450.0,6200.0,3000.0,438300.0,7500.0,4000.0,353.0,,,,,,,,,,,,,,,,,,,,,,,,,,,0,0,0,0,0,0,0,0,0,0,0,0,0,0,0,0,0,0,0,0,0,0,0,0,0,0,0,0,0,0,0,0,0,0,0
1.0,1.0,1.0,,Welcome to the RITC 2026 Alogithmic Market Making Case - practice server,,230,2026-02-12 13:22:59.692646,SMMR,25.56,25.56,25.73,,,,,2200.0,,,4200.0,,300.0,7257.0,4000.0,,,,,3000.0,,,774000.0,6860.0,,,7500.0,1440400.0,4000.0,2500.0,1777.0,,,,,,,,,,,,,,,,,,,,,,0,0,0,0,0,0,0,0,0,0,0,0,0,0,0,0,0,0,0,0,0,0,0,0,0,0,0,0,0,0,0,0,0,0,0
,,,,,,230,2026-02-12 13:22:59.692646,ATMN,25.12,25.11,25.12,6953.0,,,,2200.0,2920.0,,1050.0,5625.0,472.0,1100.0,4000.0,8.0,,,2920.0,,6200.0,2250.0,610800.0,,,,,108000.0,,,,4500.0,7255.0,6000.0,4000.0,7500.0,4000.0,4000.0,5625.0,538.0,516.0,8000.0,1400.0,7500.0,6000.0,4000.0,,,,,,,0,0,0,0,0,0,0,0,0,0,0,0,0,0,0,0,0,0,0,0,0,0,0,0,0,0,0,0,0,0,0,0,0,0,0
,,,,,,230,2026-02-12 13:22:59.692646,WNTR,25.1,25.1,25.12,9693.0,,11922.0,,,3457.0,,,,,4400.0,4000.0,,,2000.0,,,6200.0,,1061900.0,,,,,109600.0,,,,750.0,,,4000.0,,,,,,,4000.0,,,,,4000.0,35000.0,1841.0,2138.0,4000.0,5000.0,0,0,0,0,0,0,0,0,0,0,0,0,0,0,0,0,0,0,0,0,0,0,0,0,0,0,0,0,0,0,0,0,0,0,0
2.0,1.0,1.0,,Aggregate Position Limit,Your CRO has set the aggregate position limit to 8000 shares for this week.,231,2026-02-12 13:23:00.714539,SPNG,25.8,25.61,25.62,3000.0,4000.0,2000.0,40000.0,5000.0,6200.0,5000.0,3000.0,2400.0,2262.0,4000.0,2065.0,434.0,3000.0,659500.0,4200.0,5625.0,6000.0,4000.0,1100.0,,,,,,,,,,,,,,,,,,,,,,,,,,0,0,0,0,0,0,0,0,0,0,0,0,0,0,0,0,0,0,0,0,0,0,0,0,0,0,0,0,0,0,0,0,0,0,0,0,0,0,0
1.0,1.0,1.0,,Welcome to the RITC 2026 Alogithmic Market Making Case - practice server,,231,2026-02-12 13:23:00.714539,SMMR,25.7,25.68,25.69,6000.0,4000.0,6000.0,,,,,750.0,1600.0,1792.0,4000.0,2958.0,,,232000.0,,,,,6157.0,2000.0,2958.0,762300.0,6000.0,4000.0,2500.0,2110.0,1595.0,,,,,,,,,,,,,,,,,,0,0,0,0,0,0,0,0,0,0,0,0,0,0,0,0,0,0,0,0,0,0,0,0,0,0,0,0,0,0,0,0,0,0,0,0,0,0,0
,,,,,,231,2026-02-12 13:23:00.714539,ATMN,25.06,25.04,25.06,4200.0,,,,,,,2250.0,,1600.0,,2145.0,,2250.0,730000.0,,8.0,,,3957.0,2000.0,2145.0,200800.0,6000.0,,,6200.0,,547.0,4000.0,4000.0,4000.0,3300.0,5625.0,5625.0,5625.0,6000.0,6000.0,4000.0,2000.0,,,,,,0,0,0,0,0,0,0,0,0,0,0,0,0,0,0,0,0,0,0,0,0,0,0,0,0,0,0,0,0,0,0,0,0,0,0,0,0,0,0
,,,,,,231,2026-02-12 13:23:00.714539,WNTR,25.08,25.07,25.08,1950.0,,,,,11090.0,,750.0,,2700.0,4000.0,2876.0,,750.0,232900.0,,,,4000.0,,,,109600.0,,,,6200.0,,,7650.0,4000.0,,,,,,,,4000.0,,40000.0,1652.0,6000.0,606.0,15000.0,0,0,0,0,0,0,0,0,0,0,0,0,0,0,0,0,0,0,0,0,0,0,0,0,0,0,0,0,0,0,0,0,0,0,0,0,0,0,0
2.0,1.0,1.0,,Aggregate Position Limit,Your CRO has set the aggregate position limit to 8000 shares for this week.,232,2026-02-12 13:23:01.745413,SPNG,25.65,25.62,25.65,12000.0,10000.0,5000.0,1950.0,11000.0,1000.0,5600.0,5624.0,1530.0,4000.0,3000.0,8000.0,538300.0,6000.0,3000.0,1100.0,1744.0,3819.0,,,,,,,,,,,,,,,,,,,,,,,0,0,0,0,0,0,0,0,0,0,0,0,0,0,0,0,0,0,0,0,0,0,0,0,0,0,0,0,0,0,0,0,0,0,0,0,0,0,0,0,0,0,0,0
1.0,1.0,1.0,,Welcome to the RITC 2026 Alogithmic Market Making Case - practice server,,232,2026-02-12 13:23:01.745413,SMMR,25.55,25.55,25.68,,,,6350.0,,,,,1344.0,4000.0,750.0,,367600.0,,,7257.0,,,1440400.0,6000.0,2200.0,2110.0,6000.0,716.0,7500.0,,,,,,,,,,,,,,,,0,0,0,0,0,0,0,0,0,0,0,0,0,0,0,0,0,0,0,0,0,0,0,0,0,0,0,0,0,0,0,0,0,0,0,0,0,0,0,0,0,0,0,0
,,,,,,232,2026-02-12 13:23:01.745413,ATMN,24.95,25.1,25.12,,,,3000.0,,1000.0,900.0,2817.0,1600.0,4000.0,,4000.0,322200.0,6000.0,,3957.0,2359.0,,309600.0,,3300.0,6200.0,,,,4000.0,11250.0,2359.0,4000.0,5625.0,5625.0,2250.0,587.0,547.0,4000.0,1400.0,4000.0,,,,0,0,0,0,0,0,0,0,0,0,0,0,0,0,0,0,0,0,0,0,0,0,0,0,0,0,0,0,0,0,0,0,0,0,0,0,0,0,0,0,0,0,0,0
,,,,,,232,2026-02-12 13:23:01.745413,WNTR,25.11,25.11,25.12,,,,,,,1600.0,,1176.0,,,4000.0,1169400.0,6000.0,,6157.0,,,337200.0,,2200.0,6200.0,,,,4000.0,,3202.0,,,,,,,,,,35000.0,4890.0,7650.0,0,0,0,0,0,0,0,0,0,0,0,0,0,0,0,0,0,0,0,0,0,0,0,0,0,0,0,0,0,0,0,0,0,0,0,0,0,0,0,0,0,0,0,0
2.0,1.0,1.0,,Aggregate Position Limit,Your CRO has set the aggregate position limit to 8000 shares for this week.,233,2026-02-12 13:23:02.777602,SPNG,25.81,25.78,25.81,3300.0,2100.0,6200.0,7500.0,10000.0,5000.0,33000.0,2206.0,4000.0,3000.0,6200.0,4000.0,6000.0,1227200.0,4000.0,1100.0,2940.0,2206.0,,,,,,,,,,,,,,,,,,,,0,0,0,0,0,0,0,0,0,0,0,0,0,0,0,0,0,0,0,0,0,0,0,0,0,0,0,0,0,0,0,0,0,0,0,0,0,0,0,0,0,0,0,0,0,0,0
1.0,1.0,1.0,,Welcome to the RITC 2026 Alogithmic Market Making Case - practice server,,233,2026-02-12 13:23:02.777602,SMMR,25.6,25.58,25.59,1100.0,4200.0,,,,,,3021.0,,,8008.0,,,240300.0,4000.0,2200.0,3000.0,3021.0,2946.0,4000.0,869000.0,1000.0,4000.0,2500.0,7500.0,1500.0,,,,,,,,,,,,0,0,0,0,0,0,0,0,0,0,0,0,0,0,0,0,0,0,0,0,0,0,0,0,0,0,0,0,0,0,0,0,0,0,0,0,0,0,0,0,0,0,0,0,0,0,0
,,,,,,233,2026-02-12 13:23:02.777602,ATMN,25.1,25.1,25.12,1100.0,4200.0,,,,,,2803.0,4000.0,2250.0,4113.0,4000.0,6000.0,216200.0,4000.0,3957.0,,2803.0,1095.0,4000.0,205500.0,1000.0,1600.0,,7500.0,2250.0,2500.0,11250.0,489.0,5625.0,5625.0,6000.0,473.0,4000.0,4000.0,,,0,0,0,0,0,0,0,0,0,0,0,0,0,0,0,0,0,0,0,0,0,0,0,0,0,0,0,0,0,0,0,0,0,0,0,0,0,0,0,0,0,0,0,0,0,0,0
,,,,,,233,2026-02-12 13:23:02.777602,WNTR,25.11,25.11,25.12,2200.0,,,,4000.0,,,3503.0,6000.0,,6200.0,,6000.0,925500.0,4000.0,7257.0,,,2400.0,4000.0,227600.0,1000.0,1176.0,,,,,,,,,,,,4000.0,26200.0,10000.0,0,0,0,0,0,0,0,0,0,0,0,0,0,0,0,0,0,0,0,0,0,0,0,0,0,0,0,0,0,0,0,0,0,0,0,0,0,0,0,0,0,0,0,0,0,0,0
2.0,1.0,1.0,,Aggregate Position Limit,Your CRO has set the aggregate position limit to 8000 shares for this week.,234,2026-02-12 13:23:03.794597,SPNG,25.77,25.77,25.79,2420.0,4000.0,2200.0,10000.0,4000.0,2400.0,5625.0,4000.0,6000.0,5625.0,7500.0,309600.0,5625.0,665.0,1100.0,4000.0,432.0,20000.0,1000.0,2768.0,8000.0,6000.0,3000.0,4000.0,99700.0,10000.0,,,,,,,,,,,,,,,0,0,0,0,0,0,0,0,0,0,0,0,0,0,0,0,0,0,0,0,0,0,0,0,0,0,0,0,0,0,0,0,0,0,0,0,0,0,0,0,0,0,0,0
1.0,1.0,1.0,,Welcome to the RITC 2026 Alogithmic Market Making Case - practice server,,234,2026-02-12 13:23:03.794597,SMMR,25.54,25.61,25.62,2951.0,4000.0,2200.0,,,,,,,,,1439900.0,,5400.0,2200.0,4000.0,1387.0,,1000.0,800.0,,,1500.0,,367700.0,,3000.0,10420.0,,,,,,,,,,,,,0,0,0,0,0,0,0,0,0,0,0,0,0,0,0,0,0,0,0,0,0,0,0,0,0,0,0,0,0,0,0,0,0,0,0,0,0,0,0,0,0,0,0,0
,,,,,,234,2026-02-12 13:23:03.794597,ATMN,25.23,25.1,25.22,2747.0,4000.0,,,,802.0,11250.0,4000.0,2250.0,11250.0,,205500.0,5625.0,1200.0,,,740.0,,,,,,,,1172500.0,,5150.0,,6000.0,740.0,538.0,1400.0,7500.0,6000.0,2747.0,3510.0,2531.0,,,,0,0,0,0,0,0,0,0,0,0,0,0,0,0,0,0,0,0,0,0,0,0,0,0,0,0,0,0,0,0,0,0,0,0,0,0,0,0,0,0,0,0,0,0
,,,,,,234,2026-02-12 13:23:03.794597,WNTR,25.12,25.11,25.12,3543.0,4000.0,5500.0,,10000.0,772.0,,6000.0,,,,238100.0,,,7257.0,,,,1000.0,800.0,,,,,925500.0,,,6200.0,,1829.0,,,,6000.0,3543.0,,,19400.0,3493.0,10000.0,0,0,0,0,0,0,0,0,0,0,0,0,0,0,0,0,0,0,0,0,0,0,0,0,0,0,0,0,0,0,0,0,0,0,0,0,0,0,0,0,0,0,0,0
2.0,1.0,1.0,,Aggregate Position Limit,Your CRO has set the aggregate position limit to 8000 shares for this week.,235,2026-02-12 13:23:04.811918,SPNG,25.66,25.66,25.67,2400.0,4000.0,2054.0,5625.0,6000.0,4000.0,15000.0,5625.0,6000.0,309600.0,1100.0,5625.0,665.0,100500.0,4000.0,35000.0,1000.0,5536.0,1100.0,2054.0,,,,,,,,,,,,,,,,,0,0,0,0,0,0,0,0,0,0,0,0,0,0,0,0,0,0,0,0,0,0,0,0,0,0,0,0,0,0,0,0,0,0,0,0,0,0,0,0,0,0,0,0,0,0,0,0
1.0,1.0,1.0,,Welcome to the RITC 2026 Alogithmic Market Making Case - practice server,,235,2026-02-12 13:23:04.811918,SMMR,25.6,25.6,25.61,,,2918.0,,,,,,,1454400.0,2200.0,,5400.0,367700.0,,,,,4400.0,,4000.0,2250.0,3000.0,10420.0,6000.0,,,,,,,,,,,,0,0,0,0,0,0,0,0,0,0,0,0,0,0,0,0,0,0,0,0,0,0,0,0,0,0,0,0,0,0,0,0,0,0,0,0,0,0,0,0,0,0,0,0,0,0,0,0
,,,,,,235,2026-02-12 13:23:04.811918,ATMN,25.18,25.18,25.19,1282.0,6000.0,2614.0,5625.0,,,,5625.0,4500.0,100000.0,2200.0,,3000.0,380800.0,4000.0,,,2400.0,,2614.0,4000.0,,7200.0,,,6000.0,5000.0,6000.0,6000.0,2500.0,3510.0,2531.0,,,,,0,0,0,0,0,0,0,0,0,0,0,0,0,0,0,0,0,0,0,0,0,0,0,0,0,0,0,0,0,0,0,0,0,0,0,0,0,0,0,0,0,0,0,0,0,0,0,0
,,,,,,235,2026-02-12 13:23:04.811918,WNTR,25.07,25.11,25.12,1600.0,,3371.0,,6000.0,,,,,238100.0,4400.0,,,552100.0,4000.0,,,1887.0,7257.0,3371.0,,,,6200.0,,,,,,,,,30000.0,4890.0,6000.0,15000.0,0,0,0,0,0,0,0,0,0,0,0,0,0,0,0,0,0,0,0,0,0,0,0,0,0,0,0,0,0,0,0,0,0,0,0,0,0,0,0,0,0,0,0,0,0,0,0,0
2.0,1.0,1.0,,Aggregate Position Limit,Your CRO has set the aggregate position limit to 8000 shares for this week.,236,2026-02-12 13:23:05.829065,SPNG,25.54,25.54,25.59,11250.0,12000.0,15000.0,1000.0,5625.0,542800.0,3300.0,5625.0,210600.0,4000.0,6200.0,2500.0,40000.0,1000.0,1100.0,9000.0,10000.0,,,,,,,,,,,,,,,,,0,0,0,0,0,0,0,0,0,0,0,0,0,0,0,0,0,0,0,0,0,0,0,0,0,0,0,0,0,0,0,0,0,0,0,0,0,0,0,0,0,0,0,0,0,0,0,0,0,0,0
1.0,1.0,1.0,,Welcome to the RITC 2026 Alogithmic Market Making Case - practice server,,236,2026-02-12 13:23:05.829065,SMMR,25.65,25.61,25.65,,,,,,1170400.0,2200.0,,929300.0,,,2500.0,,,8357.0,1500.0,,3715.0,1000.0,4000.0,464.0,2000.0,528.0,,,,,,,,,,,0,0,0,0,0,0,0,0,0,0,0,0,0,0,0,0,0,0,0,0,0,0,0,0,0,0,0,0,0,0,0,0,0,0,0,0,0,0,0,0,0,0,0,0,0,0,0,0,0,0,0
,,,,,,236,2026-02-12 13:23:05.829065,ATMN,25.23,25.2,25.23,5625.0,6750.0,,,5625.0,217100.0,3300.0,,1459400.0,,353.0,,,,,,,1600.0,,4000.0,,,,3000.0,12000.0,2500.0,4000.0,6000.0,6000.0,1677.0,3510.0,,,0,0,0,0,0,0,0,0,0,0,0,0,0,0,0,0,0,0,0,0,0,0,0,0,0,0,0,0,0,0,0,0,0,0,0,0,0,0,0,0,0,0,0,0,0,0,0,0,0,0,0
,,,,,,236,2026-02-12 13:23:05.829065,WNTR,25.15,25.09,25.15,,750.0,,,,680700.0,3300.0,,1640300.0,,,,,,7257.0,,,,,4000.0,,,,,,,,,,,,30000.0,4890.0,0,0,0,0,0,0,0,0,0,0,0,0,0,0,0,0,0,0,0,0,0,0,0,0,0,0,0,0,0,0,0,0,0,0,0,0,0,0,0,0,0,0,0,0,0,0,0,0,0,0,0
2.0,1.0,1.0,,Aggregate Position Limit,Your CRO has set the aggregate position limit to 8000 shares for this week.,237,2026-02-12 13:23:06.848244,SPNG,25.56,25.56,25.57,4000.0,20000.0,6147.0,402.0,2000.0,2150.0,3000.0,1000.0,2500.0,800.0,10000.0,3000.0,4000.0,1457400.0,396.0,,,,,,,,,,,,,,,,0,0,0,0,0,0,0,0,0,0,0,0,0,0,0,0,0,0,0,0,0,0,0,0,0,0,0,0,0,0,0,0,0,0,0,0,0,0,0,0,0,0,0,0,0,0,0,0,0,0,0,0,0,0
1.0,1.0,1.0,,Welcome to the RITC 2026 Alogithmic Market Making Case - practice server,,237,2026-02-12 13:23:06.848244,SMMR,25.68,25.65,25.68,4000.0,,8000.0,,,,,1000.0,,4570.0,,750.0,,801900.0,,851400.0,528.0,1206.0,,,,,,,,,,,,,0,0,0,0,0,0,0,0,0,0,0,0,0,0,0,0,0,0,0,0,0,0,0,0,0,0,0,0,0,0,0,0,0,0,0,0,0,0,0,0,0,0,0,0,0,0,0,0,0,0,0,0,0,0
,,,,,,237,2026-02-12 13:23:06.848244,ATMN,25.25,25.24,25.25,,,3200.0,,,,6750.0,,,1173.0,,,4000.0,1458200.0,,737200.0,,,1802.0,3998.0,3000.0,6000.0,2250.0,1000.0,1000.0,,,,,,0,0,0,0,0,0,0,0,0,0,0,0,0,0,0,0,0,0,0,0,0,0,0,0,0,0,0,0,0,0,0,0,0,0,0,0,0,0,0,0,0,0,0,0,0,0,0,0,0,0,0,0,0,0
,,,,,,237,2026-02-12 13:23:06.848244,WNTR,25.1,25.1,25.11,,,,10112.0,,,750.0,,61.0,,,,4000.0,1770100.0,,550900.0,,,,,,,,,,45000.0,594.0,2000.0,1000.0,594.0,0,0,0,0,0,0,0,0,0,0,0,0,0,0,0,0,0,0,0,0,0,0,0,0,0,0,0,0,0,0,0,0,0,0,0,0,0,0,0,0,0,0,0,0,0,0,0,0,0,0,0,0,0,0
2.0,1.0,1.0,,Aggregate Position Limit,Your CRO has set the aggregate position limit to 8000 shares for this week.,238,2026-02-12 13:23:07.876154,SPNG,25.47,25.46,25.47,2081700.0,3000.0,2079700.0,4000.0,,,,,,,,,,,,,,,0,0,0,0,0,0,0,0,0,0,0,0,0,0,0,0,0,0,0,0,0,0,0,0,0,0,0,0,0,0,0,0,0,0,0,0,0,0,0,0,0,0,0,0,0,0,0,0,0,0,0,0,0,0,0,0,0,0,0,0,0,0,0,0,0,0
1.0,1.0,1.0,,Welcome to the RITC 2026 Alogithmic Market Making Case - practice server,,238,2026-02-12 13:23:07.876154,SMMR,25.69,25.62,25.65,1556000.0,,1804500.0,4000.0,4000.0,9063.0,2500.0,528.0,1000.0,528.0,528.0,,,,,,,,0,0,0,0,0,0,0,0,0,0,0,0,0,0,0,0,0,0,0,0,0,0,0,0,0,0,0,0,0,0,0,0,0,0,0,0,0,0,0,0,0,0,0,0,0,0,0,0,0,0,0,0,0,0,0,0,0,0,0,0,0,0,0,0,0,0
,,,,,,238,2026-02-12 13:23:07.876154,ATMN,25.24,25.23,25.24,1217200.0,9000.0,1626000.0,4000.0,,,,462.0,,,,431.0,436.0,1000.0,2250.0,391.0,,,0,0,0,0,0,0,0,0,0,0,0,0,0,0,0,0,0,0,0,0,0,0,0,0,0,0,0,0,0,0,0,0,0,0,0,0,0,0,0,0,0,0,0,0,0,0,0,0,0,0,0,0,0,0,0,0,0,0,0,0,0,0,0,0,0,0
,,,,,,238,2026-02-12 13:23:07.876154,WNTR,25.08,25.08,25.09,1133200.0,750.0,1770100.0,4000.0,4000.0,2236.0,,,,,,594.0,,,,,25000.0,20000.0,0,0,0,0,0,0,0,0,0,0,0,0,0,0,0,0,0,0,0,0,0,0,0,0,0,0,0,0,0,0,0,0,0,0,0,0,0,0,0,0,0,0,0,0,0,0,0,0,0,0,0,0,0,0,0,0,0,0,0,0,0,0,0,0,0,0
2.0,1.0,1.0,,Aggregate Position Limit,Your CRO has set the aggregate position limit to 8000 shares for this week.,239,2026-02-12 13:23:08.899623,SPNG,25.46,25.46,25.47,2203700.0,2079700.0,396.0,,,,,,,0,0,0,0,0,0,0,0,0,0,0,0,0,0,0,0,0,0,0,0,0,0,0,0,0,0,0,0,0,0,0,0,0,0,0,0,0,0,0,0,0,0,0,0,0,0,0,0,0,0,0,0,0,0,0,0,0,0,0,0,0,0,0,0,0,0,0,0,0,0,0,0,0,0,0
1.0,1.0,1.0,,Welcome to the RITC 2026 Alogithmic Market Making Case - practice server,,239,2026-02-12 13:23:08.899623,SMMR,25.78,25.63,25.78,1681300.0,2207600.0,528.0,2500.0,9063.0,528.0,,,,0,0,0,0,0,0,0,0,0,0,0,0,0,0,0,0,0,0,0,0,0,0,0,0,0,0,0,0,0,0,0,0,0,0,0,0,0,0,0,0,0,0,0,0,0,0,0,0,0,0,0,0,0,0,0,0,0,0,0,0,0,0,0,0,0,0,0,0,0,0,0,0,0,0,0
,,,,,,239,2026-02-12 13:23:08.899623,ATMN,25.27,25.24,25.27,1891700.0,1447500.0,,2500.0,6200.0,,6571.0,1000.0,,0,0,0,0,0,0,0,0,0,0,0,0,0,0,0,0,0,0,0,0,0,0,0,0,0,0,0,0,0,0,0,0,0,0,0,0,0,0,0,0,0,0,0,0,0,0,0,0,0,0,0,0,0,0,0,0,0,0,0,0,0,0,0,0,0,0,0,0,0,0,0,0,0,0,0
,,,,,,239,2026-02-12 13:23:08.899623,WNTR,25.14,25.1,25.14,1670000.0,2088900.0,,2439.0,8938.0,,6200.0,,2500.0,0,0,0,0,0,0,0,0,0,0,0,0,0,0,0,0,0,0,0,0,0,0,0,0,0,0,0,0,0,0,0,0,0,0,0,0,0,0,0,0,0,0,0,0,0,0,0,0,0,0,0,0,0,0,0,0,0,0,0,0,0,0,0,0,0,0,0,0,0,0,0,0,0,0,0
2.0,1.0,1.0,,Aggregate Position Limit,Your CRO has set the aggregate position limit to 8000 shares for this week.,240,2026-02-12 13:23:09.929909,SPNG,25.9,25.52,0.0,200000.0,2500.0,,,,,,,0,0,0,0,0,0,0,0,0,0,0,0,0,0,0,0,0,0,0,0,0,0,0,0,0,0,0,0,0,0,0,0,0,0,0,0,0,0,0,0,0,0,0,0,0,0,0,0,0,0,0,0,0,0,0,0,0,0,0,0,0,0,0,0,0,0,0,0,0,0,0,0,0,0,0,0
1.0,1.0,1.0,,Welcome to the RITC 2026 Alogithmic Market Making Case - practice server,,240,2026-02-12 13:23:09.929909,SMMR,25.78,25.61,25.79,200000.0,2500.0,528.0,1000.0,,,,,0,0,0,0,0,0,0,0,0,0,0,0,0,0,0,0,0,0,0,0,0,0,0,0,0,0,0,0,0,0,0,0,0,0,0,0,0,0,0,0,0,0,0,0,0,0,0,0,0,0,0,0,0,0,0,0,0,0,0,0,0,0,0,0,0,0,0,0,0,0,0,0,0,0,0,0
,,,,,,240,2026-02-12 13:23:09.929909,ATMN,25.23,25.24,25.5,861100.0,2500.0,,,436.0,462.0,1000.0,732200.0,0,0,0,0,0,0,0,0,0,0,0,0,0,0,0,0,0,0,0,0,0,0,0,0,0,0,0,0,0,0,0,0,0,0,0,0,0,0,0,0,0,0,0,0,0,0,0,0,0,0,0,0,0,0,0,0,0,0,0,0,0,0,0,0,0,0,0,0,0,0,0,0,0,0,0,0
,,,,,,240,2026-02-12 13:23:09.929909,WNTR,25.8,25.8,0.0,200000.0,2500.0,,,594.0,,,,0,0,0,0,0,0,0,0,0,0,0,0,0,0,0,0,0,0,0,0,0,0,0,0,0,0,0,0,0,0,0,0,0,0,0,0,0,0,0,0,0,0,0,0,0,0,0,0,0,0,0,0,0,0,0,0,0,0,0,0,0,0,0,0,0,0,0,0,0,0,0,0,0,0,0,0
2.0,1.0,1.0,,Aggregate Position Limit,Your CRO has set the aggregate position limit to 8000 shares for this week.,241,2026-02-12 13:23:10.956731,SPNG,25.61,25.63,25.73,3000.0,5000.0,4000.0,6000.0,916900.0,405.0,4000.0,3000.0,2500.0,978800.0,405.0,5000.0,4000.0,6000.0,4000.0,,,,,0,0,0,0,0,0,0,0,0,0,0,0,0,0,0,0,0,0,0,0,0,0,0,0,0,0,0,0,0,0,0,0,0,0,0,0,0,0,0,0,0,0,0,0,0,0,0,0,0,0,0,0,0,0,0,0,0,0,0,0,0,0,0,0,0
1.0,1.0,1.0,,Welcome to the RITC 2026 Alogithmic Market Making Case - practice server,,241,2026-02-12 13:23:10.956731,SMMR,25.44,25.12,25.44,,,,,956600.0,,,,,1046600.0,1298.0,,,,,528.0,1000.0,,,0,0,0,0,0,0,0,0,0,0,0,0,0,0,0,0,0,0,0,0,0,0,0,0,0,0,0,0,0,0,0,0,0,0,0,0,0,0,0,0,0,0,0,0,0,0,0,0,0,0,0,0,0,0,0,0,0,0,0,0,0,0,0,0,0
,,,,,,241,2026-02-12 13:23:10.956731,ATMN,25.18,25.08,25.17,,5000.0,,,861100.0,693.0,,,,1024300.0,693.0,,,,,,,,,0,0,0,0,0,0,0,0,0,0,0,0,0,0,0,0,0,0,0,0,0,0,0,0,0,0,0,0,0,0,0,0,0,0,0,0,0,0,0,0,0,0,0,0,0,0,0,0,0,0,0,0,0,0,0,0,0,0,0,0,0,0,0,0,0
,,,,,,241,2026-02-12 13:23:10.956731,WNTR,25.8,25.81,25.84,,2500.0,,,975200.0,525.0,,,1.0,1019800.0,525.0,,,,,,,4000.0,4000.0,0,0,0,0,0,0,0,0,0,0,0,0,0,0,0,0,0,0,0,0,0,0,0,0,0,0,0,0,0,0,0,0,0,0,0,0,0,0,0,0,0,0,0,0,0,0,0,0,0,0,0,0,0,0,0,0,0,0,0,0,0,0,0,0,0
2.0,1.0,1.0,,Aggregate Position Limit,Your CRO has set the aggregate position limit to 8000 shares for this week.,242,2026-02-12 13:23:11.979561,SPNG,25.41,25.39,25.41,478.0,1050.0,984500.0,235400.0,4200.0,4000.0,3980.0,2500.0,3000.0,478.0,721.0,,,,,,,,,,,,,,,0,0,0,0,0,0,0,0,0,0,0,0,0,0,0,0,0,0,0,0,0,0,0,0,0,0,0,0,0,0,0,0,0,0,0,0,0,0,0,0,0,0,0,0,0,0,0,0,0,0,0,0,0,0,0,0,0,0,0
1.0,1.0,1.0,,Welcome to the RITC 2026 Alogithmic Market Making Case - practice server,,242,2026-02-12 13:23:11.979561,SMMR,25.44,25.16,25.18,622.0,6500.0,435600.0,335900.0,6950.0,4000.0,4800.0,2500.0,3000.0,622.0,,2100.0,3000.0,4000.0,,,,,,,,,,,,0,0,0,0,0,0,0,0,0,0,0,0,0,0,0,0,0,0,0,0,0,0,0,0,0,0,0,0,0,0,0,0,0,0,0,0,0,0,0,0,0,0,0,0,0,0,0,0,0,0,0,0,0,0,0,0,0,0,0
,,,,,,242,2026-02-12 13:23:11.979561,ATMN,25.07,25.12,25.13,818.0,1950.0,861100.0,981400.0,1950.0,4000.0,,2500.0,3000.0,818.0,,,3000.0,4000.0,2500.0,840.0,4000.0,6000.0,4000.0,4000.0,840.0,6000.0,4000.0,4000.0,4000.0,0,0,0,0,0,0,0,0,0,0,0,0,0,0,0,0,0,0,0,0,0,0,0,0,0,0,0,0,0,0,0,0,0,0,0,0,0,0,0,0,0,0,0,0,0,0,0,0,0,0,0,0,0,0,0,0,0,0,0
,,,,,,242,2026-02-12 13:23:11.979561,WNTR,25.8,25.8,25.84,525.0,,1095400.0,1141300.0,,4000.0,,,6000.0,525.0,,,3000.0,,,,,,,,,6000.0,4000.0,4000.0,4000.0,0,0,0,0,0,0,0,0,0,0,0,0,0,0,0,0,0,0,0,0,0,0,0,0,0,0,0,0,0,0,0,0,0,0,0,0,0,0,0,0,0,0,0,0,0,0,0,0,0,0,0,0,0,0,0,0,0,0,0
2.0,1.0,1.0,,Aggregate Position Limit,Your CRO has set the aggregate position limit to 8000 shares for this week.,243,2026-02-12 13:23:13.012675,SPNG,25.32,25.32,25.35,4200.0,5000.0,3618.0,4000.0,196.0,4000.0,6000.0,7500.0,3000.0,104300.0,223500.0,7200.0,4340.0,8000.0,196.0,1200.0,7000.0,7500.0,,,,,,,,,,,,,0,0,0,0,0,0,0,0,0,0,0,0,0,0,0,0,0,0,0,0,0,0,0,0,0,0,0,0,0,0,0,0,0,0,0,0,0,0,0,0,0,0,0,0,0,0,0,0,0,0,0,0,0,0
1.0,1.0,1.0,,Welcome to the RITC 2026 Alogithmic Market Making Case - practice server,,243,2026-02-12 13:23:13.012675,SMMR,25.11,25.1,25.11,3000.0,,,,642.0,,,,,989000.0,350700.0,8000.0,,4000.0,,3200.0,7000.0,7500.0,2500.0,,,,,,,,,,,,0,0,0,0,0,0,0,0,0,0,0,0,0,0,0,0,0,0,0,0,0,0,0,0,0,0,0,0,0,0,0,0,0,0,0,0,0,0,0,0,0,0,0,0,0,0,0,0,0,0,0,0,0,0
,,,,,,243,2026-02-12 13:23:13.012675,ATMN,25.06,25.0,25.04,2750.0,,,,,4000.0,6000.0,,,930300.0,262200.0,8000.0,,4000.0,,3000.0,7000.0,,,4000.0,4000.0,7500.0,5250.0,,,,,,,,0,0,0,0,0,0,0,0,0,0,0,0,0,0,0,0,0,0,0,0,0,0,0,0,0,0,0,0,0,0,0,0,0,0,0,0,0,0,0,0,0,0,0,0,0,0,0,0,0,0,0,0,0,0
,,,,,,243,2026-02-12 13:23:13.012675,WNTR,25.79,25.81,25.83,,,,,620.0,,,,,995400.0,550200.0,8000.0,,4000.0,525.0,,,,,,,7500.0,,5000.0,5250.0,1081.0,1061.0,4000.0,6000.0,4000.0,0,0,0,0,0,0,0,0,0,0,0,0,0,0,0,0,0,0,0,0,0,0,0,0,0,0,0,0,0,0,0,0,0,0,0,0,0,0,0,0,0,0,0,0,0,0,0,0,0,0,0,0,0,0
2.0,1.0,1.0,,Aggregate Position Limit,Your CRO has set the aggregate position limit to 8000 shares for this week.,244,2026-02-12 13:23:14.055549,SPNG,25.42,25.41,25.42,3000.0,3500.0,30000.0,241900.0,3906.0,1763.0,4000.0,3000.0,5625.0,804.0,3000.0,5625.0,4000.0,360600.0,14000.0,6200.0,3750.0,3750.0,10000.0,3500.0,1763.0,4000.0,950.0,4000.0,6000.0,,,,,,,,,,,,,,,,,,,0,0,0,0,0,0,0,0,0,0,0,0,0,0,0,0,0,0,0,0,0,0,0,0,0,0,0,0,0,0,0,0,0,0,0,0,0,0,0,0,0
1.0,1.0,1.0,,Welcome to the RITC 2026 Alogithmic Market Making Case - practice server,,244,2026-02-12 13:23:14.055549,SMMR,24.92,25.0,25.06,3000.0,,,1009500.0,,2960.0,4000.0,6950.0,,,3000.0,,4000.0,468300.0,,6200.0,2000.0,2250.0,,7000.0,2960.0,,4200.0,,,2000.0,466.0,7500.0,902.0,7000.0,,,,,,,,,,,,,,0,0,0,0,0,0,0,0,0,0,0,0,0,0,0,0,0,0,0,0,0,0,0,0,0,0,0,0,0,0,0,0,0,0,0,0,0,0,0,0,0
,,,,,,244,2026-02-12 13:23:14.055549,ATMN,25.03,25.0,25.02,,3500.0,,541000.0,,1968.0,4000.0,450.0,5625.0,2400.0,6000.0,5625.0,,264200.0,,,2000.0,,,3500.0,1968.0,,,,,1750.0,,7500.0,,1100.0,2250.0,8000.0,,,,,,,,,,,,0,0,0,0,0,0,0,0,0,0,0,0,0,0,0,0,0,0,0,0,0,0,0,0,0,0,0,0,0,0,0,0,0,0,0,0,0,0,0,0,0
,,,,,,244,2026-02-12 13:23:14.055549,WNTR,25.85,25.81,25.82,3000.0,,,469900.0,6200.0,3330.0,4000.0,,,1600.0,3000.0,,,446600.0,4000.0,6200.0,,750.0,,,3330.0,8000.0,,8000.0,12000.0,2000.0,,7500.0,,1100.0,,800.0,750.0,5000.0,4000.0,6000.0,2500.0,4000.0,7500.0,1100.0,1000.0,1.0,750.0,0,0,0,0,0,0,0,0,0,0,0,0,0,0,0,0,0,0,0,0,0,0,0,0,0,0,0,0,0,0,0,0,0,0,0,0,0,0,0,0,0
2.0,1.0,1.0,,Aggregate Position Limit,Your CRO has set the aggregate position limit to 8000 shares for this week.,245,2026-02-12 13:23:15.098622,SPNG,25.36,25.36,25.42,329500.0,1116.0,11250.0,4200.0,10000.0,2000.0,4000.0,6000.0,419.0,5625.0,4000.0,1699.0,439.0,6000.0,20000.0,3000.0,4000.0,3980.0,3000.0,125500.0,1100.0,156.0,,,,,,,,,,,,,,,,,,,,,,,,,,0,0,0,0,0,0,0,0,0,0,0,0,0,0,0,0,0,0,0,0,0,0,0,0,0,0,0,0,0,0,0,0,0,0,0,0,0
1.0,1.0,1.0,,Welcome to the RITC 2026 Alogithmic Market Making Case - practice server,,245,2026-02-12 13:23:15.098622,SMMR,25.01,25.0,25.01,858200.0,,,9100.0,,2000.0,,,,,,,,,,,,8000.0,,,,,750.0,3000.0,2305.0,2305.0,3000.0,8785.0,2000.0,750.0,3500.0,750.0,,,,,,,,,,,,,,,,0,0,0,0,0,0,0,0,0,0,0,0,0,0,0,0,0,0,0,0,0,0,0,0,0,0,0,0,0,0,0,0,0,0,0,0,0
,,,,,,245,2026-02-12 13:23:15.098622,ATMN,24.13,24.08,24.13,1098300.0,,,450.0,,,,,,,,,,,,,,9900.0,2250.0,195100.0,1100.0,,,,3522.0,3522.0,1050.0,,7500.0,2250.0,9285.0,3768.0,2000.0,4000.0,4000.0,5000.0,5625.0,,,,,,,,,,,0,0,0,0,0,0,0,0,0,0,0,0,0,0,0,0,0,0,0,0,0,0,0,0,0,0,0,0,0,0,0,0,0,0,0,0,0
,,,,,,245,2026-02-12 13:23:15.098622,WNTR,25.85,25.85,25.87,247100.0,6200.0,,,,,4000.0,6000.0,,,,,,,,,4000.0,600.0,,683200.0,,528.0,750.0,,3330.0,6216.0,,6200.0,,,,750.0,4000.0,,,,,1600.0,30000.0,7000.0,750.0,5000.0,7500.0,551.0,1699.0,4000.0,4000.0,0,0,0,0,0,0,0,0,0,0,0,0,0,0,0,0,0,0,0,0,0,0,0,0,0,0,0,0,0,0,0,0,0,0,0,0,0
2.0,1.0,1.0,,Aggregate Position Limit,Your CRO has set the aggregate position limit to 8000 shares for this week.,246,2026-02-12 13:23:16.140355,SPNG,25.4,25.37,25.4,4000.0,3000.0,3000.0,3000.0,5625.0,900.0,329500.0,2884.0,3500.0,938.0,1100.0,3000.0,10000.0,40000.0,4000.0,5625.0,2400.0,6000.0,1705.0,2812.0,2200.0,3500.0,,,,,,,,,,,,,,,,,,,,,,,,,,,0,0,0,0,0,0,0,0,0,0,0,0,0,0,0,0,0,0,0,0,0,0,0,0,0,0,0,0,0,0,0,0,0,0,0,0
1.0,1.0,1.0,,Welcome to the RITC 2026 Alogithmic Market Making Case - practice server,,246,2026-02-12 13:23:16.140355,SMMR,25.03,25.02,25.03,4000.0,750.0,,,,3000.0,257900.0,4024.0,2275.0,1500.0,,,,,4000.0,,800.0,250.0,7530.0,,8100.0,,7500.0,750.0,3000.0,2500.0,750.0,216300.0,897.0,6000.0,1699.0,2000.0,,,,,,,,,,,,,,,,,0,0,0,0,0,0,0,0,0,0,0,0,0,0,0,0,0,0,0,0,0,0,0,0,0,0,0,0,0,0,0,0,0,0,0,0
,,,,,,246,2026-02-12 13:23:16.140355,ATMN,24.34,24.34,24.39,4000.0,2250.0,2250.0,1050.0,,3450.0,202100.0,1490.0,,,,600.0,,,,,4800.0,,,11250.0,,,7500.0,,2150.0,,,180100.0,,,,,6000.0,11250.0,6200.0,2000.0,6000.0,8000.0,8000.0,7500.0,5625.0,4000.0,6000.0,,,,,,0,0,0,0,0,0,0,0,0,0,0,0,0,0,0,0,0,0,0,0,0,0,0,0,0,0,0,0,0,0,0,0,0,0,0,0
,,,,,,246,2026-02-12 13:23:16.140355,WNTR,25.88,25.88,25.89,,750.0,,3000.0,,2400.0,124600.0,1987.0,,1500.0,,,,,4000.0,,,6000.0,,,,,,,,,,874000.0,,6000.0,,2000.0,6000.0,,3115.0,,,4000.0,4000.0,7500.0,,,,35000.0,6000.0,7500.0,562.0,1987.0,0,0,0,0,0,0,0,0,0,0,0,0,0,0,0,0,0,0,0,0,0,0,0,0,0,0,0,0,0,0,0,0,0,0,0,0
2.0,1.0,1.0,,Aggregate Position Limit,Your CRO has set the aggregate position limit to 8000 shares for this week.,247,2026-02-12 13:23:17.158620,SPNG,25.45,25.4,25.45,5625.0,900.0,15000.0,6200.0,329500.0,4400.0,7500.0,2169.0,3500.0,1876.0,6000.0,178.0,15000.0,3500.0,11250.0,4000.0,1100.0,2000.0,105900.0,2169.0,5625.0,6000.0,5625.0,1200.0,3000.0,,,,,,,,,,,,,,,,,,,,,,,,,,,,0,0,0,0,0,0,0,0,0,0,0,0,0,0,0,0,0,0,0,0,0,0,0,0,0,0,0,0,0,0,0,0
1.0,1.0,1.0,,Welcome to the RITC 2026 Alogithmic Market Making Case - practice server,,247,2026-02-12 13:23:17.158620,SMMR,25.11,25.03,25.04,,2400.0,,9091.0,257900.0,,7500.0,2807.0,3500.0,3000.0,,,,,2250.0,,1100.0,,323600.0,,,6000.0,,4200.0,,6000.0,750.0,469.0,3000.0,2500.0,4000.0,6200.0,1292.0,6000.0,902.0,7500.0,3000.0,,,,,,,,,,,,,,,,0,0,0,0,0,0,0,0,0,0,0,0,0,0,0,0,0,0,0,0,0,0,0,0,0,0,0,0,0,0,0,0
,,,,,,247,2026-02-12 13:23:17.158620,ATMN,24.68,24.68,24.71,2812.0,3200.0,,10540.0,348700.0,,7500.0,2523.0,3202.0,,12000.0,,,,,4000.0,,,180100.0,2523.0,,,5625.0,,2250.0,,2250.0,,3000.0,,4000.0,,2504.0,,,7500.0,,4000.0,314.0,2000.0,2000.0,8000.0,4000.0,5625.0,2250.0,,,,,,,,0,0,0,0,0,0,0,0,0,0,0,0,0,0,0,0,0,0,0,0,0,0,0,0,0,0,0,0,0,0,0,0
,,,,,,247,2026-02-12 13:23:17.158620,WNTR,25.86,25.87,25.89,,2400.0,,,715500.0,1100.0,,3342.0,,750.0,,600.0,,2275.0,,,1100.0,2000.0,327700.0,3342.0,,,,,,,,,3000.0,,4000.0,,940.0,6000.0,,7500.0,3000.0,4000.0,600.0,2000.0,,,4000.0,,,6000.0,4000.0,1061.0,6000.0,15000.0,7500.0,1699.0,0,0,0,0,0,0,0,0,0,0,0,0,0,0,0,0,0,0,0,0,0,0,0,0,0,0,0,0,0,0,0,0
2.0,1.0,1.0,,Aggregate Position Limit,Your CRO has set the aggregate position limit to 8000 shares for this week.,248,2026-02-12 13:23:18.185901,SPNG,25.41,25.41,25.42,4219.0,860.0,5625.0,15000.0,4400.0,3500.0,2161.0,3000.0,329500.0,6000.0,4000.0,1950.0,10000.0,15000.0,2474.0,5625.0,6000.0,6400.0,3000.0,4000.0,6000.0,,,,,,,,,,,,,,,,,,,,,,,,,,,,,,,0,0,0,0,0,0,0,0,0,0,0,0,0,0,0,0,0,0,0,0,0,0,0,0,0,0,0,0,0,0,0,0,0
1.0,1.0,1.0,,Welcome to the RITC 2026 Alogithmic Market Making Case - practice server,,248,2026-02-12 13:23:18.185901,SMMR,25.07,25.03,25.07,,2400.0,,,1100.0,3500.0,,750.0,257900.0,,,,,,,,,,3000.0,,,9091.0,382.0,4000.0,6000.0,3000.0,7500.0,1500.0,2000.0,686000.0,2872.0,2500.0,2275.0,3500.0,7500.0,8100.0,6000.0,449.0,2000.0,,,,,,,,,,,,,0,0,0,0,0,0,0,0,0,0,0,0,0,0,0,0,0,0,0,0,0,0,0,0,0,0,0,0,0,0,0,0,0
,,,,,,248,2026-02-12 13:23:18.185901,ATMN,24.9,24.9,24.91,5625.0,,,,1100.0,3202.0,2501.0,2250.0,546300.0,,,,,,,,,2139.0,,4000.0,,10540.0,,4000.0,,,7500.0,,2000.0,447900.0,2501.0,,2327.0,525.0,,7000.0,,,2000.0,2500.0,6000.0,4000.0,11250.0,2250.0,7500.0,4000.0,4000.0,,,,,0,0,0,0,0,0,0,0,0,0,0,0,0,0,0,0,0,0,0,0,0,0,0,0,0,0,0,0,0,0,0,0,0
,,,,,,248,2026-02-12 13:23:18.185901,WNTR,25.88,25.86,25.88,,3200.0,,,1100.0,,3245.0,,692600.0,,,,,,,,6000.0,1260.0,,4000.0,6000.0,,1246.0,4000.0,,3000.0,,,2000.0,204600.0,,,3500.0,,,1100.0,,1246.0,,,6000.0,4000.0,,,,,,1061.0,1699.0,45000.0,4000.0,0,0,0,0,0,0,0,0,0,0,0,0,0,0,0,0,0,0,0,0,0,0,0,0,0,0,0,0,0,0,0,0,0
2.0,1.0,1.0,,Aggregate Position Limit,Your CRO has set the aggregate position limit to 8000 shares for this week.,249,2026-02-12 13:23:19.212579,SPNG,25.41,25.41,25.42,860.0,5625.0,2325.0,20500.0,1359.0,2200.0,3500.0,4000.0,2357.0,5625.0,938.0,6000.0,121100.0,25000.0,17250.0,6000.0,3000.0,2167.0,5625.0,5600.0,,,,,,,,,,,,,,,,,,,,,,,,,,0,0,0,0,0,0,0,0,0,0,0,0,0,0,0,0,0,0,0,0,0,0,0,0,0,0,0,0,0,0,0,0,0,0,0,0,0,0,0
1.0,1.0,1.0,,Welcome to the RITC 2026 Alogithmic Market Making Case - practice server,,249,2026-02-12 13:23:19.212579,SMMR,25.1,25.09,25.1,8000.0,,6000.0,,,2200.0,3500.0,4000.0,3396.0,,,,127700.0,,,,750.0,,,,7500.0,6200.0,814.0,9200.0,687500.0,4000.0,3500.0,7500.0,6789.0,6000.0,814.0,,,,,,,,,,,,,,,0,0,0,0,0,0,0,0,0,0,0,0,0,0,0,0,0,0,0,0,0,0,0,0,0,0,0,0,0,0,0,0,0,0,0,0,0,0,0
,,,,,,249,2026-02-12 13:23:19.212579,ATMN,24.34,24.79,24.84,3200.0,5625.0,6000.0,,,,,4000.0,2866.0,,,,314600.0,,,,,,,7390.0,,,,1100.0,,,4200.0,,2858.0,,,2500.0,2000.0,5150.0,6000.0,4000.0,4000.0,8000.0,5625.0,,,,,,,0,0,0,0,0,0,0,0,0,0,0,0,0,0,0,0,0,0,0,0,0,0,0,0,0,0,0,0,0,0,0,0,0,0,0,0,0,0,0
,,,,,,249,2026-02-12 13:23:19.212579,WNTR,25.87,25.87,25.88,2400.0,,,,,1100.0,,4000.0,7074.0,,,,704200.0,,,6000.0,,,,1890.0,,,,1100.0,204600.0,4000.0,,,,,1195.0,,,,6000.0,,8000.0,,,1081.0,4000.0,2000.0,6000.0,45000.0,7000.0,0,0,0,0,0,0,0,0,0,0,0,0,0,0,0,0,0,0,0,0,0,0,0,0,0,0,0,0,0,0,0,0,0,0,0,0,0,0,0
2.0,1.0,1.0,,Aggregate Position Limit,Your CRO has set the aggregate position limit to 8000 shares for this week.,250,2026-02-12 13:23:20.238859,SPNG,25.41,25.41,25.42,15000.0,3000.0,154.0,1200.0,6000.0,4400.0,3500.0,4000.0,2200.0,5625.0,6000.0,25000.0,17250.0,6000.0,3000.0,3000.0,1600.0,7562.0,4000.0,2474.0,5625.0,4000.0,,,,,,,,,,,,,,,,,,,,,,,,,,,0,0,0,0,0,0,0,0,0,0,0,0,0,0,0,0,0,0,0,0,0,0,0,0,0,0,0,0,0,0,0,0,0,0,0,0
1.0,1.0,1.0,,Welcome to the RITC 2026 Alogithmic Market Making Case - practice server,,250,2026-02-12 13:23:20.238859,SMMR,25.14,25.05,25.08,,,,3200.0,,4400.0,,4000.0,,,,,,,,,,,,,,,1500.0,785.0,7500.0,6000.0,8265.0,750.0,257900.0,3500.0,820500.0,9200.0,3950.0,7500.0,2000.0,785.0,6000.0,,,,,,,,,,,,0,0,0,0,0,0,0,0,0,0,0,0,0,0,0,0,0,0,0,0,0,0,0,0,0,0,0,0,0,0,0,0,0,0,0,0
,,,,,,250,2026-02-12 13:23:20.238859,ATMN,24.67,24.66,24.67,,3000.0,5625.0,1200.0,,1100.0,,4000.0,2400.0,11250.0,,,,,,3000.0,3200.0,,,6200.0,,,,243.0,,6000.0,,2250.0,,3500.0,310200.0,2200.0,3200.0,,4000.0,,,2250.0,4200.0,2000.0,5625.0,2400.0,4500.0,,,,,,0,0,0,0,0,0,0,0,0,0,0,0,0,0,0,0,0,0,0,0,0,0,0,0,0,0,0,0,0,0,0,0,0,0,0,0
,,,,,,250,2026-02-12 13:23:20.238859,WNTR,25.87,25.86,25.88,,1425.0,,1640.0,4000.0,,2275.0,4000.0,3304.0,,6000.0,,,6000.0,,,2400.0,,,,,,1500.0,,,1050.0,,,458200.0,7000.0,204600.0,1100.0,,,,1195.0,,,,,,,,4000.0,1061.0,4000.0,45000.0,4000.0,0,0,0,0,0,0,0,0,0,0,0,0,0,0,0,0,0,0,0,0,0,0,0,0,0,0,0,0,0,0,0,0,0,0,0,0
2.0,1.0,1.0,,Aggregate Position Limit,Your CRO has set the aggregate position limit to 8000 shares for this week.,251,2026-02-12 13:23:21.270271,SPNG,25.42,25.42,25.48,6200.0,742.0,6000.0,20000.0,6600.0,3500.0,4000.0,1956.0,121200.0,5625.0,6000.0,3000.0,6000.0,2400.0,6200.0,421700.0,4510.0,6050.0,5625.0,6000.0,1956.0,3000.0,,,,,,,,,,,,,,,,,,,,,,,,0,0,0,0,0,0,0,0,0,0,0,0,0,0,0,0,0,0,0,0,0,0,0,0,0,0,0,0,0,0,0,0,0,0,0,0,0,0,0
1.0,1.0,1.0,,Welcome to the RITC 2026 Alogithmic Market Making Case - practice server,,251,2026-02-12 13:23:21.270271,SMMR,25.09,25.09,25.1,1652.0,2400.0,,,1100.0,6317.0,4000.0,2965.0,723300.0,,,750.0,,840.0,,700800.0,,2900.0,,,2965.0,,1500.0,574.0,2000.0,2091.0,9200.0,897.0,7500.0,2000.0,785.0,,,,,,,,,,,,,,,0,0,0,0,0,0,0,0,0,0,0,0,0,0,0,0,0,0,0,0,0,0,0,0,0,0,0,0,0,0,0,0,0,0,0,0,0,0,0
,,,,,,251,2026-02-12 13:23:21.270271,ATMN,24.67,24.66,24.67,,2192.0,,,1100.0,7000.0,4000.0,2536.0,111400.0,5625.0,,2250.0,,1600.0,6200.0,207100.0,,2250.0,2812.0,,2536.0,,,,2000.0,7000.0,2200.0,,,2000.0,,6000.0,11250.0,4200.0,5625.0,12202.0,3000.0,4000.0,,,,,,,,0,0,0,0,0,0,0,0,0,0,0,0,0,0,0,0,0,0,0,0,0,0,0,0,0,0,0,0,0,0,0,0,0,0,0,0,0,0,0
,,,,,,251,2026-02-12 13:23:21.270271,WNTR,25.87,25.86,25.87,,1710.0,4000.0,,,4550.0,4000.0,3209.0,575200.0,,6000.0,,,1600.0,,94500.0,,,,,3209.0,,1500.0,,,,8800.0,,,,,,,,,750.0,6000.0,4000.0,8000.0,5000.0,4000.0,4000.0,10000.0,4000.0,6000.0,0,0,0,0,0,0,0,0,0,0,0,0,0,0,0,0,0,0,0,0,0,0,0,0,0,0,0,0,0,0,0,0,0,0,0,0,0,0,0
2.0,1.0,1.0,,Aggregate Position Limit,Your CRO has set the aggregate position limit to 8000 shares for this week.,252,2026-02-12 13:23:22.311335,SPNG,25.44,25.44,25.45,10000.0,4000.0,5000.0,1050.0,1116.0,3300.0,6914.0,6000.0,3000.0,5625.0,2889.0,4960.0,121200.0,5625.0,6000.0,232800.0,1600.0,4000.0,10000.0,3000.0,3350.0,4960.0,5775.0,10000.0,323.0,301.0,2167.0,,,,,,,,,,,,,,,,,0,0,0,0,0,0,0,0,0,0,0,0,0,0,0,0,0,0,0,0,0,0,0,0,0,0,0,0,0,0,0,0,0,0,0,0,0,0,0,0,0
1.0,1.0,1.0,,Welcome to the RITC 2026 Alogithmic Market Making Case - practice server,,252,2026-02-12 13:23:22.311335,SMMR,25.1,25.08,25.1,,,,9817.0,1600.0,1100.0,2250.0,6000.0,,,,6410.0,385100.0,,,478800.0,1200.0,,,3000.0,,6410.0,,,,,750.0,655.0,2023.0,3000.0,7500.0,3300.0,7500.0,1200.0,902.0,961.0,7500.0,,,,,,,0,0,0,0,0,0,0,0,0,0,0,0,0,0,0,0,0,0,0,0,0,0,0,0,0,0,0,0,0,0,0,0,0,0,0,0,0,0,0,0,0
,,,,,,252,2026-02-12 13:23:22.311335,ATMN,24.66,24.66,24.67,,4000.0,,7000.0,5480.0,3300.0,,,,5625.0,5625.0,,,,,114800.0,6400.0,,,3000.0,,5540.0,10500.0,,,,,,,3000.0,,3300.0,,,,,7500.0,4687.0,4000.0,,,,,0,0,0,0,0,0,0,0,0,0,0,0,0,0,0,0,0,0,0,0,0,0,0,0,0,0,0,0,0,0,0,0,0,0,0,0,0,0,0,0,0
,,,,,,252,2026-02-12 13:23:22.311335,WNTR,25.89,25.86,25.88,4000.0,4000.0,,4550.0,2850.0,,1500.0,,,,,,227900.0,,6000.0,1119000.0,,,,6000.0,,3506.0,,,,,750.0,,,,,1100.0,7500.0,,,,7500.0,,,30000.0,5000.0,2000.0,6000.0,0,0,0,0,0,0,0,0,0,0,0,0,0,0,0,0,0,0,0,0,0,0,0,0,0,0,0,0,0,0,0,0,0,0,0,0,0,0,0,0,0
2.0,1.0,1.0,,Aggregate Position Limit,Your CRO has set the aggregate position limit to 8000 shares for this week.,253,2026-02-12 13:23:23.333657,SPNG,25.45,25.42,25.44,6000.0,10000.0,4000.0,2736.0,1200.0,5625.0,3500.0,10000.0,2061.0,1425.0,12000.0,4000.0,30000.0,1600.0,126900.0,3000.0,3350.0,3500.0,4000.0,25000.0,,,,,,,,,,,,,,,,,,,,,,0,0,0,0,0,0,0,0,0,0,0,0,0,0,0,0,0,0,0,0,0,0,0,0,0,0,0,0,0,0,0,0,0,0,0,0,0,0,0,0,0,0,0
1.0,1.0,1.0,,Welcome to the RITC 2026 Alogithmic Market Making Case - practice server,,253,2026-02-12 13:23:23.333657,SMMR,25.02,25.01,25.02,,,,,,,,,,,,,,300.0,647100.0,3000.0,6200.0,1916.0,,,7500.0,1909100.0,6000.0,2150.0,4000.0,7500.0,4000.0,7000.0,1700.0,542.0,6000.0,2000.0,2737.0,,,,,,,,,0,0,0,0,0,0,0,0,0,0,0,0,0,0,0,0,0,0,0,0,0,0,0,0,0,0,0,0,0,0,0,0,0,0,0,0,0,0,0,0,0,0,0
,,,,,,253,2026-02-12 13:23:23.333657,ATMN,24.71,24.67,24.68,,,,5625.0,5480.0,2813.0,,,2366.0,6000.0,,4000.0,,1600.0,322600.0,,6200.0,7000.0,4000.0,,,,,,6000.0,,4000.0,1100.0,3000.0,,,2000.0,2366.0,6000.0,3300.0,4000.0,5625.0,,,,,0,0,0,0,0,0,0,0,0,0,0,0,0,0,0,0,0,0,0,0,0,0,0,0,0,0,0,0,0,0,0,0,0,0,0,0,0,0,0,0,0,0,0
,,,,,,253,2026-02-12 13:23:23.333657,WNTR,25.89,25.88,25.89,,,4000.0,,7200.0,,2275.0,,2379.0,,750.0,4000.0,,3120.0,217600.0,12000.0,,,4000.0,,,216300.0,,,,7500.0,4000.0,1100.0,,1262.0,6000.0,2000.0,,,,,,10000.0,4000.0,4000.0,7500.0,0,0,0,0,0,0,0,0,0,0,0,0,0,0,0,0,0,0,0,0,0,0,0,0,0,0,0,0,0,0,0,0,0,0,0,0,0,0,0,0,0,0,0
2.0,1.0,1.0,,Aggregate Position Limit,Your CRO has set the aggregate position limit to 8000 shares for this week.,254,2026-02-12 13:23:24.367375,SPNG,25.4,25.39,25.4,10000.0,298400.0,4400.0,8000.0,4000.0,3500.0,4000.0,1524.0,4000.0,3000.0,629.0,5625.0,115100.0,2662.0,1467.0,2813.0,3500.0,6000.0,6000.0,2097.0,1100.0,2500.0,4000.0,957.0,3750.0,25000.0,6000.0,4000.0,,,,,,,,,,,,,,,,,,,,,,,,,0,0,0,0,0,0,0,0,0,0,0,0,0,0,0,0,0,0,0,0,0,0,0,0,0,0,0,0,0,0,0,0
1.0,1.0,1.0,,Welcome to the RITC 2026 Alogithmic Market Making Case - practice server,,254,2026-02-12 13:23:24.367375,SMMR,25.02,24.99,25.01,,1152800.0,1100.0,,,2381.0,,,,2150.0,,,531700.0,,2369.0,,3500.0,6000.0,,,8100.0,,,,1500.0,,,,1156.0,7500.0,2369.0,2000.0,6000.0,1500.0,902.0,4000.0,2000.0,300.0,542.0,6000.0,950.0,,,,,,,,,,,,0,0,0,0,0,0,0,0,0,0,0,0,0,0,0,0,0,0,0,0,0,0,0,0,0,0,0,0,0,0,0,0
,,,,,,254,2026-02-12 13:23:24.367375,ATMN,24.54,24.68,24.69,,309400.0,1100.0,,,,,4500.0,4000.0,2150.0,,,211200.0,5625.0,1810.0,,3500.0,,4000.0,2812.0,,,4000.0,,2250.0,,,4000.0,,,1810.0,2000.0,,,,4000.0,,2700.0,,,,11250.0,6000.0,12000.0,5625.0,4500.0,638.0,,,,,,0,0,0,0,0,0,0,0,0,0,0,0,0,0,0,0,0,0,0,0,0,0,0,0,0,0,0,0,0,0,0,0
,,,,,,254,2026-02-12 13:23:24.367375,WNTR,25.88,25.88,25.89,,227900.0,,,4000.0,3500.0,4000.0,750.0,,,,,243500.0,,,,,,,,1100.0,,,6200.0,750.0,,,,400.0,,1999.0,,,,,4000.0,,7980.0,,,,,,,,750.0,,8000.0,5000.0,10000.0,7500.0,7500.0,0,0,0,0,0,0,0,0,0,0,0,0,0,0,0,0,0,0,0,0,0,0,0,0,0,0,0,0,0,0,0,0
2.0,1.0,1.0,,Aggregate Position Limit,Your CRO has set the aggregate position limit to 8000 shares for this week.,255,2026-02-12 13:23:25.419255,SPNG,25.4,25.35,25.39,7500.0,4000.0,7500.0,320000.0,577.0,1100.0,5150.0,4000.0,5625.0,4921.0,6000.0,2000.0,3000.0,3000.0,2000.0,115100.0,8000.0,6000.0,10000.0,2813.0,3500.0,1100.0,5625.0,3750.0,,,,,,,,,,,,,,,,,,,,,,,,,0,0,0,0,0,0,0,0,0,0,0,0,0,0,0,0,0,0,0,0,0,0,0,0,0,0,0,0,0,0,0,0,0,0,0,0
1.0,1.0,1.0,,Welcome to the RITC 2026 Alogithmic Market Making Case - practice server,,255,2026-02-12 13:23:25.419255,SMMR,25.18,24.99,25.18,1500.0,4000.0,7500.0,368300.0,,2200.0,,,,,,,,,,1378700.0,,,,,,7000.0,,1500.0,2381.0,6400.0,1156.0,6000.0,2750.0,,,,,,,,,,,,,,,,,,,,0,0,0,0,0,0,0,0,0,0,0,0,0,0,0,0,0,0,0,0,0,0,0,0,0,0,0,0,0,0,0,0,0,0,0,0
,,,,,,255,2026-02-12 13:23:25.419255,ATMN,24.66,24.66,24.67,,,7500.0,225600.0,,1100.0,4200.0,,5625.0,11250.0,,2000.0,4500.0,,6000.0,309700.0,2400.0,10000.0,,,7000.0,1100.0,,,1750.0,1172.0,,,,4000.0,639.0,1578.0,1578.0,5844.0,4000.0,900.0,4000.0,6000.0,,,,,,,,,,,0,0,0,0,0,0,0,0,0,0,0,0,0,0,0,0,0,0,0,0,0,0,0,0,0,0,0,0,0,0,0,0,0,0,0,0
,,,,,,255,2026-02-12 13:23:25.419255,WNTR,25.89,25.88,25.89,750.0,4000.0,,227900.0,,,,4000.0,,,,,750.0,,,123100.0,3192.0,,,,2275.0,,,1500.0,3500.0,3200.0,400.0,6000.0,,,,1881.0,1881.0,6200.0,4000.0,3000.0,,,4000.0,15000.0,3000.0,6000.0,6000.0,15000.0,7500.0,1699.0,7500.0,2000.0,0,0,0,0,0,0,0,0,0,0,0,0,0,0,0,0,0,0,0,0,0,0,0,0,0,0,0,0,0,0,0,0,0,0,0,0
2.0,1.0,1.0,,Aggregate Position Limit,Your CRO has set the aggregate position limit to 8000 shares for this week.,256,2026-02-12 13:23:26.449819,SPNG,25.34,25.33,25.34,424300.0,1100.0,5150.0,3750.0,4000.0,2962.0,4921.0,3527.0,2000.0,1396.0,564.0,6000.0,3000.0,3000.0,10000.0,35000.0,5950.0,2400.0,2654.0,4000.0,3000.0,1100.0,564.0,115100.0,6000.0,,,,,,,,,,,,,,,,,,,,,,,,,,0,0,0,0,0,0,0,0,0,0,0,0,0,0,0,0,0,0,0,0,0,0,0,0,0,0,0,0,0,0,0,0,0,0
1.0,1.0,1.0,,Welcome to the RITC 2026 Alogithmic Market Making Case - practice server,,256,2026-02-12 13:23:26.449819,SMMR,25.04,25.03,25.05,240100.0,2200.0,4200.0,,,,,,,3901.0,1197.0,,,,,,2470.0,600.0,3901.0,4000.0,6000.0,,1197.0,393100.0,,4000.0,2400.0,1417.0,5558.0,3000.0,7500.0,1500.0,902.0,916.0,6000.0,1699.0,4000.0,,,,,,,,,,,,,,0,0,0,0,0,0,0,0,0,0,0,0,0,0,0,0,0,0,0,0,0,0,0,0,0,0,0,0,0,0,0,0,0,0
,,,,,,256,2026-02-12 13:23:26.449819,ATMN,24.76,24.67,24.73,89900.0,,6000.0,4500.0,,,5625.0,,,1798.0,750.0,,,,,,,,1798.0,,,1100.0,,188700.0,,4000.0,1064.0,7159.0,,6000.0,,4500.0,,,6000.0,,2000.0,4000.0,2000.0,4000.0,8437.0,7200.0,5625.0,774.0,,,,,,,0,0,0,0,0,0,0,0,0,0,0,0,0,0,0,0,0,0,0,0,0,0,0,0,0,0,0,0,0,0,0,0,0,0
,,,,,,256,2026-02-12 13:23:26.449819,WNTR,25.86,25.88,25.89,808700.0,,,750.0,,,,,,,,,,,,,7000.0,2394.0,,4000.0,6000.0,1100.0,1529.0,123100.0,4000.0,,800.0,534.0,,6000.0,,1500.0,,,,,,8000.0,,,,,,,25000.0,10000.0,6000.0,6200.0,7500.0,6000.0,0,0,0,0,0,0,0,0,0,0,0,0,0,0,0,0,0,0,0,0,0,0,0,0,0,0,0,0,0,0,0,0,0,0
2.0,1.0,1.0,,Aggregate Position Limit,Your CRO has set the aggregate position limit to 8000 shares for this week.,257,2026-02-12 13:23:27.471739,SPNG,25.35,25.34,25.35,4000.0,3000.0,3000.0,118900.0,4900.0,25000.0,900.0,1100.0,3000.0,7500.0,2138.0,2400.0,3000.0,3500.0,6000.0,4000.0,2138.0,2813.0,2500.0,4000.0,3000.0,113400.0,957.0,7500.0,25000.0,,,,,,,,,,,,,,,,,,,,0,0,0,0,0,0,0,0,0,0,0,0,0,0,0,0,0,0,0,0,0,0,0,0,0,0,0,0,0,0,0,0,0,0,0,0,0,0,0,0
1.0,1.0,1.0,,Welcome to the RITC 2026 Alogithmic Market Making Case - practice server,,257,2026-02-12 13:23:27.471739,SMMR,24.98,24.98,25.06,,,,992400.0,,,,2200.0,2900.0,2250.0,,1500.0,,2470.0,,,2762.0,,,4000.0,,633600.0,,,,1197.0,2000.0,6000.0,2000.0,6000.0,7000.0,6150.0,,,,,,,,,,,,,0,0,0,0,0,0,0,0,0,0,0,0,0,0,0,0,0,0,0,0,0,0,0,0,0,0,0,0,0,0,0,0,0,0,0,0,0,0,0,0
,,,,,,257,2026-02-12 13:23:27.471739,ATMN,24.78,24.78,24.8,4000.0,2250.0,,200200.0,3500.0,,2400.0,1100.0,1950.0,4500.0,2727.0,942.0,,3500.0,,,2727.0,5625.0,,4000.0,,92300.0,,,,750.0,2000.0,,,,2200.0,10200.0,2079.0,500.0,5625.0,5625.0,841.0,835.0,2812.0,,,,,,0,0,0,0,0,0,0,0,0,0,0,0,0,0,0,0,0,0,0,0,0,0,0,0,0,0,0,0,0,0,0,0,0,0,0,0,0,0,0,0
,,,,,,257,2026-02-12 13:23:27.471739,WNTR,25.89,25.87,25.88,4000.0,,,572900.0,,,1680.0,,,1500.0,2999.0,1600.0,,9450.0,6000.0,,,,,4000.0,750.0,123100.0,6200.0,,,,,,,,1100.0,,534.0,6000.0,,,,,,20000.0,4000.0,21350.0,1529.0,2250.0,0,0,0,0,0,0,0,0,0,0,0,0,0,0,0,0,0,0,0,0,0,0,0,0,0,0,0,0,0,0,0,0,0,0,0,0,0,0,0,0
2.0,1.0,1.0,,Aggregate Position Limit,Your CRO has set the aggregate position limit to 8000 shares for this week.,258,2026-02-12 13:23:28.490460,SPNG,25.35,25.34,25.35,3000.0,3000.0,30000.0,3000.0,118900.0,2275.0,3000.0,3500.0,8000.0,4000.0,4441.0,6000.0,1100.0,3750.0,4000.0,489.0,,,,,,,,,,,,,,,,,,,,,,,,,,,,0,0,0,0,0,0,0,0,0,0,0,0,0,0,0,0,0,0,0,0,0,0,0,0,0,0,0,0,0,0,0,0,0,0,0,0,0,0,0,0,0
1.0,1.0,1.0,,Welcome to the RITC 2026 Alogithmic Market Making Case - practice server,,258,2026-02-12 13:23:28.490460,SMMR,24.97,25.01,25.04,,3000.0,,,664300.0,,6000.0,2470.0,1500.0,4000.0,6353.0,,,,,,1650.0,6200.0,6353.0,2200.0,845.0,6150.0,2000.0,6000.0,4000.0,6200.0,750.0,916.0,902.0,122200.0,3000.0,,,,,,,,,,,,,0,0,0,0,0,0,0,0,0,0,0,0,0,0,0,0,0,0,0,0,0,0,0,0,0,0,0,0,0,0,0,0,0,0,0,0,0,0,0,0,0
,,,,,,258,2026-02-12 13:23:28.490460,ATMN,24.71,24.68,24.71,4500.0,,,,89900.0,3500.0,2010.0,3500.0,,4000.0,5425.0,,1100.0,,,,,,5425.0,1100.0,,9000.0,2000.0,,,,2250.0,,,185400.0,9000.0,1894.0,5624.0,5625.0,6000.0,4000.0,11250.0,5625.0,5625.0,,,,,0,0,0,0,0,0,0,0,0,0,0,0,0,0,0,0,0,0,0,0,0,0,0,0,0,0,0,0,0,0,0,0,0,0,0,0,0,0,0,0,0
,,,,,,258,2026-02-12 13:23:28.490460,WNTR,25.89,25.88,25.89,,6000.0,,1680.0,221600.0,3500.0,,,,4000.0,,,1100.0,,,,,654.0,3210.0,,,,,,1750.0,,,,,901400.0,,,,,,,,,,25000.0,4000.0,750.0,4000.0,0,0,0,0,0,0,0,0,0,0,0,0,0,0,0,0,0,0,0,0,0,0,0,0,0,0,0,0,0,0,0,0,0,0,0,0,0,0,0,0,0
2.0,1.0,1.0,,Aggregate Position Limit,Your CRO has set the aggregate position limit to 8000 shares for this week.,259,2026-02-12 13:23:29.508512,SPNG,25.36,25.35,25.36,4000.0,23526.0,6000.0,3000.0,6000.0,6400.0,5643.0,4000.0,2428.0,1268.0,2058.0,3000.0,10000.0,5625.0,219300.0,4000.0,957.0,4000.0,2000.0,5625.0,6000.0,3000.0,1939.0,,,,,,,,,,,,,,,,,,,,,,,,,,0,0,0,0,0,0,0,0,0,0,0,0,0,0,0,0,0,0,0,0,0,0,0,0,0,0,0,0,0,0,0,0,0,0,0,0
1.0,1.0,1.0,,Welcome to the RITC 2026 Alogithmic Market Making Case - practice server,,259,2026-02-12 13:23:29.508512,SMMR,25.02,25.02,25.04,,,,3000.0,,,3500.0,4000.0,5235.0,1400.0,750.0,750.0,,,244500.0,,3916.0,,,,,4200.0,5782.0,790900.0,4000.0,2891.0,2200.0,750.0,6150.0,7500.0,2000.0,1600.0,6000.0,,,,,,,,,,,,,,,,0,0,0,0,0,0,0,0,0,0,0,0,0,0,0,0,0,0,0,0,0,0,0,0,0,0,0,0,0,0,0,0,0,0,0,0
,,,,,,259,2026-02-12 13:23:29.508512,ATMN,24.7,24.68,24.7,,,2250.0,6000.0,,1600.0,3500.0,,3500.0,2500.0,,4500.0,,2812.0,185400.0,,,,,11250.0,,9000.0,4708.0,89900.0,,4708.0,1400.0,,3000.0,,,,3000.0,2812.0,6000.0,5625.0,15503.0,6000.0,6000.0,,,,,,,,,,0,0,0,0,0,0,0,0,0,0,0,0,0,0,0,0,0,0,0,0,0,0,0,0,0,0,0,0,0,0,0,0,0,0,0,0
,,,,,,259,2026-02-12 13:23:29.508512,WNTR,25.91,25.9,25.91,,,750.0,3000.0,,2400.0,7000.0,4000.0,,1400.0,,,,,353300.0,4000.0,,,,,,,5366.0,221900.0,4000.0,5366.0,,,,,,1494.0,3000.0,,6000.0,,374.0,,,4000.0,4000.0,1081.0,1026.0,1061.0,15000.0,1699.0,5750.0,7500.0,0,0,0,0,0,0,0,0,0,0,0,0,0,0,0,0,0,0,0,0,0,0,0,0,0,0,0,0,0,0,0,0,0,0,0,0
2.0,1.0,1.0,,Aggregate Position Limit,Your CRO has set the aggregate position limit to 8000 shares for this week.,260,2026-02-12 13:23:30.525705,SPNG,25.41,25.4,25.41,25974.0,6493.0,1600.0,1429.0,111700.0,1901.0,1714.0,16000.0,1100.0,3349.0,4000.0,6000.0,5625.0,5625.0,2003.0,600.0,469.0,4000.0,219300.0,4000.0,662.0,957.0,5000.0,5625.0,6000.0,3000.0,6000.0,4000.0,,,,,,,,,,,,,,,,,,,,,0,0,0,0,0,0,0,0,0,0,0,0,0,0,0,0,0,0,0,0,0,0,0,0,0,0,0,0,0,0,0,0,0,0,0,0
1.0,1.0,1.0,,Welcome to the RITC 2026 Alogithmic Market Making Case - practice server,,260,2026-02-12 13:23:30.525705,SMMR,24.99,25.08,25.1,,3500.0,1600.0,,664300.0,,,,2200.0,,,,,,,686.0,1485.0,,875500.0,,,,,,6000.0,6950.0,,,1485.0,2368.0,750.0,6150.0,2000.0,1699.0,6000.0,2368.0,7000.0,,,,,,,,,,,,0,0,0,0,0,0,0,0,0,0,0,0,0,0,0,0,0,0,0,0,0,0,0,0,0,0,0,0,0,0,0,0,0,0,0,0
,,,,,,260,2026-02-12 13:23:30.525705,ATMN,24.58,24.57,24.58,,3500.0,,,448200.0,947.0,5625.0,4000.0,2200.0,1406.0,4000.0,4500.0,2812.0,5625.0,3500.0,3808.0,,4000.0,202000.0,,,,,,,,,,,,2250.0,4300.0,,,6000.0,1438.0,2368.0,5743.0,4500.0,1108.0,,,,,,,,,0,0,0,0,0,0,0,0,0,0,0,0,0,0,0,0,0,0,0,0,0,0,0,0,0,0,0,0,0,0,0,0,0,0,0,0
,,,,,,260,2026-02-12 13:23:30.525705,WNTR,26.08,26.04,26.08,,,4800.0,,110400.0,,,,,,,,,,,,,,806100.0,,,,,,,3950.0,,,,4710.0,,3150.0,,,,4710.0,,,,,8000.0,6200.0,2500.0,10000.0,7500.0,2000.0,7500.0,7500.0,0,0,0,0,0,0,0,0,0,0,0,0,0,0,0,0,0,0,0,0,0,0,0,0,0,0,0,0,0,0,0,0,0,0,0,0
2.0,1.0,1.0,,Aggregate Position Limit,Your CRO has set the aggregate position limit to 8000 shares for this week.,261,2026-02-12 13:23:31.546652,SPNG,25.53,25.41,25.53,7500.0,11474.0,6493.0,6000.0,12000.0,3000.0,8000.0,625800.0,6950.0,6000.0,2000.0,4000.0,2000.0,5625.0,5625.0,6000.0,,,,,,,,,,,,,,,,,,,,,,,,,,,,,,,0,0,0,0,0,0,0,0,0,0,0,0,0,0,0,0,0,0,0,0,0,0,0,0,0,0,0,0,0,0,0,0,0,0,0,0,0,0
1.0,1.0,1.0,,Welcome to the RITC 2026 Alogithmic Market Making Case - practice server,,261,2026-02-12 13:23:31.546652,SMMR,25.1,25.03,25.08,750.0,,,,3000.0,750.0,1062.0,976300.0,2750.0,,2773.0,,,,,6000.0,6200.0,939100.0,2773.0,4000.0,7500.0,1100.0,7500.0,2000.0,2329.0,3000.0,6000.0,8100.0,,,,,,,,,,,,,,,,,,,0,0,0,0,0,0,0,0,0,0,0,0,0,0,0,0,0,0,0,0,0,0,0,0,0,0,0,0,0,0,0,0,0,0,0,0,0,0
,,,,,,261,2026-02-12 13:23:31.546652,ATMN,24.73,24.72,24.73,,,,500.0,6000.0,,1152.0,215000.0,9000.0,,2087.0,4000.0,,2812.0,,5743.0,,220700.0,2087.0,4000.0,,2200.0,,,,3000.0,,2668.0,946.0,5625.0,2400.0,4000.0,5743.0,4000.0,11250.0,2250.0,7500.0,7500.0,,,,,,,,,0,0,0,0,0,0,0,0,0,0,0,0,0,0,0,0,0,0,0,0,0,0,0,0,0,0,0,0,0,0,0,0,0,0,0,0,0,0
,,,,,,261,2026-02-12 13:23:31.546652,WNTR,26.11,26.09,26.11,,,,6000.0,5325.0,,,353300.0,2750.0,,2606.0,,,,,,,461600.0,2606.0,,,2668.0,7500.0,10500.0,,,,1100.0,,,2150.0,4000.0,,2000.0,,,7500.0,,2500.0,10000.0,6000.0,4000.0,6000.0,4000.0,1109.0,600.0,0,0,0,0,0,0,0,0,0,0,0,0,0,0,0,0,0,0,0,0,0,0,0,0,0,0,0,0,0,0,0,0,0,0,0,0,0,0
2.0,1.0,1.0,,Aggregate Position Limit,Your CRO has set the aggregate position limit to 8000 shares for this week.,262,2026-02-12 13:23:32.570319,SPNG,25.55,25.55,25.56,125400.0,4311.0,9535.0,7500.0,7000.0,4000.0,11474.0,6411.0,1100.0,662.0,3000.0,2400.0,4585.0,5900.0,2000.0,5625.0,4311.0,736500.0,6000.0,4000.0,,,,,,,,,,,,,,,,,,,,,,,,,,0,0,0,0,0,0,0,0,0,0,0,0,0,0,0,0,0,0,0,0,0,0,0,0,0,0,0,0,0,0,0,0,0,0,0,0,0,0,0
1.0,1.0,1.0,,Welcome to the RITC 2026 Alogithmic Market Making Case - practice server,,262,2026-02-12 13:23:32.570319,SMMR,25.01,25.04,25.06,926500.0,2551.0,,750.0,2275.0,,,,1100.0,,750.0,,,2750.0,,,5658.0,839700.0,,,3000.0,7200.0,2000.0,4000.0,8100.0,750.0,911.0,2000.0,1349.0,,,,,,,,,,,,,,,,,0,0,0,0,0,0,0,0,0,0,0,0,0,0,0,0,0,0,0,0,0,0,0,0,0,0,0,0,0,0,0,0,0,0,0,0,0,0,0
,,,,,,262,2026-02-12 13:23:32.570319,ATMN,24.72,24.72,24.73,110900.0,,,,,4000.0,,,1100.0,,2250.0,8000.0,2813.0,,,,4497.0,,,4000.0,3000.0,,,,3600.0,,,,,850.0,2812.0,5500.0,5625.0,5625.0,4030.0,3000.0,2250.0,,,,,,,,,0,0,0,0,0,0,0,0,0,0,0,0,0,0,0,0,0,0,0,0,0,0,0,0,0,0,0,0,0,0,0,0,0,0,0,0,0,0,0
,,,,,,262,2026-02-12 13:23:32.570319,WNTR,26.09,26.08,26.09,116600.0,6654.0,,,,4000.0,,,2200.0,,,4000.0,,,,,3460.0,125100.0,,,5995.0,1200.0,2000.0,4000.0,1100.0,750.0,,,1831.0,,,,,,3635.0,1602.0,750.0,10000.0,10000.0,1026.0,4000.0,2044.0,25000.0,2330.0,1109.0,0,0,0,0,0,0,0,0,0,0,0,0,0,0,0,0,0,0,0,0,0,0,0,0,0,0,0,0,0,0,0,0,0,0,0,0,0,0,0
2.0,1.0,1.0,,Aggregate Position Limit,Your CRO has set the aggregate position limit to 8000 shares for this week.,263,2026-02-12 13:23:33.597130,SPNG,25.58,25.57,25.58,13875.0,2000.0,7500.0,4000.0,125400.0,18724.0,7000.0,1910.0,6411.0,6000.0,4000.0,7500.0,2000.0,3000.0,6000.0,4000.0,4000.0,726500.0,1875.0,1750.0,3500.0,1910.0,2000.0,4000.0,6000.0,,,,,,,,,,,,,,,,,,,,,,,0,0,0,0,0,0,0,0,0,0,0,0,0,0,0,0,0,0,0,0,0,0,0,0,0,0,0,0,0,0,0,0,0,0,0,0,0
1.0,1.0,1.0,,Welcome to the RITC 2026 Alogithmic Market Making Case - practice server,,263,2026-02-12 13:23:33.597130,SMMR,25.17,25.12,25.17,6200.0,,750.0,4000.0,352600.0,,1279.0,2354.0,,,,7500.0,2000.0,1500.0,,,4000.0,761700.0,,,5900.0,2354.0,2000.0,,,2400.0,2500.0,6000.0,1616.0,3000.0,2500.0,750.0,353.0,7000.0,,,,,,,,,,,,,,0,0,0,0,0,0,0,0,0,0,0,0,0,0,0,0,0,0,0,0,0,0,0,0,0,0,0,0,0,0,0,0,0,0,0,0,0
,,,,,,263,2026-02-12 13:23:33.597130,ATMN,24.7,24.7,24.71,,,,4000.0,105300.0,,3500.0,3628.0,4000.0,,4000.0,,2000.0,2250.0,,,4000.0,,,1050.0,,3628.0,,4000.0,,,,,3816.0,2400.0,,,,1100.0,11250.0,3937.0,5743.0,4000.0,5388.0,5625.0,8000.0,5625.0,,,,,,0,0,0,0,0,0,0,0,0,0,0,0,0,0,0,0,0,0,0,0,0,0,0,0,0,0,0,0,0,0,0,0,0,0,0,0,0
,,,,,,263,2026-02-12 13:23:33.597130,WNTR,26.08,26.08,26.09,,,750.0,4000.0,116600.0,,,2873.0,,,4000.0,,2000.0,,,,4000.0,125100.0,,4660.0,,2873.0,,,,1572.0,,6000.0,2884.0,950.0,,750.0,,,,,,,,,3200.0,,15000.0,935.0,2000.0,2044.0,41500.0,0,0,0,0,0,0,0,0,0,0,0,0,0,0,0,0,0,0,0,0,0,0,0,0,0,0,0,0,0,0,0,0,0,0,0,0,0
2.0,1.0,1.0,,Aggregate Position Limit,Your CRO has set the aggregate position limit to 8000 shares for this week.,264,2026-02-12 13:23:34.655471,SPNG,25.45,25.41,25.42,6000.0,5000.0,22250.0,5625.0,5625.0,6000.0,210600.0,5625.0,6000.0,6000.0,1200.0,4000.0,4000.0,7000.0,4695.0,3000.0,647300.0,3750.0,1750.0,5150.0,4000.0,6000.0,,,,,,,,,,,,,,,,,,,,,0,0,0,0,0,0,0,0,0,0,0,0,0,0,0,0,0,0,0,0,0,0,0,0,0,0,0,0,0,0,0,0,0,0,0,0,0,0,0,0,0,0
1.0,1.0,1.0,,Welcome to the RITC 2026 Alogithmic Market Making Case - practice server,,264,2026-02-12 13:23:34.655471,SMMR,25.14,25.14,25.16,750.0,,,,,,,,3000.0,,3000.0,,,,,750.0,395900.0,750.0,2234.0,,,,8000.0,1321.0,6200.0,4000.0,5593.0,1100.0,4000.0,5600.0,878.0,,,,,,,,,,,,0,0,0,0,0,0,0,0,0,0,0,0,0,0,0,0,0,0,0,0,0,0,0,0,0,0,0,0,0,0,0,0,0,0,0,0,0,0,0,0,0,0
,,,,,,264,2026-02-12 13:23:34.655471,ATMN,24.73,24.71,24.73,2250.0,,,3897.0,5625.0,,332500.0,,5743.0,,3350.0,,4000.0,,5397.0,2250.0,215000.0,,,9000.0,4000.0,5743.0,,,,,5397.0,3816.0,,437.0,,3500.0,3500.0,2000.0,5625.0,6000.0,3500.0,4000.0,4000.0,,,,0,0,0,0,0,0,0,0,0,0,0,0,0,0,0,0,0,0,0,0,0,0,0,0,0,0,0,0,0,0,0,0,0,0,0,0,0,0,0,0,0,0
,,,,,,264,2026-02-12 13:23:34.655471,WNTR,26.07,26.05,26.07,,,,,,6000.0,461600.0,,,,950.0,4000.0,4000.0,,6825.0,,214200.0,,2330.0,,,,,,,4000.0,6825.0,5384.0,,4800.0,,,,2000.0,,,,,,1500.0,8000.0,36500.0,0,0,0,0,0,0,0,0,0,0,0,0,0,0,0,0,0,0,0,0,0,0,0,0,0,0,0,0,0,0,0,0,0,0,0,0,0,0,0,0,0,0
2.0,1.0,1.0,,Aggregate Position Limit,Your CRO has set the aggregate position limit to 8000 shares for this week.,265,2026-02-12 13:23:35.681336,SPNG,25.45,25.42,25.45,4000.0,24750.0,1600.0,3000.0,25000.0,4000.0,4000.0,5625.0,6000.0,1100.0,3652.0,2400.0,4000.0,7500.0,7500.0,666900.0,1875.0,5150.0,478.0,,,,,,,,,,,,,,,,,,,,,,,,,,,,,,0,0,0,0,0,0,0,0,0,0,0,0,0,0,0,0,0,0,0,0,0,0,0,0,0,0,0,0,0,0,0,0,0,0,0,0
1.0,1.0,1.0,,Welcome to the RITC 2026 Alogithmic Market Making Case - practice server,,265,2026-02-12 13:23:35.681336,SMMR,25.12,25.06,25.12,,,,750.0,,,,,6000.0,2716.0,5418.0,2400.0,,7500.0,,395900.0,1500.0,,,2709.0,926500.0,5150.0,2000.0,7500.0,7500.0,4000.0,911.0,2500.0,750.0,878.0,2234.0,7000.0,,,,,,,,,,,,,,,,,0,0,0,0,0,0,0,0,0,0,0,0,0,0,0,0,0,0,0,0,0,0,0,0,0,0,0,0,0,0,0,0,0,0,0,0
,,,,,,265,2026-02-12 13:23:35.681336,ATMN,24.73,24.7,24.71,4000.0,,726.0,,,,,1728.0,6000.0,4916.0,4214.0,2400.0,4000.0,,,215000.0,,4950.0,,4214.0,105300.0,1200.0,2000.0,,,4000.0,,,4500.0,,5950.0,,5625.0,2275.0,668.0,774.0,6000.0,2000.0,5500.0,5102.0,6000.0,4000.0,4000.0,,,,,,0,0,0,0,0,0,0,0,0,0,0,0,0,0,0,0,0,0,0,0,0,0,0,0,0,0,0,0,0,0,0,0,0,0,0,0
,,,,,,265,2026-02-12 13:23:35.681336,WNTR,26.06,26.05,26.07,,,1500.0,,,4000.0,,,6000.0,2200.0,2671.0,,,,,580800.0,2250.0,1700.0,,2671.0,116600.0,950.0,2000.0,,,,,,,1109.0,,4916.0,,,,887.0,,,,,,8000.0,,15000.0,1500.0,935.0,3284.0,2000.0,0,0,0,0,0,0,0,0,0,0,0,0,0,0,0,0,0,0,0,0,0,0,0,0,0,0,0,0,0,0,0,0,0,0,0,0
2.0,1.0,1.0,,Aggregate Position Limit,Your CRO has set the aggregate position limit to 8000 shares for this week.,266,2026-02-12 13:23:36.711915,SPNG,25.45,25.45,25.46,10000.0,4000.0,1897.0,3000.0,21000.0,10000.0,2695.0,5600.0,11250.0,4000.0,3500.0,3000.0,1897.0,3950.0,885400.0,,,,,,,,,,,,,,,,,,,,,,,,,,,,,,0,0,0,0,0,0,0,0,0,0,0,0,0,0,0,0,0,0,0,0,0,0,0,0,0,0,0,0,0,0,0,0,0,0,0,0,0,0,0,0
1.0,1.0,1.0,,Welcome to the RITC 2026 Alogithmic Market Making Case - practice server,,266,2026-02-12 13:23:36.711915,SMMR,25.05,25.04,25.05,,4000.0,2447.0,,,,750.0,900.0,1500.0,4000.0,,750.0,,4950.0,503500.0,6200.0,6000.0,1310.0,110700.0,833.0,3970.0,7950.0,3500.0,1600.0,2354.0,6000.0,4000.0,,,,,,,,,,,,,,,,,,0,0,0,0,0,0,0,0,0,0,0,0,0,0,0,0,0,0,0,0,0,0,0,0,0,0,0,0,0,0,0,0,0,0,0,0,0,0,0,0
,,,,,,266,2026-02-12 13:23:36.711915,ATMN,24.52,24.57,24.63,,,2211.0,5743.0,,,,900.0,,4000.0,3500.0,2250.0,2211.0,9000.0,330600.0,,,263.0,318400.0,,1100.0,3100.0,,,,,2000.0,4000.0,5625.0,4500.0,5625.0,4000.0,2000.0,3757.0,4000.0,6000.0,4000.0,4000.0,5743.0,,,,,,0,0,0,0,0,0,0,0,0,0,0,0,0,0,0,0,0,0,0,0,0,0,0,0,0,0,0,0,0,0,0,0,0,0,0,0,0,0,0,0
,,,,,,266,2026-02-12 13:23:36.711915,WNTR,26.01,26.05,26.06,,,2659.0,,,,750.0,,750.0,4000.0,5950.0,,,,118400.0,,6000.0,,778500.0,,2668.0,1700.0,,8000.0,1100.0,,,8000.0,,,,4000.0,2000.0,,,,4000.0,4000.0,,5000.0,2000.0,1814.0,3284.0,821.0,0,0,0,0,0,0,0,0,0,0,0,0,0,0,0,0,0,0,0,0,0,0,0,0,0,0,0,0,0,0,0,0,0,0,0,0,0,0,0,0
2.0,1.0,1.0,,Aggregate Position Limit,Your CRO has set the aggregate position limit to 8000 shares for this week.,267,2026-02-12 13:23:37.739764,SPNG,25.4,25.45,25.46,8104.0,4000.0,2400.0,2296.0,4554.0,5000.0,497.0,5625.0,3000.0,111700.0,6000.0,2695.0,11250.0,456.0,4000.0,5924.0,1968.0,2296.0,6000.0,2000.0,1200.0,231300.0,4000.0,4000.0,7500.0,,,,,,,,,,,,,,,,,,0,0,0,0,0,0,0,0,0,0,0,0,0,0,0,0,0,0,0,0,0,0,0,0,0,0,0,0,0,0,0,0,0,0,0,0,0,0,0,0,0,0
1.0,1.0,1.0,,Welcome to the RITC 2026 Alogithmic Market Making Case - practice server,,267,2026-02-12 13:23:37.739764,SMMR,25.03,25.02,25.03,,4000.0,,2970.0,5070.0,,7000.0,,750.0,237600.0,,,750.0,,,1331.0,2400.0,2970.0,1500.0,,,506200.0,,,,9150.0,911.0,895.0,7500.0,9988.0,3454.0,1219.0,,,,,,,,,,,0,0,0,0,0,0,0,0,0,0,0,0,0,0,0,0,0,0,0,0,0,0,0,0,0,0,0,0,0,0,0,0,0,0,0,0,0,0,0,0,0,0
,,,,,,267,2026-02-12 13:23:37.739764,ATMN,24.67,24.59,24.67,,4000.0,2070.0,2158.0,,,,5625.0,2250.0,187000.0,,4500.0,4500.0,,,,800.0,,2250.0,,4190.0,426400.0,,,7500.0,,,,,,1100.0,,2500.0,13730.0,247.0,1131.0,11250.0,5743.0,5566.0,,,,0,0,0,0,0,0,0,0,0,0,0,0,0,0,0,0,0,0,0,0,0,0,0,0,0,0,0,0,0,0,0,0,0,0,0,0,0,0,0,0,0,0
,,,,,,267,2026-02-12 13:23:37.739764,WNTR,26.05,26.05,26.06,,4000.0,3600.0,3404.0,,,,,,86900.0,,750.0,,1814.0,4000.0,5950.0,8800.0,,,,,,,,,,,935.0,,,,,,,,,,,,10000.0,4000.0,28284.0,0,0,0,0,0,0,0,0,0,0,0,0,0,0,0,0,0,0,0,0,0,0,0,0,0,0,0,0,0,0,0,0,0,0,0,0,0,0,0,0,0,0
2.0,1.0,1.0,,Aggregate Position Limit,Your CRO has set the aggregate position limit to 8000 shares for this week.,268,2026-02-12 13:23:38.759050,SPNG,25.49,25.49,25.6,204100.0,6000.0,4000.0,7840.0,4000.0,2500.0,3796.0,4000.0,4500.0,9000.0,2000.0,6.0,2900.0,5250.0,8000.0,7500.0,670500.0,4000.0,4000.0,,,,,,,,,,,,,,,,,,,,,,,,,,0,0,0,0,0,0,0,0,0,0,0,0,0,0,0,0,0,0,0,0,0,0,0,0,0,0,0,0,0,0,0,0,0,0,0,0,0,0,0,0
1.0,1.0,1.0,,Welcome to the RITC 2026 Alogithmic Market Making Case - practice server,,268,2026-02-12 13:23:38.759050,SMMR,25.02,25.03,25.07,237600.0,,4000.0,1200.0,,,5542.0,,,750.0,2000.0,,9150.0,6000.0,,,618900.0,,,750.0,6000.0,7270.0,4950.0,1600.0,1331.0,2771.0,2000.0,7000.0,,,,,,,,,,,,,,,,,0,0,0,0,0,0,0,0,0,0,0,0,0,0,0,0,0,0,0,0,0,0,0,0,0,0,0,0,0,0,0,0,0,0,0,0,0,0,0,0
,,,,,,268,2026-02-12 13:23:38.759050,ATMN,24.81,24.8,24.81,295200.0,,,1600.0,,,3354.0,,,,,2783.0,4700.0,,,,631300.0,,,4500.0,6000.0,1100.0,,1290.0,,,,2200.0,15811.0,2000.0,3154.0,5625.0,7500.0,7500.0,5625.0,4000.0,5364.0,7500.0,,,,,,,0,0,0,0,0,0,0,0,0,0,0,0,0,0,0,0,0,0,0,0,0,0,0,0,0,0,0,0,0,0,0,0,0,0,0,0,0,0,0,0
,,,,,,268,2026-02-12 13:23:38.759050,WNTR,26.11,26.04,26.09,694300.0,,4000.0,,,,2978.0,4000.0,,,2000.0,,1700.0,,4000.0,7500.0,669200.0,4000.0,,,6000.0,2668.0,950.0,,,,,4916.0,,2000.0,,,,,,,,7500.0,10000.0,1500.0,8000.0,822.0,6000.0,1109.0,0,0,0,0,0,0,0,0,0,0,0,0,0,0,0,0,0,0,0,0,0,0,0,0,0,0,0,0,0,0,0,0,0,0,0,0,0,0,0,0
2.0,1.0,1.0,,Aggregate Position Limit,Your CRO has set the aggregate position limit to 8000 shares for this week.,269,2026-02-12 13:23:39.779290,SPNG,25.75,25.53,25.55,4000.0,15000.0,2400.0,2500.0,6562.0,1442.0,105200.0,2044.0,6000.0,4000.0,5625.0,1140.0,5625.0,2000.0,3000.0,600.0,2044.0,8000.0,3500.0,4000.0,7500.0,864700.0,,,,,,,,,,,,,,,,,,,,,,,,,,,0,0,0,0,0,0,0,0,0,0,0,0,0,0,0,0,0,0,0,0,0,0,0,0,0,0,0,0,0,0,0,0,0,0,0,0
1.0,1.0,1.0,,Welcome to the RITC 2026 Alogithmic Market Making Case - practice server,,269,2026-02-12 13:23:39.779290,SMMR,25.0,24.99,25.0,,,,,,3500.0,635100.0,,,,,,,,10350.0,2400.0,2476.0,,7950.0,,,622800.0,4400.0,821.0,750.0,801.0,1500.0,750.0,4000.0,3500.0,7000.0,,,,,,,,,,,,,,,,,,0,0,0,0,0,0,0,0,0,0,0,0,0,0,0,0,0,0,0,0,0,0,0,0,0,0,0,0,0,0,0,0,0,0,0,0
,,,,,,269,2026-02-12 13:23:39.779290,ATMN,24.81,24.72,24.74,4000.0,,900.0,,,1164.0,,1946.0,,,5216.0,,5625.0,2000.0,,,,,5900.0,,,426400.0,1100.0,,4500.0,,,2250.0,4000.0,5744.0,4400.0,6000.0,6200.0,5625.0,4000.0,4949.0,7500.0,7500.0,6200.0,5625.0,1391.0,1105.0,,,,,,,0,0,0,0,0,0,0,0,0,0,0,0,0,0,0,0,0,0,0,0,0,0,0,0,0,0,0,0,0,0,0,0,0,0,0,0
,,,,,,269,2026-02-12 13:23:39.779290,WNTR,25.98,25.93,25.96,,,,,,,1301700.0,2634.0,6000.0,4000.0,,,,2000.0,1700.0,3200.0,2634.0,4000.0,,,,334900.0,2668.0,,,,750.0,,4000.0,3500.0,2200.0,,,,,,,,,,,,4000.0,6000.0,12000.0,1738.0,2000.0,7500.0,0,0,0,0,0,0,0,0,0,0,0,0,0,0,0,0,0,0,0,0,0,0,0,0,0,0,0,0,0,0,0,0,0,0,0,0
2.0,1.0,1.0,,Aggregate Position Limit,Your CRO has set the aggregate position limit to 8000 shares for this week.,270,2026-02-12 13:23:40.798793,SPNG,25.78,25.5,25.52,4200.0,3500.0,8000.0,7645.0,4000.0,6562.0,3668.0,686.0,4000.0,4860.0,800.0,4000.0,2500.0,6200.0,3500.0,5000.0,664.0,1100.0,686.0,5150.0,3668.0,7500.0,336000.0,6000.0,,,,,,,,,,,,,,,,,,,,,,,0,0,0,0,0,0,0,0,0,0,0,0,0,0,0,0,0,0,0,0,0,0,0,0,0,0,0,0,0,0,0,0,0,0,0,0,0,0
1.0,1.0,1.0,,Welcome to the RITC 2026 Alogithmic Market Making Case - practice server,,270,2026-02-12 13:23:40.798793,SMMR,24.94,24.99,25.0,2150.0,3500.0,,,,,5236.0,,,,1200.0,,,,7000.0,,,1437.0,,,5236.0,,497700.0,,964800.0,7500.0,1100.0,7500.0,4000.0,1600.0,2250.0,1500.0,2000.0,6000.0,2000.0,,,,,,,,,,,,0,0,0,0,0,0,0,0,0,0,0,0,0,0,0,0,0,0,0,0,0,0,0,0,0,0,0,0,0,0,0,0,0,0,0,0,0,0
,,,,,,270,2026-02-12 13:23:40.798793,ATMN,24.7,24.7,24.71,3000.0,,,,,,4442.0,,,,2040.0,,,6200.0,3500.0,,,1437.0,,6000.0,4442.0,,207900.0,,179400.0,7500.0,3637.0,7500.0,,,6750.0,,,5500.0,2000.0,4500.0,6000.0,4000.0,2000.0,5625.0,696.0,1105.0,4000.0,5625.0,,,0,0,0,0,0,0,0,0,0,0,0,0,0,0,0,0,0,0,0,0,0,0,0,0,0,0,0,0,0,0,0,0,0,0,0,0,0,0
,,,,,,270,2026-02-12 13:23:40.798793,WNTR,25.92,26.04,26.06,1700.0,,,,,,3298.0,,,,,,,,3500.0,,,8553.0,,,,,347500.0,12000.0,1185100.0,,4105.0,,,1600.0,,750.0,2000.0,,,,6000.0,8000.0,,,,,10000.0,,4000.0,4000.0,0,0,0,0,0,0,0,0,0,0,0,0,0,0,0,0,0,0,0,0,0,0,0,0,0,0,0,0,0,0,0,0,0,0,0,0,0,0
2.0,1.0,1.0,,Aggregate Position Limit,Your CRO has set the aggregate position limit to 8000 shares for this week.,271,2026-02-12 13:23:41.816763,SPNG,25.5,25.5,25.52,800.0,5785.0,4000.0,1777.0,3500.0,3200.0,5000.0,7500.0,4000.0,5625.0,6000.0,5625.0,5625.0,5000.0,4000.0,7402.0,25000.0,1220.0,3500.0,3516.0,2200.0,223700.0,2203.0,920.0,,,,,,,,,,,,,,,,,,,,,,,,,,,0,0,0,0,0,0,0,0,0,0,0,0,0,0,0,0,0,0,0,0,0,0,0,0,0,0,0,0,0,0,0,0,0,0
1.0,1.0,1.0,,Welcome to the RITC 2026 Alogithmic Market Making Case - practice server,,271,2026-02-12 13:23:41.816763,SMMR,25.0,25.0,25.01,5022.0,7573.0,,,7000.0,,,750.0,,,,,,,,1500.0,,7200.0,3500.0,,2537.0,130800.0,,,480000.0,801.0,2000.0,2344.0,750.0,1505.0,2000.0,,,,,,,,,,,,,,,,,,,,0,0,0,0,0,0,0,0,0,0,0,0,0,0,0,0,0,0,0,0,0,0,0,0,0,0,0,0,0,0,0,0,0,0
,,,,,,271,2026-02-12 13:23:41.816763,ATMN,24.6,24.68,24.72,,,4000.0,2453.0,7000.0,3000.0,,4500.0,,5072.0,,,,,4000.0,6750.0,,,3500.0,,,92300.0,5625.0,,95800.0,,,2453.0,2250.0,6000.0,,1100.0,2500.0,12000.0,841.0,7500.0,693.0,4000.0,2000.0,4000.0,6000.0,6200.0,7500.0,7500.0,6000.0,4000.0,,,,,0,0,0,0,0,0,0,0,0,0,0,0,0,0,0,0,0,0,0,0,0,0,0,0,0,0,0,0,0,0,0,0,0,0
,,,,,,271,2026-02-12 13:23:41.816763,WNTR,26.06,26.04,26.05,2160.0,,4000.0,2898.0,,950.0,,1500.0,4000.0,,,,,,4000.0,,,1600.0,3500.0,,4737.0,110200.0,,,214000.0,,,2898.0,750.0,,,2537.0,,,,7500.0,,4000.0,2000.0,4000.0,6000.0,,,,6000.0,6000.0,750.0,7500.0,25000.0,2000.0,0,0,0,0,0,0,0,0,0,0,0,0,0,0,0,0,0,0,0,0,0,0,0,0,0,0,0,0,0,0,0,0,0,0
2.0,1.0,1.0,,Aggregate Position Limit,Your CRO has set the aggregate position limit to 8000 shares for this week.,272,2026-02-12 13:23:42.834623,SPNG,25.57,25.56,25.57,24500.0,1838.0,1100.0,1322.0,662.0,4000.0,3000.0,3000.0,457700.0,6000.0,4000.0,5625.0,2500.0,6000.0,2275.0,6200.0,446.0,340400.0,2203.0,4000.0,460.0,1100.0,6000.0,4200.0,2000.0,3676.0,,,,,,,,,,,,,,,,,,,,,,,0,0,0,0,0,0,0,0,0,0,0,0,0,0,0,0,0,0,0,0,0,0,0,0,0,0,0,0,0,0,0,0,0,0,0,0
1.0,1.0,1.0,,Welcome to the RITC 2026 Alogithmic Market Making Case - practice server,,272,2026-02-12 13:23:42.834623,SMMR,24.98,25.02,25.03,,5790.0,,7573.0,,,,,496400.0,,,,,750.0,3500.0,,,,,,,2537.0,,1505.0,2000.0,5790.0,7200.0,750.0,2000.0,895.0,750.0,2898.0,6000.0,,,,,,,,,,,,,,,,0,0,0,0,0,0,0,0,0,0,0,0,0,0,0,0,0,0,0,0,0,0,0,0,0,0,0,0,0,0,0,0,0,0,0,0
,,,,,,272,2026-02-12 13:23:42.834623,ATMN,24.53,24.53,24.54,,,,,,4000.0,1200.0,9000.0,511400.0,,4000.0,,,4500.0,,6200.0,,206200.0,5625.0,,696.0,2200.0,6000.0,,,4474.0,600.0,2250.0,,,2250.0,1600.0,6000.0,4000.0,4000.0,6000.0,5072.0,5625.0,4000.0,7500.0,7500.0,,,,,,,,0,0,0,0,0,0,0,0,0,0,0,0,0,0,0,0,0,0,0,0,0,0,0,0,0,0,0,0,0,0,0,0,0,0,0,0
,,,,,,272,2026-02-12 13:23:42.834623,WNTR,25.96,26.0,26.03,,,1437.0,6200.0,,4000.0,7200.0,,89400.0,,,,,750.0,3500.0,6200.0,1798.0,110200.0,,4000.0,,1100.0,,,,5996.0,,750.0,,,,3200.0,,4000.0,4000.0,,,,4000.0,,,4000.0,2500.0,20000.0,7500.0,4000.0,6000.0,15000.0,0,0,0,0,0,0,0,0,0,0,0,0,0,0,0,0,0,0,0,0,0,0,0,0,0,0,0,0,0,0,0,0,0,0,0,0
2.0,1.0,1.0,,Aggregate Position Limit,Your CRO has set the aggregate position limit to 8000 shares for this week.,273,2026-02-12 13:23:43.855850,SPNG,25.58,25.56,25.58,10000.0,2400.0,1050.0,2397.0,7451.0,2200.0,686.0,664.0,1322.0,4000.0,2000.0,5625.0,6000.0,7500.0,110300.0,5000.0,6000.0,128000.0,814.0,1102.0,25000.0,3300.0,3500.0,7500.0,4000.0,6000.0,4000.0,584.0,,,,,,,,,,,,,,,,,,,,,0,0,0,0,0,0,0,0,0,0,0,0,0,0,0,0,0,0,0,0,0,0,0,0,0,0,0,0,0,0,0,0,0,0,0,0
1.0,1.0,1.0,,Welcome to the RITC 2026 Alogithmic Market Making Case - practice server,,273,2026-02-12 13:23:43.855850,SMMR,25.12,25.12,25.13,,4977.0,3500.0,2641.0,1500.0,,,,7573.0,,,,,,619900.0,,,1375100.0,,,,7000.0,,,,,,,7500.0,4000.0,750.0,2000.0,5810.0,,,,,,,,,,,,,,,,0,0,0,0,0,0,0,0,0,0,0,0,0,0,0,0,0,0,0,0,0,0,0,0,0,0,0,0,0,0,0,0,0,0,0,0
,,,,,,273,2026-02-12 13:23:43.855850,ATMN,24.5,24.6,24.67,,,2311.0,2934.0,,,,,,,2000.0,,,,625600.0,,6000.0,,2400.0,,,2200.0,5877.0,,4000.0,,,,,,2250.0,2000.0,3000.0,11250.0,4200.0,4000.0,6000.0,5072.0,8000.0,2500.0,5625.0,6000.0,4000.0,,,,,,0,0,0,0,0,0,0,0,0,0,0,0,0,0,0,0,0,0,0,0,0,0,0,0,0,0,0,0,0,0,0,0,0,0,0,0
,,,,,,273,2026-02-12 13:23:43.855850,WNTR,26.05,26.05,26.06,,2368.0,,3740.0,1500.0,1100.0,,,6200.0,,,,,,89400.0,,,352400.0,1600.0,,,6016.0,,,4000.0,,,,,4000.0,,2000.0,3000.0,750.0,,,,,,,,,4000.0,35000.0,2000.0,2250.0,2000.0,3979.0,0,0,0,0,0,0,0,0,0,0,0,0,0,0,0,0,0,0,0,0,0,0,0,0,0,0,0,0,0,0,0,0,0,0,0,0
2.0,1.0,1.0,,Aggregate Position Limit,Your CRO has set the aggregate position limit to 8000 shares for this week.,274,2026-02-12 13:23:44.880189,SPNG,25.54,25.54,25.55,2000.0,10000.0,2275.0,462.0,20000.0,3750.0,717.0,4430.0,5625.0,3000.0,3000.0,110300.0,1054.0,10000.0,15000.0,3000.0,10000.0,4430.0,1100.0,4000.0,2000.0,6000.0,3000.0,128000.0,814.0,3500.0,1102.0,,,,,,,,,,,,,,,,,,,,,,,,0,0,0,0,0,0,0,0,0,0,0,0,0,0,0,0,0,0,0,0,0,0,0,0,0,0,0,0,0,0,0,0,0,0
1.0,1.0,1.0,,Welcome to the RITC 2026 Alogithmic Market Making Case - practice server,,274,2026-02-12 13:23:44.880189,SMMR,25.04,25.01,25.02,6000.0,,3500.0,8443.0,,,,3011.0,,,750.0,711900.0,,,,,,6022.0,,4000.0,6000.0,,750.0,642200.0,,2275.0,,6000.0,4000.0,7500.0,2500.0,6200.0,2500.0,933.0,6000.0,7500.0,1500.0,,,,,,,,,,,,,,0,0,0,0,0,0,0,0,0,0,0,0,0,0,0,0,0,0,0,0,0,0,0,0,0,0,0,0,0,0,0,0,0,0
,,,,,,274,2026-02-12 13:23:44.880189,ATMN,24.69,24.69,24.7,,,2311.0,,,,,4242.0,,1200.0,4500.0,827100.0,11250.0,6000.0,,1050.0,4000.0,,2200.0,,,12000.0,4500.0,207900.0,,,5625.0,,4000.0,,,,,,6000.0,,2250.0,7740.0,1100.0,481.0,4000.0,5625.0,816.0,4000.0,2000.0,,,,,,0,0,0,0,0,0,0,0,0,0,0,0,0,0,0,0,0,0,0,0,0,0,0,0,0,0,0,0,0,0,0,0,0,0
,,,,,,274,2026-02-12 13:23:44.880189,WNTR,26.11,26.1,26.11,,,3500.0,,,,,2926.0,,,,90700.0,,,,8400.0,4000.0,,4916.0,,,,,555600.0,,,,6000.0,4000.0,,,,,,,,750.0,,2200.0,,,,,,4000.0,20000.0,4144.0,10000.0,2000.0,5000.0,0,0,0,0,0,0,0,0,0,0,0,0,0,0,0,0,0,0,0,0,0,0,0,0,0,0,0,0,0,0,0,0,0,0
2.0,1.0,1.0,,Aggregate Position Limit,Your CRO has set the aggregate position limit to 8000 shares for this week.,275,2026-02-12 13:23:45.905293,SPNG,25.59,25.56,25.59,112200.0,20000.0,330.0,8000.0,2275.0,2343.0,5000.0,6562.0,673200.0,3300.0,1682.0,3544.0,2900.0,4000.0,2000.0,3000.0,4266.0,,,,,,,,,,,,,,,,,,,,,,,,,,,,,,0,0,0,0,0,0,0,0,0,0,0,0,0,0,0,0,0,0,0,0,0,0,0,0,0,0,0,0,0,0,0,0,0,0,0,0,0,0
1.0,1.0,1.0,,Welcome to the RITC 2026 Alogithmic Market Making Case - practice server,,275,2026-02-12 13:23:45.905293,SMMR,24.98,24.98,25.0,712800.0,,6488.0,,3500.0,1500.0,,750.0,263800.0,2200.0,,,4200.0,,2000.0,1500.0,,4000.0,1500.0,4000.0,2200.0,705.0,3601.0,4000.0,6200.0,4000.0,3500.0,3601.0,802.0,6000.0,7500.0,,,,,,,,,,,,,,,,0,0,0,0,0,0,0,0,0,0,0,0,0,0,0,0,0,0,0,0,0,0,0,0,0,0,0,0,0,0,0,0,0,0,0,0,0,0
,,,,,,275,2026-02-12 13:23:45.905293,ATMN,24.64,24.62,24.64,88600.0,,,,,,,2250.0,82900.0,2200.0,,5625.0,3000.0,,,,,10000.0,4500.0,4000.0,2200.0,,5792.0,4000.0,,10000.0,3228.0,5792.0,,6000.0,,2500.0,5348.0,752.0,2000.0,3000.0,5625.0,12000.0,,,,,,,,,0,0,0,0,0,0,0,0,0,0,0,0,0,0,0,0,0,0,0,0,0,0,0,0,0,0,0,0,0,0,0,0,0,0,0,0,0,0
,,,,,,275,2026-02-12 13:23:45.905293,WNTR,26.05,26.04,26.05,89400.0,,6200.0,,3500.0,750.0,,,448800.0,4916.0,,,3000.0,4000.0,,,,,750.0,,1437.0,,,4000.0,,,,3958.0,,,7500.0,,,918.0,4000.0,6000.0,,,10000.0,4000.0,20000.0,7500.0,15000.0,4000.0,2000.0,780.0,0,0,0,0,0,0,0,0,0,0,0,0,0,0,0,0,0,0,0,0,0,0,0,0,0,0,0,0,0,0,0,0,0,0,0,0,0,0
2.0,1.0,1.0,,Aggregate Position Limit,Your CRO has set the aggregate position limit to 8000 shares for this week.,276,2026-02-12 13:23:46.928764,SPNG,25.52,25.46,25.53,5900.0,2140.0,1100.0,6000.0,568000.0,5625.0,4000.0,19500.0,309200.0,10000.0,441.0,276.0,841.0,2140.0,2812.0,2489.0,4000.0,1772.0,15000.0,3000.0,,,,,,,,,,,,,,,,,,,,,,,,,,,0,0,0,0,0,0,0,0,0,0,0,0,0,0,0,0,0,0,0,0,0,0,0,0,0,0,0,0,0,0,0,0,0,0,0,0,0,0
1.0,1.0,1.0,,Welcome to the RITC 2026 Alogithmic Market Making Case - practice server,,276,2026-02-12 13:23:46.928764,SMMR,25.09,25.03,25.04,,2165.0,1100.0,750.0,212600.0,,,,381500.0,,,,,,,,4000.0,,,,2500.0,4000.0,6200.0,3500.0,750.0,1281.0,7200.0,821.0,2700.0,2500.0,6000.0,7500.0,2000.0,6000.0,750.0,,,,,,,,,,,,0,0,0,0,0,0,0,0,0,0,0,0,0,0,0,0,0,0,0,0,0,0,0,0,0,0,0,0,0,0,0,0,0,0,0,0,0,0
,,,,,,276,2026-02-12 13:23:46.928764,ATMN,24.46,24.49,24.61,1200.0,5424.0,,4500.0,427000.0,,4000.0,,,,,6200.0,5625.0,5424.0,4500.0,,,,,1200.0,2500.0,4000.0,6200.0,2322.0,,,3200.0,,2400.0,,,,2000.0,,4500.0,6000.0,4000.0,5625.0,6000.0,3300.0,4000.0,4000.0,,,,,0,0,0,0,0,0,0,0,0,0,0,0,0,0,0,0,0,0,0,0,0,0,0,0,0,0,0,0,0,0,0,0,0,0,0,0,0,0
,,,,,,276,2026-02-12 13:23:46.928764,WNTR,26.04,26.04,26.06,,3275.0,1100.0,,,,4000.0,,827000.0,,,,,6580.0,,,4000.0,,,8400.0,,4000.0,,3500.0,750.0,,8000.0,,,,,,2000.0,,,,,,,,,,6000.0,15000.0,6000.0,7500.0,0,0,0,0,0,0,0,0,0,0,0,0,0,0,0,0,0,0,0,0,0,0,0,0,0,0,0,0,0,0,0,0,0,0,0,0,0,0
2.0,1.0,1.0,,Aggregate Position Limit,Your CRO has set the aggregate position limit to 8000 shares for this week.,277,2026-02-12 13:23:47.947757,SPNG,25.57,25.57,25.58,2500.0,6200.0,120400.0,2400.0,15000.0,3980.0,4000.0,10000.0,6000.0,254.0,2200.0,10000.0,652.0,4000.0,6200.0,600.0,5000.0,25000.0,2812.0,6000.0,1927.0,116700.0,3980.0,2000.0,,,,,,,,,,,,,,,,,,,,,,,,,,0,0,0,0,0,0,0,0,0,0,0,0,0,0,0,0,0,0,0,0,0,0,0,0,0,0,0,0,0,0,0,0,0,0,0
1.0,1.0,1.0,,Welcome to the RITC 2026 Alogithmic Market Making Case - practice server,,277,2026-02-12 13:23:47.947757,SMMR,25.02,25.04,25.07,,6488.0,248900.0,,,3864.0,,,6000.0,3500.0,3300.0,,,4000.0,,2280.0,,,1500.0,3000.0,,753500.0,,,7500.0,3000.0,1500.0,3000.0,694.0,6000.0,2500.0,7500.0,750.0,,,,,,,,,,,,,,,,,0,0,0,0,0,0,0,0,0,0,0,0,0,0,0,0,0,0,0,0,0,0,0,0,0,0,0,0,0,0,0,0,0,0,0
,,,,,,277,2026-02-12 13:23:47.947757,ATMN,24.55,24.52,24.54,,6200.0,111400.0,1920.0,,,4000.0,,,3500.0,2200.0,,,4000.0,7012.0,800.0,,,2250.0,,5625.0,,1860.0,2000.0,,4500.0,2250.0,3000.0,,6000.0,2500.0,,,2000.0,1229.0,2000.0,6000.0,7500.0,2000.0,2876.0,2200.0,547.0,6000.0,5625.0,6000.0,,,,,0,0,0,0,0,0,0,0,0,0,0,0,0,0,0,0,0,0,0,0,0,0,0,0,0,0,0,0,0,0,0,0,0,0,0
,,,,,,277,2026-02-12 13:23:47.947757,WNTR,25.94,25.92,25.94,,,1371600.0,,,,,,,,2668.0,,,4000.0,,300.0,,,750.0,6000.0,,341100.0,2846.0,,,,,3100.0,775.0,,,,750.0,,,4000.0,,,,3500.0,,887.0,6000.0,,,4000.0,10000.0,4000.0,4000.0,0,0,0,0,0,0,0,0,0,0,0,0,0,0,0,0,0,0,0,0,0,0,0,0,0,0,0,0,0,0,0,0,0,0,0
2.0,1.0,1.0,,Aggregate Position Limit,Your CRO has set the aggregate position limit to 8000 shares for this week.,278,2026-02-12 13:23:48.986601,SPNG,25.64,25.64,25.65,4000.0,15000.0,1658.0,10385.0,5685.0,10000.0,2489.0,3000.0,3200.0,120400.0,2343.0,2407.0,7500.0,6200.0,4000.0,5000.0,768200.0,963.0,6100.0,1658.0,2000.0,,,,,,,,,,,,,,,,,,,,,,,,0,0,0,0,0,0,0,0,0,0,0,0,0,0,0,0,0,0,0,0,0,0,0,0,0,0,0,0,0,0,0,0,0,0,0,0,0,0,0,0
1.0,1.0,1.0,,Welcome to the RITC 2026 Alogithmic Market Making Case - practice server,,278,2026-02-12 13:23:48.986601,SMMR,25.13,25.05,25.11,4000.0,,1708.0,,5950.0,,4689.0,750.0,6300.0,113200.0,750.0,,,,,,1119000.0,,4865.0,1708.0,2000.0,919.0,2000.0,750.0,7000.0,6000.0,,,,,,,,,,,,,,,,,,,0,0,0,0,0,0,0,0,0,0,0,0,0,0,0,0,0,0,0,0,0,0,0,0,0,0,0,0,0,0,0,0,0,0,0,0,0,0,0,0
,,,,,,278,2026-02-12 13:23:48.986601,ATMN,24.51,24.51,24.54,4000.0,,,6200.0,7000.0,12000.0,3300.0,2250.0,1920.0,91300.0,2250.0,,,,,,545700.0,5625.0,1200.0,1756.0,,,2000.0,,,,3000.0,614.0,511.0,2250.0,2400.0,6000.0,673.0,4000.0,11250.0,4000.0,5625.0,,,,,,,,0,0,0,0,0,0,0,0,0,0,0,0,0,0,0,0,0,0,0,0,0,0,0,0,0,0,0,0,0,0,0,0,0,0,0,0,0,0,0,0
,,,,,,278,2026-02-12 13:23:48.986601,WNTR,25.97,25.97,25.98,4000.0,,2168.0,,,,3768.0,,,901000.0,,7000.0,7500.0,,,,341600.0,,1950.0,4222.0,2000.0,,,,,,3100.0,,,750.0,,6000.0,,4000.0,,5483.0,,4000.0,7500.0,4000.0,2000.0,20000.0,6000.0,4000.0,0,0,0,0,0,0,0,0,0,0,0,0,0,0,0,0,0,0,0,0,0,0,0,0,0,0,0,0,0,0,0,0,0,0,0,0,0,0,0,0
2.0,1.0,1.0,,Aggregate Position Limit,Your CRO has set the aggregate position limit to 8000 shares for this week.,279,2026-02-12 13:23:50.004484,SPNG,25.67,25.64,25.65,6000.0,2500.0,3748.0,10000.0,6527.0,4000.0,4000.0,3558.0,7993.0,10000.0,1100.0,99300.0,422.0,900.0,4000.0,5000.0,3000.0,1986.0,244500.0,4200.0,7500.0,7500.0,2000.0,4000.0,3558.0,,,,,,,,,,,,,,,,,0,0,0,0,0,0,0,0,0,0,0,0,0,0,0,0,0,0,0,0,0,0,0,0,0,0,0,0,0,0,0,0,0,0,0,0,0,0,0,0,0,0,0
1.0,1.0,1.0,,Welcome to the RITC 2026 Alogithmic Market Making Case - practice server,,279,2026-02-12 13:23:50.004484,SMMR,24.98,25.07,25.1,,,,,,,,1832.0,,,2200.0,1182800.0,,,4000.0,,750.0,1181.0,909500.0,3000.0,2250.0,,,,,4200.0,4000.0,750.0,6000.0,6000.0,2500.0,500.0,,,,,,,,,,0,0,0,0,0,0,0,0,0,0,0,0,0,0,0,0,0,0,0,0,0,0,0,0,0,0,0,0,0,0,0,0,0,0,0,0,0,0,0,0,0,0,0
,,,,,,279,2026-02-12 13:23:50.004484,ATMN,24.53,24.51,24.52,,,4500.0,,3500.0,4000.0,4800.0,,6200.0,,3589.0,,,8000.0,4000.0,,,3500.0,,,2250.0,,,,3768.0,,,,,,,6000.0,6000.0,772.0,1389.0,5625.0,4000.0,6000.0,,,,0,0,0,0,0,0,0,0,0,0,0,0,0,0,0,0,0,0,0,0,0,0,0,0,0,0,0,0,0,0,0,0,0,0,0,0,0,0,0,0,0,0,0
,,,,,,279,2026-02-12 13:23:50.004484,WNTR,26.05,26.02,26.05,,,,,3500.0,,8000.0,,,,1100.0,229600.0,,,,,,,544800.0,8400.0,,,,5483.0,5078.0,,,,,,,6000.0,500.0,,,,4000.0,6000.0,25000.0,5000.0,8000.0,0,0,0,0,0,0,0,0,0,0,0,0,0,0,0,0,0,0,0,0,0,0,0,0,0,0,0,0,0,0,0,0,0,0,0,0,0,0,0,0,0,0,0
2.0,1.0,1.0,,Aggregate Position Limit,Your CRO has set the aggregate position limit to 8000 shares for this week.,280,2026-02-12 13:23:51.021688,SPNG,25.61,25.6,25.61,8592.0,219700.0,10000.0,600.0,10000.0,693.0,664.0,1100.0,6000.0,2201.0,6000.0,6000.0,7500.0,10000.0,2400.0,2201.0,4000.0,564900.0,1100.0,3100.0,2000.0,4000.0,6000.0,6000.0,,,,,,,,,,,,,,,,,,,,,,,,0,0,0,0,0,0,0,0,0,0,0,0,0,0,0,0,0,0,0,0,0,0,0,0,0,0,0,0,0,0,0,0,0,0,0,0,0
1.0,1.0,1.0,,Welcome to the RITC 2026 Alogithmic Market Making Case - practice server,,280,2026-02-12 13:23:51.021688,SMMR,25.07,25.07,25.08,,712800.0,,1600.0,,919.0,621.0,1100.0,750.0,2438.0,,6000.0,,,3200.0,,4000.0,248500.0,1100.0,1950.0,,,,,4000.0,3500.0,4200.0,2000.0,1500.0,640.0,3500.0,2250.0,6000.0,621.0,919.0,,,,,,,,,,,,,0,0,0,0,0,0,0,0,0,0,0,0,0,0,0,0,0,0,0,0,0,0,0,0,0,0,0,0,0,0,0,0,0,0,0,0,0
,,,,,,280,2026-02-12 13:23:51.021688,ATMN,24.56,24.56,24.83,3648.0,,,3200.0,,,,2200.0,,,,6000.0,,,,,4000.0,1343100.0,,4100.0,,,,4949.0,4000.0,,4200.0,2000.0,,,,,,,,1475.0,6000.0,2250.0,5625.0,,,,,,,,,0,0,0,0,0,0,0,0,0,0,0,0,0,0,0,0,0,0,0,0,0,0,0,0,0,0,0,0,0,0,0,0,0,0,0,0,0
,,,,,,280,2026-02-12 13:23:51.021688,WNTR,26.02,26.0,26.01,,113000.0,,1600.0,,,,3589.0,,3470.0,6000.0,,,,900.0,3470.0,,115100.0,1100.0,6000.0,,5483.0,6000.0,,4000.0,7000.0,,,,,,750.0,,,,,,1500.0,,20000.0,7500.0,4000.0,4000.0,10000.0,4000.0,12000.0,7500.0,0,0,0,0,0,0,0,0,0,0,0,0,0,0,0,0,0,0,0,0,0,0,0,0,0,0,0,0,0,0,0,0,0,0,0,0,0
2.0,1.0,1.0,,Aggregate Position Limit,Your CRO has set the aggregate position limit to 8000 shares for this week.,281,2026-02-12 13:23:52.039322,SPNG,25.78,25.63,25.78,6000.0,7396.0,99300.0,25000.0,600.0,19211.0,3750.0,4000.0,7500.0,4000.0,2305.0,1094400.0,2305.0,540.0,6000.0,6000.0,3700.0,2000.0,,,,,,,,,,,,,,,,,,,,,,,,0,0,0,0,0,0,0,0,0,0,0,0,0,0,0,0,0,0,0,0,0,0,0,0,0,0,0,0,0,0,0,0,0,0,0,0,0,0,0,0,0,0,0
1.0,1.0,1.0,,Welcome to the RITC 2026 Alogithmic Market Making Case - practice server,,281,2026-02-12 13:23:52.039322,SMMR,25.03,25.03,25.06,,,1431100.0,,,,,4000.0,,,2994.0,248500.0,,,,,,2000.0,895.0,2150.0,1100.0,6000.0,2068.0,4000.0,4000.0,750.0,640.0,4800.0,1500.0,2200.0,6000.0,,,,,,,,,,,0,0,0,0,0,0,0,0,0,0,0,0,0,0,0,0,0,0,0,0,0,0,0,0,0,0,0,0,0,0,0,0,0,0,0,0,0,0,0,0,0,0,0
,,,,,,281,2026-02-12 13:23:52.039322,ATMN,24.78,24.7,24.78,,9673.0,,,6400.0,,,,,,5990.0,337800.0,,,,,,2000.0,,840.0,,,,8000.0,4000.0,2250.0,,2100.0,1490.0,,,8000.0,2000.0,6200.0,2500.0,,,,,,,0,0,0,0,0,0,0,0,0,0,0,0,0,0,0,0,0,0,0,0,0,0,0,0,0,0,0,0,0,0,0,0,0,0,0,0,0,0,0,0,0,0,0
,,,,,,281,2026-02-12 13:23:52.039322,WNTR,26.03,26.03,26.04,6000.0,,211500.0,,4800.0,,,4000.0,,,7628.0,230700.0,3814.0,,,6000.0,1950.0,,,,2200.0,,,,,,,1800.0,750.0,1100.0,6000.0,,,,,30000.0,2000.0,8000.0,5483.0,4000.0,7500.0,0,0,0,0,0,0,0,0,0,0,0,0,0,0,0,0,0,0,0,0,0,0,0,0,0,0,0,0,0,0,0,0,0,0,0,0,0,0,0,0,0,0,0
2.0,1.0,1.0,,Aggregate Position Limit,Your CRO has set the aggregate position limit to 8000 shares for this week.,283,2026-02-12 13:23:53.061410,SPNG,25.58,25.69,25.71,3000.0,6927.0,3442.0,4000.0,1725.0,3300.0,1078.0,9000.0,224400.0,5000.0,6200.0,2400.0,10000.0,3442.0,4000.0,12078.0,408.0,2151.0,3000.0,2500.0,4000.0,6000.0,106400.0,10000.0,,,,,,,,,,,,,,,,,,,,,,,,,,0,0,0,0,0,0,0,0,0,0,0,0,0,0,0,0,0,0,0,0,0,0,0,0,0,0,0,0,0,0,0,0,0,0,0
1.0,1.0,1.0,,Welcome to the RITC 2026 Alogithmic Market Making Case - practice server,,283,2026-02-12 13:23:53.061410,SMMR,25.05,25.03,25.05,1200.0,,3442.0,,,2200.0,,,1431100.0,,,1600.0,,,4000.0,,,3085.0,750.0,2500.0,,,1261100.0,,750.0,2000.0,7500.0,6000.0,2000.0,7000.0,1200.0,6000.0,,,,,,,,,,,,,,,,,,0,0,0,0,0,0,0,0,0,0,0,0,0,0,0,0,0,0,0,0,0,0,0,0,0,0,0,0,0,0,0,0,0,0,0
,,,,,,283,2026-02-12 13:23:53.061410,ATMN,24.73,24.74,24.75,2900.0,2143.0,6376.0,4000.0,,1100.0,,2250.0,104100.0,,,900.0,,1721.0,4000.0,,,2556.0,4500.0,5000.0,,,337800.0,,,2000.0,,,2000.0,,,,10000.0,2000.0,4219.0,5625.0,10000.0,4288.0,7500.0,2980.0,4218.0,2071.0,5625.0,2000.0,,,,,,0,0,0,0,0,0,0,0,0,0,0,0,0,0,0,0,0,0,0,0,0,0,0,0,0,0,0,0,0,0,0,0,0,0,0
,,,,,,283,2026-02-12 13:23:53.061410,WNTR,26.04,26.03,26.04,,,10384.0,4000.0,,2200.0,4000.0,,98500.0,,,1200.0,4000.0,,4000.0,,2238.0,3650.0,,,4000.0,6000.0,230700.0,,750.0,,,,,1100.0,3000.0,,12000.0,,,,4000.0,,,750.0,,,,,25000.0,5000.0,6000.0,918.0,7500.0,0,0,0,0,0,0,0,0,0,0,0,0,0,0,0,0,0,0,0,0,0,0,0,0,0,0,0,0,0,0,0,0,0,0,0
2.0,1.0,1.0,,Aggregate Position Limit,Your CRO has set the aggregate position limit to 8000 shares for this week.,284,2026-02-12 13:23:54.105517,SPNG,25.69,25.69,25.72,5000.0,6927.0,1050.0,1617.0,2678.0,3442.0,7500.0,2200.0,664.0,6000.0,10000.0,3000.0,6000.0,1100.0,530600.0,25000.0,3750.0,6000.0,4000.0,3000.0,7500.0,2678.0,2000.0,,,,,,,,,,,,,,,,,,,,0,0,0,0,0,0,0,0,0,0,0,0,0,0,0,0,0,0,0,0,0,0,0,0,0,0,0,0,0,0,0,0,0,0,0,0,0,0,0,0,0,0
1.0,1.0,1.0,,Welcome to the RITC 2026 Alogithmic Market Making Case - practice server,,284,2026-02-12 13:23:54.105517,SMMR,25.13,25.12,25.13,,6200.0,5250.0,2100.0,3489.0,3305.0,750.0,2200.0,,,,,,,725000.0,,750.0,,,,,,,919.0,4000.0,6000.0,6816.0,4800.0,8000.0,2500.0,750.0,3305.0,,,,,,,,,,,0,0,0,0,0,0,0,0,0,0,0,0,0,0,0,0,0,0,0,0,0,0,0,0,0,0,0,0,0,0,0,0,0,0,0,0,0,0,0,0,0,0
,,,,,,284,2026-02-12 13:23:54.105517,ATMN,24.86,24.73,24.75,,2143.0,,2400.0,2984.0,5412.0,4500.0,1100.0,,,,2250.0,,,864000.0,,4500.0,,,5400.0,,2984.0,4000.0,,,,,,,2500.0,,2251.0,203100.0,10000.0,10000.0,4000.0,5625.0,4949.0,,,,,0,0,0,0,0,0,0,0,0,0,0,0,0,0,0,0,0,0,0,0,0,0,0,0,0,0,0,0,0,0,0,0,0,0,0,0,0,0,0,0,0,0
,,,,,,284,2026-02-12 13:23:54.105517,WNTR,26.04,26.03,26.04,,,,7200.0,4065.0,6884.0,750.0,,,,,,4000.0,1100.0,115600.0,,750.0,6000.0,,,,4065.0,,,4000.0,,,5816.0,4000.0,,,1721.0,98500.0,4000.0,,,,,24644.0,10000.0,6000.0,4000.0,0,0,0,0,0,0,0,0,0,0,0,0,0,0,0,0,0,0,0,0,0,0,0,0,0,0,0,0,0,0,0,0,0,0,0,0,0,0,0,0,0,0
2.0,1.0,1.0,,Aggregate Position Limit,Your CRO has set the aggregate position limit to 8000 shares for this week.,285,2026-02-12 13:23:55.124908,SPNG,25.42,25.66,25.71,2468.0,2000.0,6200.0,1338.0,6000.0,4000.0,6000.0,9000.0,7500.0,7500.0,300900.0,5625.0,5625.0,2000.0,6000.0,4000.0,6000.0,10000.0,5000.0,422.0,2200.0,195.0,2676.0,106400.0,4000.0,526.0,,,,,,,,,,,,,,,,,,,,,,,,0,0,0,0,0,0,0,0,0,0,0,0,0,0,0,0,0,0,0,0,0,0,0,0,0,0,0,0,0,0,0,0,0,0,0
1.0,1.0,1.0,,Welcome to the RITC 2026 Alogithmic Market Making Case - practice server,,285,2026-02-12 13:23:55.124908,SMMR,24.99,24.92,25.0,,,,1668.0,,4000.0,,,,,1416300.0,,,6000.0,,800.0,,,,,1100.0,,1668.0,213900.0,,,2200.0,4000.0,2940.0,6128.0,7500.0,4000.0,6000.0,2500.0,2000.0,750.0,,,,,,,,,,,,,,0,0,0,0,0,0,0,0,0,0,0,0,0,0,0,0,0,0,0,0,0,0,0,0,0,0,0,0,0,0,0,0,0,0,0
,,,,,,285,2026-02-12 13:23:55.124908,ATMN,24.62,24.76,24.77,,,2143.0,1688.0,,4000.0,,,,,201100.0,5625.0,5625.0,,,3000.0,,,,,,3111.0,,218500.0,4000.0,,1100.0,2900.0,,,,4000.0,,2500.0,,2250.0,1721.0,556.0,6000.0,2000.0,5625.0,1055.0,556.0,565.0,,,,,,0,0,0,0,0,0,0,0,0,0,0,0,0,0,0,0,0,0,0,0,0,0,0,0,0,0,0,0,0,0,0,0,0,0,0
,,,,,,285,2026-02-12 13:23:55.124908,WNTR,26.07,26.05,26.07,3200.0,,,1327.0,6000.0,,,750.0,,,98500.0,,,,4000.0,1500.0,,,,,,,,229200.0,,,1100.0,,3000.0,7286.0,,4000.0,6000.0,2500.0,,750.0,6884.0,,,,,,,,4000.0,30000.0,2500.0,1400.0,4000.0,0,0,0,0,0,0,0,0,0,0,0,0,0,0,0,0,0,0,0,0,0,0,0,0,0,0,0,0,0,0,0,0,0,0,0
2.0,1.0,1.0,,Aggregate Position Limit,Your CRO has set the aggregate position limit to 8000 shares for this week.,286,2026-02-12 13:23:56.143584,SPNG,25.62,25.36,25.46,1219400.0,9500.0,5625.0,2900.0,5625.0,405.0,5625.0,2000.0,2000.0,6000.0,2916.0,25000.0,2400.0,405.0,6200.0,3125.0,2270.0,1100.0,6000.0,10000.0,,,,,,,,,,,,,,,,,,,,,,,,,0,0,0,0,0,0,0,0,0,0,0,0,0,0,0,0,0,0,0,0,0,0,0,0,0,0,0,0,0,0,0,0,0,0,0,0,0,0,0,0
1.0,1.0,1.0,,Welcome to the RITC 2026 Alogithmic Market Making Case - practice server,,286,2026-02-12 13:23:56.143584,SMMR,25.02,25.02,25.13,837900.0,,,,,,,,,,3111.0,,,,,,,9200.0,,,500.0,4000.0,4000.0,2076.0,1250.0,750.0,2200.0,1577.0,1219600.0,1500.0,3665.0,6000.0,,,,,,,,,,,,,0,0,0,0,0,0,0,0,0,0,0,0,0,0,0,0,0,0,0,0,0,0,0,0,0,0,0,0,0,0,0,0,0,0,0,0,0,0,0,0
,,,,,,286,2026-02-12 13:23:56.143584,ATMN,24.77,24.75,24.77,97000.0,,,950.0,,,5625.0,2000.0,,,3111.0,,1600.0,,,1875.0,1591.0,1100.0,6000.0,,6000.0,,4000.0,2360.0,1875.0,2250.0,3300.0,,646800.0,,5400.0,4949.0,1591.0,12000.0,4000.0,4000.0,,,,,,,,,0,0,0,0,0,0,0,0,0,0,0,0,0,0,0,0,0,0,0,0,0,0,0,0,0,0,0,0,0,0,0,0,0,0,0,0,0,0,0,0
,,,,,,286,2026-02-12 13:23:56.143584,WNTR,26.07,26.05,26.07,184900.0,,,,,,,,,6000.0,1555.0,,600.0,2269.0,7286.0,,,,6000.0,,,,,,,,5500.0,,115100.0,750.0,3000.0,,1262.0,6000.0,4000.0,,34822.0,887.0,7500.0,4000.0,4000.0,8000.0,1016.0,887.0,0,0,0,0,0,0,0,0,0,0,0,0,0,0,0,0,0,0,0,0,0,0,0,0,0,0,0,0,0,0,0,0,0,0,0,0,0,0,0,0
2.0,1.0,1.0,,Aggregate Position Limit,Your CRO has set the aggregate position limit to 8000 shares for this week.,287,2026-02-12 13:23:57.163859,SPNG,25.42,25.4,25.42,6000.0,2722.0,4000.0,2500.0,2400.0,19500.0,1950.0,5832.0,328800.0,14000.0,3200.0,2000.0,2916.0,4572.0,745000.0,4000.0,492.0,2331.0,5000.0,,,,,,,,,,,,,,,,,,,,,,,,,,,0,0,0,0,0,0,0,0,0,0,0,0,0,0,0,0,0,0,0,0,0,0,0,0,0,0,0,0,0,0,0,0,0,0,0,0,0,0,0
1.0,1.0,1.0,,Welcome to the RITC 2026 Alogithmic Market Making Case - practice server,,287,2026-02-12 13:23:57.163859,SMMR,25.04,25.09,25.1,2000.0,2722.0,4000.0,,1600.0,,,583.0,578100.0,,3150.0,,,,978100.0,,,,,1892.0,1500.0,7500.0,7500.0,6000.0,2000.0,1100.0,6000.0,1500.0,3063.0,7500.0,1100.0,2722.0,1892.0,,,,,,,,,,,,,0,0,0,0,0,0,0,0,0,0,0,0,0,0,0,0,0,0,0,0,0,0,0,0,0,0,0,0,0,0,0,0,0,0,0,0,0,0,0
,,,,,,287,2026-02-12 13:23:57.163859,ATMN,24.44,24.61,24.7,,,4000.0,,,,1200.0,,1110400.0,,3000.0,,1875.0,4570.0,,,,,,,4500.0,7500.0,,,,1100.0,,,3696.0,,3300.0,6027.0,1495.0,4000.0,5625.0,10000.0,6000.0,3200.0,,,,,,,,0,0,0,0,0,0,0,0,0,0,0,0,0,0,0,0,0,0,0,0,0,0,0,0,0,0,0,0,0,0,0,0,0,0,0,0,0,0,0
,,,,,,287,2026-02-12 13:23:57.163859,WNTR,26.07,26.06,26.07,,2722.0,,2500.0,2400.0,,,625.0,98500.0,4000.0,5400.0,4000.0,,,519800.0,,,,,2716.0,,,,,,1100.0,,,,,1100.0,,,,,,4000.0,930.0,34644.0,13250.0,4000.0,785.0,4000.0,2500.0,2000.0,0,0,0,0,0,0,0,0,0,0,0,0,0,0,0,0,0,0,0,0,0,0,0,0,0,0,0,0,0,0,0,0,0,0,0,0,0,0,0
2.0,1.0,1.0,,Aggregate Position Limit,Your CRO has set the aggregate position limit to 8000 shares for this week.,288,2026-02-12 13:23:58.183096,SPNG,25.56,25.54,25.55,2940.0,6000.0,6200.0,2280.0,520.0,20000.0,2000.0,4000.0,2500.0,1100.0,2527.0,4572.0,4000.0,468.0,2552.0,6000.0,4000.0,2400.0,7500.0,7500.0,2075.0,25000.0,,,,,,,,,,,,,,,,,,,,,,,,,,,,,,0,0,0,0,0,0,0,0,0,0,0,0,0,0,0,0,0,0,0,0,0,0,0,0,0,0,0,0,0,0,0,0,0
1.0,1.0,1.0,,Welcome to the RITC 2026 Alogithmic Market Making Case - practice server,,288,2026-02-12 13:23:58.183096,SMMR,25.09,25.08,25.09,,,,1200.0,,,2000.0,4000.0,,2200.0,2527.0,,,,4085.0,,4000.0,800.0,7500.0,,,,4085.0,1500.0,7500.0,371400.0,7500.0,716.0,716.0,2250.0,547000.0,3000.0,3063.0,1100.0,583.0,,,,,,,,,,,,,,,,,0,0,0,0,0,0,0,0,0,0,0,0,0,0,0,0,0,0,0,0,0,0,0,0,0,0,0,0,0,0,0,0,0
,,,,,,288,2026-02-12 13:23:58.183096,ATMN,24.86,24.62,24.66,4200.0,2000.0,644.0,980.0,,,2000.0,4000.0,,1100.0,2527.0,5626.0,,,1554.0,,,,,,,,1554.0,,,214700.0,,,,,1028500.0,950.0,,,,6000.0,5625.0,4000.0,4000.0,2527.0,387.0,2000.0,1406.0,4949.0,1400.0,,,,,,,0,0,0,0,0,0,0,0,0,0,0,0,0,0,0,0,0,0,0,0,0,0,0,0,0,0,0,0,0,0,0,0,0
,,,,,,288,2026-02-12 13:23:58.183096,WNTR,26.03,26.08,26.1,,,,,,,,,,6600.0,,,2000.0,,,,4000.0,2520.0,,7500.0,2500.0,,1514.0,,7500.0,98500.0,,,,,203200.0,1200.0,,1100.0,583.0,,,4000.0,4000.0,,,,,,,24822.0,6000.0,1208.0,4000.0,4000.0,690.0,0,0,0,0,0,0,0,0,0,0,0,0,0,0,0,0,0,0,0,0,0,0,0,0,0,0,0,0,0,0,0,0,0
2.0,1.0,1.0,,Aggregate Position Limit,Your CRO has set the aggregate position limit to 8000 shares for this week.,289,2026-02-12 13:23:59.202085,SPNG,25.63,25.66,25.74,6400.0,7500.0,6000.0,2100.0,15000.0,6000.0,1228.0,4000.0,4711.0,4000.0,6080.0,25000.0,2000.0,4784.0,3000.0,199400.0,,,,,,,,,,,,,,,,,,,,,,,,,,,,0,0,0,0,0,0,0,0,0,0,0,0,0,0,0,0,0,0,0,0,0,0,0,0,0,0,0,0,0,0,0,0,0,0,0,0,0,0,0,0,0
1.0,1.0,1.0,,Welcome to the RITC 2026 Alogithmic Market Making Case - practice server,,289,2026-02-12 13:23:59.202085,SMMR,24.91,25.05,25.08,600.0,,2000.0,3000.0,,,3428.0,,,,1600.0,,,,1500.0,547000.0,9928.0,750.0,708300.0,2880.0,4000.0,4000.0,2880.0,1050.0,6000.0,3428.0,7500.0,541.0,,,,,,,,,,,,,,,,0,0,0,0,0,0,0,0,0,0,0,0,0,0,0,0,0,0,0,0,0,0,0,0,0,0,0,0,0,0,0,0,0,0,0,0,0,0,0,0,0
,,,,,,289,2026-02-12 13:23:59.202085,ATMN,24.67,24.64,24.66,4410.0,,4000.0,,,,,4000.0,,6000.0,,,,4219.0,,944400.0,644.0,,,,,,2632.0,950.0,,,7500.0,,1625.0,285.0,4218.0,6000.0,7500.0,8843.0,6000.0,7500.0,4000.0,1337.0,,,,,,0,0,0,0,0,0,0,0,0,0,0,0,0,0,0,0,0,0,0,0,0,0,0,0,0,0,0,0,0,0,0,0,0,0,0,0,0,0,0,0,0
,,,,,,289,2026-02-12 13:23:59.202085,WNTR,26.02,26.01,26.02,,,,1200.0,,,11289.0,,,,8000.0,,,,,221400.0,,,407200.0,3412.0,,4000.0,3412.0,,6000.0,1100.0,,,583.0,,,,,,,,,,6000.0,4000.0,1400.0,15000.0,2112.0,0,0,0,0,0,0,0,0,0,0,0,0,0,0,0,0,0,0,0,0,0,0,0,0,0,0,0,0,0,0,0,0,0,0,0,0,0,0,0,0,0
2.0,1.0,1.0,,Aggregate Position Limit,Your CRO has set the aggregate position limit to 8000 shares for this week.,290,2026-02-12 13:24:00.225264,SPNG,25.73,25.73,25.74,12000.0,2000.0,2940.0,2040.0,3428.0,3269.0,3936.0,2000.0,6000.0,6000.0,10000.0,4000.0,2250.0,4711.0,3328.0,8000.0,4000.0,25000.0,6000.0,4000.0,199400.0,2392.0,,,,,,,,,,,,,,,,,,,,,,,0,0,0,0,0,0,0,0,0,0,0,0,0,0,0,0,0,0,0,0,0,0,0,0,0,0,0,0,0,0,0,0,0,0,0,0,0,0,0,0
1.0,1.0,1.0,,Welcome to the RITC 2026 Alogithmic Market Making Case - practice server,,290,2026-02-12 13:24:00.225264,SMMR,25.06,25.05,25.07,,,3000.0,900.0,1228.0,,2458.0,,500.0,,,,5250.0,,,,,,1500.0,4000.0,547000.0,,9928.0,750.0,4000.0,602100.0,7500.0,1600.0,2458.0,4528.0,6000.0,7500.0,716.0,7500.0,,,,,,,,,,,0,0,0,0,0,0,0,0,0,0,0,0,0,0,0,0,0,0,0,0,0,0,0,0,0,0,0,0,0,0,0,0,0,0,0,0,0,0,0,0
,,,,,,290,2026-02-12 13:24:00.225264,ATMN,24.69,24.68,24.74,,,,8000.0,,,2341.0,,6000.0,,,4000.0,4949.0,,,,,,,4000.0,750700.0,5625.0,,,,,,,2341.0,1100.0,,7500.0,,7500.0,4528.0,2500.0,6414.0,4921.0,473.0,734.0,1337.0,950.0,,,0,0,0,0,0,0,0,0,0,0,0,0,0,0,0,0,0,0,0,0,0,0,0,0,0,0,0,0,0,0,0,0,0,0,0,0,0,0,0,0
,,,,,,290,2026-02-12 13:24:00.225264,WNTR,26.06,26.05,26.06,4000.0,,1200.0,600.0,10028.0,,2208.0,2000.0,,,,4000.0,,,,8000.0,8000.0,,,,419000.0,,,,4000.0,312300.0,,,,3300.0,6000.0,,,7500.0,,,,,,,,4200.0,4000.0,15000.0,0,0,0,0,0,0,0,0,0,0,0,0,0,0,0,0,0,0,0,0,0,0,0,0,0,0,0,0,0,0,0,0,0,0,0,0,0,0,0,0
2.0,1.0,1.0,,Aggregate Position Limit,Your CRO has set the aggregate position limit to 8000 shares for this week.,291,2026-02-12 13:24:01.248367,SPNG,25.42,25.43,25.46,4000.0,4000.0,4200.0,2500.0,800.0,14500.0,560500.0,6000.0,4000.0,5625.0,4000.0,14711.0,1000.0,3328.0,1408.0,1100.0,4000.0,644.0,500.0,6000.0,15000.0,4000.0,1950.0,,,,,,,,,,,,,,,,,,,,,,0,0,0,0,0,0,0,0,0,0,0,0,0,0,0,0,0,0,0,0,0,0,0,0,0,0,0,0,0,0,0,0,0,0,0,0,0,0,0,0
1.0,1.0,1.0,,Welcome to the RITC 2026 Alogithmic Market Making Case - practice server,,291,2026-02-12 13:24:01.248367,SMMR,25.14,25.06,25.07,,4000.0,3000.0,2500.0,740.0,,473100.0,1500.0,,,,,1000.0,,,3428.0,4000.0,3200.0,,,,,,9928.0,2117.0,500.0,1228.0,7500.0,1500.0,883700.0,5250.0,7500.0,,,,,,,,,,,,,0,0,0,0,0,0,0,0,0,0,0,0,0,0,0,0,0,0,0,0,0,0,0,0,0,0,0,0,0,0,0,0,0,0,0,0,0,0,0,0
,,,,,,291,2026-02-12 13:24:01.248367,ATMN,24.93,24.76,24.93,,4000.0,,2500.0,2400.0,,,,4000.0,5625.0,,,,,1706.0,,,,,,,,3050.0,9430.0,1706.0,6000.0,,,,1384200.0,4949.0,,4528.0,3888.0,10000.0,4000.0,,,,,,,,,0,0,0,0,0,0,0,0,0,0,0,0,0,0,0,0,0,0,0,0,0,0,0,0,0,0,0,0,0,0,0,0,0,0,0,0,0,0,0,0
,,,,,,291,2026-02-12 13:24:01.248367,WNTR,26.04,26.01,26.03,,,1200.0,,,,293700.0,,4000.0,,,,2000.0,,,4400.0,4000.0,2400.0,,,,8000.0,,,,,10028.0,7500.0,,222700.0,,7500.0,,,,4000.0,7500.0,1400.0,4000.0,702.0,10000.0,8000.0,4000.0,702.0,0,0,0,0,0,0,0,0,0,0,0,0,0,0,0,0,0,0,0,0,0,0,0,0,0,0,0,0,0,0,0,0,0,0,0,0,0,0,0,0
2.0,1.0,1.0,,Aggregate Position Limit,Your CRO has set the aggregate position limit to 8000 shares for this week.,292,2026-02-12 13:24:02.272954,SPNG,25.51,25.51,25.65,5027.0,2000.0,5625.0,4000.0,4000.0,6200.0,3150.0,5625.0,6000.0,10000.0,9000.0,123000.0,10652.0,1897.0,5150.0,1164600.0,1100.0,,,,,,,,,,,,,,,,,,,,,,,,,0,0,0,0,0,0,0,0,0,0,0,0,0,0,0,0,0,0,0,0,0,0,0,0,0,0,0,0,0,0,0,0,0,0,0,0,0,0,0,0,0,0,0
1.0,1.0,1.0,,Welcome to the RITC 2026 Alogithmic Market Making Case - practice server,,292,2026-02-12 13:24:02.272954,SMMR,25.13,25.13,25.14,,,,1110.0,,9928.0,,,,,1500.0,405800.0,,,1200.0,1130700.0,10428.0,2536.0,3428.0,664.0,716.0,5500.0,714.0,1000.0,7500.0,750.0,4000.0,584.0,6000.0,,,,,,,,,,,,,0,0,0,0,0,0,0,0,0,0,0,0,0,0,0,0,0,0,0,0,0,0,0,0,0,0,0,0,0,0,0,0,0,0,0,0,0,0,0,0,0,0,0
,,,,,,292,2026-02-12 13:24:02.272954,ATMN,24.8,24.78,24.79,5625.0,4000.0,5625.0,,4000.0,,8400.0,,6000.0,,,441700.0,,2362.0,1700.0,918000.0,,2362.0,2200.0,,,,,,,2250.0,4000.0,,4949.0,4000.0,1750.0,4000.0,668.0,600.0,,,,,,,,0,0,0,0,0,0,0,0,0,0,0,0,0,0,0,0,0,0,0,0,0,0,0,0,0,0,0,0,0,0,0,0,0,0,0,0,0,0,0,0,0,0,0
,,,,,,292,2026-02-12 13:24:02.272954,WNTR,25.99,26.02,26.03,,,,,4000.0,,1200.0,,6000.0,,,496400.0,,,,222700.0,4400.0,2980.0,7017.0,,,,790.0,,,,4000.0,,,,,4000.0,,2400.0,1000.0,8000.0,4000.0,30000.0,6000.0,6000.0,790.0,0,0,0,0,0,0,0,0,0,0,0,0,0,0,0,0,0,0,0,0,0,0,0,0,0,0,0,0,0,0,0,0,0,0,0,0,0,0,0,0,0,0,0
2.0,1.0,1.0,,Aggregate Position Limit,Your CRO has set the aggregate position limit to 8000 shares for this week.,293,2026-02-12 13:24:03.295754,SPNG,25.64,25.64,25.65,5000.0,12000.0,2500.0,4000.0,25000.0,2440.0,2200.0,4360.0,1200.0,5625.0,598.0,306.0,4000.0,1100.0,2440.0,1208400.0,2900.0,,,,,,,,,,,,,,,,,,,,,,,0,0,0,0,0,0,0,0,0,0,0,0,0,0,0,0,0,0,0,0,0,0,0,0,0,0,0,0,0,0,0,0,0,0,0,0,0,0,0,0,0,0,0,0,0
1.0,1.0,1.0,,Welcome to the RITC 2026 Alogithmic Market Making Case - practice server,,293,2026-02-12 13:24:03.295754,SMMR,25.13,25.11,25.13,,,,4000.0,,2931.0,4528.0,,1950.0,,,,4000.0,2328.0,,614200.0,,7500.0,1500.0,9928.0,1400.0,7500.0,6000.0,364400.0,1500.0,8000.0,,,,,,,,,,,,,,0,0,0,0,0,0,0,0,0,0,0,0,0,0,0,0,0,0,0,0,0,0,0,0,0,0,0,0,0,0,0,0,0,0,0,0,0,0,0,0,0,0,0,0,0
,,,,,,293,2026-02-12 13:24:03.295754,ATMN,24.75,24.75,24.76,,,2500.0,,,2487.0,1100.0,5625.0,3950.0,5625.0,2108.0,,4000.0,1100.0,,117600.0,950.0,7500.0,,,,7500.0,,786700.0,2250.0,3000.0,1555.0,4000.0,1000.0,1000.0,7500.0,,,,,,,,,0,0,0,0,0,0,0,0,0,0,0,0,0,0,0,0,0,0,0,0,0,0,0,0,0,0,0,0,0,0,0,0,0,0,0,0,0,0,0,0,0,0,0,0,0
,,,,,,293,2026-02-12 13:24:03.295754,WNTR,26.05,26.04,26.05,,,,,,3739.0,3757.0,,950.0,,,,,5500.0,,220300.0,,,,,,7500.0,,768900.0,,3200.0,,,,2000.0,,1500.0,5000.0,702.0,12000.0,6000.0,10000.0,4000.0,4000.0,0,0,0,0,0,0,0,0,0,0,0,0,0,0,0,0,0,0,0,0,0,0,0,0,0,0,0,0,0,0,0,0,0,0,0,0,0,0,0,0,0,0,0,0,0
2.0,1.0,1.0,,Aggregate Position Limit,Your CRO has set the aggregate position limit to 8000 shares for this week.,294,2026-02-12 13:24:04.332079,SPNG,25.66,25.66,25.67,5000.0,33844.0,3300.0,1600.0,126900.0,3000.0,5625.0,2274.0,6000.0,1200.0,1191200.0,2274.0,4000.0,2812.0,4000.0,1564.0,4000.0,6000.0,2150.0,,,,,,,,,,,,,,,,,,,,,,,0,0,0,0,0,0,0,0,0,0,0,0,0,0,0,0,0,0,0,0,0,0,0,0,0,0,0,0,0,0,0,0,0,0,0,0,0,0,0,0,0,0,0
1.0,1.0,1.0,,Welcome to the RITC 2026 Alogithmic Market Making Case - practice server,,294,2026-02-12 13:24:04.332079,SMMR,25.07,25.06,25.07,,,4528.0,,602100.0,750.0,,,,3000.0,1017300.0,2771.0,4000.0,,,,,,,4000.0,9928.0,6000.0,7500.0,7500.0,2250.0,2400.0,3428.0,716.0,,,,,,,,,,,,,,0,0,0,0,0,0,0,0,0,0,0,0,0,0,0,0,0,0,0,0,0,0,0,0,0,0,0,0,0,0,0,0,0,0,0,0,0,0,0,0,0,0,0
,,,,,,294,2026-02-12 13:24:04.332079,ATMN,24.9,24.87,24.9,,,1100.0,2400.0,,,11250.0,2697.0,,2000.0,801700.0,2697.0,4000.0,,,3867.0,,,2450.0,4000.0,,6000.0,,,2250.0,1767.0,,,6000.0,1000.0,2500.0,4000.0,11250.0,1400.0,1400.0,4000.0,,,,,,0,0,0,0,0,0,0,0,0,0,0,0,0,0,0,0,0,0,0,0,0,0,0,0,0,0,0,0,0,0,0,0,0,0,0,0,0,0,0,0,0,0,0
,,,,,,294,2026-02-12 13:24:04.332079,WNTR,25.95,26.05,26.06,,,2489.0,1866.0,674600.0,,,,,950.0,97200.0,2558.0,4000.0,,4000.0,,,6000.0,,,,,7500.0,,,1600.0,4400.0,,2000.0,2000.0,,4000.0,,,,4000.0,10000.0,790.0,2722.0,15000.0,6000.0,0,0,0,0,0,0,0,0,0,0,0,0,0,0,0,0,0,0,0,0,0,0,0,0,0,0,0,0,0,0,0,0,0,0,0,0,0,0,0,0,0,0,0
2.0,1.0,1.0,,Aggregate Position Limit,Your CRO has set the aggregate position limit to 8000 shares for this week.,295,2026-02-12 13:24:05.366389,SPNG,25.69,25.69,25.73,2100.0,2000.0,92.0,4000.0,2500.0,1964.0,16156.0,4000.0,3300.0,4194.0,2015.0,1265.0,510.0,1495.0,4000.0,6000.0,680400.0,3000.0,1964.0,,,,,,,,,,,,,,,,,,,,0,0,0,0,0,0,0,0,0,0,0,0,0,0,0,0,0,0,0,0,0,0,0,0,0,0,0,0,0,0,0,0,0,0,0,0,0,0,0,0,0,0,0,0,0,0
1.0,1.0,1.0,,Welcome to the RITC 2026 Alogithmic Market Making Case - practice server,,295,2026-02-12 13:24:05.366389,SMMR,25.02,25.01,25.02,3000.0,,1065.0,900.0,,2599.0,,,4528.0,,3200.0,,,,,,889800.0,,2599.0,7500.0,831100.0,7500.0,5628.0,1500.0,7500.0,,,,,,,,,,,,,,0,0,0,0,0,0,0,0,0,0,0,0,0,0,0,0,0,0,0,0,0,0,0,0,0,0,0,0,0,0,0,0,0,0,0,0,0,0,0,0,0,0,0,0,0,0
,,,,,,295,2026-02-12 13:24:05.366389,ATMN,24.97,24.93,24.97,2000.0,,,1600.0,,2074.0,,4000.0,3300.0,,,,,,4000.0,6000.0,1087600.0,2450.0,2074.0,,98900.0,,,2250.0,,4000.0,3000.0,11250.0,4000.0,11250.0,11250.0,2250.0,4000.0,4000.0,,,,,0,0,0,0,0,0,0,0,0,0,0,0,0,0,0,0,0,0,0,0,0,0,0,0,0,0,0,0,0,0,0,0,0,0,0,0,0,0,0,0,0,0,0,0,0,0
,,,,,,295,2026-02-12 13:24:05.366389,WNTR,26.1,26.1,26.11,950.0,,,3110.0,,2971.0,,,2489.0,,,,,,4000.0,,946900.0,4200.0,2971.0,,437600.0,7500.0,3300.0,,,4000.0,,,4000.0,,,,,4000.0,10000.0,6000.0,4000.0,8000.0,0,0,0,0,0,0,0,0,0,0,0,0,0,0,0,0,0,0,0,0,0,0,0,0,0,0,0,0,0,0,0,0,0,0,0,0,0,0,0,0,0,0,0,0,0,0
2.0,1.0,1.0,,Aggregate Position Limit,Your CRO has set the aggregate position limit to 8000 shares for this week.,296,2026-02-12 13:24:06.386634,SPNG,25.77,25.75,25.76,4000.0,23844.0,5242.0,2375.0,6000.0,4000.0,2500.0,126900.0,6000.0,4000.0,5625.0,396.0,2200.0,580.0,2000.0,5000.0,4000.0,1495.0,1100.0,5000.0,4000.0,1189500.0,2375.0,,,,,,,,,,,,,,,0,0,0,0,0,0,0,0,0,0,0,0,0,0,0,0,0,0,0,0,0,0,0,0,0,0,0,0,0,0,0,0,0,0,0,0,0,0,0,0,0,0,0,0,0,0,0
1.0,1.0,1.0,,Welcome to the RITC 2026 Alogithmic Market Making Case - practice server,,296,2026-02-12 13:24:06.386634,SMMR,25.1,25.09,25.1,,,,3218.0,,4000.0,,1092100.0,,,,,4528.0,800.0,,,,,4528.0,,,1133500.0,3218.0,1140.0,1065.0,7500.0,7500.0,2250.0,505.0,,,,,,,,,0,0,0,0,0,0,0,0,0,0,0,0,0,0,0,0,0,0,0,0,0,0,0,0,0,0,0,0,0,0,0,0,0,0,0,0,0,0,0,0,0,0,0,0,0,0,0
,,,,,,296,2026-02-12 13:24:06.386634,ATMN,24.76,24.73,24.76,,,,,4500.0,,,1226600.0,,,5625.0,,1100.0,684.0,,,,,,,,1175200.0,2537.0,,,7500.0,7500.0,4500.0,200.0,11250.0,5625.0,4000.0,1000.0,,,,,0,0,0,0,0,0,0,0,0,0,0,0,0,0,0,0,0,0,0,0,0,0,0,0,0,0,0,0,0,0,0,0,0,0,0,0,0,0,0,0,0,0,0,0,0,0,0
,,,,,,296,2026-02-12 13:24:06.386634,WNTR,26.03,26.01,26.03,,,,3092.0,,4000.0,,799800.0,,,,,2489.0,3200.0,,,4000.0,,4400.0,,4000.0,444900.0,3092.0,900.0,10214.0,,7500.0,,,,,,,1000.0,1000.0,10000.0,8000.0,0,0,0,0,0,0,0,0,0,0,0,0,0,0,0,0,0,0,0,0,0,0,0,0,0,0,0,0,0,0,0,0,0,0,0,0,0,0,0,0,0,0,0,0,0,0,0
2.0,1.0,1.0,,Aggregate Position Limit,Your CRO has set the aggregate position limit to 8000 shares for this week.,297,2026-02-12 13:24:07.404674,SPNG,25.59,25.58,25.59,18000.0,35000.0,812900.0,981200.0,1161.0,5000.0,3000.0,4000.0,25000.0,,,,,,,,,,,,,0,0,0,0,0,0,0,0,0,0,0,0,0,0,0,0,0,0,0,0,0,0,0,0,0,0,0,0,0,0,0,0,0,0,0,0,0,0,0,0,0,0,0,0,0,0,0,0,0,0,0,0,0,0,0,0,0,0,0,0,0,0,0
1.0,1.0,1.0,,Welcome to the RITC 2026 Alogithmic Market Making Case - practice server,,297,2026-02-12 13:24:07.404674,SMMR,25.12,25.05,25.12,750.0,,1658400.0,1758100.0,,,1500.0,4000.0,,2000.0,6200.0,2500.0,4000.0,528.0,2000.0,6200.0,505.0,,,,,0,0,0,0,0,0,0,0,0,0,0,0,0,0,0,0,0,0,0,0,0,0,0,0,0,0,0,0,0,0,0,0,0,0,0,0,0,0,0,0,0,0,0,0,0,0,0,0,0,0,0,0,0,0,0,0,0,0,0,0,0,0,0
,,,,,,297,2026-02-12 13:24:07.404674,ATMN,24.56,24.52,24.56,4500.0,,1226600.0,1916100.0,,,,4000.0,,8000.0,6200.0,,4000.0,,,,,1000.0,,,,0,0,0,0,0,0,0,0,0,0,0,0,0,0,0,0,0,0,0,0,0,0,0,0,0,0,0,0,0,0,0,0,0,0,0,0,0,0,0,0,0,0,0,0,0,0,0,0,0,0,0,0,0,0,0,0,0,0,0,0,0,0,0
,,,,,,297,2026-02-12 13:24:07.404674,WNTR,26.17,26.15,26.17,,,1107300.0,2010500.0,,,,,,2000.0,10214.0,,4000.0,,2000.0,,,,10000.0,2000.0,594.0,0,0,0,0,0,0,0,0,0,0,0,0,0,0,0,0,0,0,0,0,0,0,0,0,0,0,0,0,0,0,0,0,0,0,0,0,0,0,0,0,0,0,0,0,0,0,0,0,0,0,0,0,0,0,0,0,0,0,0,0,0,0,0
2.0,1.0,1.0,,Aggregate Position Limit,Your CRO has set the aggregate position limit to 8000 shares for this week.,298,2026-02-12 13:24:08.425047,SPNG,25.76,25.49,25.76,1557200.0,1000.0,10000.0,9000.0,1495.0,1288900.0,5000.0,25000.0,278.0,,,,,0,0,0,0,0,0,0,0,0,0,0,0,0,0,0,0,0,0,0,0,0,0,0,0,0,0,0,0,0,0,0,0,0,0,0,0,0,0,0,0,0,0,0,0,0,0,0,0,0,0,0,0,0,0,0,0,0,0,0,0,0,0,0,0,0,0,0,0,0,0,0
1.0,1.0,1.0,,Welcome to the RITC 2026 Alogithmic Market Making Case - practice server,,298,2026-02-12 13:24:08.425047,SMMR,25.11,25.06,25.11,2284400.0,,,,367.0,2081400.0,,,,2500.0,1500.0,,,0,0,0,0,0,0,0,0,0,0,0,0,0,0,0,0,0,0,0,0,0,0,0,0,0,0,0,0,0,0,0,0,0,0,0,0,0,0,0,0,0,0,0,0,0,0,0,0,0,0,0,0,0,0,0,0,0,0,0,0,0,0,0,0,0,0,0,0,0,0,0
,,,,,,298,2026-02-12 13:24:08.425047,ATMN,25.03,25.03,25.04,1630600.0,,,6750.0,,1997100.0,,,,,,2000.0,,0,0,0,0,0,0,0,0,0,0,0,0,0,0,0,0,0,0,0,0,0,0,0,0,0,0,0,0,0,0,0,0,0,0,0,0,0,0,0,0,0,0,0,0,0,0,0,0,0,0,0,0,0,0,0,0,0,0,0,0,0,0,0,0,0,0,0,0,0,0,0
,,,,,,298,2026-02-12 13:24:08.425047,WNTR,26.15,26.15,26.18,1402300.0,,,,,2113400.0,,,,,,,35000.0,0,0,0,0,0,0,0,0,0,0,0,0,0,0,0,0,0,0,0,0,0,0,0,0,0,0,0,0,0,0,0,0,0,0,0,0,0,0,0,0,0,0,0,0,0,0,0,0,0,0,0,0,0,0,0,0,0,0,0,0,0,0,0,0,0,0,0,0,0,0,0
2.0,1.0,1.0,,Aggregate Position Limit,Your CRO has set the aggregate position limit to 8000 shares for this week.,299,2026-02-12 13:24:09.447667,SPNG,25.74,25.72,25.74,2104600.0,396.0,1161.0,15000.0,2500.0,1293500.0,348.0,,0,0,0,0,0,0,0,0,0,0,0,0,0,0,0,0,0,0,0,0,0,0,0,0,0,0,0,0,0,0,0,0,0,0,0,0,0,0,0,0,0,0,0,0,0,0,0,0,0,0,0,0,0,0,0,0,0,0,0,0,0,0,0,0,0,0,0,0,0,0,0,0,0,0,0,0
1.0,1.0,1.0,,Welcome to the RITC 2026 Alogithmic Market Making Case - practice server,,299,2026-02-12 13:24:09.447667,SMMR,25.16,25.06,25.12,2381400.0,,,,,2302900.0,503.0,,0,0,0,0,0,0,0,0,0,0,0,0,0,0,0,0,0,0,0,0,0,0,0,0,0,0,0,0,0,0,0,0,0,0,0,0,0,0,0,0,0,0,0,0,0,0,0,0,0,0,0,0,0,0,0,0,0,0,0,0,0,0,0,0,0,0,0,0,0,0,0,0,0,0,0,0
,,,,,,299,2026-02-12 13:24:09.447667,ATMN,24.87,24.73,24.87,2035700.0,,,,,2031700.0,,2500.0,0,0,0,0,0,0,0,0,0,0,0,0,0,0,0,0,0,0,0,0,0,0,0,0,0,0,0,0,0,0,0,0,0,0,0,0,0,0,0,0,0,0,0,0,0,0,0,0,0,0,0,0,0,0,0,0,0,0,0,0,0,0,0,0,0,0,0,0,0,0,0,0,0,0,0,0
,,,,,,299,2026-02-12 13:24:09.447667,WNTR,26.14,25.98,26.14,2118600.0,,,,,2131600.0,,2500.0,0,0,0,0,0,0,0,0,0,0,0,0,0,0,0,0,0,0,0,0,0,0,0,0,0,0,0,0,0,0,0,0,0,0,0,0,0,0,0,0,0,0,0,0,0,0,0,0,0,0,0,0,0,0,0,0,0,0,0,0,0,0,0,0,0,0,0,0,0,0,0,0,0,0,0,0
