news_id,period,tick,ticker,headline,body,tick,timestamp,ticker,last_price,bid_price,ask_price,BUY_ANON,SELL_ANON
2.0,1.0,1.0,,Aggregate Position Limit,Your CRO has set the aggregate position limit to 15000 shares for this week.,2,2026-02-12 12:23:45.788281,SPNG,25.03,25.12,25.2,1834200.0,2377500.0
1.0,1.0,1.0,,Welcome to the RITC 2026 Alogithmic Market Making Case - practice server,,2,2026-02-12 12:23:45.788281,SMMR,25.1,25.01,25.07,2303700.0,2337100.0
,,,,,,2,2026-02-12 12:23:45.788281,ATMN,25.34,24.9,25.34,2316000.0,2139500.0
,,,,,,2,2026-02-12 12:23:45.788281,WNTR,24.95,24.95,25.02,2127700.0,2353900.0
2.0,1.0,1.0,,Aggregate Position Limit,Your CRO has set the aggregate position limit to 15000 shares for this week.,3,2026-02-12 12:23:46.801773,SPNG,25.02,25.02,25.3,1735900.0,2374900.0
1.0,1.0,1.0,,Welcome to the RITC 2026 Alogithmic Market Making Case - practice server,,3,2026-02-12 12:23:46.801773,SMMR,24.95,24.95,24.97,2315100.0,2319000.0
,,,,,,3,2026-02-12 12:23:46.801773,ATMN,25.34,24.9,25.14,2316000.0,2177300.0
,,,,,,3,2026-02-12 12:23:46.801773,WNTR,25.02,24.95,25.02,2127700.0,2373800.0
2.0,1.0,1.0,,Aggregate Position Limit,Your CRO has set the aggregate position limit to 15000 shares for this week.,4,2026-02-12 12:23:47.816212,SPNG,25.02,24.52,24.82,1595400.0,2391600.0
1.0,1.0,1.0,,Welcome to the RITC 2026 Alogithmic Market Making Case - practice server,,4,2026-02-12 12:23:47.816212,SMMR,24.97,25.0,25.11,2351900.0,2343900.0
,,,,,,4,2026-02-12 12:23:47.816212,ATMN,24.79,24.79,25.14,2293100.0,2210300.0
,,,,,,4,2026-02-12 12:23:47.816212,WNTR,24.85,24.85,24.96,1884700.0,2352900.0
2.0,1.0,1.0,,Aggregate Position Limit,Your CRO has set the aggregate position limit to 15000 shares for this week.,5,2026-02-12 12:23:48.828284,SPNG,24.82,25.12,25.3,2045000.0,2393600.0
1.0,1.0,1.0,,Welcome to the RITC 2026 Alogithmic Market Making Case - practice server,,5,2026-02-12 12:23:48.828284,SMMR,24.92,24.88,24.92,2353100.0,2355400.0
,,,,,,5,2026-02-12 12:23:48.828284,ATMN,25.17,24.79,25.17,2334700.0,2201100.0
,,,,,,5,2026-02-12 12:23:48.828284,WNTR,24.85,24.85,24.96,1884700.0,2366300.0
2.0,1.0,1.0,,Aggregate Position Limit,Your CRO has set the aggregate position limit to 15000 shares for this week.,6,2026-02-12 12:23:49.843211,SPNG,24.52,25.15,25.3,2070600.0,2393600.0
1.0,1.0,1.0,,Welcome to the RITC 2026 Alogithmic Market Making Case - practice server,,6,2026-02-12 12:23:49.843211,SMMR,25.11,24.88,25.11,2338500.0,2372100.0
,,,,,,6,2026-02-12 12:23:49.843211,ATMN,25.2,25.19,25.2,2340100.0,2168000.0
,,,,,,6,2026-02-12 12:23:49.843211,WNTR,24.85,24.85,24.9,1789300.0,2342600.0
2.0,1.0,1.0,,Aggregate Position Limit,Your CRO has set the aggregate position limit to 15000 shares for this week.,7,2026-02-12 12:23:50.856107,SPNG,25.15,24.52,24.99,1937200.0,2393400.0
1.0,1.0,1.0,,Welcome to the RITC 2026 Alogithmic Market Making Case - practice server,,7,2026-02-12 12:23:50.856107,SMMR,25.11,25.01,25.11,2345300.0,2358600.0
,,,,,,7,2026-02-12 12:23:50.856107,ATMN,25.2,24.76,25.2,2322200.0,2168000.0
,,,,,,7,2026-02-12 12:23:50.856107,WNTR,24.9,24.95,24.96,1919300.0,2357400.0
2.0,1.0,1.0,,Aggregate Position Limit,Your CRO has set the aggregate position limit to 15000 shares for this week.,8,2026-02-12 12:23:51.867912,SPNG,24.99,25.12,25.3,2304600.0,2386000.0
1.0,1.0,1.0,,Welcome to the RITC 2026 Alogithmic Market Making Case - practice server,,8,2026-02-12 12:23:51.867912,SMMR,25.01,25.01,25.11,2310700.0,2382800.0
,,,,,,8,2026-02-12 12:23:51.867912,ATMN,25.11,25.11,25.2,2324500.0,2143500.0
,,,,,,8,2026-02-12 12:23:51.867912,WNTR,24.85,24.85,24.97,1789300.0,2372700.0
2.0,1.0,1.0,,Aggregate Position Limit,Your CRO has set the aggregate position limit to 15000 shares for this week.,9,2026-02-12 12:23:52.879803,SPNG,25.12,24.72,24.8,2464500.0,2400600.0
1.0,1.0,1.0,,Welcome to the RITC 2026 Alogithmic Market Making Case - practice server,,9,2026-02-12 12:23:52.879803,SMMR,25.01,25.01,25.09,2265300.0,2378200.0
,,,,,,9,2026-02-12 12:23:52.879803,ATMN,25.09,24.76,24.99,2325000.0,2181000.0
,,,,,,9,2026-02-12 12:23:52.879803,WNTR,24.82,24.76,24.81,1566900.0,2368200.0
2.0,1.0,1.0,,Aggregate Position Limit,Your CRO has set the aggregate position limit to 15000 shares for this week.,10,2026-02-12 12:23:53.899923,SPNG,25.18,24.94,24.98,2465000.0,2377000.0
1.0,1.0,1.0,,Welcome to the RITC 2026 Alogithmic Market Making Case - practice server,,10,2026-02-12 12:23:53.899923,SMMR,24.9,24.98,25.09,2286400.0,2350100.0
,,,,,,10,2026-02-12 12:23:53.899923,ATMN,24.99,24.95,24.99,2295300.0,2181000.0
,,,,,,10,2026-02-12 12:23:53.899923,WNTR,24.83,24.86,24.9,1777500.0,2380200.0
2.0,1.0,1.0,,Aggregate Position Limit,Your CRO has set the aggregate position limit to 15000 shares for this week.,11,2026-02-12 12:23:54.913485,SPNG,24.94,25.16,25.29,2420500.0,2393100.0
1.0,1.0,1.0,,Welcome to the RITC 2026 Alogithmic Market Making Case - practice server,,11,2026-02-12 12:23:54.913485,SMMR,24.9,24.98,25.09,2229700.0,2334800.0
,,,,,,11,2026-02-12 12:23:54.913485,ATMN,25.2,25.23,25.34,2247200.0,2134800.0
,,,,,,11,2026-02-12 12:23:54.913485,WNTR,24.97,24.86,24.97,1777500.0,2359600.0
2.0,1.0,1.0,,Aggregate Position Limit,Your CRO has set the aggregate position limit to 15000 shares for this week.,12,2026-02-12 12:23:55.925530,SPNG,24.94,24.94,25.05,2465000.0,2396000.0
1.0,1.0,1.0,,Welcome to the RITC 2026 Alogithmic Market Making Case - practice server,,12,2026-02-12 12:23:55.925530,SMMR,25.09,24.98,25.09,2229700.0,2362600.0
,,,,,,12,2026-02-12 12:23:55.925530,ATMN,24.88,24.88,25.16,2267200.0,2134700.0
,,,,,,12,2026-02-12 12:23:55.925530,WNTR,24.76,24.76,24.89,1667000.0,2373200.0
2.0,1.0,1.0,,Aggregate Position Limit,Your CRO has set the aggregate position limit to 15000 shares for this week.,14,2026-02-12 12:23:56.937352,SPNG,25.29,24.81,25.29,2426300.0,2393100.0
1.0,1.0,1.0,,Welcome to the RITC 2026 Alogithmic Market Making Case - practice server,,14,2026-02-12 12:23:56.937352,SMMR,24.98,24.98,25.02,2229700.0,2353200.0
,,,,,,14,2026-02-12 12:23:56.937352,ATMN,24.88,24.88,25.16,2243000.0,2118000.0
,,,,,,14,2026-02-12 12:23:56.937352,WNTR,24.89,24.85,24.89,1788500.0,2376100.0
2.0,1.0,1.0,,Aggregate Position Limit,Your CRO has set the aggregate position limit to 15000 shares for this week.,15,2026-02-12 12:23:57.959809,SPNG,24.6,24.67,25.29,2453800.0,2395400.0
1.0,1.0,1.0,,Welcome to the RITC 2026 Alogithmic Market Making Case - practice server,,15,2026-02-12 12:23:57.959809,SMMR,25.12,24.98,25.12,2229700.0,2317600.0
,,,,,,15,2026-02-12 12:23:57.959809,ATMN,24.87,24.87,25.16,2270800.0,2127500.0
,,,,,,15,2026-02-12 12:23:57.959809,WNTR,24.89,24.85,24.89,2107100.0,2380300.0
2.0,1.0,1.0,,Aggregate Position Limit,Your CRO has set the aggregate position limit to 15000 shares for this week.,16,2026-02-12 12:23:58.976724,SPNG,25.3,24.78,25.28,2421800.0,2384400.0
1.0,1.0,1.0,,Welcome to the RITC 2026 Alogithmic Market Making Case - practice server,,16,2026-02-12 12:23:58.976724,SMMR,24.9,24.9,25.12,2284600.0,2317600.0
,,,,,,16,2026-02-12 12:23:58.976724,ATMN,24.76,24.76,25.3,2271300.0,2148500.0
,,,,,,16,2026-02-12 12:23:58.976724,WNTR,24.94,24.85,24.94,2211800.0,2355200.0
2.0,1.0,1.0,,Aggregate Position Limit,Your CRO has set the aggregate position limit to 15000 shares for this week.,17,2026-02-12 12:23:59.991797,SPNG,25.3,24.78,24.99,2389600.0,2408800.0
1.0,1.0,1.0,,Welcome to the RITC 2026 Alogithmic Market Making Case - practice server,,17,2026-02-12 12:23:59.991797,SMMR,24.9,24.9,24.93,2280800.0,2321200.0
,,,,,,17,2026-02-12 12:23:59.991797,ATMN,24.76,25.12,25.3,2254500.0,2179200.0
,,,,,,17,2026-02-12 12:23:59.991797,WNTR,24.97,24.85,24.97,2211800.0,2343200.0
2.0,1.0,1.0,,Aggregate Position Limit,Your CRO has set the aggregate position limit to 15000 shares for this week.,18,2026-02-12 12:24:01.004423,SPNG,24.99,24.78,24.99,2409200.0,2408800.0
1.0,1.0,1.0,,Welcome to the RITC 2026 Alogithmic Market Making Case - practice server,,18,2026-02-12 12:24:01.004423,SMMR,24.93,24.9,24.93,2280800.0,2321200.0
,,,,,,18,2026-02-12 12:24:01.004423,ATMN,25.12,25.04,25.12,2298500.0,2203600.0
,,,,,,18,2026-02-12 12:24:01.004423,WNTR,24.97,24.85,24.97,2346700.0,2328300.0
2.0,1.0,1.0,,Aggregate Position Limit,Your CRO has set the aggregate position limit to 15000 shares for this week.,19,2026-02-12 12:24:02.015432,SPNG,24.78,24.78,25.28,2409200.0,2373000.0
1.0,1.0,1.0,,Welcome to the RITC 2026 Alogithmic Market Making Case - practice server,,19,2026-02-12 12:24:02.015432,SMMR,24.98,24.9,24.98,2281100.0,2300800.0
,,,,,,19,2026-02-12 12:24:02.015432,ATMN,25.04,24.79,25.03,2271400.0,2240900.0
,,,,,,19,2026-02-12 12:24:02.015432,WNTR,24.85,24.85,24.93,2346700.0,2282500.0
2.0,1.0,1.0,,Aggregate Position Limit,Your CRO has set the aggregate position limit to 15000 shares for this week.,20,2026-02-12 12:24:03.027985,SPNG,25.44,24.67,25.44,2423400.0,2355300.0
1.0,1.0,1.0,,Welcome to the RITC 2026 Alogithmic Market Making Case - practice server,,20,2026-02-12 12:24:03.027985,SMMR,24.91,24.91,24.92,2292500.0,2300200.0
,,,,,,20,2026-02-12 12:24:03.027985,ATMN,25.12,25.22,25.3,2287800.0,2203100.0
,,,,,,20,2026-02-12 12:24:03.027985,WNTR,24.97,24.9,24.97,2305200.0,2328300.0
2.0,1.0,1.0,,Aggregate Position Limit,Your CRO has set the aggregate position limit to 15000 shares for this week.,21,2026-02-12 12:24:04.039674,SPNG,25.44,25.14,25.22,2397400.0,2355500.0
1.0,1.0,1.0,,Welcome to the RITC 2026 Alogithmic Market Making Case - practice server,,21,2026-02-12 12:24:04.039674,SMMR,25.09,24.91,24.95,2294600.0,2295300.0
,,,,,,21,2026-02-12 12:24:04.039674,ATMN,24.9,24.99,25.06,2291200.0,2231100.0
,,,,,,21,2026-02-12 12:24:04.039674,WNTR,24.9,24.96,25.02,2298300.0,2350500.0
2.0,1.0,1.0,,Aggregate Position Limit,Your CRO has set the aggregate position limit to 15000 shares for this week.,22,2026-02-12 12:24:05.051478,SPNG,25.22,24.8,25.22,2375800.0,2355500.0
1.0,1.0,1.0,,Welcome to the RITC 2026 Alogithmic Market Making Case - practice server,,22,2026-02-12 12:24:05.051478,SMMR,25.12,24.91,25.12,2294600.0,2317600.0
,,,,,,22,2026-02-12 12:24:05.051478,ATMN,25.19,25.24,25.34,2277100.0,2204100.0
,,,,,,22,2026-02-12 12:24:05.051478,WNTR,24.78,24.78,24.93,2327100.0,2320900.0
2.0,1.0,1.0,,Aggregate Position Limit,Your CRO has set the aggregate position limit to 15000 shares for this week.,23,2026-02-12 12:24:06.062376,SPNG,25.22,25.42,25.44,2374700.0,2355300.0
1.0,1.0,1.0,,Welcome to the RITC 2026 Alogithmic Market Making Case - practice server,,23,2026-02-12 12:24:06.062376,SMMR,25.05,24.91,25.02,2294600.0,2296300.0
,,,,,,23,2026-02-12 12:24:06.062376,ATMN,24.79,24.79,25.34,2276600.0,2217700.0
,,,,,,23,2026-02-12 12:24:06.062376,WNTR,24.93,24.95,25.02,2075100.0,2350500.0
2.0,1.0,1.0,,Aggregate Position Limit,Your CRO has set the aggregate position limit to 15000 shares for this week.,24,2026-02-12 12:24:07.074696,SPNG,25.42,24.82,24.87,2343400.0,2376300.0
1.0,1.0,1.0,,Welcome to the RITC 2026 Alogithmic Market Making Case - practice server,,24,2026-02-12 12:24:07.074696,SMMR,25.05,24.92,25.02,2304000.0,2296300.0
,,,,,,24,2026-02-12 12:24:07.074696,ATMN,24.76,24.74,24.76,2269700.0,2220200.0
,,,,,,24,2026-02-12 12:24:07.074696,WNTR,24.93,24.95,24.98,2075100.0,2299200.0
2.0,1.0,1.0,,Aggregate Position Limit,Your CRO has set the aggregate position limit to 15000 shares for this week.,25,2026-02-12 12:24:08.086566,SPNG,25.47,25.24,25.47,2402100.0,2352600.0
1.0,1.0,1.0,,Welcome to the RITC 2026 Alogithmic Market Making Case - practice server,,25,2026-02-12 12:24:08.086566,SMMR,25.05,24.92,24.93,2304000.0,2308900.0
,,,,,,25,2026-02-12 12:24:08.086566,ATMN,24.99,24.99,25.34,2285500.0,2227400.0
,,,,,,25,2026-02-12 12:24:08.086566,WNTR,24.76,24.74,24.76,2049700.0,2313900.0
2.0,1.0,1.0,,Aggregate Position Limit,Your CRO has set the aggregate position limit to 15000 shares for this week.,26,2026-02-12 12:24:09.098637,SPNG,24.83,24.97,25.47,2376500.0,2352600.0
1.0,1.0,1.0,,Welcome to the RITC 2026 Alogithmic Market Making Case - practice server,,26,2026-02-12 12:24:09.098637,SMMR,25.12,24.92,24.95,2304000.0,2310700.0
,,,,,,26,2026-02-12 12:24:09.098637,ATMN,25.34,24.99,25.25,2285500.0,2244100.0
,,,,,,26,2026-02-12 12:24:09.098637,WNTR,24.76,24.8,24.96,2174400.0,2260400.0
2.0,1.0,1.0,,Aggregate Position Limit,Your CRO has set the aggregate position limit to 15000 shares for this week.,27,2026-02-12 12:24:10.114072,SPNG,24.83,24.97,25.01,2338900.0,2335900.0
1.0,1.0,1.0,,Welcome to the RITC 2026 Alogithmic Market Making Case - practice server,,27,2026-02-12 12:24:10.114072,SMMR,25.12,24.93,25.12,2307700.0,2310400.0
,,,,,,27,2026-02-12 12:24:10.114072,ATMN,25.25,24.99,25.04,2300100.0,2276100.0
,,,,,,27,2026-02-12 12:24:10.114072,WNTR,24.8,24.74,24.78,2157800.0,2245400.0
2.0,1.0,1.0,,Aggregate Position Limit,Your CRO has set the aggregate position limit to 15000 shares for this week.,28,2026-02-12 12:24:11.124595,SPNG,25.01,24.97,25.01,2325800.0,2335900.0
1.0,1.0,1.0,,Welcome to the RITC 2026 Alogithmic Market Making Case - practice server,,28,2026-02-12 12:24:11.124595,SMMR,25.16,24.92,25.16,2300000.0,2297300.0
,,,,,,28,2026-02-12 12:24:11.124595,ATMN,25.04,25.03,25.04,2247700.0,2276100.0
,,,,,,28,2026-02-12 12:24:11.124595,WNTR,24.74,24.72,24.74,2056900.0,2258600.0
2.0,1.0,1.0,,Aggregate Position Limit,Your CRO has set the aggregate position limit to 15000 shares for this week.,29,2026-02-12 12:24:12.137188,SPNG,25.11,25.11,25.47,2315500.0,2343900.0
1.0,1.0,1.0,,Welcome to the RITC 2026 Alogithmic Market Making Case - practice server,,29,2026-02-12 12:24:12.137188,SMMR,24.88,24.88,25.16,2282000.0,2297300.0
,,,,,,29,2026-02-12 12:24:12.137188,ATMN,25.03,25.03,25.34,2247700.0,2249200.0
,,,,,,29,2026-02-12 12:24:12.137188,WNTR,24.74,24.72,24.73,2176500.0,2275300.0
2.0,1.0,1.0,,Aggregate Position Limit,Your CRO has set the aggregate position limit to 15000 shares for this week.,30,2026-02-12 12:24:13.148347,SPNG,24.86,24.85,24.86,2348300.0,2364800.0
1.0,1.0,1.0,,Welcome to the RITC 2026 Alogithmic Market Making Case - practice server,,30,2026-02-12 12:24:13.148347,SMMR,24.88,24.87,24.88,2303800.0,2269900.0
,,,,,,30,2026-02-12 12:24:13.148347,ATMN,25.36,25.03,25.06,2222800.0,2239500.0
,,,,,,30,2026-02-12 12:24:13.148347,WNTR,24.73,24.72,24.73,2050200.0,2304200.0
2.0,1.0,1.0,,Aggregate Position Limit,Your CRO has set the aggregate position limit to 15000 shares for this week.,31,2026-02-12 12:24:14.163409,SPNG,24.82,24.82,25.2,2352200.0,2326000.0
1.0,1.0,1.0,,Welcome to the RITC 2026 Alogithmic Market Making Case - practice server,,31,2026-02-12 12:24:14.163409,SMMR,24.88,24.87,24.88,2325400.0,2269900.0
,,,,,,31,2026-02-12 12:24:14.163409,ATMN,25.06,25.31,25.36,2272000.0,2211800.0
,,,,,,31,2026-02-12 12:24:14.163409,WNTR,24.71,24.71,24.73,1956300.0,2307800.0
2.0,1.0,1.0,,Aggregate Position Limit,Your CRO has set the aggregate position limit to 15000 shares for this week.,32,2026-02-12 12:24:15.176486,SPNG,25.15,25.15,25.2,2397500.0,2326000.0
1.0,1.0,1.0,,Welcome to the RITC 2026 Alogithmic Market Making Case - practice server,,32,2026-02-12 12:24:15.176486,SMMR,24.88,24.87,24.88,2291300.0,2259500.0
,,,,,,32,2026-02-12 12:24:15.176486,ATMN,25.06,25.31,25.36,2272000.0,2246600.0
,,,,,,32,2026-02-12 12:24:15.176486,WNTR,24.71,24.71,24.73,1956300.0,2303800.0
2.0,1.0,1.0,,Aggregate Position Limit,Your CRO has set the aggregate position limit to 15000 shares for this week.,33,2026-02-12 12:24:16.188946,SPNG,25.31,24.8,24.84,2388200.0,2350200.0
1.0,1.0,1.0,,Welcome to the RITC 2026 Alogithmic Market Making Case - practice server,,33,2026-02-12 12:24:16.188946,SMMR,24.87,24.87,24.88,2291400.0,2244900.0
,,,,,,33,2026-02-12 12:24:16.188946,ATMN,25.31,25.31,25.36,2272000.0,2212900.0
,,,,,,33,2026-02-12 12:24:16.188946,WNTR,24.69,24.7,24.73,1747000.0,2303800.0
2.0,1.0,1.0,,Aggregate Position Limit,Your CRO has set the aggregate position limit to 15000 shares for this week.,34,2026-02-12 12:24:17.206337,SPNG,24.78,24.78,25.47,2426200.0,2328100.0
1.0,1.0,1.0,,Welcome to the RITC 2026 Alogithmic Market Making Case - practice server,,34,2026-02-12 12:24:17.206337,SMMR,24.99,24.87,24.99,2258100.0,2264200.0
,,,,,,34,2026-02-12 12:24:17.206337,ATMN,25.31,25.31,25.32,2272000.0,2256600.0
,,,,,,34,2026-02-12 12:24:17.206337,WNTR,24.55,24.55,24.63,1399000.0,2267500.0
2.0,1.0,1.0,,Aggregate Position Limit,Your CRO has set the aggregate position limit to 15000 shares for this week.,35,2026-02-12 12:24:18.218298,SPNG,25.54,24.78,25.54,2426200.0,2316200.0
1.0,1.0,1.0,,Welcome to the RITC 2026 Alogithmic Market Making Case - practice server,,35,2026-02-12 12:24:18.218298,SMMR,25.03,25.0,25.03,2249900.0,2275800.0
,,,,,,35,2026-02-12 12:24:18.218298,ATMN,25.31,25.11,25.18,2240000.0,2243400.0
,,,,,,35,2026-02-12 12:24:18.218298,WNTR,24.52,24.62,24.63,1300200.0,2267500.0
2.0,1.0,1.0,,Aggregate Position Limit,Your CRO has set the aggregate position limit to 15000 shares for this week.,36,2026-02-12 12:24:19.230638,SPNG,25.54,24.78,25.24,2426200.0,2303900.0
1.0,1.0,1.0,,Welcome to the RITC 2026 Alogithmic Market Making Case - practice server,,36,2026-02-12 12:24:19.230638,SMMR,25.04,25.0,25.04,2270800.0,2258800.0
,,,,,,36,2026-02-12 12:24:19.230638,ATMN,24.97,24.97,25.18,2234900.0,2243400.0
,,,,,,36,2026-02-12 12:24:19.230638,WNTR,24.62,24.62,24.63,1261200.0,2306500.0
2.0,1.0,1.0,,Aggregate Position Limit,Your CRO has set the aggregate position limit to 15000 shares for this week.,37,2026-02-12 12:24:20.241424,SPNG,25.54,25.33,25.51,2405600.0,2299400.0
1.0,1.0,1.0,,Welcome to the RITC 2026 Alogithmic Market Making Case - practice server,,37,2026-02-12 12:24:20.241424,SMMR,25.04,25.0,25.03,2265900.0,2222900.0
,,,,,,37,2026-02-12 12:24:20.241424,ATMN,24.97,25.17,25.18,2249000.0,2209600.0
,,,,,,37,2026-02-12 12:24:20.241424,WNTR,24.51,24.51,24.61,1167100.0,2308700.0
2.0,1.0,1.0,,Aggregate Position Limit,Your CRO has set the aggregate position limit to 15000 shares for this week.,38,2026-02-12 12:24:21.252842,SPNG,25.33,25.33,25.51,2405600.0,2288600.0
1.0,1.0,1.0,,Welcome to the RITC 2026 Alogithmic Market Making Case - practice server,,38,2026-02-12 12:24:21.252842,SMMR,25.03,25.01,25.03,2300800.0,2222900.0
,,,,,,38,2026-02-12 12:24:21.252842,ATMN,25.27,25.31,25.32,2265500.0,2205700.0
,,,,,,38,2026-02-12 12:24:21.252842,WNTR,24.7,24.63,24.7,1386500.0,2301700.0
2.0,1.0,1.0,,Aggregate Position Limit,Your CRO has set the aggregate position limit to 15000 shares for this week.,39,2026-02-12 12:24:22.264360,SPNG,24.88,25.08,25.51,2416500.0,2269700.0
1.0,1.0,1.0,,Welcome to the RITC 2026 Alogithmic Market Making Case - practice server,,39,2026-02-12 12:24:22.264360,SMMR,25.07,25.01,25.07,2300800.0,2282000.0
,,,,,,39,2026-02-12 12:24:22.264360,ATMN,24.96,24.96,25.32,2270700.0,2205700.0
,,,,,,39,2026-02-12 12:24:22.264360,WNTR,24.63,24.51,24.63,1506900.0,2323500.0
2.0,1.0,1.0,,Aggregate Position Limit,Your CRO has set the aggregate position limit to 15000 shares for this week.,40,2026-02-12 12:24:23.275062,SPNG,25.54,24.79,25.54,2403300.0,2279100.0
1.0,1.0,1.0,,Welcome to the RITC 2026 Alogithmic Market Making Case - practice server,,40,2026-02-12 12:24:23.275062,SMMR,25.01,25.01,25.07,2300800.0,2277300.0
,,,,,,40,2026-02-12 12:24:23.275062,ATMN,24.9,24.9,25.34,2306900.0,2205200.0
,,,,,,40,2026-02-12 12:24:23.275062,WNTR,24.63,24.51,24.63,1608500.0,2338200.0
2.0,1.0,1.0,,Aggregate Position Limit,Your CRO has set the aggregate position limit to 15000 shares for this week.,41,2026-02-12 12:24:24.286517,SPNG,24.78,25.41,25.54,2401900.0,2299800.0
1.0,1.0,1.0,,Welcome to the RITC 2026 Alogithmic Market Making Case - practice server,,41,2026-02-12 12:24:24.286517,SMMR,24.97,24.97,25.03,2292200.0,2263800.0
,,,,,,41,2026-02-12 12:24:24.286517,ATMN,25.35,24.74,25.35,2318200.0,2233800.0
,,,,,,41,2026-02-12 12:24:24.286517,WNTR,24.64,24.64,24.7,1725200.0,2328800.0
2.0,1.0,1.0,,Aggregate Position Limit,Your CRO has set the aggregate position limit to 15000 shares for this week.,42,2026-02-12 12:24:25.298047,SPNG,25.41,24.78,25.38,2426200.0,2274000.0
1.0,1.0,1.0,,Welcome to the RITC 2026 Alogithmic Market Making Case - practice server,,42,2026-02-12 12:24:25.298047,SMMR,25.07,24.95,25.07,2297900.0,2277300.0
,,,,,,42,2026-02-12 12:24:25.298047,ATMN,24.84,25.24,25.35,2325500.0,2225300.0
,,,,,,42,2026-02-12 12:24:25.298047,WNTR,24.64,24.51,24.6,1608500.0,2333700.0
2.0,1.0,1.0,,Aggregate Position Limit,Your CRO has set the aggregate position limit to 15000 shares for this week.,43,2026-02-12 12:24:26.318898,SPNG,25.41,24.78,25.34,2426200.0,2280400.0
1.0,1.0,1.0,,Welcome to the RITC 2026 Alogithmic Market Making Case - practice server,,43,2026-02-12 12:24:26.318898,SMMR,25.07,24.95,25.07,2307400.0,2291100.0
,,,,,,43,2026-02-12 12:24:26.318898,ATMN,25.24,24.74,24.77,2318200.0,2212100.0
,,,,,,43,2026-02-12 12:24:26.318898,WNTR,24.64,24.54,24.56,1743100.0,2311200.0
2.0,1.0,1.0,,Aggregate Position Limit,Your CRO has set the aggregate position limit to 15000 shares for this week.,44,2026-02-12 12:24:27.331725,SPNG,24.79,25.19,25.34,2422100.0,2280400.0
1.0,1.0,1.0,,Welcome to the RITC 2026 Alogithmic Market Making Case - practice server,,44,2026-02-12 12:24:27.331725,SMMR,25.11,24.98,25.11,2269700.0,2269200.0
,,,,,,44,2026-02-12 12:24:27.331725,ATMN,24.74,24.74,25.36,2318200.0,2201200.0
,,,,,,44,2026-02-12 12:24:27.331725,WNTR,24.64,24.64,24.69,1862400.0,2350300.0
2.0,1.0,1.0,,Aggregate Position Limit,Your CRO has set the aggregate position limit to 15000 shares for this week.,45,2026-02-12 12:24:28.354118,SPNG,25.19,25.19,25.2,2422100.0,2331400.0
1.0,1.0,1.0,,Welcome to the RITC 2026 Alogithmic Market Making Case - practice server,,45,2026-02-12 12:24:28.354118,SMMR,25.16,24.95,25.16,2307400.0,2245600.0
,,,,,,45,2026-02-12 12:24:28.354118,ATMN,25.36,24.95,25.36,2346500.0,2189400.0
,,,,,,45,2026-02-12 12:24:28.354118,WNTR,24.64,24.64,24.69,1862400.0,2375800.0
2.0,1.0,1.0,,Aggregate Position Limit,Your CRO has set the aggregate position limit to 15000 shares for this week.,46,2026-02-12 12:24:29.366179,SPNG,24.83,25.18,25.2,2403200.0,2337300.0
1.0,1.0,1.0,,Welcome to the RITC 2026 Alogithmic Market Making Case - practice server,,46,2026-02-12 12:24:29.366179,SMMR,24.95,24.95,24.96,2301600.0,2277800.0
,,,,,,46,2026-02-12 12:24:29.366179,ATMN,25.36,25.04,25.05,2311600.0,2186800.0
,,,,,,46,2026-02-12 12:24:29.366179,WNTR,24.55,24.58,24.69,1842200.0,2371300.0
2.0,1.0,1.0,,Aggregate Position Limit,Your CRO has set the aggregate position limit to 15000 shares for this week.,47,2026-02-12 12:24:30.378199,SPNG,24.77,24.77,25.2,2418700.0,2357900.0
1.0,1.0,1.0,,Welcome to the RITC 2026 Alogithmic Market Making Case - practice server,,47,2026-02-12 12:24:30.378199,SMMR,24.96,24.95,24.96,2331500.0,2272500.0
,,,,,,47,2026-02-12 12:24:30.378199,ATMN,25.36,25.04,25.05,2311600.0,2132600.0
,,,,,,47,2026-02-12 12:24:30.378199,WNTR,24.7,24.58,24.7,1842200.0,2360100.0
2.0,1.0,1.0,,Aggregate Position Limit,Your CRO has set the aggregate position limit to 15000 shares for this week.,48,2026-02-12 12:24:31.389869,SPNG,25.2,24.75,25.2,2440600.0,2357900.0
1.0,1.0,1.0,,Welcome to the RITC 2026 Alogithmic Market Making Case - practice server,,48,2026-02-12 12:24:31.389869,SMMR,24.96,25.03,25.05,2356300.0,2266700.0
,,,,,,48,2026-02-12 12:24:31.389869,ATMN,25.05,25.04,25.05,2298100.0,2130500.0
,,,,,,48,2026-02-12 12:24:31.389869,WNTR,24.54,24.54,24.7,1743100.0,2360100.0
2.0,1.0,1.0,,Aggregate Position Limit,Your CRO has set the aggregate position limit to 15000 shares for this week.,49,2026-02-12 12:24:32.401836,SPNG,25.2,25.18,25.2,2419400.0,2357900.0
1.0,1.0,1.0,,Welcome to the RITC 2026 Alogithmic Market Making Case - practice server,,49,2026-02-12 12:24:32.401836,SMMR,24.99,24.99,25.16,2349700.0,2260100.0
,,,,,,49,2026-02-12 12:24:32.401836,ATMN,25.33,25.04,25.33,2339900.0,2148600.0
,,,,,,49,2026-02-12 12:24:32.401836,WNTR,24.7,24.51,24.7,1608500.0,2362300.0
2.0,1.0,1.0,,Aggregate Position Limit,Your CRO has set the aggregate position limit to 15000 shares for this week.,50,2026-02-12 12:24:33.412982,SPNG,25.12,24.92,25.06,2438600.0,2395900.0
1.0,1.0,1.0,,Welcome to the RITC 2026 Alogithmic Market Making Case - practice server,,50,2026-02-12 12:24:33.412982,SMMR,24.99,25.05,25.07,2357600.0,2239200.0
,,,,,,50,2026-02-12 12:24:33.412982,ATMN,25.33,25.04,25.2,2353000.0,2113900.0
,,,,,,50,2026-02-12 12:24:33.412982,WNTR,24.7,24.51,24.65,1737400.0,2384400.0
2.0,1.0,1.0,,Aggregate Position Limit,Your CRO has set the aggregate position limit to 15000 shares for this week.,51,2026-02-12 12:24:34.424769,SPNG,25.34,24.75,25.34,2442700.0,2364300.0
1.0,1.0,1.0,,Welcome to the RITC 2026 Alogithmic Market Making Case - practice server,,51,2026-02-12 12:24:34.424769,SMMR,25.05,24.99,25.04,2371400.0,2235200.0
,,,,,,51,2026-02-12 12:24:34.424769,ATMN,25.2,25.23,25.33,2337500.0,2130000.0
,,,,,,51,2026-02-12 12:24:34.424769,WNTR,24.7,24.5,24.7,1529500.0,2350100.0
2.0,1.0,1.0,,Aggregate Position Limit,Your CRO has set the aggregate position limit to 15000 shares for this week.,52,2026-02-12 12:24:35.437790,SPNG,25.34,25.12,25.34,2434800.0,2352500.0
1.0,1.0,1.0,,Welcome to the RITC 2026 Alogithmic Market Making Case - practice server,,52,2026-02-12 12:24:35.437790,SMMR,24.94,24.94,25.04,2399800.0,2232800.0
,,,,,,52,2026-02-12 12:24:35.437790,ATMN,25.2,25.23,25.33,2337500.0,2158700.0
,,,,,,52,2026-02-12 12:24:35.437790,WNTR,24.71,24.5,24.71,1649300.0,2331900.0
2.0,1.0,1.0,,Aggregate Position Limit,Your CRO has set the aggregate position limit to 15000 shares for this week.,53,2026-02-12 12:24:36.454288,SPNG,25.12,24.75,25.08,2442700.0,2377700.0
1.0,1.0,1.0,,Welcome to the RITC 2026 Alogithmic Market Making Case - practice server,,53,2026-02-12 12:24:36.454288,SMMR,25.07,24.99,25.07,2396400.0,2234200.0
,,,,,,53,2026-02-12 12:24:36.454288,ATMN,24.94,24.94,25.33,2308600.0,2158700.0
,,,,,,53,2026-02-12 12:24:36.454288,WNTR,24.72,24.5,24.72,1649300.0,2359600.0
2.0,1.0,1.0,,Aggregate Position Limit,Your CRO has set the aggregate position limit to 15000 shares for this week.,54,2026-02-12 12:24:37.465523,SPNG,25.39,24.75,25.39,2461600.0,2358300.0
1.0,1.0,1.0,,Welcome to the RITC 2026 Alogithmic Market Making Case - practice server,,54,2026-02-12 12:24:37.465523,SMMR,24.99,24.99,25.07,2380500.0,2234200.0
,,,,,,54,2026-02-12 12:24:37.465523,ATMN,24.94,24.88,24.92,2330200.0,2137200.0
,,,,,,54,2026-02-12 12:24:37.465523,WNTR,24.71,24.46,24.56,1418900.0,2379000.0
2.0,1.0,1.0,,Aggregate Position Limit,Your CRO has set the aggregate position limit to 15000 shares for this week.,55,2026-02-12 12:24:38.476631,SPNG,24.75,24.75,25.1,2462600.0,2357200.0
1.0,1.0,1.0,,Welcome to the RITC 2026 Alogithmic Market Making Case - practice server,,55,2026-02-12 12:24:38.476631,SMMR,24.99,25.04,25.07,2406800.0,2229700.0
,,,,,,55,2026-02-12 12:24:38.476631,ATMN,24.92,25.03,25.31,2357300.0,2122800.0
,,,,,,55,2026-02-12 12:24:38.476631,WNTR,24.67,24.48,24.67,1525200.0,2369200.0
2.0,1.0,1.0,,Aggregate Position Limit,Your CRO has set the aggregate position limit to 15000 shares for this week.,56,2026-02-12 12:24:39.496625,SPNG,24.75,24.93,25.1,2469600.0,2362600.0
1.0,1.0,1.0,,Welcome to the RITC 2026 Alogithmic Market Making Case - practice server,,56,2026-02-12 12:24:39.496625,SMMR,25.04,25.04,25.17,2406800.0,2234700.0
,,,,,,56,2026-02-12 12:24:39.496625,ATMN,25.03,25.03,25.31,2357300.0,2122800.0
,,,,,,56,2026-02-12 12:24:39.496625,WNTR,24.73,24.67,24.73,1661600.0,2351800.0
2.0,1.0,1.0,,Aggregate Position Limit,Your CRO has set the aggregate position limit to 15000 shares for this week.,57,2026-02-12 12:24:40.508639,SPNG,24.75,24.93,25.1,2436700.0,2394500.0
1.0,1.0,1.0,,Welcome to the RITC 2026 Alogithmic Market Making Case - practice server,,57,2026-02-12 12:24:40.508639,SMMR,24.98,24.98,25.18,2373200.0,2262900.0
,,,,,,57,2026-02-12 12:24:40.508639,ATMN,25.13,25.03,25.13,2357300.0,2130000.0
,,,,,,57,2026-02-12 12:24:40.508639,WNTR,24.67,24.67,24.73,1768100.0,2335400.0
2.0,1.0,1.0,,Aggregate Position Limit,Your CRO has set the aggregate position limit to 15000 shares for this week.,58,2026-02-12 12:24:41.524482,SPNG,25.16,25.29,25.39,2437000.0,2364400.0
1.0,1.0,1.0,,Welcome to the RITC 2026 Alogithmic Market Making Case - practice server,,58,2026-02-12 12:24:41.524482,SMMR,25.11,24.98,25.09,2373200.0,2264500.0
,,,,,,58,2026-02-12 12:24:41.524482,ATMN,24.88,24.98,25.13,2360200.0,2130000.0
,,,,,,58,2026-02-12 12:24:41.524482,WNTR,24.74,24.67,24.74,1876300.0,2315300.0
2.0,1.0,1.0,,Aggregate Position Limit,Your CRO has set the aggregate position limit to 15000 shares for this week.,59,2026-02-12 12:24:42.550519,SPNG,25.29,25.08,25.21,2411600.0,2338800.0
1.0,1.0,1.0,,Welcome to the RITC 2026 Alogithmic Market Making Case - practice server,,59,2026-02-12 12:24:42.550519,SMMR,25.11,25.0,25.09,2350900.0,2269500.0
,,,,,,59,2026-02-12 12:24:42.550519,ATMN,24.77,24.77,25.04,2306800.0,2153100.0
,,,,,,59,2026-02-12 12:24:42.550519,WNTR,24.74,24.51,24.74,1842900.0,2315300.0
2.0,1.0,1.0,,Aggregate Position Limit,Your CRO has set the aggregate position limit to 15000 shares for this week.,60,2026-02-12 12:24:43.563556,SPNG,25.39,25.0,25.09,1034400.0,892500.0
1.0,1.0,1.0,,Welcome to the RITC 2026 Alogithmic Market Making Case - practice server,,60,2026-02-12 12:24:43.563556,SMMR,26.07,25.71,25.98,905600.0,845800.0
,,,,,,60,2026-02-12 12:24:43.563556,ATMN,25.04,24.49,24.99,940400.0,855800.0
,,,,,,60,2026-02-12 12:24:43.563556,WNTR,24.55,24.66,0.0,200000.0,
2.0,1.0,1.0,,Aggregate Position Limit,Your CRO has set the aggregate position limit to 15000 shares for this week.,61,2026-02-12 12:24:44.574797,SPNG,25.0,25.0,25.09,1130100.0,1015100.0
1.0,1.0,1.0,,Welcome to the RITC 2026 Alogithmic Market Making Case - practice server,,61,2026-02-12 12:24:44.574797,SMMR,26.07,25.91,25.98,1219300.0,845800.0
,,,,,,61,2026-02-12 12:24:44.574797,ATMN,24.14,24.98,24.99,1152500.0,855800.0
,,,,,,61,2026-02-12 12:24:44.574797,WNTR,24.66,24.66,24.89,852600.0,1026600.0
2.0,1.0,1.0,,Aggregate Position Limit,Your CRO has set the aggregate position limit to 15000 shares for this week.,62,2026-02-12 12:24:45.586491,SPNG,24.66,24.79,25.09,1157600.0,1146800.0
1.0,1.0,1.0,,Welcome to the RITC 2026 Alogithmic Market Making Case - practice server,,62,2026-02-12 12:24:45.586491,SMMR,26.07,25.96,25.98,1533800.0,845800.0
,,,,,,62,2026-02-12 12:24:45.586491,ATMN,23.89,24.25,24.47,1158200.0,990900.0
,,,,,,62,2026-02-12 12:24:45.586491,WNTR,24.66,24.66,24.69,852600.0,1498700.0
2.0,1.0,1.0,,Aggregate Position Limit,Your CRO has set the aggregate position limit to 15000 shares for this week.,63,2026-02-12 12:24:46.604594,SPNG,25.2,24.94,25.2,1386900.0,1128500.0
1.0,1.0,1.0,,Welcome to the RITC 2026 Alogithmic Market Making Case - practice server,,63,2026-02-12 12:24:46.604594,SMMR,26.43,25.96,26.43,1752100.0,936300.0
,,,,,,63,2026-02-12 12:24:46.604594,ATMN,24.25,24.01,24.13,1484000.0,1116400.0
,,,,,,63,2026-02-12 12:24:46.604594,WNTR,24.59,24.59,24.69,1021200.0,1599000.0
2.0,1.0,1.0,,Aggregate Position Limit,Your CRO has set the aggregate position limit to 15000 shares for this week.,64,2026-02-12 12:24:47.620115,SPNG,24.79,24.79,25.2,1290600.0,1365600.0
1.0,1.0,1.0,,Welcome to the RITC 2026 Alogithmic Market Making Case - practice server,,64,2026-02-12 12:24:47.620115,SMMR,25.96,25.96,25.98,1868800.0,1058000.0
,,,,,,64,2026-02-12 12:24:47.620115,ATMN,24.47,24.06,24.47,1722700.0,990900.0
,,,,,,64,2026-02-12 12:24:47.620115,WNTR,24.59,24.59,24.69,1264400.0,1599000.0
2.0,1.0,1.0,,Aggregate Position Limit,Your CRO has set the aggregate position limit to 15000 shares for this week.,65,2026-02-12 12:24:48.635579,SPNG,25.21,24.79,25.21,1538900.0,1363600.0
1.0,1.0,1.0,,Welcome to the RITC 2026 Alogithmic Market Making Case - practice server,,65,2026-02-12 12:24:48.635579,SMMR,25.98,26.12,26.29,1995100.0,1139400.0
,,,,,,65,2026-02-12 12:24:48.635579,ATMN,24.74,24.35,24.74,1950700.0,959600.0
,,,,,,65,2026-02-12 12:24:48.635579,WNTR,24.58,24.58,24.69,1375200.0,1713600.0
2.0,1.0,1.0,,Aggregate Position Limit,Your CRO has set the aggregate position limit to 15000 shares for this week.,66,2026-02-12 12:24:49.654979,SPNG,24.79,24.79,25.21,1428000.0,1471700.0
1.0,1.0,1.0,,Welcome to the RITC 2026 Alogithmic Market Making Case - practice server,,66,2026-02-12 12:24:49.654979,SMMR,26.29,25.96,26.29,1868800.0,1139400.0
,,,,,,66,2026-02-12 12:24:49.654979,ATMN,24.35,24.58,24.74,2067900.0,1047800.0
,,,,,,66,2026-02-12 12:24:49.654979,WNTR,24.57,24.55,24.57,1129600.0,1828800.0
2.0,1.0,1.0,,Aggregate Position Limit,Your CRO has set the aggregate position limit to 15000 shares for this week.,67,2026-02-12 12:24:50.668043,SPNG,24.68,25.15,25.29,1432100.0,1340000.0
1.0,1.0,1.0,,Welcome to the RITC 2026 Alogithmic Market Making Case - practice server,,67,2026-02-12 12:24:50.668043,SMMR,25.96,25.96,26.02,1757700.0,1234500.0
,,,,,,67,2026-02-12 12:24:50.668043,ATMN,24.58,24.58,24.74,2067900.0,1259100.0
,,,,,,67,2026-02-12 12:24:50.668043,WNTR,24.57,24.55,24.57,1461600.0,1828800.0
2.0,1.0,1.0,,Aggregate Position Limit,Your CRO has set the aggregate position limit to 15000 shares for this week.,68,2026-02-12 12:24:51.678767,SPNG,25.29,24.89,25.29,1431000.0,1315100.0
1.0,1.0,1.0,,Welcome to the RITC 2026 Alogithmic Market Making Case - practice server,,68,2026-02-12 12:24:51.678767,SMMR,25.93,25.93,26.03,1640300.0,1226900.0
,,,,,,68,2026-02-12 12:24:51.678767,ATMN,24.06,24.32,24.61,1954500.0,1359600.0
,,,,,,68,2026-02-12 12:24:51.678767,WNTR,24.57,24.65,24.69,1701800.0,1847900.0
2.0,1.0,1.0,,Aggregate Position Limit,Your CRO has set the aggregate position limit to 15000 shares for this week.,69,2026-02-12 12:24:52.689172,SPNG,25.29,24.89,25.29,1431000.0,1648000.0
1.0,1.0,1.0,,Welcome to the RITC 2026 Alogithmic Market Making Case - practice server,,69,2026-02-12 12:24:52.689172,SMMR,25.91,25.91,26.03,1663400.0,1317900.0
,,,,,,69,2026-02-12 12:24:52.689172,ATMN,24.06,24.12,24.61,1950500.0,1489400.0
,,,,,,69,2026-02-12 12:24:52.689172,WNTR,24.55,24.55,24.65,1491600.0,1861600.0
2.0,1.0,1.0,,Aggregate Position Limit,Your CRO has set the aggregate position limit to 15000 shares for this week.,70,2026-02-12 12:24:53.700514,SPNG,24.89,24.89,25.19,1431000.0,1882600.0
1.0,1.0,1.0,,Welcome to the RITC 2026 Alogithmic Market Making Case - practice server,,70,2026-02-12 12:24:53.700514,SMMR,25.78,25.99,26.03,1754900.0,1317900.0
,,,,,,70,2026-02-12 12:24:53.700514,ATMN,24.74,24.2,24.74,2325900.0,1388900.0
,,,,,,70,2026-02-12 12:24:53.700514,WNTR,24.55,24.6,24.65,1737700.0,1990300.0
2.0,1.0,1.0,,Aggregate Position Limit,Your CRO has set the aggregate position limit to 15000 shares for this week.,71,2026-02-12 12:24:54.711717,SPNG,24.85,24.88,25.19,1535900.0,2011600.0
1.0,1.0,1.0,,Welcome to the RITC 2026 Alogithmic Market Making Case - practice server,,71,2026-02-12 12:24:54.711717,SMMR,25.78,25.78,26.03,1775700.0,1447500.0
,,,,,,71,2026-02-12 12:24:54.711717,ATMN,24.82,24.2,24.58,2325900.0,1547500.0
,,,,,,71,2026-02-12 12:24:54.711717,WNTR,24.6,24.62,24.65,2097500.0,1990300.0
2.0,1.0,1.0,,Aggregate Position Limit,Your CRO has set the aggregate position limit to 15000 shares for this week.,72,2026-02-12 12:24:55.723264,SPNG,24.63,24.66,25.19,1448500.0,2011600.0
1.0,1.0,1.0,,Welcome to the RITC 2026 Alogithmic Market Making Case - practice server,,72,2026-02-12 12:24:55.723264,SMMR,26.03,26.09,26.21,2216500.0,1360000.0
,,,,,,72,2026-02-12 12:24:55.723264,ATMN,24.82,24.22,24.58,2388400.0,1639800.0
,,,,,,72,2026-02-12 12:24:55.723264,WNTR,24.65,24.62,24.65,2199500.0,2114000.0
2.0,1.0,1.0,,Aggregate Position Limit,Your CRO has set the aggregate position limit to 15000 shares for this week.,73,2026-02-12 12:24:56.735070,SPNG,24.63,25.06,25.19,1573200.0,2271900.0
1.0,1.0,1.0,,Welcome to the RITC 2026 Alogithmic Market Making Case - practice server,,73,2026-02-12 12:24:56.735070,SMMR,26.24,26.09,26.24,2181200.0,1386000.0
,,,,,,73,2026-02-12 12:24:56.735070,ATMN,24.58,24.23,24.51,2352200.0,1763500.0
,,,,,,73,2026-02-12 12:24:56.735070,WNTR,24.62,24.62,24.67,2325600.0,1986400.0
2.0,1.0,1.0,,Aggregate Position Limit,Your CRO has set the aggregate position limit to 15000 shares for this week.,74,2026-02-12 12:24:57.750225,SPNG,25.06,25.06,25.19,1573200.0,2312600.0
1.0,1.0,1.0,,Welcome to the RITC 2026 Alogithmic Market Making Case - practice server,,74,2026-02-12 12:24:57.750225,SMMR,26.07,26.19,26.24,2157900.0,1615100.0
,,,,,,74,2026-02-12 12:24:57.750225,ATMN,24.58,24.37,24.51,2278800.0,1763500.0
,,,,,,74,2026-02-12 12:24:57.750225,WNTR,24.61,24.6,24.61,2324400.0,2242000.0
2.0,1.0,1.0,,Aggregate Position Limit,Your CRO has set the aggregate position limit to 15000 shares for this week.,75,2026-02-12 12:24:58.762541,SPNG,24.66,24.66,25.19,1557400.0,2313400.0
1.0,1.0,1.0,,Welcome to the RITC 2026 Alogithmic Market Making Case - practice server,,75,2026-02-12 12:24:58.762541,SMMR,26.19,25.95,26.1,2185600.0,1818200.0
,,,,,,75,2026-02-12 12:24:58.762541,ATMN,24.51,24.33,24.51,2260000.0,1860400.0
,,,,,,75,2026-02-12 12:24:58.762541,WNTR,24.72,24.6,24.72,2324400.0,1995500.0
2.0,1.0,1.0,,Aggregate Position Limit,Your CRO has set the aggregate position limit to 15000 shares for this week.,76,2026-02-12 12:24:59.773850,SPNG,24.63,24.63,25.19,1558100.0,2313400.0
1.0,1.0,1.0,,Welcome to the RITC 2026 Alogithmic Market Making Case - practice server,,76,2026-02-12 12:24:59.773850,SMMR,26.17,25.95,26.13,2185600.0,1824700.0
,,,,,,76,2026-02-12 12:24:59.773850,ATMN,24.33,24.23,24.31,2307100.0,2070800.0
,,,,,,76,2026-02-12 12:24:59.773850,WNTR,24.73,24.67,24.73,2301200.0,1726400.0
2.0,1.0,1.0,,Aggregate Position Limit,Your CRO has set the aggregate position limit to 15000 shares for this week.,77,2026-02-12 12:25:00.795242,SPNG,25.12,24.63,25.07,1558100.0,2335200.0
1.0,1.0,1.0,,Welcome to the RITC 2026 Alogithmic Market Making Case - practice server,,77,2026-02-12 12:25:00.795242,SMMR,26.13,26.14,26.24,2186000.0,2003400.0
,,,,,,77,2026-02-12 12:25:00.795242,ATMN,24.33,24.25,24.31,2309200.0,2070800.0
,,,,,,77,2026-02-12 12:25:00.795242,WNTR,24.77,24.7,24.77,2272100.0,1610200.0
2.0,1.0,1.0,,Aggregate Position Limit,Your CRO has set the aggregate position limit to 15000 shares for this week.,78,2026-02-12 12:25:01.806251,SPNG,25.19,24.81,25.19,1935900.0,2313400.0
1.0,1.0,1.0,,Welcome to the RITC 2026 Alogithmic Market Making Case - practice server,,78,2026-02-12 12:25:01.806251,SMMR,25.95,25.95,26.15,2185600.0,2130000.0
,,,,,,78,2026-02-12 12:25:01.806251,ATMN,24.82,24.41,24.82,2305300.0,1726000.0
,,,,,,78,2026-02-12 12:25:01.806251,WNTR,24.77,24.75,24.77,2279200.0,1610200.0
2.0,1.0,1.0,,Aggregate Position Limit,Your CRO has set the aggregate position limit to 15000 shares for this week.,79,2026-02-12 12:25:02.819607,SPNG,24.81,24.81,25.19,1935900.0,2313400.0
1.0,1.0,1.0,,Welcome to the RITC 2026 Alogithmic Market Making Case - practice server,,79,2026-02-12 12:25:02.819607,SMMR,25.95,25.95,26.15,2188200.0,2106500.0
,,,,,,79,2026-02-12 12:25:02.819607,ATMN,24.38,24.54,24.82,2337300.0,1834500.0
,,,,,,79,2026-02-12 12:25:02.819607,WNTR,24.7,24.74,24.77,2316000.0,1491300.0
2.0,1.0,1.0,,Aggregate Position Limit,Your CRO has set the aggregate position limit to 15000 shares for this week.,80,2026-02-12 12:25:03.832529,SPNG,25.19,24.54,25.19,1561000.0,2277000.0
1.0,1.0,1.0,,Welcome to the RITC 2026 Alogithmic Market Making Case - practice server,,80,2026-02-12 12:25:03.832529,SMMR,25.93,25.99,26.08,2185700.0,2123100.0
,,,,,,80,2026-02-12 12:25:03.832529,ATMN,24.25,24.25,24.62,2309200.0,2188100.0
,,,,,,80,2026-02-12 12:25:03.832529,WNTR,24.89,24.77,24.89,2349700.0,1133700.0
2.0,1.0,1.0,,Aggregate Position Limit,Your CRO has set the aggregate position limit to 15000 shares for this week.,81,2026-02-12 12:25:04.844709,SPNG,25.19,25.06,25.19,2054100.0,2277000.0
1.0,1.0,1.0,,Welcome to the RITC 2026 Alogithmic Market Making Case - practice server,,81,2026-02-12 12:25:04.844709,SMMR,25.99,25.99,26.12,2185700.0,2092800.0
,,,,,,81,2026-02-12 12:25:04.844709,ATMN,24.62,24.62,24.81,2308300.0,2065300.0
,,,,,,81,2026-02-12 12:25:04.844709,WNTR,24.74,24.78,24.89,2346800.0,1238000.0
2.0,1.0,1.0,,Aggregate Position Limit,Your CRO has set the aggregate position limit to 15000 shares for this week.,82,2026-02-12 12:25:05.857969,SPNG,24.97,24.97,25.23,2044200.0,2236400.0
1.0,1.0,1.0,,Welcome to the RITC 2026 Alogithmic Market Making Case - practice server,,82,2026-02-12 12:25:05.857969,SMMR,26.15,25.99,26.15,2189600.0,2094300.0
,,,,,,82,2026-02-12 12:25:05.857969,ATMN,24.62,24.62,24.81,2308300.0,2224000.0
,,,,,,82,2026-02-12 12:25:05.857969,WNTR,24.89,24.78,24.88,2346800.0,1391100.0
2.0,1.0,1.0,,Aggregate Position Limit,Your CRO has set the aggregate position limit to 15000 shares for this week.,83,2026-02-12 12:25:06.869250,SPNG,24.97,24.97,25.31,2044200.0,2206700.0
1.0,1.0,1.0,,Welcome to the RITC 2026 Alogithmic Market Making Case - practice server,,83,2026-02-12 12:25:06.869250,SMMR,26.15,25.92,26.15,2190700.0,2094300.0
,,,,,,83,2026-02-12 12:25:06.869250,ATMN,24.62,24.62,24.74,2308300.0,2282400.0
,,,,,,83,2026-02-12 12:25:06.869250,WNTR,24.89,24.78,24.89,2365900.0,1274500.0
2.0,1.0,1.0,,Aggregate Position Limit,Your CRO has set the aggregate position limit to 15000 shares for this week.,84,2026-02-12 12:25:07.882546,SPNG,24.97,25.19,25.21,2180600.0,2276200.0
1.0,1.0,1.0,,Welcome to the RITC 2026 Alogithmic Market Making Case - practice server,,84,2026-02-12 12:25:07.882546,SMMR,26.24,25.92,26.24,2190700.0,2106400.0
,,,,,,84,2026-02-12 12:25:07.882546,ATMN,24.62,24.62,24.74,2308300.0,2316000.0
,,,,,,84,2026-02-12 12:25:07.882546,WNTR,24.9,24.75,24.9,2343300.0,1278400.0
2.0,1.0,1.0,,Aggregate Position Limit,Your CRO has set the aggregate position limit to 15000 shares for this week.,85,2026-02-12 12:25:08.894208,SPNG,25.19,25.19,25.21,2180600.0,2297800.0
1.0,1.0,1.0,,Welcome to the RITC 2026 Alogithmic Market Making Case - practice server,,85,2026-02-12 12:25:08.894208,SMMR,26.24,26.04,26.19,2207500.0,2068700.0
,,,,,,85,2026-02-12 12:25:08.894208,ATMN,24.22,24.22,24.67,2324700.0,2288300.0
,,,,,,85,2026-02-12 12:25:08.894208,WNTR,24.9,24.82,24.9,2339500.0,1512500.0
2.0,1.0,1.0,,Aggregate Position Limit,Your CRO has set the aggregate position limit to 15000 shares for this week.,86,2026-02-12 12:25:09.910576,SPNG,25.19,24.97,25.15,2143900.0,2327600.0
1.0,1.0,1.0,,Welcome to the RITC 2026 Alogithmic Market Making Case - practice server,,86,2026-02-12 12:25:09.910576,SMMR,26.04,26.04,26.24,2207500.0,2095200.0
,,,,,,86,2026-02-12 12:25:09.910576,ATMN,24.22,24.22,24.49,2324700.0,2285300.0
,,,,,,86,2026-02-12 12:25:09.910576,WNTR,24.91,24.75,24.87,2343300.0,1647300.0
2.0,1.0,1.0,,Aggregate Position Limit,Your CRO has set the aggregate position limit to 15000 shares for this week.,87,2026-02-12 12:25:10.927402,SPNG,24.78,24.7,24.78,2169200.0,2360100.0
1.0,1.0,1.0,,Welcome to the RITC 2026 Alogithmic Market Making Case - practice server,,87,2026-02-12 12:25:10.927402,SMMR,26.04,26.17,26.22,2200000.0,2130200.0
,,,,,,87,2026-02-12 12:25:10.927402,ATMN,24.18,24.18,24.49,2342500.0,2285300.0
,,,,,,87,2026-02-12 12:25:10.927402,WNTR,24.91,24.83,24.87,2361400.0,1752900.0
2.0,1.0,1.0,,Aggregate Position Limit,Your CRO has set the aggregate position limit to 15000 shares for this week.,88,2026-02-12 12:25:11.941427,SPNG,24.78,24.7,24.78,2563300.0,2360100.0
1.0,1.0,1.0,,Welcome to the RITC 2026 Alogithmic Market Making Case - practice server,,88,2026-02-12 12:25:11.941427,SMMR,26.04,25.92,26.02,2190700.0,2158300.0
,,,,,,88,2026-02-12 12:25:11.941427,ATMN,24.16,24.16,24.47,2304200.0,2296300.0
,,,,,,88,2026-02-12 12:25:11.941427,WNTR,24.91,24.85,24.87,2377000.0,1752900.0
2.0,1.0,1.0,,Aggregate Position Limit,Your CRO has set the aggregate position limit to 15000 shares for this week.,89,2026-02-12 12:25:12.955486,SPNG,24.7,24.7,25.21,2563300.0,2328300.0
1.0,1.0,1.0,,Welcome to the RITC 2026 Alogithmic Market Making Case - practice server,,89,2026-02-12 12:25:12.955486,SMMR,26.04,25.92,25.98,2206200.0,2218700.0
,,,,,,89,2026-02-12 12:25:12.955486,ATMN,24.49,24.12,24.49,2308400.0,2298900.0
,,,,,,89,2026-02-12 12:25:12.955486,WNTR,24.87,24.85,24.87,2384800.0,1752900.0
2.0,1.0,1.0,,Aggregate Position Limit,Your CRO has set the aggregate position limit to 15000 shares for this week.,90,2026-02-12 12:25:13.971051,SPNG,24.7,25.13,25.21,2646200.0,2341700.0
1.0,1.0,1.0,,Welcome to the RITC 2026 Alogithmic Market Making Case - practice server,,90,2026-02-12 12:25:13.971051,SMMR,26.16,26.05,26.16,2206600.0,2161400.0
,,,,,,90,2026-02-12 12:25:13.971051,ATMN,24.14,24.14,24.49,2309300.0,2298900.0
,,,,,,90,2026-02-12 12:25:13.971051,WNTR,24.88,24.89,24.91,2394300.0,1617300.0
2.0,1.0,1.0,,Aggregate Position Limit,Your CRO has set the aggregate position limit to 15000 shares for this week.,91,2026-02-12 12:25:14.982766,SPNG,24.96,24.96,25.12,2697700.0,2336100.0
1.0,1.0,1.0,,Welcome to the RITC 2026 Alogithmic Market Making Case - practice server,,91,2026-02-12 12:25:14.982766,SMMR,26.05,25.92,26.04,2206200.0,2178200.0
,,,,,,91,2026-02-12 12:25:14.982766,ATMN,24.56,24.08,24.56,2352500.0,2307500.0
,,,,,,91,2026-02-12 12:25:14.982766,WNTR,24.89,24.85,24.86,2384800.0,1731900.0
2.0,1.0,1.0,,Aggregate Position Limit,Your CRO has set the aggregate position limit to 15000 shares for this week.,92,2026-02-12 12:25:15.997546,SPNG,24.96,24.79,24.94,2683400.0,2411700.0
1.0,1.0,1.0,,Welcome to the RITC 2026 Alogithmic Market Making Case - practice server,,92,2026-02-12 12:25:15.997546,SMMR,25.92,25.99,26.19,2202700.0,2146200.0
,,,,,,92,2026-02-12 12:25:15.997546,ATMN,24.06,24.06,24.18,2314900.0,2293200.0
,,,,,,92,2026-02-12 12:25:15.997546,WNTR,24.83,24.83,24.86,2388600.0,1923500.0
2.0,1.0,1.0,,Aggregate Position Limit,Your CRO has set the aggregate position limit to 15000 shares for this week.,93,2026-02-12 12:25:17.014154,SPNG,24.51,24.51,25.12,2291100.0,2344100.0
1.0,1.0,1.0,,Welcome to the RITC 2026 Alogithmic Market Making Case - practice server,,93,2026-02-12 12:25:17.014154,SMMR,25.92,25.99,26.14,2190700.0,2158900.0
,,,,,,93,2026-02-12 12:25:17.014154,ATMN,24.06,24.06,24.56,2301300.0,2307500.0
,,,,,,93,2026-02-12 12:25:17.014154,WNTR,24.91,24.9,24.91,2354100.0,1942500.0
2.0,1.0,1.0,,Aggregate Position Limit,Your CRO has set the aggregate position limit to 15000 shares for this week.,94,2026-02-12 12:25:18.032614,SPNG,25.21,24.73,25.21,2552400.0,2300500.0
1.0,1.0,1.0,,Welcome to the RITC 2026 Alogithmic Market Making Case - practice server,,94,2026-02-12 12:25:18.032614,SMMR,25.92,25.99,26.03,2190700.0,2128400.0
,,,,,,94,2026-02-12 12:25:18.032614,ATMN,24.06,24.4,24.56,2305800.0,2312900.0
,,,,,,94,2026-02-12 12:25:18.032614,WNTR,24.91,24.93,24.95,2352900.0,1928700.0
2.0,1.0,1.0,,Aggregate Position Limit,Your CRO has set the aggregate position limit to 15000 shares for this week.,95,2026-02-12 12:25:19.049978,SPNG,24.73,24.73,25.21,2667200.0,2300500.0
1.0,1.0,1.0,,Welcome to the RITC 2026 Alogithmic Market Making Case - practice server,,95,2026-02-12 12:25:19.049978,SMMR,26.09,25.99,26.09,2183500.0,2143600.0
,,,,,,95,2026-02-12 12:25:19.049978,ATMN,24.4,24.06,24.15,2266800.0,2314000.0
,,,,,,95,2026-02-12 12:25:19.049978,WNTR,24.97,24.93,24.97,2337400.0,1689000.0
2.0,1.0,1.0,,Aggregate Position Limit,Your CRO has set the aggregate position limit to 15000 shares for this week.,96,2026-02-12 12:25:20.062560,SPNG,24.73,24.73,25.21,2667200.0,2329000.0
1.0,1.0,1.0,,Welcome to the RITC 2026 Alogithmic Market Making Case - practice server,,96,2026-02-12 12:25:20.062560,SMMR,25.91,25.91,26.09,2160100.0,2143600.0
,,,,,,96,2026-02-12 12:25:20.062560,ATMN,24.15,24.22,24.38,2269600.0,2335500.0
,,,,,,96,2026-02-12 12:25:20.062560,WNTR,24.82,24.82,24.92,2379100.0,1806900.0
2.0,1.0,1.0,,Aggregate Position Limit,Your CRO has set the aggregate position limit to 15000 shares for this week.,97,2026-02-12 12:25:21.073939,SPNG,24.68,24.68,25.12,2649100.0,2341100.0
1.0,1.0,1.0,,Welcome to the RITC 2026 Alogithmic Market Making Case - practice server,,97,2026-02-12 12:25:21.073939,SMMR,26.14,26.16,26.19,2148800.0,2141900.0
,,,,,,97,2026-02-12 12:25:21.073939,ATMN,24.22,24.22,24.34,2269600.0,2328200.0
,,,,,,97,2026-02-12 12:25:21.073939,WNTR,24.99,24.82,24.99,2380800.0,1580600.0
2.0,1.0,1.0,,Aggregate Position Limit,Your CRO has set the aggregate position limit to 15000 shares for this week.,98,2026-02-12 12:25:22.085453,SPNG,24.68,24.68,25.12,2540200.0,2341100.0
1.0,1.0,1.0,,Welcome to the RITC 2026 Alogithmic Market Making Case - practice server,,98,2026-02-12 12:25:22.085453,SMMR,26.16,25.91,26.08,2132500.0,2149300.0
,,,,,,98,2026-02-12 12:25:22.085453,ATMN,24.38,24.22,24.38,2269600.0,2348600.0
,,,,,,98,2026-02-12 12:25:22.085453,WNTR,24.99,24.93,24.95,2350600.0,1815800.0
2.0,1.0,1.0,,Aggregate Position Limit,Your CRO has set the aggregate position limit to 15000 shares for this week.,99,2026-02-12 12:25:23.102344,SPNG,24.68,25.05,25.12,2477700.0,2376300.0
1.0,1.0,1.0,,Welcome to the RITC 2026 Alogithmic Market Making Case - practice server,,99,2026-02-12 12:25:23.102344,SMMR,26.16,25.91,25.92,2105600.0,2148100.0
,,,,,,99,2026-02-12 12:25:23.102344,ATMN,24.38,24.22,24.25,2269600.0,2368800.0
,,,,,,99,2026-02-12 12:25:23.102344,WNTR,25.02,24.82,25.02,2376800.0,1564800.0
2.0,1.0,1.0,,Aggregate Position Limit,Your CRO has set the aggregate position limit to 15000 shares for this week.,100,2026-02-12 12:25:24.115905,SPNG,24.68,24.68,25.12,2540200.0,2393300.0
1.0,1.0,1.0,,Welcome to the RITC 2026 Alogithmic Market Making Case - practice server,,100,2026-02-12 12:25:24.115905,SMMR,25.92,25.91,25.92,2102200.0,2148100.0
,,,,,,100,2026-02-12 12:25:24.115905,ATMN,24.03,24.03,24.04,2245400.0,2336500.0
,,,,,,100,2026-02-12 12:25:24.115905,WNTR,24.83,24.83,24.87,2371900.0,1770400.0
2.0,1.0,1.0,,Aggregate Position Limit,Your CRO has set the aggregate position limit to 15000 shares for this week.,101,2026-02-12 12:25:25.150680,SPNG,24.68,24.98,25.12,2459000.0,2393300.0
1.0,1.0,1.0,,Welcome to the RITC 2026 Alogithmic Market Making Case - practice server,,101,2026-02-12 12:25:25.150680,SMMR,26.08,26.08,26.19,2101000.0,2164500.0
,,,,,,101,2026-02-12 12:25:25.150680,ATMN,24.25,24.26,24.38,2307500.0,2349900.0
,,,,,,101,2026-02-12 12:25:25.150680,WNTR,24.82,24.82,24.87,2392300.0,1906100.0
2.0,1.0,1.0,,Aggregate Position Limit,Your CRO has set the aggregate position limit to 15000 shares for this week.,102,2026-02-12 12:25:26.167192,SPNG,25.12,24.71,25.12,2448000.0,2393300.0
1.0,1.0,1.0,,Welcome to the RITC 2026 Alogithmic Market Making Case - practice server,,102,2026-02-12 12:25:26.167192,SMMR,26.05,25.91,25.92,2097300.0,2157800.0
,,,,,,102,2026-02-12 12:25:26.167192,ATMN,24.09,24.12,24.38,2279500.0,2349900.0
,,,,,,102,2026-02-12 12:25:26.167192,WNTR,24.91,24.78,24.91,2371500.0,1810700.0
2.0,1.0,1.0,,Aggregate Position Limit,Your CRO has set the aggregate position limit to 15000 shares for this week.,103,2026-02-12 12:25:27.179968,SPNG,25.18,24.71,25.05,2439500.0,2388100.0
1.0,1.0,1.0,,Welcome to the RITC 2026 Alogithmic Market Making Case - practice server,,103,2026-02-12 12:25:27.179968,SMMR,26.12,25.91,25.95,2097300.0,2160000.0
,,,,,,103,2026-02-12 12:25:27.179968,ATMN,24.12,24.03,24.12,2249400.0,2380700.0
,,,,,,103,2026-02-12 12:25:27.179968,WNTR,24.76,24.75,24.76,2362100.0,1939700.0
2.0,1.0,1.0,,Aggregate Position Limit,Your CRO has set the aggregate position limit to 15000 shares for this week.,104,2026-02-12 12:25:28.191939,SPNG,25.05,25.07,25.18,2408600.0,2375800.0
1.0,1.0,1.0,,Welcome to the RITC 2026 Alogithmic Market Making Case - practice server,,104,2026-02-12 12:25:28.191939,SMMR,26.06,25.91,26.06,2097300.0,2151300.0
,,,,,,104,2026-02-12 12:25:28.191939,ATMN,24.12,24.03,24.12,2244000.0,2374000.0
,,,,,,104,2026-02-12 12:25:28.191939,WNTR,24.76,24.78,24.86,2365700.0,1908200.0
2.0,1.0,1.0,,Aggregate Position Limit,Your CRO has set the aggregate position limit to 15000 shares for this week.,105,2026-02-12 12:25:29.203568,SPNG,24.99,24.71,24.73,2404600.0,2406800.0
1.0,1.0,1.0,,Welcome to the RITC 2026 Alogithmic Market Making Case - practice server,,105,2026-02-12 12:25:29.203568,SMMR,25.91,25.91,26.06,2097300.0,2167000.0
,,,,,,105,2026-02-12 12:25:29.203568,ATMN,24.03,24.01,24.03,2279600.0,2334000.0
,,,,,,105,2026-02-12 12:25:29.203568,WNTR,24.91,24.78,24.91,2365700.0,1933000.0
2.0,1.0,1.0,,Aggregate Position Limit,Your CRO has set the aggregate position limit to 15000 shares for this week.,106,2026-02-12 12:25:30.217149,SPNG,24.73,24.96,25.12,2420400.0,2400900.0
1.0,1.0,1.0,,Welcome to the RITC 2026 Alogithmic Market Making Case - practice server,,106,2026-02-12 12:25:30.217149,SMMR,26.13,26.11,26.13,2096500.0,2137100.0
,,,,,,106,2026-02-12 12:25:30.217149,ATMN,24.16,24.01,24.16,2279600.0,2343000.0
,,,,,,106,2026-02-12 12:25:30.217149,WNTR,24.91,24.78,24.85,2377000.0,1936000.0
2.0,1.0,1.0,,Aggregate Position Limit,Your CRO has set the aggregate position limit to 15000 shares for this week.,107,2026-02-12 12:25:31.229339,SPNG,25.21,24.96,25.21,2402600.0,2433800.0
1.0,1.0,1.0,,Welcome to the RITC 2026 Alogithmic Market Making Case - practice server,,107,2026-02-12 12:25:31.229339,SMMR,26.11,26.11,26.13,2087400.0,2137100.0
,,,,,,107,2026-02-12 12:25:31.229339,ATMN,24.0,24.0,24.16,2278700.0,2343000.0
,,,,,,107,2026-02-12 12:25:31.229339,WNTR,24.92,24.78,24.92,2400600.0,1822800.0
2.0,1.0,1.0,,Aggregate Position Limit,Your CRO has set the aggregate position limit to 15000 shares for this week.,108,2026-02-12 12:25:32.240642,SPNG,24.71,24.95,25.21,2453400.0,2433800.0
1.0,1.0,1.0,,Welcome to the RITC 2026 Alogithmic Market Making Case - practice server,,108,2026-02-12 12:25:32.240642,SMMR,26.04,25.91,25.93,2078100.0,2135100.0
,,,,,,108,2026-02-12 12:25:32.240642,ATMN,24.0,24.0,24.16,2293000.0,2355500.0
,,,,,,108,2026-02-12 12:25:32.240642,WNTR,24.97,24.91,24.97,2396100.0,1792800.0
2.0,1.0,1.0,,Aggregate Position Limit,Your CRO has set the aggregate position limit to 15000 shares for this week.,109,2026-02-12 12:25:33.252103,SPNG,24.71,24.99,25.01,2448500.0,2475700.0
1.0,1.0,1.0,,Welcome to the RITC 2026 Alogithmic Market Making Case - practice server,,109,2026-02-12 12:25:33.252103,SMMR,25.93,25.93,26.04,2097500.0,2133300.0
,,,,,,109,2026-02-12 12:25:33.252103,ATMN,24.0,24.0,24.02,2258700.0,2343500.0
,,,,,,109,2026-02-12 12:25:33.252103,WNTR,24.96,24.91,24.93,2396100.0,1925600.0
2.0,1.0,1.0,,Aggregate Position Limit,Your CRO has set the aggregate position limit to 15000 shares for this week.,110,2026-02-12 12:25:34.263895,SPNG,25.01,24.99,25.01,2406800.0,2475700.0
1.0,1.0,1.0,,Welcome to the RITC 2026 Alogithmic Market Making Case - practice server,,110,2026-02-12 12:25:34.263895,SMMR,25.91,25.91,26.03,2129300.0,2121400.0
,,,,,,110,2026-02-12 12:25:34.263895,ATMN,24.02,23.99,24.02,2274900.0,2343500.0
,,,,,,110,2026-02-12 12:25:34.263895,WNTR,24.85,24.85,24.86,2411700.0,2018300.0
2.0,1.0,1.0,,Aggregate Position Limit,Your CRO has set the aggregate position limit to 15000 shares for this week.,111,2026-02-12 12:25:35.276026,SPNG,25.25,24.99,25.25,2406800.0,2399800.0
1.0,1.0,1.0,,Welcome to the RITC 2026 Alogithmic Market Making Case - practice server,,111,2026-02-12 12:25:35.276026,SMMR,26.03,25.91,26.03,2129300.0,2139000.0
,,,,,,111,2026-02-12 12:25:35.276026,ATMN,24.28,23.99,24.16,2274900.0,2315000.0
,,,,,,111,2026-02-12 12:25:35.276026,WNTR,24.8,24.8,24.86,2442400.0,2138900.0
2.0,1.0,1.0,,Aggregate Position Limit,Your CRO has set the aggregate position limit to 15000 shares for this week.,112,2026-02-12 12:25:36.288964,SPNG,24.99,24.99,25.25,2417800.0,2399800.0
1.0,1.0,1.0,,Welcome to the RITC 2026 Alogithmic Market Making Case - practice server,,112,2026-02-12 12:25:36.288964,SMMR,26.13,26.04,26.13,2138500.0,2154600.0
,,,,,,112,2026-02-12 12:25:36.288964,ATMN,24.13,24.13,24.16,2222800.0,2315000.0
,,,,,,112,2026-02-12 12:25:36.288964,WNTR,24.93,24.8,24.85,2443300.0,2161000.0
2.0,1.0,1.0,,Aggregate Position Limit,Your CRO has set the aggregate position limit to 15000 shares for this week.,113,2026-02-12 12:25:37.311081,SPNG,24.99,24.99,25.25,2417800.0,2456200.0
1.0,1.0,1.0,,Welcome to the RITC 2026 Alogithmic Market Making Case - practice server,,113,2026-02-12 12:25:37.311081,SMMR,25.91,25.91,26.21,2129300.0,2183400.0
,,,,,,113,2026-02-12 12:25:37.311081,ATMN,24.28,24.13,24.25,2222800.0,2332200.0
,,,,,,113,2026-02-12 12:25:37.311081,WNTR,24.93,24.8,24.85,2466300.0,2273400.0
2.0,1.0,1.0,,Aggregate Position Limit,Your CRO has set the aggregate position limit to 15000 shares for this week.,114,2026-02-12 12:25:38.323492,SPNG,25.08,24.99,25.08,2417800.0,2472600.0
1.0,1.0,1.0,,Welcome to the RITC 2026 Alogithmic Market Making Case - practice server,,114,2026-02-12 12:25:38.323492,SMMR,26.18,26.18,26.21,2143600.0,2191900.0
,,,,,,114,2026-02-12 12:25:38.323492,ATMN,23.98,23.98,24.25,2253700.0,2349300.0
,,,,,,114,2026-02-12 12:25:38.323492,WNTR,24.93,24.8,24.85,2457200.0,2273400.0
2.0,1.0,1.0,,Aggregate Position Limit,Your CRO has set the aggregate position limit to 15000 shares for this week.,115,2026-02-12 12:25:39.334467,SPNG,24.95,24.96,25.08,2390600.0,2438200.0
1.0,1.0,1.0,,Welcome to the RITC 2026 Alogithmic Market Making Case - practice server,,115,2026-02-12 12:25:39.334467,SMMR,26.18,25.91,26.01,2129300.0,2176700.0
,,,,,,115,2026-02-12 12:25:39.334467,ATMN,24.25,24.0,24.25,2270000.0,2349300.0
,,,,,,115,2026-02-12 12:25:39.334467,WNTR,24.85,24.8,24.85,2447000.0,2273400.0
2.0,1.0,1.0,,Aggregate Position Limit,Your CRO has set the aggregate position limit to 15000 shares for this week.,116,2026-02-12 12:25:40.346767,SPNG,25.25,24.96,25.25,2423400.0,2408900.0
1.0,1.0,1.0,,Welcome to the RITC 2026 Alogithmic Market Making Case - practice server,,116,2026-02-12 12:25:40.346767,SMMR,25.9,26.0,26.01,2133900.0,2184100.0
,,,,,,116,2026-02-12 12:25:40.346767,ATMN,24.05,24.0,24.05,2270000.0,2328100.0
,,,,,,116,2026-02-12 12:25:40.346767,WNTR,24.78,24.78,24.84,2434700.0,2252100.0
2.0,1.0,1.0,,Aggregate Position Limit,Your CRO has set the aggregate position limit to 15000 shares for this week.,117,2026-02-12 12:25:41.358557,SPNG,25.31,25.0,25.31,2419600.0,2436100.0
1.0,1.0,1.0,,Welcome to the RITC 2026 Alogithmic Market Making Case - practice server,,117,2026-02-12 12:25:41.358557,SMMR,26.0,26.0,26.18,2133900.0,2208600.0
,,,,,,117,2026-02-12 12:25:41.358557,ATMN,23.93,23.93,24.33,2260000.0,2320900.0
,,,,,,117,2026-02-12 12:25:41.358557,WNTR,24.97,24.87,24.97,2385400.0,1913400.0
2.0,1.0,1.0,,Aggregate Position Limit,Your CRO has set the aggregate position limit to 15000 shares for this week.,118,2026-02-12 12:25:42.374866,SPNG,24.95,24.95,25.31,2408200.0,2436100.0
1.0,1.0,1.0,,Welcome to the RITC 2026 Alogithmic Market Making Case - practice server,,118,2026-02-12 12:25:42.374866,SMMR,26.12,26.0,26.12,2133900.0,2186900.0
,,,,,,118,2026-02-12 12:25:42.374866,ATMN,24.34,23.93,24.06,2277100.0,2350300.0
,,,,,,118,2026-02-12 12:25:42.374866,WNTR,24.78,24.84,25.02,2362000.0,1711500.0
2.0,1.0,1.0,,Aggregate Position Limit,Your CRO has set the aggregate position limit to 15000 shares for this week.,119,2026-02-12 12:25:43.386465,SPNG,25.26,25.26,25.31,2435800.0,2403500.0
1.0,1.0,1.0,,Welcome to the RITC 2026 Alogithmic Market Making Case - practice server,,119,2026-02-12 12:25:43.386465,SMMR,26.12,26.05,26.12,2134300.0,2201600.0
,,,,,,119,2026-02-12 12:25:43.386465,ATMN,24.37,23.89,24.37,2269100.0,2335100.0
,,,,,,119,2026-02-12 12:25:43.386465,WNTR,24.78,24.84,24.85,2355900.0,1946700.0
2.0,1.0,1.0,,Aggregate Position Limit,Your CRO has set the aggregate position limit to 15000 shares for this week.,120,2026-02-12 12:25:44.398524,SPNG,24.17,24.17,24.84,1088400.0,929100.0
1.0,1.0,1.0,,Welcome to the RITC 2026 Alogithmic Market Making Case - practice server,,120,2026-02-12 12:25:44.398524,SMMR,26.05,24.45,25.08,861200.0,875200.0
,,,,,,120,2026-02-12 12:25:44.398524,ATMN,26.24,26.24,26.7,1155200.0,729100.0
,,,,,,120,2026-02-12 12:25:44.398524,WNTR,24.78,24.17,24.23,967200.0,1029700.0
2.0,1.0,1.0,,Aggregate Position Limit,Your CRO has set the aggregate position limit to 15000 shares for this week.,121,2026-02-12 12:25:45.410434,SPNG,24.17,24.17,24.39,1088400.0,1387700.0
1.0,1.0,1.0,,Welcome to the RITC 2026 Alogithmic Market Making Case - practice server,,121,2026-02-12 12:25:45.410434,SMMR,26.05,24.45,24.56,861200.0,1319300.0
,,,,,,121,2026-02-12 12:25:45.410434,ATMN,26.21,25.71,26.19,1282700.0,815700.0
,,,,,,121,2026-02-12 12:25:45.410434,WNTR,24.17,24.17,24.22,1012100.0,1229200.0
2.0,1.0,1.0,,Aggregate Position Limit,Your CRO has set the aggregate position limit to 15000 shares for this week.,122,2026-02-12 12:25:46.425213,SPNG,23.29,23.73,24.39,1200600.0,1387700.0
1.0,1.0,1.0,,Welcome to the RITC 2026 Alogithmic Market Making Case - practice server,,122,2026-02-12 12:25:46.425213,SMMR,24.45,23.82,24.4,872500.0,1653400.0
,,,,,,122,2026-02-12 12:25:46.425213,ATMN,26.19,26.37,26.7,1637500.0,729100.0
,,,,,,122,2026-02-12 12:25:46.425213,WNTR,24.06,23.91,24.06,1001300.0,1224400.0
2.0,1.0,1.0,,Aggregate Position Limit,Your CRO has set the aggregate position limit to 15000 shares for this week.,123,2026-02-12 12:25:47.438449,SPNG,23.57,24.31,24.39,1325200.0,1387700.0
1.0,1.0,1.0,,Welcome to the RITC 2026 Alogithmic Market Making Case - practice server,,123,2026-02-12 12:25:47.438449,SMMR,23.82,23.82,23.83,882400.0,1879800.0
,,,,,,123,2026-02-12 12:25:47.438449,ATMN,25.71,26.36,26.66,1610600.0,914600.0
,,,,,,123,2026-02-12 12:25:47.438449,WNTR,24.06,24.12,24.16,1408300.0,1235100.0
2.0,1.0,1.0,,Aggregate Position Limit,Your CRO has set the aggregate position limit to 15000 shares for this week.,124,2026-02-12 12:25:48.454799,SPNG,24.31,23.29,24.27,1204800.0,1730600.0
1.0,1.0,1.0,,Welcome to the RITC 2026 Alogithmic Market Making Case - practice server,,124,2026-02-12 12:25:48.454799,SMMR,23.83,23.82,23.83,1199700.0,1879800.0
,,,,,,124,2026-02-12 12:25:48.454799,ATMN,25.71,25.71,26.66,1521900.0,1122300.0
,,,,,,124,2026-02-12 12:25:48.454799,WNTR,24.16,24.21,24.23,1613700.0,1128300.0
2.0,1.0,1.0,,Aggregate Position Limit,Your CRO has set the aggregate position limit to 15000 shares for this week.,125,2026-02-12 12:25:49.466756,SPNG,23.29,22.74,23.08,1489800.0,1870900.0
1.0,1.0,1.0,,Welcome to the RITC 2026 Alogithmic Market Making Case - practice server,,125,2026-02-12 12:25:49.466756,SMMR,23.93,24.04,24.34,1348600.0,1764400.0
,,,,,,125,2026-02-12 12:25:49.466756,ATMN,25.54,25.54,26.6,1504200.0,1237600.0
,,,,,,125,2026-02-12 12:25:49.466756,WNTR,24.23,24.25,24.38,1753500.0,992700.0
2.0,1.0,1.0,,Aggregate Position Limit,Your CRO has set the aggregate position limit to 15000 shares for this week.,126,2026-02-12 12:25:50.477447,SPNG,23.08,23.1,23.33,1866800.0,1839500.0
1.0,1.0,1.0,,Welcome to the RITC 2026 Alogithmic Market Making Case - practice server,,126,2026-02-12 12:25:50.477447,SMMR,24.04,23.82,23.91,1234000.0,2100400.0
,,,,,,126,2026-02-12 12:25:50.477447,ATMN,25.54,25.98,26.38,1693700.0,1328400.0
,,,,,,126,2026-02-12 12:25:50.477447,WNTR,24.09,24.09,24.38,1276200.0,1098700.0
2.0,1.0,1.0,,Aggregate Position Limit,Your CRO has set the aggregate position limit to 15000 shares for this week.,127,2026-02-12 12:25:51.489090,SPNG,23.33,23.45,24.27,2256300.0,1730600.0
1.0,1.0,1.0,,Welcome to the RITC 2026 Alogithmic Market Making Case - practice server,,127,2026-02-12 12:25:51.489090,SMMR,23.94,23.82,23.94,1234000.0,1979400.0
,,,,,,127,2026-02-12 12:25:51.489090,ATMN,26.38,26.41,26.6,1812400.0,1420400.0
,,,,,,127,2026-02-12 12:25:51.489090,WNTR,24.09,24.15,24.24,1406200.0,1346800.0
2.0,1.0,1.0,,Aggregate Position Limit,Your CRO has set the aggregate position limit to 15000 shares for this week.,128,2026-02-12 12:25:52.499620,SPNG,23.31,23.17,23.31,2015400.0,1991900.0
1.0,1.0,1.0,,Welcome to the RITC 2026 Alogithmic Market Making Case - practice server,,128,2026-02-12 12:25:52.499620,SMMR,23.94,23.82,23.84,1366100.0,2219400.0
,,,,,,128,2026-02-12 12:25:52.499620,ATMN,26.06,26.18,26.6,2046700.0,1420400.0
,,,,,,128,2026-02-12 12:25:52.499620,WNTR,24.09,24.15,24.17,1406200.0,1758300.0
2.0,1.0,1.0,,Aggregate Position Limit,Your CRO has set the aggregate position limit to 15000 shares for this week.,129,2026-02-12 12:25:53.511744,SPNG,23.31,23.29,23.31,2431200.0,1991900.0
1.0,1.0,1.0,,Welcome to the RITC 2026 Alogithmic Market Making Case - practice server,,129,2026-02-12 12:25:53.511744,SMMR,23.82,23.78,23.79,1364700.0,2213700.0
,,,,,,129,2026-02-12 12:25:53.511744,ATMN,26.41,25.98,26.23,1949100.0,1532700.0
,,,,,,129,2026-02-12 12:25:53.511744,WNTR,24.15,24.15,24.17,1519700.0,1860900.0
2.0,1.0,1.0,,Aggregate Position Limit,Your CRO has set the aggregate position limit to 15000 shares for this week.,130,2026-02-12 12:25:54.523571,SPNG,23.53,23.53,23.61,2575700.0,1982700.0
1.0,1.0,1.0,,Welcome to the RITC 2026 Alogithmic Market Making Case - practice server,,130,2026-02-12 12:25:54.523571,SMMR,23.84,23.78,23.84,1496200.0,2239700.0
,,,,,,130,2026-02-12 12:25:54.523571,ATMN,25.97,25.97,26.6,1857000.0,1516600.0
,,,,,,130,2026-02-12 12:25:54.523571,WNTR,24.04,24.04,24.06,1251500.0,2074500.0
2.0,1.0,1.0,,Aggregate Position Limit,Your CRO has set the aggregate position limit to 15000 shares for this week.,131,2026-02-12 12:25:55.534559,SPNG,23.61,23.9,24.08,2703300.0,1957400.0
1.0,1.0,1.0,,Welcome to the RITC 2026 Alogithmic Market Making Case - practice server,,131,2026-02-12 12:25:55.534559,SMMR,23.94,23.78,23.94,1496200.0,1979400.0
,,,,,,131,2026-02-12 12:25:55.534559,ATMN,25.97,25.97,26.42,1857000.0,1738300.0
,,,,,,131,2026-02-12 12:25:55.534559,WNTR,23.91,23.9,23.91,1225800.0,2197600.0
2.0,1.0,1.0,,Aggregate Position Limit,Your CRO has set the aggregate position limit to 15000 shares for this week.,132,2026-02-12 12:25:56.546917,SPNG,23.61,23.9,23.99,2703300.0,2351300.0
1.0,1.0,1.0,,Welcome to the RITC 2026 Alogithmic Market Making Case - practice server,,132,2026-02-12 12:25:56.546917,SMMR,23.94,23.78,23.9,1623700.0,2239800.0
,,,,,,132,2026-02-12 12:25:56.546917,ATMN,25.97,25.97,26.42,1857000.0,1738300.0
,,,,,,132,2026-02-12 12:25:56.546917,WNTR,24.06,23.9,24.06,1358100.0,2074500.0
2.0,1.0,1.0,,Aggregate Position Limit,Your CRO has set the aggregate position limit to 15000 shares for this week.,133,2026-02-12 12:25:57.558544,SPNG,23.98,23.31,23.96,2559700.0,2400900.0
1.0,1.0,1.0,,Welcome to the RITC 2026 Alogithmic Market Making Case - practice server,,133,2026-02-12 12:25:57.558544,SMMR,23.94,23.88,23.9,1752900.0,2252700.0
,,,,,,133,2026-02-12 12:25:57.558544,ATMN,26.5,25.97,25.99,1965700.0,1732800.0
,,,,,,133,2026-02-12 12:25:57.558544,WNTR,24.12,23.9,23.91,1358100.0,2181300.0
2.0,1.0,1.0,,Aggregate Position Limit,Your CRO has set the aggregate position limit to 15000 shares for this week.,134,2026-02-12 12:25:58.571541,SPNG,23.29,23.56,23.61,2551100.0,2451900.0
1.0,1.0,1.0,,Welcome to the RITC 2026 Alogithmic Market Making Case - practice server,,134,2026-02-12 12:25:58.571541,SMMR,23.78,23.78,23.86,1623700.0,2321700.0
,,,,,,134,2026-02-12 12:25:58.571541,ATMN,25.99,26.29,26.5,2261700.0,1629600.0
,,,,,,134,2026-02-12 12:25:58.571541,WNTR,23.91,24.01,24.17,1731100.0,2053300.0
2.0,1.0,1.0,,Aggregate Position Limit,Your CRO has set the aggregate position limit to 15000 shares for this week.,135,2026-02-12 12:25:59.586769,SPNG,23.29,23.2,23.26,2294700.0,2452400.0
1.0,1.0,1.0,,Welcome to the RITC 2026 Alogithmic Market Making Case - practice server,,135,2026-02-12 12:25:59.586769,SMMR,23.78,23.7,23.72,1712100.0,2362300.0
,,,,,,135,2026-02-12 12:25:59.586769,ATMN,25.99,26.29,26.5,2261700.0,1964500.0
,,,,,,135,2026-02-12 12:25:59.586769,WNTR,24.1,24.1,24.17,1853600.0,2190000.0
2.0,1.0,1.0,,Aggregate Position Limit,Your CRO has set the aggregate position limit to 15000 shares for this week.,136,2026-02-12 12:26:00.603330,SPNG,23.29,23.23,23.26,2839800.0,2452400.0
1.0,1.0,1.0,,Welcome to the RITC 2026 Alogithmic Market Making Case - practice server,,136,2026-02-12 12:26:00.603330,SMMR,23.72,23.82,23.86,2194100.0,2321700.0
,,,,,,136,2026-02-12 12:26:00.603330,ATMN,25.99,26.29,26.38,2261700.0,2027700.0
,,,,,,136,2026-02-12 12:26:00.603330,WNTR,24.1,24.01,24.08,1731100.0,2247000.0
2.0,1.0,1.0,,Aggregate Position Limit,Your CRO has set the aggregate position limit to 15000 shares for this week.,137,2026-02-12 12:26:01.620412,SPNG,23.29,23.23,23.26,2701200.0,2452400.0
1.0,1.0,1.0,,Welcome to the RITC 2026 Alogithmic Market Making Case - practice server,,137,2026-02-12 12:26:01.620412,SMMR,23.82,23.7,23.82,2084900.0,2338300.0
,,,,,,137,2026-02-12 12:26:01.620412,ATMN,26.38,26.11,26.38,2131500.0,2027700.0
,,,,,,137,2026-02-12 12:26:01.620412,WNTR,23.92,23.92,24.08,1705600.0,2247000.0
2.0,1.0,1.0,,Aggregate Position Limit,Your CRO has set the aggregate position limit to 15000 shares for this week.,138,2026-02-12 12:26:02.642987,SPNG,23.26,23.37,23.61,2628200.0,2451900.0
1.0,1.0,1.0,,Welcome to the RITC 2026 Alogithmic Market Making Case - practice server,,138,2026-02-12 12:26:02.642987,SMMR,23.82,23.7,23.78,2297100.0,2372900.0
,,,,,,138,2026-02-12 12:26:02.642987,ATMN,26.11,25.83,25.99,2356700.0,2064700.0
,,,,,,138,2026-02-12 12:26:02.642987,WNTR,24.0,24.06,24.08,1963200.0,2247000.0
2.0,1.0,1.0,,Aggregate Position Limit,Your CRO has set the aggregate position limit to 15000 shares for this week.,139,2026-02-12 12:26:03.660573,SPNG,23.51,23.51,23.76,2609400.0,2442700.0
1.0,1.0,1.0,,Welcome to the RITC 2026 Alogithmic Market Making Case - practice server,,139,2026-02-12 12:26:03.660573,SMMR,23.82,23.7,23.78,2329700.0,2372900.0
,,,,,,139,2026-02-12 12:26:03.660573,ATMN,26.11,25.83,25.99,2304000.0,2064700.0
,,,,,,139,2026-02-12 12:26:03.660573,WNTR,24.0,24.06,24.08,2218800.0,2312300.0
2.0,1.0,1.0,,Aggregate Position Limit,Your CRO has set the aggregate position limit to 15000 shares for this week.,140,2026-02-12 12:26:04.673163,SPNG,23.37,23.27,23.31,2660100.0,2433500.0
1.0,1.0,1.0,,Welcome to the RITC 2026 Alogithmic Market Making Case - practice server,,140,2026-02-12 12:26:04.673163,SMMR,23.82,23.74,23.78,2336300.0,2372900.0
,,,,,,140,2026-02-12 12:26:04.673163,ATMN,26.66,25.83,26.66,2304000.0,1820800.0
,,,,,,140,2026-02-12 12:26:04.673163,WNTR,24.1,24.06,24.1,2321300.0,2283700.0
2.0,1.0,1.0,,Aggregate Position Limit,Your CRO has set the aggregate position limit to 15000 shares for this week.,141,2026-02-12 12:26:05.685965,SPNG,23.76,23.43,23.76,2644800.0,2442700.0
1.0,1.0,1.0,,Welcome to the RITC 2026 Alogithmic Market Making Case - practice server,,141,2026-02-12 12:26:05.685965,SMMR,23.72,23.77,23.78,2352700.0,2372900.0
,,,,,,141,2026-02-12 12:26:05.685965,ATMN,26.5,26.12,26.5,2261200.0,1962800.0
,,,,,,141,2026-02-12 12:26:05.685965,WNTR,23.97,23.97,24.16,2200600.0,2281200.0
2.0,1.0,1.0,,Aggregate Position Limit,Your CRO has set the aggregate position limit to 15000 shares for this week.,142,2026-02-12 12:26:06.698572,SPNG,23.27,23.27,23.76,2638700.0,2426600.0
1.0,1.0,1.0,,Welcome to the RITC 2026 Alogithmic Market Making Case - practice server,,142,2026-02-12 12:26:06.698572,SMMR,23.86,23.77,23.86,2380900.0,2331100.0
,,,,,,142,2026-02-12 12:26:06.698572,ATMN,26.12,25.83,26.02,2254700.0,1995900.0
,,,,,,142,2026-02-12 12:26:06.698572,WNTR,23.95,24.04,24.16,2079000.0,2277500.0
2.0,1.0,1.0,,Aggregate Position Limit,Your CRO has set the aggregate position limit to 15000 shares for this week.,143,2026-02-12 12:26:07.711428,SPNG,23.8,23.27,23.8,2656500.0,2417000.0
1.0,1.0,1.0,,Welcome to the RITC 2026 Alogithmic Market Making Case - practice server,,143,2026-02-12 12:26:07.711428,SMMR,23.92,23.86,23.92,2394500.0,2280300.0
,,,,,,143,2026-02-12 12:26:07.711428,ATMN,26.16,25.83,26.04,2231200.0,2000300.0
,,,,,,143,2026-02-12 12:26:07.711428,WNTR,24.04,23.92,24.03,1945000.0,2262300.0
2.0,1.0,1.0,,Aggregate Position Limit,Your CRO has set the aggregate position limit to 15000 shares for this week.,144,2026-02-12 12:26:08.724008,SPNG,23.25,23.47,23.8,2612900.0,2452700.0
1.0,1.0,1.0,,Welcome to the RITC 2026 Alogithmic Market Making Case - practice server,,144,2026-02-12 12:26:08.724008,SMMR,23.86,23.77,23.86,2392400.0,2282200.0
,,,,,,144,2026-02-12 12:26:08.724008,ATMN,26.16,25.97,26.04,2093500.0,2000300.0
,,,,,,144,2026-02-12 12:26:08.724008,WNTR,24.15,23.92,23.99,1945000.0,2257100.0
2.0,1.0,1.0,,Aggregate Position Limit,Your CRO has set the aggregate position limit to 15000 shares for this week.,145,2026-02-12 12:26:09.735470,SPNG,23.25,23.48,23.8,2622000.0,2452700.0
1.0,1.0,1.0,,Welcome to the RITC 2026 Alogithmic Market Making Case - practice server,,145,2026-02-12 12:26:09.735470,SMMR,23.77,23.77,23.92,2392400.0,2284900.0
,,,,,,145,2026-02-12 12:26:09.735470,ATMN,26.04,26.47,26.5,2117100.0,1971700.0
,,,,,,145,2026-02-12 12:26:09.735470,WNTR,23.99,24.04,24.09,2198400.0,2275100.0
2.0,1.0,1.0,,Aggregate Position Limit,Your CRO has set the aggregate position limit to 15000 shares for this week.,146,2026-02-12 12:26:10.747501,SPNG,23.48,23.56,23.8,2647800.0,2452700.0
1.0,1.0,1.0,,Welcome to the RITC 2026 Alogithmic Market Making Case - practice server,,146,2026-02-12 12:26:10.747501,SMMR,23.77,23.77,23.91,2392400.0,2301700.0
,,,,,,146,2026-02-12 12:26:10.747501,ATMN,25.97,26.28,26.5,2145600.0,2006100.0
,,,,,,146,2026-02-12 12:26:10.747501,WNTR,23.9,23.9,24.09,2094300.0,2277400.0
2.0,1.0,1.0,,Aggregate Position Limit,Your CRO has set the aggregate position limit to 15000 shares for this week.,147,2026-02-12 12:26:11.760229,SPNG,23.2,23.2,23.8,2597400.0,2441500.0
1.0,1.0,1.0,,Welcome to the RITC 2026 Alogithmic Market Making Case - practice server,,147,2026-02-12 12:26:11.760229,SMMR,23.7,23.7,23.91,2412300.0,2271500.0
,,,,,,147,2026-02-12 12:26:11.760229,ATMN,26.28,26.28,26.58,2145600.0,1977600.0
,,,,,,147,2026-02-12 12:26:11.760229,WNTR,23.95,23.96,24.09,2227800.0,2277400.0
2.0,1.0,1.0,,Aggregate Position Limit,Your CRO has set the aggregate position limit to 15000 shares for this week.,148,2026-02-12 12:26:12.772213,SPNG,23.2,23.34,23.36,2630000.0,2464700.0
1.0,1.0,1.0,,Welcome to the RITC 2026 Alogithmic Market Making Case - practice server,,148,2026-02-12 12:26:12.772213,SMMR,23.7,23.82,23.85,2390000.0,2280400.0
,,,,,,148,2026-02-12 12:26:12.772213,ATMN,26.04,26.04,26.55,2129000.0,2014300.0
,,,,,,148,2026-02-12 12:26:12.772213,WNTR,23.89,23.86,23.87,2091900.0,2305500.0
2.0,1.0,1.0,,Aggregate Position Limit,Your CRO has set the aggregate position limit to 15000 shares for this week.,149,2026-02-12 12:26:13.795397,SPNG,23.93,23.2,23.93,2620400.0,2447700.0
1.0,1.0,1.0,,Welcome to the RITC 2026 Alogithmic Market Making Case - practice server,,149,2026-02-12 12:26:13.795397,SMMR,23.7,23.82,23.84,2385700.0,2273800.0
,,,,,,149,2026-02-12 12:26:13.795397,ATMN,26.04,26.32,26.55,2121000.0,2053300.0
,,,,,,149,2026-02-12 12:26:13.795397,WNTR,23.89,23.86,23.87,2427100.0,2305500.0
2.0,1.0,1.0,,Aggregate Position Limit,Your CRO has set the aggregate position limit to 15000 shares for this week.,150,2026-02-12 12:26:14.807216,SPNG,23.93,23.47,23.78,2607600.0,2440700.0
1.0,1.0,1.0,,Welcome to the RITC 2026 Alogithmic Market Making Case - practice server,,150,2026-02-12 12:26:14.807216,SMMR,23.85,23.82,23.85,2398100.0,2272100.0
,,,,,,150,2026-02-12 12:26:14.807216,ATMN,26.04,26.04,26.33,2129000.0,2083000.0
,,,,,,150,2026-02-12 12:26:14.807216,WNTR,23.87,23.94,24.09,2372800.0,2282100.0
2.0,1.0,1.0,,Aggregate Position Limit,Your CRO has set the aggregate position limit to 15000 shares for this week.,151,2026-02-12 12:26:15.819182,SPNG,23.47,23.34,23.45,2616600.0,2432200.0
1.0,1.0,1.0,,Welcome to the RITC 2026 Alogithmic Market Making Case - practice server,,151,2026-02-12 12:26:15.819182,SMMR,23.81,23.81,23.85,2421900.0,2345500.0
,,,,,,151,2026-02-12 12:26:15.819182,ATMN,26.26,26.26,26.33,2170300.0,2083000.0
,,,,,,151,2026-02-12 12:26:15.819182,WNTR,23.94,23.94,24.09,2372800.0,2301600.0
2.0,1.0,1.0,,Aggregate Position Limit,Your CRO has set the aggregate position limit to 15000 shares for this week.,152,2026-02-12 12:26:16.830889,SPNG,23.37,23.37,23.78,2620500.0,2401800.0
1.0,1.0,1.0,,Welcome to the RITC 2026 Alogithmic Market Making Case - practice server,,152,2026-02-12 12:26:16.830889,SMMR,23.79,23.84,23.85,2392200.0,2350400.0
,,,,,,152,2026-02-12 12:26:16.830889,ATMN,26.26,26.26,26.33,2195200.0,2083000.0
,,,,,,152,2026-02-12 12:26:16.830889,WNTR,23.94,23.94,24.03,2372800.0,2365000.0
2.0,1.0,1.0,,Aggregate Position Limit,Your CRO has set the aggregate position limit to 15000 shares for this week.,153,2026-02-12 12:26:17.843394,SPNG,23.44,23.37,23.44,2620500.0,2445200.0
1.0,1.0,1.0,,Welcome to the RITC 2026 Alogithmic Market Making Case - practice server,,153,2026-02-12 12:26:17.843394,SMMR,23.77,23.81,23.85,2399600.0,2350400.0
,,,,,,153,2026-02-12 12:26:17.843394,ATMN,26.44,26.24,26.44,2159700.0,2066300.0
,,,,,,153,2026-02-12 12:26:17.843394,WNTR,24.04,23.86,24.04,2391500.0,2348100.0
2.0,1.0,1.0,,Aggregate Position Limit,Your CRO has set the aggregate position limit to 15000 shares for this week.,154,2026-02-12 12:26:18.855608,SPNG,23.37,23.37,23.8,2584100.0,2435200.0
1.0,1.0,1.0,,Welcome to the RITC 2026 Alogithmic Market Making Case - practice server,,154,2026-02-12 12:26:18.855608,SMMR,23.77,23.81,23.85,2418600.0,2350400.0
,,,,,,154,2026-02-12 12:26:18.855608,ATMN,26.44,26.04,26.44,2157600.0,2066300.0
,,,,,,154,2026-02-12 12:26:18.855608,WNTR,24.04,23.92,23.93,2405600.0,2389300.0
2.0,1.0,1.0,,Aggregate Position Limit,Your CRO has set the aggregate position limit to 15000 shares for this week.,155,2026-02-12 12:26:19.867602,SPNG,23.37,23.37,23.62,2577200.0,2402300.0
1.0,1.0,1.0,,Welcome to the RITC 2026 Alogithmic Market Making Case - practice server,,155,2026-02-12 12:26:19.867602,SMMR,23.77,23.81,23.85,2392900.0,2393900.0
,,,,,,155,2026-02-12 12:26:19.867602,ATMN,26.44,26.04,26.25,2157600.0,2085800.0
,,,,,,155,2026-02-12 12:26:19.867602,WNTR,23.93,23.92,23.93,2432100.0,2389300.0
2.0,1.0,1.0,,Aggregate Position Limit,Your CRO has set the aggregate position limit to 15000 shares for this week.,156,2026-02-12 12:26:20.878761,SPNG,23.62,23.37,23.62,2568100.0,2402300.0
1.0,1.0,1.0,,Welcome to the RITC 2026 Alogithmic Market Making Case - practice server,,156,2026-02-12 12:26:20.878761,SMMR,23.77,23.81,23.85,2403400.0,2335100.0
,,,,,,156,2026-02-12 12:26:20.878761,ATMN,26.44,26.04,26.25,2174100.0,2083100.0
,,,,,,156,2026-02-12 12:26:20.878761,WNTR,23.92,23.92,24.04,2447400.0,2348100.0
2.0,1.0,1.0,,Aggregate Position Limit,Your CRO has set the aggregate position limit to 15000 shares for this week.,157,2026-02-12 12:26:21.891003,SPNG,23.62,23.41,23.59,2564000.0,2390500.0
1.0,1.0,1.0,,Welcome to the RITC 2026 Alogithmic Market Making Case - practice server,,157,2026-02-12 12:26:21.891003,SMMR,23.87,23.81,23.87,2376300.0,2318900.0
,,,,,,157,2026-02-12 12:26:21.891003,ATMN,26.37,26.33,26.37,2190400.0,2108300.0
,,,,,,157,2026-02-12 12:26:21.891003,WNTR,24.05,23.92,24.05,2427000.0,2337200.0
2.0,1.0,1.0,,Aggregate Position Limit,Your CRO has set the aggregate position limit to 15000 shares for this week.,158,2026-02-12 12:26:22.902357,SPNG,23.59,23.41,23.59,2542600.0,2411400.0
1.0,1.0,1.0,,Welcome to the RITC 2026 Alogithmic Market Making Case - practice server,,158,2026-02-12 12:26:22.902357,SMMR,23.87,23.81,23.83,2376300.0,2332400.0
,,,,,,158,2026-02-12 12:26:22.902357,ATMN,26.18,26.19,26.33,2177300.0,2114800.0
,,,,,,158,2026-02-12 12:26:22.902357,WNTR,24.09,23.96,24.09,2430400.0,2331400.0
2.0,1.0,1.0,,Aggregate Position Limit,Your CRO has set the aggregate position limit to 15000 shares for this week.,159,2026-02-12 12:26:23.915058,SPNG,23.84,23.41,23.84,2585300.0,2400400.0
1.0,1.0,1.0,,Welcome to the RITC 2026 Alogithmic Market Making Case - practice server,,159,2026-02-12 12:26:23.915058,SMMR,23.81,23.8,23.81,2394300.0,2338200.0
,,,,,,159,2026-02-12 12:26:23.915058,ATMN,26.33,26.19,26.33,2181600.0,2101100.0
,,,,,,159,2026-02-12 12:26:23.915058,WNTR,23.92,23.92,23.97,2427000.0,2407200.0
2.0,1.0,1.0,,Aggregate Position Limit,Your CRO has set the aggregate position limit to 15000 shares for this week.,161,2026-02-12 12:26:24.935699,SPNG,23.2,23.2,23.53,2524400.0,2416000.0
1.0,1.0,1.0,,Welcome to the RITC 2026 Alogithmic Market Making Case - practice server,,161,2026-02-12 12:26:24.935699,SMMR,23.83,23.8,23.83,2388000.0,2374400.0
,,,,,,161,2026-02-12 12:26:24.935699,ATMN,25.97,25.97,26.33,2153300.0,2091000.0
,,,,,,161,2026-02-12 12:26:24.935699,WNTR,23.91,23.91,23.93,2405800.0,2388200.0
2.0,1.0,1.0,,Aggregate Position Limit,Your CRO has set the aggregate position limit to 15000 shares for this week.,162,2026-02-12 12:26:25.949854,SPNG,23.2,23.2,23.84,2524400.0,2400400.0
1.0,1.0,1.0,,Welcome to the RITC 2026 Alogithmic Market Making Case - practice server,,162,2026-02-12 12:26:25.949854,SMMR,23.88,23.8,23.88,2386000.0,2401200.0
,,,,,,162,2026-02-12 12:26:25.949854,ATMN,25.97,26.18,26.19,2174600.0,2081600.0
,,,,,,162,2026-02-12 12:26:25.949854,WNTR,23.93,23.91,23.93,2405800.0,2430100.0
2.0,1.0,1.0,,Aggregate Position Limit,Your CRO has set the aggregate position limit to 15000 shares for this week.,163,2026-02-12 12:26:26.961445,SPNG,23.2,23.2,23.84,2524400.0,2343900.0
1.0,1.0,1.0,,Welcome to the RITC 2026 Alogithmic Market Making Case - practice server,,163,2026-02-12 12:26:26.961445,SMMR,23.77,23.77,23.9,2431500.0,2393300.0
,,,,,,163,2026-02-12 12:26:26.961445,ATMN,26.18,26.18,26.19,2196600.0,2081600.0
,,,,,,163,2026-02-12 12:26:26.961445,WNTR,23.86,23.86,23.93,2377200.0,2419300.0
2.0,1.0,1.0,,Aggregate Position Limit,Your CRO has set the aggregate position limit to 15000 shares for this week.,164,2026-02-12 12:26:27.977186,SPNG,23.2,23.23,23.32,2514700.0,2350600.0
1.0,1.0,1.0,,Welcome to the RITC 2026 Alogithmic Market Making Case - practice server,,164,2026-02-12 12:26:27.977186,SMMR,23.77,23.77,23.9,2401000.0,2385300.0
,,,,,,164,2026-02-12 12:26:27.977186,ATMN,26.33,26.18,26.33,2196600.0,2078000.0
,,,,,,164,2026-02-12 12:26:27.977186,WNTR,23.94,23.86,23.94,2398200.0,2404200.0
2.0,1.0,1.0,,Aggregate Position Limit,Your CRO has set the aggregate position limit to 15000 shares for this week.,165,2026-02-12 12:26:28.990190,SPNG,23.32,23.34,23.48,2504500.0,2365600.0
1.0,1.0,1.0,,Welcome to the RITC 2026 Alogithmic Market Making Case - practice server,,165,2026-02-12 12:26:28.990190,SMMR,23.77,23.89,23.9,2352700.0,2385300.0
,,,,,,165,2026-02-12 12:26:28.990190,ATMN,26.28,26.18,26.22,2196600.0,2071700.0
,,,,,,165,2026-02-12 12:26:28.990190,WNTR,23.97,23.93,23.97,2406300.0,2412100.0
2.0,1.0,1.0,,Aggregate Position Limit,Your CRO has set the aggregate position limit to 15000 shares for this week.,166,2026-02-12 12:26:30.002770,SPNG,23.32,23.34,23.48,2512000.0,2375600.0
1.0,1.0,1.0,,Welcome to the RITC 2026 Alogithmic Market Making Case - practice server,,166,2026-02-12 12:26:30.002770,SMMR,23.78,23.78,23.9,2383600.0,2385300.0
,,,,,,166,2026-02-12 12:26:30.002770,ATMN,26.07,26.07,26.22,2177300.0,2100100.0
,,,,,,166,2026-02-12 12:26:30.002770,WNTR,24.09,23.93,24.04,2387400.0,2411100.0
2.0,1.0,1.0,,Aggregate Position Limit,Your CRO has set the aggregate position limit to 15000 shares for this week.,167,2026-02-12 12:26:31.015854,SPNG,23.84,23.34,23.84,2512000.0,2386900.0
1.0,1.0,1.0,,Welcome to the RITC 2026 Alogithmic Market Making Case - practice server,,167,2026-02-12 12:26:31.015854,SMMR,23.91,23.78,23.91,2383600.0,2388000.0
,,,,,,167,2026-02-12 12:26:31.015854,ATMN,26.07,26.07,26.33,2172000.0,2094000.0
,,,,,,167,2026-02-12 12:26:31.015854,WNTR,24.04,23.96,24.04,2402600.0,2411100.0
2.0,1.0,1.0,,Aggregate Position Limit,Your CRO has set the aggregate position limit to 15000 shares for this week.,168,2026-02-12 12:26:32.027026,SPNG,23.84,23.34,23.42,2535800.0,2404900.0
1.0,1.0,1.0,,Welcome to the RITC 2026 Alogithmic Market Making Case - practice server,,168,2026-02-12 12:26:32.027026,SMMR,23.91,23.78,23.88,2383600.0,2378100.0
,,,,,,168,2026-02-12 12:26:32.027026,ATMN,26.34,25.97,26.34,2148100.0,2098000.0
,,,,,,168,2026-02-12 12:26:32.027026,WNTR,23.96,23.96,24.11,2402600.0,2352700.0
2.0,1.0,1.0,,Aggregate Position Limit,Your CRO has set the aggregate position limit to 15000 shares for this week.,169,2026-02-12 12:26:33.041930,SPNG,23.42,23.25,23.42,2524000.0,2404900.0
1.0,1.0,1.0,,Welcome to the RITC 2026 Alogithmic Market Making Case - practice server,,169,2026-02-12 12:26:33.041930,SMMR,23.91,23.78,23.91,2383600.0,2370100.0
,,,,,,169,2026-02-12 12:26:33.041930,ATMN,26.34,25.97,26.19,2171600.0,2120300.0
,,,,,,169,2026-02-12 12:26:33.041930,WNTR,23.86,24.04,24.11,2393800.0,2352700.0
2.0,1.0,1.0,,Aggregate Position Limit,Your CRO has set the aggregate position limit to 15000 shares for this week.,170,2026-02-12 12:26:34.055027,SPNG,23.63,23.25,23.63,2524000.0,2364700.0
1.0,1.0,1.0,,Welcome to the RITC 2026 Alogithmic Market Making Case - practice server,,170,2026-02-12 12:26:34.055027,SMMR,23.91,23.78,23.91,2383600.0,2366200.0
,,,,,,170,2026-02-12 12:26:34.055027,ATMN,25.94,25.94,26.13,2183300.0,2138300.0
,,,,,,170,2026-02-12 12:26:34.055027,WNTR,24.12,24.1,24.12,2430400.0,2343500.0
2.0,1.0,1.0,,Aggregate Position Limit,Your CRO has set the aggregate position limit to 15000 shares for this week.,171,2026-02-12 12:26:35.067418,SPNG,23.96,23.25,23.43,2524000.0,2372000.0
1.0,1.0,1.0,,Welcome to the RITC 2026 Alogithmic Market Making Case - practice server,,171,2026-02-12 12:26:35.067418,SMMR,23.92,23.77,23.92,2406100.0,2362500.0
,,,,,,171,2026-02-12 12:26:35.067418,ATMN,25.93,25.95,26.13,2175800.0,2138300.0
,,,,,,171,2026-02-12 12:26:35.067418,WNTR,24.12,24.1,24.12,2436500.0,2317600.0
2.0,1.0,1.0,,Aggregate Position Limit,Your CRO has set the aggregate position limit to 15000 shares for this week.,172,2026-02-12 12:26:36.078878,SPNG,23.43,23.76,23.96,2540900.0,2358800.0
1.0,1.0,1.0,,Welcome to the RITC 2026 Alogithmic Market Making Case - practice server,,172,2026-02-12 12:26:36.078878,SMMR,23.75,23.75,23.92,2409200.0,2326100.0
,,,,,,172,2026-02-12 12:26:36.078878,ATMN,25.93,26.07,26.37,2187600.0,2101400.0
,,,,,,172,2026-02-12 12:26:36.078878,WNTR,24.12,24.1,24.12,2448000.0,2333700.0
2.0,1.0,1.0,,Aggregate Position Limit,Your CRO has set the aggregate position limit to 15000 shares for this week.,173,2026-02-12 12:26:37.093157,SPNG,23.76,23.59,23.65,2509300.0,2349600.0
1.0,1.0,1.0,,Welcome to the RITC 2026 Alogithmic Market Making Case - practice server,,173,2026-02-12 12:26:37.093157,SMMR,23.73,23.73,23.92,2397400.0,2320100.0
,,,,,,173,2026-02-12 12:26:37.093157,ATMN,25.93,25.93,25.97,2221900.0,2109200.0
,,,,,,173,2026-02-12 12:26:37.093157,WNTR,24.06,24.06,24.12,2418900.0,2362300.0
2.0,1.0,1.0,,Aggregate Position Limit,Your CRO has set the aggregate position limit to 15000 shares for this week.,174,2026-02-12 12:26:38.106572,SPNG,23.96,23.27,23.96,2539000.0,2331300.0
1.0,1.0,1.0,,Welcome to the RITC 2026 Alogithmic Market Making Case - practice server,,174,2026-02-12 12:26:38.106572,SMMR,23.93,23.7,23.93,2376900.0,2289900.0
,,,,,,174,2026-02-12 12:26:38.106572,ATMN,25.93,25.93,25.97,2191800.0,2109200.0
,,,,,,174,2026-02-12 12:26:38.106572,WNTR,24.15,24.06,24.1,2409500.0,2372600.0
2.0,1.0,1.0,,Aggregate Position Limit,Your CRO has set the aggregate position limit to 15000 shares for this week.,175,2026-02-12 12:26:39.122521,SPNG,23.96,23.27,23.69,2539000.0,2334800.0
1.0,1.0,1.0,,Welcome to the RITC 2026 Alogithmic Market Making Case - practice server,,175,2026-02-12 12:26:39.122521,SMMR,23.93,23.86,23.93,2390500.0,2289900.0
,,,,,,175,2026-02-12 12:26:39.122521,ATMN,25.97,25.99,26.37,2172200.0,2095500.0
,,,,,,175,2026-02-12 12:26:39.122521,WNTR,24.1,24.06,24.1,2409500.0,2399900.0
2.0,1.0,1.0,,Aggregate Position Limit,Your CRO has set the aggregate position limit to 15000 shares for this week.,176,2026-02-12 12:26:40.144929,SPNG,23.2,23.57,23.69,2500400.0,2334800.0
1.0,1.0,1.0,,Welcome to the RITC 2026 Alogithmic Market Making Case - practice server,,176,2026-02-12 12:26:40.144929,SMMR,23.7,23.82,23.93,2401100.0,2289900.0
,,,,,,176,2026-02-12 12:26:40.144929,ATMN,26.13,26.23,26.37,2166600.0,2115900.0
,,,,,,176,2026-02-12 12:26:40.144929,WNTR,24.06,24.06,24.11,2409500.0,2358700.0
2.0,1.0,1.0,,Aggregate Position Limit,Your CRO has set the aggregate position limit to 15000 shares for this week.,177,2026-02-12 12:26:41.156977,SPNG,23.57,23.2,23.25,2531000.0,2367700.0
1.0,1.0,1.0,,Welcome to the RITC 2026 Alogithmic Market Making Case - practice server,,177,2026-02-12 12:26:41.156977,SMMR,23.7,23.82,23.93,2401100.0,2289900.0
,,,,,,177,2026-02-12 12:26:41.156977,ATMN,26.23,25.99,26.02,2172200.0,2132800.0
,,,,,,177,2026-02-12 12:26:41.156977,WNTR,24.04,24.04,24.11,2423800.0,2358700.0
2.0,1.0,1.0,,Aggregate Position Limit,Your CRO has set the aggregate position limit to 15000 shares for this week.,178,2026-02-12 12:26:42.169141,SPNG,23.28,23.28,23.68,2565700.0,2328800.0
1.0,1.0,1.0,,Welcome to the RITC 2026 Alogithmic Market Making Case - practice server,,178,2026-02-12 12:26:42.169141,SMMR,23.93,23.85,23.93,2405200.0,2271200.0
,,,,,,178,2026-02-12 12:26:42.169141,ATMN,25.93,25.93,26.26,2191800.0,2111300.0
,,,,,,178,2026-02-12 12:26:42.169141,WNTR,24.15,23.99,24.07,2420500.0,2404300.0
2.0,1.0,1.0,,Aggregate Position Limit,Your CRO has set the aggregate position limit to 15000 shares for this week.,179,2026-02-12 12:26:43.179826,SPNG,23.68,23.2,23.4,2531000.0,2346300.0
1.0,1.0,1.0,,Welcome to the RITC 2026 Alogithmic Market Making Case - practice server,,179,2026-02-12 12:26:43.179826,SMMR,23.82,23.82,23.91,2401100.0,2272300.0
,,,,,,179,2026-02-12 12:26:43.179826,ATMN,25.89,25.89,26.26,2227300.0,2111300.0
,,,,,,179,2026-02-12 12:26:43.179826,WNTR,24.01,23.99,24.01,2432000.0,2388400.0
2.0,1.0,1.0,,Aggregate Position Limit,Your CRO has set the aggregate position limit to 15000 shares for this week.,180,2026-02-12 12:26:44.191310,SPNG,23.4,24.0,0.0,200000.0,0
1.0,1.0,1.0,,Welcome to the RITC 2026 Alogithmic Market Making Case - practice server,,180,2026-02-12 12:26:44.191310,SMMR,23.93,24.57,0.0,200000.0,0
,,,,,,180,2026-02-12 12:26:44.191310,ATMN,25.89,24.99,0.0,200000.0,0
,,,,,,180,2026-02-12 12:26:44.191310,WNTR,23.96,24.91,0.0,200000.0,0
2.0,1.0,1.0,,Aggregate Position Limit,Your CRO has set the aggregate position limit to 15000 shares for this week.,181,2026-02-12 12:26:45.203777,SPNG,24.0,23.62,23.92,1220600.0,910200.0
1.0,1.0,1.0,,Welcome to the RITC 2026 Alogithmic Market Making Case - practice server,,181,2026-02-12 12:26:45.203777,SMMR,24.33,24.34,24.69,1254700.0,905700.0
,,,,,,181,2026-02-12 12:26:45.203777,ATMN,24.99,24.99,25.5,979400.0,916700.0
,,,,,,181,2026-02-12 12:26:45.203777,WNTR,25.71,24.91,25.01,891600.0,977600.0
2.0,1.0,1.0,,Aggregate Position Limit,Your CRO has set the aggregate position limit to 15000 shares for this week.,182,2026-02-12 12:26:46.219592,SPNG,24.17,23.62,24.17,1655200.0,873100.0
1.0,1.0,1.0,,Welcome to the RITC 2026 Alogithmic Market Making Case - practice server,,182,2026-02-12 12:26:46.219592,SMMR,24.59,24.59,24.66,1389800.0,1002600.0
,,,,,,182,2026-02-12 12:26:46.219592,ATMN,24.89,24.44,24.73,1005500.0,1038400.0
,,,,,,182,2026-02-12 12:26:46.219592,WNTR,25.01,24.91,25.01,990400.0,1077100.0
2.0,1.0,1.0,,Aggregate Position Limit,Your CRO has set the aggregate position limit to 15000 shares for this week.,183,2026-02-12 12:26:47.231917,SPNG,24.17,24.06,24.08,1890200.0,1138000.0
1.0,1.0,1.0,,Welcome to the RITC 2026 Alogithmic Market Making Case - practice server,,183,2026-02-12 12:26:47.231917,SMMR,24.59,24.59,24.62,1522700.0,1237200.0
,,,,,,183,2026-02-12 12:26:47.231917,ATMN,24.98,24.44,24.84,1005500.0,1155200.0
,,,,,,183,2026-02-12 12:26:47.231917,WNTR,24.91,24.99,25.01,1011000.0,976300.0
2.0,1.0,1.0,,Aggregate Position Limit,Your CRO has set the aggregate position limit to 15000 shares for this week.,184,2026-02-12 12:26:48.243329,SPNG,24.05,24.05,24.08,1895100.0,1138000.0
1.0,1.0,1.0,,Welcome to the RITC 2026 Alogithmic Market Making Case - practice server,,184,2026-02-12 12:26:48.243329,SMMR,24.59,24.34,24.36,1460700.0,1363400.0
,,,,,,184,2026-02-12 12:26:48.243329,ATMN,24.98,24.82,24.84,1465300.0,1155200.0
,,,,,,184,2026-02-12 12:26:48.243329,WNTR,25.01,25.04,25.11,985100.0,992800.0
2.0,1.0,1.0,,Aggregate Position Limit,Your CRO has set the aggregate position limit to 15000 shares for this week.,185,2026-02-12 12:26:49.255118,SPNG,23.97,23.97,24.08,1897200.0,1241300.0
1.0,1.0,1.0,,Welcome to the RITC 2026 Alogithmic Market Making Case - practice server,,185,2026-02-12 12:26:49.255118,SMMR,24.66,24.45,24.66,1808300.0,1119700.0
,,,,,,185,2026-02-12 12:26:49.255118,ATMN,24.82,24.82,25.05,1559300.0,1162600.0
,,,,,,185,2026-02-12 12:26:49.255118,WNTR,25.01,25.04,25.11,985100.0,1317700.0
2.0,1.0,1.0,,Aggregate Position Limit,Your CRO has set the aggregate position limit to 15000 shares for this week.,186,2026-02-12 12:26:50.266517,SPNG,23.97,23.97,24.08,2047200.0,1625900.0
1.0,1.0,1.0,,Welcome to the RITC 2026 Alogithmic Market Making Case - practice server,,186,2026-02-12 12:26:50.266517,SMMR,24.66,24.49,24.66,1921500.0,1345900.0
,,,,,,186,2026-02-12 12:26:50.266517,ATMN,24.62,24.88,25.0,1652700.0,1280000.0
,,,,,,186,2026-02-12 12:26:50.266517,WNTR,24.91,25.05,25.11,1003800.0,1441700.0
2.0,1.0,1.0,,Aggregate Position Limit,Your CRO has set the aggregate position limit to 15000 shares for this week.,187,2026-02-12 12:26:51.277710,SPNG,23.87,23.87,24.08,2082500.0,1739300.0
1.0,1.0,1.0,,Welcome to the RITC 2026 Alogithmic Market Making Case - practice server,,187,2026-02-12 12:26:51.277710,SMMR,24.69,24.49,24.56,1921500.0,1501800.0
,,,,,,187,2026-02-12 12:26:51.277710,ATMN,25.0,24.54,25.0,1629800.0,1280000.0
,,,,,,187,2026-02-12 12:26:51.277710,WNTR,25.05,24.91,25.0,890400.0,1673300.0
2.0,1.0,1.0,,Aggregate Position Limit,Your CRO has set the aggregate position limit to 15000 shares for this week.,188,2026-02-12 12:26:52.294266,SPNG,24.01,24.01,24.08,2340400.0,1859100.0
1.0,1.0,1.0,,Welcome to the RITC 2026 Alogithmic Market Making Case - practice server,,188,2026-02-12 12:26:52.294266,SMMR,24.5,24.49,24.5,2042100.0,1744500.0
,,,,,,188,2026-02-12 12:26:52.294266,ATMN,24.54,24.54,25.0,1758200.0,1378000.0
,,,,,,188,2026-02-12 12:26:52.294266,WNTR,25.05,24.91,25.0,1101100.0,1792900.0
2.0,1.0,1.0,,Aggregate Position Limit,Your CRO has set the aggregate position limit to 15000 shares for this week.,189,2026-02-12 12:26:53.305925,SPNG,23.63,23.96,24.08,2197700.0,1711100.0
1.0,1.0,1.0,,Welcome to the RITC 2026 Alogithmic Market Making Case - practice server,,189,2026-02-12 12:26:53.305925,SMMR,24.52,24.49,24.5,2042100.0,1856000.0
,,,,,,189,2026-02-12 12:26:53.305925,ATMN,24.93,24.54,24.65,1758200.0,1374200.0
,,,,,,189,2026-02-12 12:26:53.305925,WNTR,24.81,24.73,24.76,903800.0,2168900.0
2.0,1.0,1.0,,Aggregate Position Limit,Your CRO has set the aggregate position limit to 15000 shares for this week.,190,2026-02-12 12:26:54.320972,SPNG,23.96,23.96,24.1,2343000.0,1597700.0
1.0,1.0,1.0,,Welcome to the RITC 2026 Alogithmic Market Making Case - practice server,,190,2026-02-12 12:26:54.320972,SMMR,24.5,24.55,24.56,2397600.0,1723400.0
,,,,,,190,2026-02-12 12:26:54.320972,ATMN,24.62,24.54,24.62,1855600.0,1244500.0
,,,,,,190,2026-02-12 12:26:54.320972,WNTR,24.85,24.85,25.0,1271100.0,1915800.0
2.0,1.0,1.0,,Aggregate Position Limit,Your CRO has set the aggregate position limit to 15000 shares for this week.,191,2026-02-12 12:26:55.333200,SPNG,23.88,24.07,24.1,2468500.0,1597700.0
1.0,1.0,1.0,,Welcome to the RITC 2026 Alogithmic Market Making Case - practice server,,191,2026-02-12 12:26:55.333200,SMMR,24.56,24.55,24.56,2369400.0,1723400.0
,,,,,,191,2026-02-12 12:26:55.333200,ATMN,25.28,25.39,25.45,2059100.0,1147700.0
,,,,,,191,2026-02-12 12:26:55.333200,WNTR,25.04,25.0,25.04,1279900.0,1933800.0
2.0,1.0,1.0,,Aggregate Position Limit,Your CRO has set the aggregate position limit to 15000 shares for this week.,192,2026-02-12 12:26:56.347738,SPNG,23.88,23.88,24.1,2356400.0,1597700.0
1.0,1.0,1.0,,Welcome to the RITC 2026 Alogithmic Market Making Case - practice server,,192,2026-02-12 12:26:56.347738,SMMR,24.49,24.49,24.63,2336900.0,1604400.0
,,,,,,192,2026-02-12 12:26:56.347738,ATMN,25.39,24.54,24.9,1967200.0,1467200.0
,,,,,,192,2026-02-12 12:26:56.347738,WNTR,25.04,25.0,25.04,1514200.0,1933800.0
2.0,1.0,1.0,,Aggregate Position Limit,Your CRO has set the aggregate position limit to 15000 shares for this week.,193,2026-02-12 12:26:57.358586,SPNG,23.62,23.62,24.17,2097100.0,1546700.0
1.0,1.0,1.0,,Welcome to the RITC 2026 Alogithmic Market Making Case - practice server,,193,2026-02-12 12:26:57.358586,SMMR,24.69,24.58,24.69,2316500.0,1386500.0
,,,,,,193,2026-02-12 12:26:57.358586,ATMN,25.45,24.54,25.37,2082000.0,1347100.0
,,,,,,193,2026-02-12 12:26:57.358586,WNTR,25.04,25.08,25.11,1859800.0,1808800.0
2.0,1.0,1.0,,Aggregate Position Limit,Your CRO has set the aggregate position limit to 15000 shares for this week.,194,2026-02-12 12:26:58.370031,SPNG,23.62,23.63,23.88,2325800.0,1657000.0
1.0,1.0,1.0,,Welcome to the RITC 2026 Alogithmic Market Making Case - practice server,,194,2026-02-12 12:26:58.370031,SMMR,24.45,24.45,24.69,2332700.0,1513400.0
,,,,,,194,2026-02-12 12:26:58.370031,ATMN,24.53,25.09,25.37,2227800.0,1347100.0
,,,,,,194,2026-02-12 12:26:58.370031,WNTR,25.09,25.0,25.11,1744700.0,1808800.0
2.0,1.0,1.0,,Aggregate Position Limit,Your CRO has set the aggregate position limit to 15000 shares for this week.,195,2026-02-12 12:26:59.381463,SPNG,24.17,24.0,24.17,2600000.0,1518000.0
1.0,1.0,1.0,,Welcome to the RITC 2026 Alogithmic Market Making Case - practice server,,195,2026-02-12 12:26:59.381463,SMMR,24.55,24.57,24.69,2364900.0,1513400.0
,,,,,,195,2026-02-12 12:26:59.381463,ATMN,25.27,24.46,25.17,2100300.0,1569500.0
,,,,,,195,2026-02-12 12:26:59.381463,WNTR,25.11,25.09,25.11,1860000.0,1922100.0
2.0,1.0,1.0,,Aggregate Position Limit,Your CRO has set the aggregate position limit to 15000 shares for this week.,196,2026-02-12 12:27:00.392356,SPNG,23.62,23.62,24.17,2342200.0,1518000.0
1.0,1.0,1.0,,Welcome to the RITC 2026 Alogithmic Market Making Case - practice server,,196,2026-02-12 12:27:00.392356,SMMR,24.57,24.57,24.69,2325100.0,1513400.0
,,,,,,196,2026-02-12 12:27:00.392356,ATMN,25.27,25.08,25.17,2296000.0,1569500.0
,,,,,,196,2026-02-12 12:27:00.392356,WNTR,25.09,25.09,25.11,2081500.0,1922100.0
2.0,1.0,1.0,,Aggregate Position Limit,Your CRO has set the aggregate position limit to 15000 shares for this week.,197,2026-02-12 12:27:01.404367,SPNG,24.19,23.79,24.16,2574800.0,1510000.0
1.0,1.0,1.0,,Welcome to the RITC 2026 Alogithmic Market Making Case - practice server,,197,2026-02-12 12:27:01.404367,SMMR,24.57,24.57,24.7,2325100.0,1527400.0
,,,,,,197,2026-02-12 12:27:01.404367,ATMN,25.27,25.08,25.11,2296000.0,2008100.0
,,,,,,197,2026-02-12 12:27:01.404367,WNTR,25.12,25.09,25.12,2081500.0,2009700.0
2.0,1.0,1.0,,Aggregate Position Limit,Your CRO has set the aggregate position limit to 15000 shares for this week.,198,2026-02-12 12:27:02.416364,SPNG,24.37,23.79,24.32,2574800.0,1642200.0
1.0,1.0,1.0,,Welcome to the RITC 2026 Alogithmic Market Making Case - practice server,,198,2026-02-12 12:27:02.416364,SMMR,24.57,24.57,24.58,2328700.0,1760600.0
,,,,,,198,2026-02-12 12:27:02.416364,ATMN,24.46,24.97,24.98,2335900.0,2121600.0
,,,,,,198,2026-02-12 12:27:02.416364,WNTR,25.12,25.11,25.12,2293300.0,1894900.0
2.0,1.0,1.0,,Aggregate Position Limit,Your CRO has set the aggregate position limit to 15000 shares for this week.,199,2026-02-12 12:27:03.428618,SPNG,23.62,23.64,23.65,2594300.0,1760500.0
1.0,1.0,1.0,,Welcome to the RITC 2026 Alogithmic Market Making Case - practice server,,199,2026-02-12 12:27:03.428618,SMMR,24.53,24.53,24.58,2283700.0,1760600.0
,,,,,,199,2026-02-12 12:27:03.428618,ATMN,24.98,25.1,25.11,2332900.0,2129500.0
,,,,,,199,2026-02-12 12:27:03.428618,WNTR,25.18,25.09,25.18,2307300.0,1640900.0
2.0,1.0,1.0,,Aggregate Position Limit,Your CRO has set the aggregate position limit to 15000 shares for this week.,200,2026-02-12 12:27:04.439876,SPNG,24.04,23.64,23.83,2675000.0,1753400.0
1.0,1.0,1.0,,Welcome to the RITC 2026 Alogithmic Market Making Case - practice server,,200,2026-02-12 12:27:04.439876,SMMR,24.58,24.45,24.58,2271300.0,1760600.0
,,,,,,200,2026-02-12 12:27:04.439876,ATMN,24.97,24.97,25.15,2335900.0,2149900.0
,,,,,,200,2026-02-12 12:27:04.439876,WNTR,25.05,25.05,25.18,2306700.0,1739100.0
2.0,1.0,1.0,,Aggregate Position Limit,Your CRO has set the aggregate position limit to 15000 shares for this week.,201,2026-02-12 12:27:05.454536,SPNG,24.28,23.64,24.07,2614800.0,1741300.0
1.0,1.0,1.0,,Welcome to the RITC 2026 Alogithmic Market Making Case - practice server,,201,2026-02-12 12:27:05.454536,SMMR,24.58,24.45,24.58,2310000.0,1760600.0
,,,,,,201,2026-02-12 12:27:05.454536,ATMN,25.1,25.1,25.15,2334700.0,2166800.0
,,,,,,201,2026-02-12 12:27:05.454536,WNTR,25.17,25.05,25.17,2306700.0,1833400.0
2.0,1.0,1.0,,Aggregate Position Limit,Your CRO has set the aggregate position limit to 15000 shares for this week.,202,2026-02-12 12:27:06.467118,SPNG,24.39,23.64,24.39,2614800.0,1514900.0
1.0,1.0,1.0,,Welcome to the RITC 2026 Alogithmic Market Making Case - practice server,,202,2026-02-12 12:27:06.467118,SMMR,24.58,24.57,24.58,2312200.0,1874300.0
,,,,,,202,2026-02-12 12:27:06.467118,ATMN,25.14,24.46,25.14,2431000.0,2193200.0
,,,,,,202,2026-02-12 12:27:06.467118,WNTR,25.17,25.11,25.17,2274500.0,1833400.0
2.0,1.0,1.0,,Aggregate Position Limit,Your CRO has set the aggregate position limit to 15000 shares for this week.,203,2026-02-12 12:27:07.478918,SPNG,24.39,23.69,23.73,2614800.0,1661900.0
1.0,1.0,1.0,,Welcome to the RITC 2026 Alogithmic Market Making Case - practice server,,203,2026-02-12 12:27:07.478918,SMMR,24.63,24.57,24.63,2309100.0,1756600.0
,,,,,,203,2026-02-12 12:27:07.478918,ATMN,25.15,24.88,25.15,2317000.0,2194600.0
,,,,,,203,2026-02-12 12:27:07.478918,WNTR,25.18,25.06,25.18,2264700.0,1739100.0
2.0,1.0,1.0,,Aggregate Position Limit,Your CRO has set the aggregate position limit to 15000 shares for this week.,204,2026-02-12 12:27:08.490530,SPNG,23.73,24.05,24.39,2623000.0,1617000.0
1.0,1.0,1.0,,Welcome to the RITC 2026 Alogithmic Market Making Case - practice server,,204,2026-02-12 12:27:08.490530,SMMR,24.57,24.57,24.7,2293600.0,1642900.0
,,,,,,204,2026-02-12 12:27:08.490530,ATMN,25.23,24.94,25.23,2310500.0,2086100.0
,,,,,,204,2026-02-12 12:27:08.490530,WNTR,25.19,25.14,25.19,2258800.0,1711400.0
2.0,1.0,1.0,,Aggregate Position Limit,Your CRO has set the aggregate position limit to 15000 shares for this week.,205,2026-02-12 12:27:09.502647,SPNG,23.73,24.05,24.39,2623000.0,1992400.0
1.0,1.0,1.0,,Welcome to the RITC 2026 Alogithmic Market Making Case - practice server,,205,2026-02-12 12:27:09.502647,SMMR,24.71,24.57,24.69,2293600.0,1733000.0
,,,,,,205,2026-02-12 12:27:09.502647,ATMN,25.23,24.94,25.23,2294700.0,2081200.0
,,,,,,205,2026-02-12 12:27:09.502647,WNTR,25.14,25.1,25.11,2253000.0,1844100.0
2.0,1.0,1.0,,Aggregate Position Limit,Your CRO has set the aggregate position limit to 15000 shares for this week.,206,2026-02-12 12:27:10.514545,SPNG,23.73,24.05,24.35,2623000.0,2232200.0
1.0,1.0,1.0,,Welcome to the RITC 2026 Alogithmic Market Making Case - practice server,,206,2026-02-12 12:27:10.514545,SMMR,24.56,24.56,24.67,2331800.0,1896100.0
,,,,,,206,2026-02-12 12:27:10.514545,ATMN,25.23,24.94,25.19,2271000.0,2073900.0
,,,,,,206,2026-02-12 12:27:10.514545,WNTR,25.22,25.1,25.17,2253000.0,1630800.0
2.0,1.0,1.0,,Aggregate Position Limit,Your CRO has set the aggregate position limit to 15000 shares for this week.,207,2026-02-12 12:27:11.526936,SPNG,24.13,24.13,24.35,2572600.0,2232200.0
1.0,1.0,1.0,,Welcome to the RITC 2026 Alogithmic Market Making Case - practice server,,207,2026-02-12 12:27:11.526936,SMMR,24.72,24.56,24.72,2331800.0,1780300.0
,,,,,,207,2026-02-12 12:27:11.526936,ATMN,25.23,25.18,25.19,2247900.0,2135800.0
,,,,,,207,2026-02-12 12:27:11.526936,WNTR,25.31,25.19,25.21,2240900.0,1445800.0
2.0,1.0,1.0,,Aggregate Position Limit,Your CRO has set the aggregate position limit to 15000 shares for this week.,208,2026-02-12 12:27:12.539938,SPNG,24.13,24.13,24.24,2572600.0,2262100.0
1.0,1.0,1.0,,Welcome to the RITC 2026 Alogithmic Market Making Case - practice server,,208,2026-02-12 12:27:12.539938,SMMR,24.73,24.6,24.61,2253500.0,1747500.0
,,,,,,208,2026-02-12 12:27:12.539938,ATMN,24.94,24.94,25.12,2258600.0,2152200.0
,,,,,,208,2026-02-12 12:27:12.539938,WNTR,25.31,25.23,25.31,2249100.0,1326200.0
2.0,1.0,1.0,,Aggregate Position Limit,Your CRO has set the aggregate position limit to 15000 shares for this week.,209,2026-02-12 12:27:13.556672,SPNG,23.96,23.7,23.96,2602100.0,2334800.0
1.0,1.0,1.0,,Welcome to the RITC 2026 Alogithmic Market Making Case - practice server,,209,2026-02-12 12:27:13.556672,SMMR,24.73,24.6,24.73,2242900.0,1653400.0
,,,,,,209,2026-02-12 12:27:13.556672,ATMN,24.88,24.88,25.12,2259500.0,2152200.0
,,,,,,209,2026-02-12 12:27:13.556672,WNTR,25.23,25.19,25.22,2242000.0,1533300.0
2.0,1.0,1.0,,Aggregate Position Limit,Your CRO has set the aggregate position limit to 15000 shares for this week.,210,2026-02-12 12:27:14.568455,SPNG,23.99,23.82,23.97,2611700.0,2304600.0
1.0,1.0,1.0,,Welcome to the RITC 2026 Alogithmic Market Making Case - practice server,,210,2026-02-12 12:27:14.568455,SMMR,24.74,24.6,24.74,2209500.0,1613800.0
,,,,,,210,2026-02-12 12:27:14.568455,ATMN,24.98,24.98,25.01,2252300.0,2166000.0
,,,,,,210,2026-02-12 12:27:14.568455,WNTR,25.06,25.06,25.22,2273800.0,1623700.0
2.0,1.0,1.0,,Aggregate Position Limit,Your CRO has set the aggregate position limit to 15000 shares for this week.,211,2026-02-12 12:27:15.582349,SPNG,23.82,23.82,24.24,2611700.0,2284700.0
1.0,1.0,1.0,,Welcome to the RITC 2026 Alogithmic Market Making Case - practice server,,211,2026-02-12 12:27:15.582349,SMMR,24.74,24.63,24.74,2195400.0,1702200.0
,,,,,,211,2026-02-12 12:27:15.582349,ATMN,25.23,24.98,25.23,2235100.0,2145300.0
,,,,,,211,2026-02-12 12:27:15.582349,WNTR,25.22,25.29,25.3,2265700.0,1615400.0
2.0,1.0,1.0,,Aggregate Position Limit,Your CRO has set the aggregate position limit to 15000 shares for this week.,212,2026-02-12 12:27:16.593101,SPNG,23.69,23.69,24.24,2636600.0,2331400.0
1.0,1.0,1.0,,Welcome to the RITC 2026 Alogithmic Market Making Case - practice server,,212,2026-02-12 12:27:16.593101,SMMR,24.63,24.62,24.77,2193500.0,1571300.0
,,,,,,212,2026-02-12 12:27:16.593101,ATMN,24.92,24.92,25.23,2206300.0,2145300.0
,,,,,,212,2026-02-12 12:27:16.593101,WNTR,25.29,25.15,25.27,2253200.0,1837400.0
2.0,1.0,1.0,,Aggregate Position Limit,Your CRO has set the aggregate position limit to 15000 shares for this week.,213,2026-02-12 12:27:17.604100,SPNG,24.24,23.69,24.24,2636600.0,2331400.0
1.0,1.0,1.0,,Welcome to the RITC 2026 Alogithmic Market Making Case - practice server,,213,2026-02-12 12:27:17.604100,SMMR,24.6,24.69,24.73,2170400.0,1663700.0
,,,,,,213,2026-02-12 12:27:17.604100,ATMN,24.75,24.75,25.23,2218900.0,2176800.0
,,,,,,213,2026-02-12 12:27:17.604100,WNTR,25.31,25.18,25.31,2240800.0,1616400.0
2.0,1.0,1.0,,Aggregate Position Limit,Your CRO has set the aggregate position limit to 15000 shares for this week.,214,2026-02-12 12:27:18.617079,SPNG,24.29,23.96,24.29,2575400.0,2322800.0
1.0,1.0,1.0,,Welcome to the RITC 2026 Alogithmic Market Making Case - practice server,,214,2026-02-12 12:27:18.617079,SMMR,24.6,24.57,24.58,2228400.0,1802800.0
,,,,,,214,2026-02-12 12:27:18.617079,ATMN,24.92,24.92,25.23,2215700.0,2188000.0
,,,,,,214,2026-02-12 12:27:18.617079,WNTR,25.31,25.18,25.31,2232900.0,1616400.0
2.0,1.0,1.0,,Aggregate Position Limit,Your CRO has set the aggregate position limit to 15000 shares for this week.,215,2026-02-12 12:27:19.627917,SPNG,23.69,23.69,24.29,2636600.0,2304100.0
1.0,1.0,1.0,,Welcome to the RITC 2026 Alogithmic Market Making Case - practice server,,215,2026-02-12 12:27:19.627917,SMMR,24.77,24.71,24.77,2208500.0,1665500.0
,,,,,,215,2026-02-12 12:27:19.627917,ATMN,25.23,24.73,25.23,2239300.0,2192500.0
,,,,,,215,2026-02-12 12:27:19.627917,WNTR,25.31,25.25,25.26,2212500.0,1957900.0
2.0,1.0,1.0,,Aggregate Position Limit,Your CRO has set the aggregate position limit to 15000 shares for this week.,216,2026-02-12 12:27:20.638758,SPNG,23.64,23.64,24.29,2606700.0,2289400.0
1.0,1.0,1.0,,Welcome to the RITC 2026 Alogithmic Market Making Case - practice server,,216,2026-02-12 12:27:20.638758,SMMR,24.56,24.56,24.77,2195000.0,1910100.0
,,,,,,216,2026-02-12 12:27:20.638758,ATMN,25.23,24.85,25.23,2241800.0,2226400.0
,,,,,,216,2026-02-12 12:27:20.638758,WNTR,25.31,25.25,25.26,2212500.0,2203500.0
2.0,1.0,1.0,,Aggregate Position Limit,Your CRO has set the aggregate position limit to 15000 shares for this week.,217,2026-02-12 12:27:21.651227,SPNG,23.64,23.64,24.29,2584100.0,2241600.0
1.0,1.0,1.0,,Welcome to the RITC 2026 Alogithmic Market Making Case - practice server,,217,2026-02-12 12:27:21.651227,SMMR,24.56,24.73,24.77,2210100.0,1910100.0
,,,,,,217,2026-02-12 12:27:21.651227,ATMN,24.85,24.85,25.23,2241800.0,2226200.0
,,,,,,217,2026-02-12 12:27:21.651227,WNTR,25.26,25.25,25.26,2225400.0,2203500.0
2.0,1.0,1.0,,Aggregate Position Limit,Your CRO has set the aggregate position limit to 15000 shares for this week.,218,2026-02-12 12:27:22.680697,SPNG,23.63,23.63,24.25,2583100.0,2248400.0
1.0,1.0,1.0,,Welcome to the RITC 2026 Alogithmic Market Making Case - practice server,,218,2026-02-12 12:27:22.680697,SMMR,24.55,24.55,24.56,2205100.0,2013500.0
,,,,,,218,2026-02-12 12:27:22.680697,ATMN,24.89,24.85,24.89,2307400.0,2226200.0
,,,,,,218,2026-02-12 12:27:22.680697,WNTR,25.28,25.25,25.28,2242400.0,1991500.0
2.0,1.0,1.0,,Aggregate Position Limit,Your CRO has set the aggregate position limit to 15000 shares for this week.,219,2026-02-12 12:27:23.697266,SPNG,24.28,23.63,24.19,2583100.0,2289200.0
1.0,1.0,1.0,,Welcome to the RITC 2026 Alogithmic Market Making Case - practice server,,219,2026-02-12 12:27:23.697266,SMMR,24.55,24.55,24.56,2197600.0,2109200.0
,,,,,,219,2026-02-12 12:27:23.697266,ATMN,25.25,24.85,25.25,2307400.0,2184900.0
,,,,,,219,2026-02-12 12:27:23.697266,WNTR,25.32,25.29,25.32,2261400.0,1869200.0
2.0,1.0,1.0,,Aggregate Position Limit,Your CRO has set the aggregate position limit to 15000 shares for this week.,220,2026-02-12 12:27:24.709968,SPNG,23.64,24.13,24.19,2548200.0,2289200.0
1.0,1.0,1.0,,Welcome to the RITC 2026 Alogithmic Market Making Case - practice server,,220,2026-02-12 12:27:24.709968,SMMR,24.77,24.77,24.82,2231100.0,1773100.0
,,,,,,220,2026-02-12 12:27:24.709968,ATMN,24.77,24.77,25.25,2280400.0,2214000.0
,,,,,,220,2026-02-12 12:27:24.709968,WNTR,25.32,25.3,25.32,2235600.0,1869200.0
2.0,1.0,1.0,,Aggregate Position Limit,Your CRO has set the aggregate position limit to 15000 shares for this week.,221,2026-02-12 12:27:25.721871,SPNG,23.62,23.62,24.19,2535600.0,2317900.0
1.0,1.0,1.0,,Welcome to the RITC 2026 Alogithmic Market Making Case - practice server,,221,2026-02-12 12:27:25.721871,SMMR,24.77,24.55,24.77,2197600.0,2142400.0
,,,,,,221,2026-02-12 12:27:25.721871,ATMN,25.35,25.12,25.17,2281700.0,2238700.0
,,,,,,221,2026-02-12 12:27:25.721871,WNTR,25.35,25.29,25.35,2245200.0,1778800.0
2.0,1.0,1.0,,Aggregate Position Limit,Your CRO has set the aggregate position limit to 15000 shares for this week.,222,2026-02-12 12:27:26.734805,SPNG,24.35,23.62,24.35,2567400.0,2274300.0
1.0,1.0,1.0,,Welcome to the RITC 2026 Alogithmic Market Making Case - practice server,,222,2026-02-12 12:27:26.734805,SMMR,24.77,24.55,24.77,2197600.0,2142400.0
,,,,,,222,2026-02-12 12:27:26.734805,ATMN,25.12,24.77,24.89,2280400.0,2238400.0
,,,,,,222,2026-02-12 12:27:26.734805,WNTR,25.36,25.29,25.36,2235900.0,1680600.0
2.0,1.0,1.0,,Aggregate Position Limit,Your CRO has set the aggregate position limit to 15000 shares for this week.,223,2026-02-12 12:27:27.747272,SPNG,23.76,23.62,23.76,2535700.0,2317500.0
1.0,1.0,1.0,,Welcome to the RITC 2026 Alogithmic Market Making Case - practice server,,223,2026-02-12 12:27:27.747272,SMMR,24.61,24.54,24.61,2218200.0,2296200.0
,,,,,,223,2026-02-12 12:27:27.747272,ATMN,25.17,24.8,25.17,2274600.0,2232600.0
,,,,,,223,2026-02-12 12:27:27.747272,WNTR,25.36,25.29,25.36,2228700.0,1680600.0
2.0,1.0,1.0,,Aggregate Position Limit,Your CRO has set the aggregate position limit to 15000 shares for this week.,224,2026-02-12 12:27:28.759251,SPNG,23.57,24.13,24.14,2494000.0,2321100.0
1.0,1.0,1.0,,Welcome to the RITC 2026 Alogithmic Market Making Case - practice server,,224,2026-02-12 12:27:28.759251,SMMR,24.61,24.54,24.61,2215200.0,2296200.0
,,,,,,224,2026-02-12 12:27:28.759251,ATMN,24.77,24.77,25.17,2280400.0,2232600.0
,,,,,,224,2026-02-12 12:27:28.759251,WNTR,25.29,25.29,25.37,2216800.0,1576300.0
2.0,1.0,1.0,,Aggregate Position Limit,Your CRO has set the aggregate position limit to 15000 shares for this week.,225,2026-02-12 12:27:29.775027,SPNG,23.57,23.57,24.14,2552600.0,2321100.0
1.0,1.0,1.0,,Welcome to the RITC 2026 Alogithmic Market Making Case - practice server,,225,2026-02-12 12:27:29.775027,SMMR,24.61,24.63,24.77,2219200.0,2278200.0
,,,,,,225,2026-02-12 12:27:29.775027,ATMN,25.29,24.77,25.29,2289700.0,2238800.0
,,,,,,225,2026-02-12 12:27:29.775027,WNTR,25.28,25.28,25.38,2218400.0,1446800.0
2.0,1.0,1.0,,Aggregate Position Limit,Your CRO has set the aggregate position limit to 15000 shares for this week.,226,2026-02-12 12:27:30.787808,SPNG,23.57,23.57,23.65,2527300.0,2338300.0
1.0,1.0,1.0,,Welcome to the RITC 2026 Alogithmic Market Making Case - practice server,,226,2026-02-12 12:27:30.787808,SMMR,24.61,24.54,24.61,2205500.0,2309800.0
,,,,,,226,2026-02-12 12:27:30.787808,ATMN,25.37,24.73,25.37,2298600.0,2191200.0
,,,,,,226,2026-02-12 12:27:30.787808,WNTR,25.28,25.28,25.44,2218400.0,1314500.0
2.0,1.0,1.0,,Aggregate Position Limit,Your CRO has set the aggregate position limit to 15000 shares for this week.,227,2026-02-12 12:27:31.800843,SPNG,23.65,23.57,23.65,2518800.0,2338300.0
1.0,1.0,1.0,,Welcome to the RITC 2026 Alogithmic Market Making Case - practice server,,227,2026-02-12 12:27:31.800843,SMMR,24.51,24.51,24.59,2198100.0,2290200.0
,,,,,,227,2026-02-12 12:27:31.800843,ATMN,25.25,24.98,25.24,2304300.0,2212200.0
,,,,,,227,2026-02-12 12:27:31.800843,WNTR,25.36,25.36,25.44,2194100.0,1439700.0
2.0,1.0,1.0,,Aggregate Position Limit,Your CRO has set the aggregate position limit to 15000 shares for this week.,228,2026-02-12 12:27:32.814267,SPNG,23.65,23.87,24.14,2480800.0,2364800.0
1.0,1.0,1.0,,Welcome to the RITC 2026 Alogithmic Market Making Case - practice server,,228,2026-02-12 12:27:32.814267,SMMR,24.64,24.72,24.77,2201200.0,2291600.0
,,,,,,228,2026-02-12 12:27:32.814267,ATMN,25.35,24.98,25.02,2304300.0,2223700.0
,,,,,,228,2026-02-12 12:27:32.814267,WNTR,25.36,25.36,25.5,2166800.0,1344200.0
2.0,1.0,1.0,,Aggregate Position Limit,Your CRO has set the aggregate position limit to 15000 shares for this week.,229,2026-02-12 12:27:33.826323,SPNG,23.57,23.57,24.14,2495700.0,2337000.0
1.0,1.0,1.0,,Welcome to the RITC 2026 Alogithmic Market Making Case - practice server,,229,2026-02-12 12:27:33.826323,SMMR,24.75,24.51,24.75,2203600.0,2296200.0
,,,,,,229,2026-02-12 12:27:33.826323,ATMN,24.98,24.99,25.37,2285700.0,2181600.0
,,,,,,229,2026-02-12 12:27:33.826323,WNTR,25.36,25.31,25.34,2180400.0,1347700.0
2.0,1.0,1.0,,Aggregate Position Limit,Your CRO has set the aggregate position limit to 15000 shares for this week.,230,2026-02-12 12:27:34.844943,SPNG,23.79,23.79,24.14,2499500.0,2337000.0
1.0,1.0,1.0,,Welcome to the RITC 2026 Alogithmic Market Making Case - practice server,,230,2026-02-12 12:27:34.844943,SMMR,24.5,24.64,24.68,2216100.0,2302300.0
,,,,,,230,2026-02-12 12:27:34.844943,ATMN,24.99,24.99,25.34,2285700.0,2213700.0
,,,,,,230,2026-02-12 12:27:34.844943,WNTR,25.36,25.32,25.34,2200300.0,1347700.0
2.0,1.0,1.0,,Aggregate Position Limit,Your CRO has set the aggregate position limit to 15000 shares for this week.,231,2026-02-12 12:27:35.864729,SPNG,23.82,23.79,23.82,2499500.0,2341100.0
1.0,1.0,1.0,,Welcome to the RITC 2026 Alogithmic Market Making Case - practice server,,231,2026-02-12 12:27:35.864729,SMMR,24.63,24.63,24.68,2201100.0,2302300.0
,,,,,,231,2026-02-12 12:27:35.864729,ATMN,24.99,24.99,25.29,2285700.0,2251700.0
,,,,,,231,2026-02-12 12:27:35.864729,WNTR,25.76,25.37,25.66,2211200.0,1225600.0
2.0,1.0,1.0,,Aggregate Position Limit,Your CRO has set the aggregate position limit to 15000 shares for this week.,232,2026-02-12 12:27:36.882579,SPNG,23.6,23.72,24.34,2492800.0,2320700.0
1.0,1.0,1.0,,Welcome to the RITC 2026 Alogithmic Market Making Case - practice server,,232,2026-02-12 12:27:36.882579,SMMR,24.73,24.5,24.55,2219300.0,2279700.0
,,,,,,232,2026-02-12 12:27:36.882579,ATMN,24.98,24.98,25.33,2290000.0,2279700.0
,,,,,,232,2026-02-12 12:27:36.882579,WNTR,25.76,25.62,25.72,2178800.0,1340400.0
2.0,1.0,1.0,,Aggregate Position Limit,Your CRO has set the aggregate position limit to 15000 shares for this week.,233,2026-02-12 12:27:37.894035,SPNG,23.6,23.72,24.32,2492800.0,2337900.0
1.0,1.0,1.0,,Welcome to the RITC 2026 Alogithmic Market Making Case - practice server,,233,2026-02-12 12:27:37.894035,SMMR,24.55,24.65,24.66,2219200.0,2282500.0
,,,,,,233,2026-02-12 12:27:37.894035,ATMN,24.88,24.88,25.33,2307200.0,2274700.0
,,,,,,233,2026-02-12 12:27:37.894035,WNTR,25.37,25.37,25.64,2211200.0,1557600.0
2.0,1.0,1.0,,Aggregate Position Limit,Your CRO has set the aggregate position limit to 15000 shares for this week.,234,2026-02-12 12:27:38.905049,SPNG,23.72,23.57,23.62,2495700.0,2400900.0
1.0,1.0,1.0,,Welcome to the RITC 2026 Alogithmic Market Making Case - practice server,,234,2026-02-12 12:27:38.905049,SMMR,24.65,24.53,24.57,2218400.0,2301700.0
,,,,,,234,2026-02-12 12:27:38.905049,ATMN,24.73,24.73,25.28,2296500.0,2280400.0
,,,,,,234,2026-02-12 12:27:38.905049,WNTR,25.59,25.37,25.41,2211200.0,1791400.0
2.0,1.0,1.0,,Aggregate Position Limit,Your CRO has set the aggregate position limit to 15000 shares for this week.,235,2026-02-12 12:27:39.918364,SPNG,23.57,23.57,24.01,2469600.0,2391100.0
1.0,1.0,1.0,,Welcome to the RITC 2026 Alogithmic Market Making Case - practice server,,235,2026-02-12 12:27:39.918364,SMMR,24.66,24.53,24.56,2218400.0,2273600.0
,,,,,,235,2026-02-12 12:27:39.918364,ATMN,25.26,25.26,25.33,2293300.0,2274700.0
,,,,,,235,2026-02-12 12:27:39.918364,WNTR,25.41,25.42,25.61,2195100.0,1662200.0
2.0,1.0,1.0,,Aggregate Position Limit,Your CRO has set the aggregate position limit to 15000 shares for this week.,236,2026-02-12 12:27:40.929236,SPNG,23.55,23.47,23.5,2454100.0,2403400.0
1.0,1.0,1.0,,Welcome to the RITC 2026 Alogithmic Market Making Case - practice server,,236,2026-02-12 12:27:40.929236,SMMR,24.5,24.5,24.66,2232000.0,2290500.0
,,,,,,236,2026-02-12 12:27:40.929236,ATMN,24.73,24.73,25.33,2290100.0,2293200.0
,,,,,,236,2026-02-12 12:27:40.929236,WNTR,25.54,25.56,25.57,2206500.0,1769700.0
2.0,1.0,1.0,,Aggregate Position Limit,Your CRO has set the aggregate position limit to 15000 shares for this week.,237,2026-02-12 12:27:41.942006,SPNG,24.32,23.47,23.88,2454100.0,2370400.0
1.0,1.0,1.0,,Welcome to the RITC 2026 Alogithmic Market Making Case - practice server,,237,2026-02-12 12:27:41.942006,SMMR,24.5,24.53,24.56,2226400.0,2322200.0
,,,,,,237,2026-02-12 12:27:41.942006,ATMN,24.87,24.73,24.87,2290100.0,2296100.0
,,,,,,237,2026-02-12 12:27:41.942006,WNTR,25.57,25.56,25.57,2206500.0,1901700.0
2.0,1.0,1.0,,Aggregate Position Limit,Your CRO has set the aggregate position limit to 15000 shares for this week.,238,2026-02-12 12:27:42.953518,SPNG,23.88,23.47,23.88,2451300.0,2370400.0
1.0,1.0,1.0,,Welcome to the RITC 2026 Alogithmic Market Making Case - practice server,,238,2026-02-12 12:27:42.953518,SMMR,24.67,24.53,24.67,2258100.0,2308300.0
,,,,,,238,2026-02-12 12:27:42.953518,ATMN,25.33,24.86,25.08,2256700.0,2308600.0
,,,,,,238,2026-02-12 12:27:42.953518,WNTR,25.45,25.53,25.57,2182000.0,1991500.0
2.0,1.0,1.0,,Aggregate Position Limit,Your CRO has set the aggregate position limit to 15000 shares for this week.,239,2026-02-12 12:27:43.965997,SPNG,23.88,23.88,24.32,2429600.0,2337900.0
1.0,1.0,1.0,,Welcome to the RITC 2026 Alogithmic Market Making Case - practice server,,239,2026-02-12 12:27:43.965997,SMMR,24.53,24.53,24.57,2261500.0,2298700.0
,,,,,,239,2026-02-12 12:27:43.965997,ATMN,25.34,24.86,25.13,2256700.0,2288100.0
,,,,,,239,2026-02-12 12:27:43.965997,WNTR,25.59,25.42,25.59,2188300.0,1884000.0
2.0,1.0,1.0,,Aggregate Position Limit,Your CRO has set the aggregate position limit to 15000 shares for this week.,240,2026-02-12 12:27:44.977778,SPNG,23.88,23.75,24.13,1105800.0,978300.0
1.0,1.0,1.0,,Welcome to the RITC 2026 Alogithmic Market Making Case - practice server,,240,2026-02-12 12:27:44.977778,SMMR,25.32,24.8,24.95,934800.0,847200.0
,,,,,,240,2026-02-12 12:27:44.977778,ATMN,25.13,26.24,26.92,916200.0,897000.0
,,,,,,240,2026-02-12 12:27:44.977778,WNTR,25.61,23.59,23.85,947400.0,1101500.0
2.0,1.0,1.0,,Aggregate Position Limit,Your CRO has set the aggregate position limit to 15000 shares for this week.,241,2026-02-12 12:27:45.989934,SPNG,23.75,23.75,23.93,1105800.0,1079800.0
1.0,1.0,1.0,,Welcome to the RITC 2026 Alogithmic Market Making Case - practice server,,241,2026-02-12 12:27:45.989934,SMMR,24.99,24.8,24.99,1291100.0,831400.0
,,,,,,241,2026-02-12 12:27:45.989934,ATMN,26.24,26.24,26.26,928700.0,1176700.0
,,,,,,241,2026-02-12 12:27:45.989934,WNTR,23.5,23.18,23.29,967400.0,1490300.0
2.0,1.0,1.0,,Aggregate Position Limit,Your CRO has set the aggregate position limit to 15000 shares for this week.,242,2026-02-12 12:27:47.002733,SPNG,23.02,23.02,24.13,1182200.0,1115100.0
1.0,1.0,1.0,,Welcome to the RITC 2026 Alogithmic Market Making Case - practice server,,242,2026-02-12 12:27:47.002733,SMMR,24.99,25.41,25.62,1495400.0,934400.0
,,,,,,242,2026-02-12 12:27:47.002733,ATMN,26.26,26.44,26.5,1148300.0,1073900.0
,,,,,,242,2026-02-12 12:27:47.002733,WNTR,23.29,23.2,23.29,1117000.0,1490300.0
2.0,1.0,1.0,,Aggregate Position Limit,Your CRO has set the aggregate position limit to 15000 shares for this week.,243,2026-02-12 12:27:48.015372,SPNG,23.3,23.3,24.13,1296000.0,1115100.0
1.0,1.0,1.0,,Welcome to the RITC 2026 Alogithmic Market Making Case - practice server,,243,2026-02-12 12:27:48.015372,SMMR,25.55,25.02,25.55,1397000.0,1191900.0
,,,,,,243,2026-02-12 12:27:48.015372,ATMN,26.44,26.24,26.41,1051900.0,1467100.0
,,,,,,243,2026-02-12 12:27:48.015372,WNTR,23.29,23.26,23.29,1360200.0,1751700.0
2.0,1.0,1.0,,Aggregate Position Limit,Your CRO has set the aggregate position limit to 15000 shares for this week.,244,2026-02-12 12:27:49.027125,SPNG,24.19,23.56,24.19,1435400.0,1119000.0
1.0,1.0,1.0,,Welcome to the RITC 2026 Alogithmic Market Making Case - practice server,,244,2026-02-12 12:27:49.027125,SMMR,25.62,25.39,25.62,1500100.0,1248700.0
,,,,,,244,2026-02-12 12:27:49.027125,ATMN,26.44,26.24,26.29,1051900.0,1755200.0
,,,,,,244,2026-02-12 12:27:49.027125,WNTR,23.2,23.2,23.29,1331200.0,1751700.0
2.0,1.0,1.0,,Aggregate Position Limit,Your CRO has set the aggregate position limit to 15000 shares for this week.,245,2026-02-12 12:27:50.039380,SPNG,23.88,23.56,23.88,1435400.0,1390500.0
1.0,1.0,1.0,,Welcome to the RITC 2026 Alogithmic Market Making Case - practice server,,245,2026-02-12 12:27:50.039380,SMMR,25.62,25.39,25.62,1500100.0,1679900.0
,,,,,,245,2026-02-12 12:27:50.039380,ATMN,25.99,25.99,26.29,1181500.0,1755200.0
,,,,,,245,2026-02-12 12:27:50.039380,WNTR,23.2,23.2,23.29,1331200.0,1978500.0
2.0,1.0,1.0,,Aggregate Position Limit,Your CRO has set the aggregate position limit to 15000 shares for this week.,246,2026-02-12 12:27:51.052848,SPNG,24.21,23.56,23.83,1578900.0,1283600.0
1.0,1.0,1.0,,Welcome to the RITC 2026 Alogithmic Market Making Case - practice server,,246,2026-02-12 12:27:51.052848,SMMR,25.18,25.19,25.62,1514100.0,1778100.0
,,,,,,246,2026-02-12 12:27:51.052848,ATMN,26.5,25.99,26.5,1304100.0,1266000.0
,,,,,,246,2026-02-12 12:27:51.052848,WNTR,23.2,23.2,23.28,1444800.0,2245800.0
2.0,1.0,1.0,,Aggregate Position Limit,Your CRO has set the aggregate position limit to 15000 shares for this week.,247,2026-02-12 12:27:52.065348,SPNG,23.83,23.72,23.83,1705800.0,1423500.0
1.0,1.0,1.0,,Welcome to the RITC 2026 Alogithmic Market Making Case - practice server,,247,2026-02-12 12:27:52.065348,SMMR,25.27,25.19,25.27,1423000.0,1905700.0
,,,,,,247,2026-02-12 12:27:52.065348,ATMN,26.34,25.99,26.32,1304100.0,1501000.0
,,,,,,247,2026-02-12 12:27:52.065348,WNTR,23.28,23.2,23.28,1563900.0,2363300.0
2.0,1.0,1.0,,Aggregate Position Limit,Your CRO has set the aggregate position limit to 15000 shares for this week.,248,2026-02-12 12:27:53.080470,SPNG,23.89,23.72,23.89,1843100.0,1415800.0
1.0,1.0,1.0,,Welcome to the RITC 2026 Alogithmic Market Making Case - practice server,,248,2026-02-12 12:27:53.080470,SMMR,24.8,24.93,25.27,1415300.0,1905700.0
,,,,,,248,2026-02-12 12:27:53.080470,ATMN,26.5,26.17,26.5,1415600.0,1382000.0
,,,,,,248,2026-02-12 12:27:53.080470,WNTR,23.18,23.18,23.24,1427700.0,2521200.0
2.0,1.0,1.0,,Aggregate Position Limit,Your CRO has set the aggregate position limit to 15000 shares for this week.,249,2026-02-12 12:27:54.091285,SPNG,23.89,23.64,23.89,1716200.0,1275900.0
1.0,1.0,1.0,,Welcome to the RITC 2026 Alogithmic Market Making Case - practice server,,249,2026-02-12 12:27:54.091285,SMMR,25.27,25.33,25.62,1538900.0,1909700.0
,,,,,,249,2026-02-12 12:27:54.091285,ATMN,26.17,26.17,26.23,1513000.0,1382000.0
,,,,,,249,2026-02-12 12:27:54.091285,WNTR,23.28,23.22,23.28,1544500.0,2230200.0
2.0,1.0,1.0,,Aggregate Position Limit,Your CRO has set the aggregate position limit to 15000 shares for this week.,250,2026-02-12 12:27:55.112717,SPNG,24.21,24.22,24.23,1960100.0,1298200.0
1.0,1.0,1.0,,Welcome to the RITC 2026 Alogithmic Market Making Case - practice server,,250,2026-02-12 12:27:55.112717,SMMR,25.26,24.93,25.26,1415300.0,2007000.0
,,,,,,250,2026-02-12 12:27:55.112717,ATMN,26.25,26.17,26.25,1415600.0,1678700.0
,,,,,,250,2026-02-12 12:27:55.112717,WNTR,23.31,23.22,23.31,1806500.0,2089800.0
2.0,1.0,1.0,,Aggregate Position Limit,Your CRO has set the aggregate position limit to 15000 shares for this week.,251,2026-02-12 12:27:56.133756,SPNG,24.21,24.22,24.23,1960100.0,1736600.0
1.0,1.0,1.0,,Welcome to the RITC 2026 Alogithmic Market Making Case - practice server,,251,2026-02-12 12:27:56.133756,SMMR,25.26,25.19,25.26,1729000.0,2007000.0
,,,,,,251,2026-02-12 12:27:56.133756,ATMN,26.5,26.54,26.69,1538400.0,1678500.0
,,,,,,251,2026-02-12 12:27:56.133756,WNTR,23.21,23.21,23.29,1797400.0,2194200.0
2.0,1.0,1.0,,Aggregate Position Limit,Your CRO has set the aggregate position limit to 15000 shares for this week.,252,2026-02-12 12:27:57.146626,SPNG,23.56,23.56,24.15,1706800.0,1998800.0
1.0,1.0,1.0,,Welcome to the RITC 2026 Alogithmic Market Making Case - practice server,,252,2026-02-12 12:27:57.146626,SMMR,25.26,25.35,25.42,1855900.0,2128100.0
,,,,,,252,2026-02-12 12:27:57.146626,ATMN,26.54,26.17,26.28,1415600.0,2016400.0
,,,,,,252,2026-02-12 12:27:57.146626,WNTR,23.31,23.21,23.28,1918500.0,2202100.0
2.0,1.0,1.0,,Aggregate Position Limit,Your CRO has set the aggregate position limit to 15000 shares for this week.,253,2026-02-12 12:27:58.160897,SPNG,24.15,23.56,24.15,1836900.0,1998800.0
1.0,1.0,1.0,,Welcome to the RITC 2026 Alogithmic Market Making Case - practice server,,253,2026-02-12 12:27:58.160897,SMMR,25.35,25.19,25.33,1857300.0,2155500.0
,,,,,,253,2026-02-12 12:27:58.160897,ATMN,25.97,25.97,26.28,1289200.0,2021300.0
,,,,,,253,2026-02-12 12:27:58.160897,WNTR,23.26,23.21,23.26,1918500.0,2474400.0
2.0,1.0,1.0,,Aggregate Position Limit,Your CRO has set the aggregate position limit to 15000 shares for this week.,254,2026-02-12 12:27:59.172954,SPNG,24.23,23.56,24.04,1836900.0,1978800.0
1.0,1.0,1.0,,Welcome to the RITC 2026 Alogithmic Market Making Case - practice server,,254,2026-02-12 12:27:59.172954,SMMR,25.42,25.19,25.36,1857300.0,2129800.0
,,,,,,254,2026-02-12 12:27:59.172954,ATMN,26.47,25.97,26.03,1289200.0,2051300.0
,,,,,,254,2026-02-12 12:27:59.172954,WNTR,23.21,23.21,23.27,2052700.0,2329800.0
2.0,1.0,1.0,,Aggregate Position Limit,Your CRO has set the aggregate position limit to 15000 shares for this week.,255,2026-02-12 12:28:00.187191,SPNG,23.72,23.72,24.04,1976300.0,2121600.0
1.0,1.0,1.0,,Welcome to the RITC 2026 Alogithmic Market Making Case - practice server,,255,2026-02-12 12:28:00.187191,SMMR,25.19,25.19,25.25,1756800.0,2145700.0
,,,,,,255,2026-02-12 12:28:00.187191,ATMN,26.69,25.97,26.15,1390600.0,2011700.0
,,,,,,255,2026-02-12 12:28:00.187191,WNTR,23.32,23.21,23.32,2190900.0,1845300.0
2.0,1.0,1.0,,Aggregate Position Limit,Your CRO has set the aggregate position limit to 15000 shares for this week.,256,2026-02-12 12:28:01.198960,SPNG,23.72,23.72,24.04,2120300.0,2365100.0
1.0,1.0,1.0,,Welcome to the RITC 2026 Alogithmic Market Making Case - practice server,,256,2026-02-12 12:28:01.198960,SMMR,25.17,25.17,25.36,1628500.0,2119200.0
,,,,,,256,2026-02-12 12:28:01.198960,ATMN,26.15,26.21,26.53,1619200.0,2017600.0
,,,,,,256,2026-02-12 12:28:01.198960,WNTR,23.43,23.26,23.43,2298400.0,1481900.0
2.0,1.0,1.0,,Aggregate Position Limit,Your CRO has set the aggregate position limit to 15000 shares for this week.,257,2026-02-12 12:28:02.210832,SPNG,23.56,23.56,23.79,2111700.0,2451300.0
1.0,1.0,1.0,,Welcome to the RITC 2026 Alogithmic Market Making Case - practice server,,257,2026-02-12 12:28:02.210832,SMMR,25.36,25.17,25.2,1628500.0,2140000.0
,,,,,,257,2026-02-12 12:28:02.210832,ATMN,26.53,26.21,26.53,1619200.0,2038700.0
,,,,,,257,2026-02-12 12:28:02.210832,WNTR,23.3,23.3,23.33,2094900.0,1606800.0
2.0,1.0,1.0,,Aggregate Position Limit,Your CRO has set the aggregate position limit to 15000 shares for this week.,258,2026-02-12 12:28:03.223070,SPNG,23.46,23.46,23.79,2235700.0,2451300.0
1.0,1.0,1.0,,Welcome to the RITC 2026 Alogithmic Market Making Case - practice server,,258,2026-02-12 12:28:03.223070,SMMR,25.17,24.93,24.98,1536800.0,2122800.0
,,,,,,258,2026-02-12 12:28:03.223070,ATMN,25.95,25.95,26.27,1381700.0,2094700.0
,,,,,,258,2026-02-12 12:28:03.223070,WNTR,23.3,23.3,23.33,2314900.0,1748900.0
2.0,1.0,1.0,,Aggregate Position Limit,Your CRO has set the aggregate position limit to 15000 shares for this week.,259,2026-02-12 12:28:04.234152,SPNG,23.79,23.65,23.79,2507800.0,2451300.0
1.0,1.0,1.0,,Welcome to the RITC 2026 Alogithmic Market Making Case - practice server,,259,2026-02-12 12:28:04.234152,SMMR,25.18,25.18,25.42,1801100.0,2140200.0
,,,,,,259,2026-02-12 12:28:04.234152,ATMN,26.27,26.28,26.53,1615000.0,2075000.0
,,,,,,259,2026-02-12 12:28:04.234152,WNTR,23.24,23.22,23.23,2151000.0,1996500.0
2.0,1.0,1.0,,Aggregate Position Limit,Your CRO has set the aggregate position limit to 15000 shares for this week.,260,2026-02-12 12:28:05.245733,SPNG,23.65,23.65,23.79,2764800.0,2450800.0
1.0,1.0,1.0,,Welcome to the RITC 2026 Alogithmic Market Making Case - practice server,,260,2026-02-12 12:28:05.245733,SMMR,25.18,25.18,25.29,1801100.0,2143500.0
,,,,,,260,2026-02-12 12:28:05.245733,ATMN,26.53,26.05,26.53,1617300.0,2075000.0
,,,,,,260,2026-02-12 12:28:05.245733,WNTR,23.38,23.16,23.38,2189000.0,1728100.0
2.0,1.0,1.0,,Aggregate Position Limit,Your CRO has set the aggregate position limit to 15000 shares for this week.,261,2026-02-12 12:28:06.257510,SPNG,24.04,23.65,24.04,2764800.0,2405400.0
1.0,1.0,1.0,,Welcome to the RITC 2026 Alogithmic Market Making Case - practice server,,261,2026-02-12 12:28:06.257510,SMMR,25.43,25.17,25.43,1791900.0,2126300.0
,,,,,,261,2026-02-12 12:28:06.257510,ATMN,26.18,26.05,26.18,1627000.0,2105700.0
,,,,,,261,2026-02-12 12:28:06.257510,WNTR,23.38,23.16,23.38,2189000.0,1829200.0
2.0,1.0,1.0,,Aggregate Position Limit,Your CRO has set the aggregate position limit to 15000 shares for this week.,262,2026-02-12 12:28:07.268396,SPNG,23.74,23.65,23.74,2720500.0,2476400.0
1.0,1.0,1.0,,Welcome to the RITC 2026 Alogithmic Market Making Case - practice server,,262,2026-02-12 12:28:07.268396,SMMR,25.43,25.17,25.25,1884800.0,2130000.0
,,,,,,262,2026-02-12 12:28:07.268396,ATMN,26.22,26.22,26.53,1852500.0,2075000.0
,,,,,,262,2026-02-12 12:28:07.268396,WNTR,23.16,23.16,23.38,2215700.0,1928700.0
2.0,1.0,1.0,,Aggregate Position Limit,Your CRO has set the aggregate position limit to 15000 shares for this week.,263,2026-02-12 12:28:08.282462,SPNG,23.55,23.55,24.04,2734300.0,2470900.0
1.0,1.0,1.0,,Welcome to the RITC 2026 Alogithmic Market Making Case - practice server,,263,2026-02-12 12:28:08.282462,SMMR,25.43,25.17,25.25,2226400.0,2166300.0
,,,,,,263,2026-02-12 12:28:08.282462,ATMN,25.95,25.95,26.53,1501400.0,2083300.0
,,,,,,263,2026-02-12 12:28:08.282462,WNTR,23.26,23.16,23.26,2215700.0,2288500.0
2.0,1.0,1.0,,Aggregate Position Limit,Your CRO has set the aggregate position limit to 15000 shares for this week.,264,2026-02-12 12:28:09.296210,SPNG,23.55,23.55,23.93,2750100.0,2493600.0
1.0,1.0,1.0,,Welcome to the RITC 2026 Alogithmic Market Making Case - practice server,,264,2026-02-12 12:28:09.296210,SMMR,25.23,25.19,25.23,2346200.0,2194700.0
,,,,,,264,2026-02-12 12:28:09.296210,ATMN,25.95,25.95,26.0,1716000.0,2095400.0
,,,,,,264,2026-02-12 12:28:09.296210,WNTR,23.26,23.2,23.23,2442900.0,2410100.0
2.0,1.0,1.0,,Aggregate Position Limit,Your CRO has set the aggregate position limit to 15000 shares for this week.,265,2026-02-12 12:28:10.306961,SPNG,23.46,23.46,23.93,2784900.0,2498300.0
1.0,1.0,1.0,,Welcome to the RITC 2026 Alogithmic Market Making Case - practice server,,265,2026-02-12 12:28:10.306961,SMMR,25.25,25.24,25.25,2347600.0,2166300.0
,,,,,,265,2026-02-12 12:28:10.306961,ATMN,26.0,25.95,26.0,2040100.0,2095400.0
,,,,,,265,2026-02-12 12:28:10.306961,WNTR,23.23,23.2,23.23,2419400.0,2424300.0
2.0,1.0,1.0,,Aggregate Position Limit,Your CRO has set the aggregate position limit to 15000 shares for this week.,266,2026-02-12 12:28:11.318732,SPNG,23.93,23.68,23.93,2792800.0,2498300.0
1.0,1.0,1.0,,Welcome to the RITC 2026 Alogithmic Market Making Case - practice server,,266,2026-02-12 12:28:11.318732,SMMR,25.25,25.24,25.25,2304600.0,2166300.0
,,,,,,266,2026-02-12 12:28:11.318732,ATMN,26.56,25.95,26.44,2263300.0,2097100.0
,,,,,,266,2026-02-12 12:28:11.318732,WNTR,23.33,23.24,23.33,2422900.0,2163200.0
2.0,1.0,1.0,,Aggregate Position Limit,Your CRO has set the aggregate position limit to 15000 shares for this week.,267,2026-02-12 12:28:12.329901,SPNG,23.93,23.68,23.73,2806100.0,2518000.0
1.0,1.0,1.0,,Welcome to the RITC 2026 Alogithmic Market Making Case - practice server,,267,2026-02-12 12:28:12.329901,SMMR,25.2,25.2,25.3,2318300.0,2142600.0
,,,,,,267,2026-02-12 12:28:12.329901,ATMN,26.15,26.23,26.44,2198200.0,2097100.0
,,,,,,267,2026-02-12 12:28:12.329901,WNTR,23.34,23.24,23.25,2447200.0,2238600.0
2.0,1.0,1.0,,Aggregate Position Limit,Your CRO has set the aggregate position limit to 15000 shares for this week.,268,2026-02-12 12:28:13.343771,SPNG,23.73,23.4,23.73,2782900.0,2518000.0
1.0,1.0,1.0,,Welcome to the RITC 2026 Alogithmic Market Making Case - practice server,,268,2026-02-12 12:28:13.343771,SMMR,25.3,25.31,25.33,2315000.0,2187200.0
,,,,,,268,2026-02-12 12:28:13.343771,ATMN,26.23,25.95,26.06,2230600.0,2073300.0
,,,,,,268,2026-02-12 12:28:13.343771,WNTR,23.34,23.23,23.34,2422300.0,2135400.0
2.0,1.0,1.0,,Aggregate Position Limit,Your CRO has set the aggregate position limit to 15000 shares for this week.,269,2026-02-12 12:28:14.355793,SPNG,23.81,23.62,23.81,2778800.0,2505200.0
1.0,1.0,1.0,,Welcome to the RITC 2026 Alogithmic Market Making Case - practice server,,269,2026-02-12 12:28:14.355793,SMMR,25.3,25.31,25.33,2315000.0,2161400.0
,,,,,,269,2026-02-12 12:28:14.355793,ATMN,25.92,25.92,26.44,2222100.0,2073800.0
,,,,,,269,2026-02-12 12:28:14.355793,WNTR,23.37,23.23,23.32,2422300.0,2166600.0
2.0,1.0,1.0,,Aggregate Position Limit,Your CRO has set the aggregate position limit to 15000 shares for this week.,270,2026-02-12 12:28:15.366794,SPNG,23.93,23.4,23.93,2772200.0,2498300.0
1.0,1.0,1.0,,Welcome to the RITC 2026 Alogithmic Market Making Case - practice server,,270,2026-02-12 12:28:15.366794,SMMR,25.24,25.24,25.33,2354200.0,2181400.0
,,,,,,270,2026-02-12 12:28:15.366794,ATMN,25.92,25.98,26.04,2197300.0,2050200.0
,,,,,,270,2026-02-12 12:28:15.366794,WNTR,23.2,23.16,23.17,2430600.0,2282800.0
2.0,1.0,1.0,,Aggregate Position Limit,Your CRO has set the aggregate position limit to 15000 shares for this week.,271,2026-02-12 12:28:16.385762,SPNG,23.93,23.59,23.66,2665500.0,2490500.0
1.0,1.0,1.0,,Welcome to the RITC 2026 Alogithmic Market Making Case - practice server,,271,2026-02-12 12:28:16.385762,SMMR,25.35,25.32,25.35,2363200.0,2161100.0
,,,,,,271,2026-02-12 12:28:16.385762,ATMN,26.04,26.13,26.44,2178900.0,2051600.0
,,,,,,271,2026-02-12 12:28:16.385762,WNTR,23.34,23.16,23.34,2430600.0,2300000.0
2.0,1.0,1.0,,Aggregate Position Limit,Your CRO has set the aggregate position limit to 15000 shares for this week.,272,2026-02-12 12:28:17.398213,SPNG,23.93,23.59,23.66,2657300.0,2514700.0
1.0,1.0,1.0,,Welcome to the RITC 2026 Alogithmic Market Making Case - practice server,,272,2026-02-12 12:28:17.398213,SMMR,25.32,25.32,25.37,2363200.0,2143400.0
,,,,,,272,2026-02-12 12:28:17.398213,ATMN,26.04,26.13,26.24,2178900.0,2034500.0
,,,,,,272,2026-02-12 12:28:17.398213,WNTR,23.34,23.16,23.21,2439100.0,2451100.0
2.0,1.0,1.0,,Aggregate Position Limit,Your CRO has set the aggregate position limit to 15000 shares for this week.,273,2026-02-12 12:28:18.413293,SPNG,23.66,23.89,23.93,2673500.0,2490500.0
1.0,1.0,1.0,,Welcome to the RITC 2026 Alogithmic Market Making Case - practice server,,273,2026-02-12 12:28:18.413293,SMMR,25.32,25.24,25.29,2329100.0,2161100.0
,,,,,,273,2026-02-12 12:28:18.413293,ATMN,26.01,26.17,26.24,2164100.0,2063800.0
,,,,,,273,2026-02-12 12:28:18.413293,WNTR,23.21,23.16,23.21,2432300.0,2451100.0
2.0,1.0,1.0,,Aggregate Position Limit,Your CRO has set the aggregate position limit to 15000 shares for this week.,274,2026-02-12 12:28:19.425566,SPNG,23.89,23.59,23.6,2640100.0,2486800.0
1.0,1.0,1.0,,Welcome to the RITC 2026 Alogithmic Market Making Case - practice server,,274,2026-02-12 12:28:19.425566,SMMR,25.19,25.19,25.29,2308700.0,2149700.0
,,,,,,274,2026-02-12 12:28:19.425566,ATMN,25.98,25.99,26.09,2171000.0,2067600.0
,,,,,,274,2026-02-12 12:28:19.425566,WNTR,23.36,23.33,23.36,2375000.0,2320300.0
2.0,1.0,1.0,,Aggregate Position Limit,Your CRO has set the aggregate position limit to 15000 shares for this week.,275,2026-02-12 12:28:20.439470,SPNG,23.78,23.59,23.78,2663400.0,2484800.0
1.0,1.0,1.0,,Welcome to the RITC 2026 Alogithmic Market Making Case - practice server,,275,2026-02-12 12:28:20.439470,SMMR,25.37,25.28,25.37,2312400.0,2199300.0
,,,,,,275,2026-02-12 12:28:20.439470,ATMN,25.98,25.98,26.39,2197300.0,2097100.0
,,,,,,275,2026-02-12 12:28:20.439470,WNTR,23.34,23.33,23.34,2375000.0,2448300.0
2.0,1.0,1.0,,Aggregate Position Limit,Your CRO has set the aggregate position limit to 15000 shares for this week.,276,2026-02-12 12:28:21.451647,SPNG,23.99,23.59,23.99,2663400.0,2499000.0
1.0,1.0,1.0,,Welcome to the RITC 2026 Alogithmic Market Making Case - practice server,,276,2026-02-12 12:28:21.451647,SMMR,25.37,25.28,25.37,2312400.0,2137900.0
,,,,,,276,2026-02-12 12:28:21.451647,ATMN,25.98,26.22,26.24,2206600.0,2098200.0
,,,,,,276,2026-02-12 12:28:21.451647,WNTR,23.33,23.16,23.31,2388500.0,2454200.0
2.0,1.0,1.0,,Aggregate Position Limit,Your CRO has set the aggregate position limit to 15000 shares for this week.,277,2026-02-12 12:28:22.467171,SPNG,23.7,23.59,23.7,2663400.0,2480600.0
1.0,1.0,1.0,,Welcome to the RITC 2026 Alogithmic Market Making Case - practice server,,277,2026-02-12 12:28:22.467171,SMMR,25.19,25.19,25.29,2308700.0,2113400.0
,,,,,,277,2026-02-12 12:28:22.467171,ATMN,25.98,26.22,26.24,2181900.0,2108500.0
,,,,,,277,2026-02-12 12:28:22.467171,WNTR,23.33,23.16,23.17,2418600.0,2459200.0
2.0,1.0,1.0,,Aggregate Position Limit,Your CRO has set the aggregate position limit to 15000 shares for this week.,278,2026-02-12 12:28:23.481803,SPNG,23.9,23.59,23.76,2657300.0,2515500.0
1.0,1.0,1.0,,Welcome to the RITC 2026 Alogithmic Market Making Case - practice server,,278,2026-02-12 12:28:23.481803,SMMR,25.31,25.17,25.31,2274000.0,2133700.0
,,,,,,278,2026-02-12 12:28:23.481803,ATMN,26.24,25.98,26.24,2198600.0,2108500.0
,,,,,,278,2026-02-12 12:28:23.481803,WNTR,23.17,23.29,23.31,2394100.0,2454200.0
2.0,1.0,1.0,,Aggregate Position Limit,Your CRO has set the aggregate position limit to 15000 shares for this week.,279,2026-02-12 12:28:24.501030,SPNG,23.59,23.59,23.89,2657300.0,2476000.0
1.0,1.0,1.0,,Welcome to the RITC 2026 Alogithmic Market Making Case - practice server,,279,2026-02-12 12:28:24.501030,SMMR,25.17,25.17,25.31,2297200.0,2128700.0
,,,,,,279,2026-02-12 12:28:24.501030,ATMN,26.3,26.35,26.39,2130100.0,2088600.0
,,,,,,279,2026-02-12 12:28:24.501030,WNTR,23.28,23.3,23.31,2404600.0,2454200.0
2.0,1.0,1.0,,Aggregate Position Limit,Your CRO has set the aggregate position limit to 15000 shares for this week.,280,2026-02-12 12:28:25.513706,SPNG,23.99,23.59,23.99,2696800.0,2502100.0
1.0,1.0,1.0,,Welcome to the RITC 2026 Alogithmic Market Making Case - practice server,,280,2026-02-12 12:28:25.513706,SMMR,25.17,25.23,25.3,2273600.0,2153500.0
,,,,,,280,2026-02-12 12:28:25.513706,ATMN,25.98,25.98,26.39,2156500.0,2088600.0
,,,,,,280,2026-02-12 12:28:25.513706,WNTR,23.42,23.19,23.42,2412400.0,2168400.0
2.0,1.0,1.0,,Aggregate Position Limit,Your CRO has set the aggregate position limit to 15000 shares for this week.,281,2026-02-12 12:28:26.524788,SPNG,23.99,23.5,23.99,2713600.0,2488300.0
1.0,1.0,1.0,,Welcome to the RITC 2026 Alogithmic Market Making Case - practice server,,281,2026-02-12 12:28:26.524788,SMMR,25.12,25.12,25.18,2308000.0,2152700.0
,,,,,,281,2026-02-12 12:28:26.524788,ATMN,25.98,26.0,26.39,2191900.0,2101800.0
,,,,,,281,2026-02-12 12:28:26.524788,WNTR,23.16,23.32,23.42,2421500.0,2168400.0
2.0,1.0,1.0,,Aggregate Position Limit,Your CRO has set the aggregate position limit to 15000 shares for this week.,282,2026-02-12 12:28:27.536843,SPNG,23.99,23.5,23.53,2713600.0,2466000.0
1.0,1.0,1.0,,Welcome to the RITC 2026 Alogithmic Market Making Case - practice server,,282,2026-02-12 12:28:27.536843,SMMR,25.18,25.09,25.18,2326200.0,2139900.0
,,,,,,282,2026-02-12 12:28:27.536843,ATMN,26.39,26.0,26.11,2191900.0,2112800.0
,,,,,,282,2026-02-12 12:28:27.536843,WNTR,23.42,23.3,23.42,2428800.0,2149400.0
2.0,1.0,1.0,,Aggregate Position Limit,Your CRO has set the aggregate position limit to 15000 shares for this week.,283,2026-02-12 12:28:28.548182,SPNG,23.99,23.5,23.99,2682600.0,2494700.0
1.0,1.0,1.0,,Welcome to the RITC 2026 Alogithmic Market Making Case - practice server,,283,2026-02-12 12:28:28.548182,SMMR,25.18,25.27,25.3,2288700.0,2177300.0
,,,,,,283,2026-02-12 12:28:28.548182,ATMN,26.11,26.1,26.11,2201300.0,2112800.0
,,,,,,283,2026-02-12 12:28:28.548182,WNTR,23.42,23.3,23.42,2428800.0,2386000.0
2.0,1.0,1.0,,Aggregate Position Limit,Your CRO has set the aggregate position limit to 15000 shares for this week.,284,2026-02-12 12:28:29.560112,SPNG,23.5,23.5,24.04,2682600.0,2485600.0
1.0,1.0,1.0,,Welcome to the RITC 2026 Alogithmic Market Making Case - practice server,,284,2026-02-12 12:28:29.560112,SMMR,25.18,25.27,25.3,2288700.0,2209900.0
,,,,,,284,2026-02-12 12:28:29.560112,ATMN,26.1,26.0,26.03,2212000.0,2058300.0
,,,,,,284,2026-02-12 12:28:29.560112,WNTR,23.3,23.25,23.27,2394600.0,2432000.0
2.0,1.0,1.0,,Aggregate Position Limit,Your CRO has set the aggregate position limit to 15000 shares for this week.,285,2026-02-12 12:28:30.571396,SPNG,23.37,23.37,23.71,2678700.0,2479400.0
1.0,1.0,1.0,,Welcome to the RITC 2026 Alogithmic Market Making Case - practice server,,285,2026-02-12 12:28:30.571396,SMMR,25.18,25.27,25.3,2289300.0,2245000.0
,,,,,,285,2026-02-12 12:28:30.571396,ATMN,25.93,26.34,26.44,2206800.0,2051300.0
,,,,,,285,2026-02-12 12:28:30.571396,WNTR,23.39,23.25,23.31,2394600.0,2388400.0
2.0,1.0,1.0,,Aggregate Position Limit,Your CRO has set the aggregate position limit to 15000 shares for this week.,286,2026-02-12 12:28:31.589572,SPNG,24.04,23.87,24.04,2687600.0,2477400.0
1.0,1.0,1.0,,Welcome to the RITC 2026 Alogithmic Market Making Case - practice server,,286,2026-02-12 12:28:31.589572,SMMR,25.18,25.27,25.3,2289300.0,2288700.0
,,,,,,286,2026-02-12 12:28:31.589572,ATMN,26.34,25.97,26.0,2207200.0,2018200.0
,,,,,,286,2026-02-12 12:28:31.589572,WNTR,23.21,23.16,23.18,2388000.0,2408000.0
2.0,1.0,1.0,,Aggregate Position Limit,Your CRO has set the aggregate position limit to 15000 shares for this week.,287,2026-02-12 12:28:32.601200,SPNG,23.87,23.87,23.91,2687600.0,2529300.0
1.0,1.0,1.0,,Welcome to the RITC 2026 Alogithmic Market Making Case - practice server,,287,2026-02-12 12:28:32.601200,SMMR,25.18,25.27,25.3,2289300.0,2275200.0
,,,,,,287,2026-02-12 12:28:32.601200,ATMN,26.55,26.49,26.55,2168500.0,2040300.0
,,,,,,287,2026-02-12 12:28:32.601200,WNTR,23.31,23.2,23.31,2427600.0,2388400.0
2.0,1.0,1.0,,Aggregate Position Limit,Your CRO has set the aggregate position limit to 15000 shares for this week.,288,2026-02-12 12:28:33.616309,SPNG,23.45,23.6,23.79,2663200.0,2518000.0
1.0,1.0,1.0,,Welcome to the RITC 2026 Alogithmic Market Making Case - practice server,,288,2026-02-12 12:28:33.616309,SMMR,25.09,25.09,25.3,2296600.0,2264000.0
,,,,,,288,2026-02-12 12:28:33.616309,ATMN,26.3,26.3,26.55,2187600.0,2040300.0
,,,,,,288,2026-02-12 12:28:33.616309,WNTR,23.31,23.31,23.37,2449100.0,2381600.0
2.0,1.0,1.0,,Aggregate Position Limit,Your CRO has set the aggregate position limit to 15000 shares for this week.,289,2026-02-12 12:28:34.629016,SPNG,23.36,23.36,23.79,2677100.0,2518000.0
1.0,1.0,1.0,,Welcome to the RITC 2026 Alogithmic Market Making Case - practice server,,289,2026-02-12 12:28:34.629016,SMMR,25.09,25.09,25.21,2309000.0,2288900.0
,,,,,,289,2026-02-12 12:28:34.629016,ATMN,26.3,26.3,26.53,2187600.0,2016600.0
,,,,,,289,2026-02-12 12:28:34.629016,WNTR,23.39,23.31,23.39,2449100.0,2396400.0
2.0,1.0,1.0,,Aggregate Position Limit,Your CRO has set the aggregate position limit to 15000 shares for this week.,290,2026-02-12 12:28:35.640918,SPNG,23.32,23.55,23.79,2679500.0,2515300.0
1.0,1.0,1.0,,Welcome to the RITC 2026 Alogithmic Market Making Case - practice server,,290,2026-02-12 12:28:35.640918,SMMR,25.09,25.19,25.21,2292900.0,2305300.0
,,,,,,290,2026-02-12 12:28:35.640918,ATMN,26.3,25.97,26.26,2179800.0,2015600.0
,,,,,,290,2026-02-12 12:28:35.640918,WNTR,23.31,23.2,23.22,2427600.0,2367400.0
2.0,1.0,1.0,,Aggregate Position Limit,Your CRO has set the aggregate position limit to 15000 shares for this week.,291,2026-02-12 12:28:36.651847,SPNG,23.79,23.55,23.79,2679500.0,2515300.0
1.0,1.0,1.0,,Welcome to the RITC 2026 Alogithmic Market Making Case - practice server,,291,2026-02-12 12:28:36.651847,SMMR,25.16,25.16,25.21,2292400.0,2305300.0
,,,,,,291,2026-02-12 12:28:36.651847,ATMN,25.93,26.5,26.53,2188200.0,2016600.0
,,,,,,291,2026-02-12 12:28:36.651847,WNTR,23.31,23.31,23.33,2435600.0,2417300.0
2.0,1.0,1.0,,Aggregate Position Limit,Your CRO has set the aggregate position limit to 15000 shares for this week.,292,2026-02-12 12:28:37.664358,SPNG,23.88,23.55,23.59,2678000.0,2517600.0
1.0,1.0,1.0,,Welcome to the RITC 2026 Alogithmic Market Making Case - practice server,,292,2026-02-12 12:28:37.664358,SMMR,25.3,25.07,25.3,2272400.0,2276000.0
,,,,,,292,2026-02-12 12:28:37.664358,ATMN,25.93,25.93,26.23,2184700.0,2018800.0
,,,,,,292,2026-02-12 12:28:37.664358,WNTR,23.2,23.3,23.33,2436500.0,2417300.0
2.0,1.0,1.0,,Aggregate Position Limit,Your CRO has set the aggregate position limit to 15000 shares for this week.,293,2026-02-12 12:28:38.677420,SPNG,23.59,23.66,23.79,2672400.0,2521000.0
1.0,1.0,1.0,,Welcome to the RITC 2026 Alogithmic Market Making Case - practice server,,293,2026-02-12 12:28:38.677420,SMMR,25.3,25.07,25.3,2272400.0,2276000.0
,,,,,,293,2026-02-12 12:28:38.677420,ATMN,26.41,26.41,26.51,2185500.0,2013100.0
,,,,,,293,2026-02-12 12:28:38.677420,WNTR,23.21,23.28,23.33,2452000.0,2410500.0
2.0,1.0,1.0,,Aggregate Position Limit,Your CRO has set the aggregate position limit to 15000 shares for this week.,295,2026-02-12 12:28:39.699757,SPNG,23.32,23.32,23.79,2678800.0,2521000.0
1.0,1.0,1.0,,Welcome to the RITC 2026 Alogithmic Market Making Case - practice server,,295,2026-02-12 12:28:39.699757,SMMR,25.05,25.05,25.3,2260400.0,2249500.0
,,,,,,295,2026-02-12 12:28:39.699757,ATMN,26.41,26.41,26.5,2185500.0,2060800.0
,,,,,,295,2026-02-12 12:28:39.699757,WNTR,23.21,23.3,23.33,2466400.0,2405900.0
2.0,1.0,1.0,,Aggregate Position Limit,Your CRO has set the aggregate position limit to 15000 shares for this week.,296,2026-02-12 12:28:40.712630,SPNG,23.88,23.87,23.88,2681400.0,2527300.0
1.0,1.0,1.0,,Welcome to the RITC 2026 Alogithmic Market Making Case - practice server,,296,2026-02-12 12:28:40.712630,SMMR,25.3,25.19,25.3,2247300.0,2253200.0
,,,,,,296,2026-02-12 12:28:40.712630,ATMN,26.41,26.41,26.47,2185500.0,2074600.0
,,,,,,296,2026-02-12 12:28:40.712630,WNTR,23.3,23.3,23.33,2460500.0,2405900.0
2.0,1.0,1.0,,Aggregate Position Limit,Your CRO has set the aggregate position limit to 15000 shares for this week.,297,2026-02-12 12:28:41.725359,SPNG,23.87,23.47,23.65,2679700.0,2515700.0
1.0,1.0,1.0,,Welcome to the RITC 2026 Alogithmic Market Making Case - practice server,,297,2026-02-12 12:28:41.725359,SMMR,25.3,25.22,25.3,2251100.0,2253200.0
,,,,,,297,2026-02-12 12:28:41.725359,ATMN,26.41,26.41,26.47,2185500.0,2098500.0
,,,,,,297,2026-02-12 12:28:41.725359,WNTR,23.3,23.3,23.33,2460500.0,2393100.0
2.0,1.0,1.0,,Aggregate Position Limit,Your CRO has set the aggregate position limit to 15000 shares for this week.,298,2026-02-12 12:28:42.737682,SPNG,23.63,23.63,23.65,2624900.0,2515700.0
1.0,1.0,1.0,,Welcome to the RITC 2026 Alogithmic Market Making Case - practice server,,298,2026-02-12 12:28:42.737682,SMMR,25.3,25.22,25.24,2255900.0,2235500.0
,,,,,,298,2026-02-12 12:28:42.737682,ATMN,26.02,26.37,26.47,2199800.0,2098500.0
,,,,,,298,2026-02-12 12:28:42.737682,WNTR,23.33,23.3,23.33,2460500.0,2405400.0
2.0,1.0,1.0,,Aggregate Position Limit,Your CRO has set the aggregate position limit to 15000 shares for this week.,299,2026-02-12 12:28:43.748658,SPNG,23.63,23.63,23.65,2636100.0,2509600.0
1.0,1.0,1.0,,Welcome to the RITC 2026 Alogithmic Market Making Case - practice server,,299,2026-02-12 12:28:43.748658,SMMR,25.22,25.19,25.2,2252200.0,2240700.0
,,,,,,299,2026-02-12 12:28:43.748658,ATMN,26.37,26.37,26.47,2199800.0,2120800.0
,,,,,,299,2026-02-12 12:28:43.748658,WNTR,23.28,23.28,23.33,2452000.0,2376800.0
2.0,1.0,1.0,,Aggregate Position Limit,Your CRO has set the aggregate position limit to 15000 shares for this week.,0,2026-02-12 12:28:44.938799,SPNG,23.61,0.0,0.0,0,0
1.0,1.0,1.0,,Welcome to the RITC 2026 Alogithmic Market Making Case - practice server,,0,2026-02-12 12:28:44.938799,SMMR,25.18,0.0,0.0,0,0
,,,,,,0,2026-02-12 12:28:44.938799,ATMN,26.26,0.0,0.0,0,0
,,,,,,0,2026-02-12 12:28:44.938799,WNTR,23.21,0.0,0.0,0,0
