news_id,period,tick,ticker,headline,body,tick,timestamp,ticker,last_price,bid_price,ask_price,BUY_ANON,SELL_ANON,SELL_UEBR-4,BUY_LETH-3,SELL_UEBR-3,BUY_UEBR-2,BUY_LETH-4
2.0,1.0,2.0,Week 1,Delta limit and penalty,The delta limit for this sub-heat is 12000 and the penalty percentage is 2%,3,2026-02-12 12:49:12.052571,RTM,49.57,49.55,49.57,100000000.0,100000000.0,0,0,0,0,0
1.0,1.0,2.0,Week 1,Risk free rate and current annualized volatility of RTM,The current risk free rate is 0%. RTM is an ETF that mimics one of the major indices in the simulated world and its current annualized realized volatility is 22%. This simulation consists of 20 trading days that are each 15 ticks in length.,3,2026-02-12 12:49:12.052571,RTM1C45,4.75,4.73,4.75,1000000.0,1000000.0,0,0,0,0,0
,,,,,,3,2026-02-12 12:49:12.052571,RTM1P45,0.18,0.16,0.18,1000000.0,1000000.0,0,0,0,0,0
,,,,,,3,2026-02-12 12:49:12.052571,RTM1C46,3.99,3.99,4.01,1000000.0,1000000.0,0,0,0,0,0
,,,,,,3,2026-02-12 12:49:12.052571,RTM1P46,0.42,0.42,0.44,1000000.0,1000000.0,0,0,0,0,0
,,,,,,3,2026-02-12 12:49:12.052571,RTM1C47,3.17,3.17,3.19,1000000.0,1000000.0,0,0,0,0,0
,,,,,,3,2026-02-12 12:49:12.052571,RTM1P47,0.63,0.61,0.63,1000000.0,1000000.0,0,0,0,0,0
,,,,,,3,2026-02-12 12:49:12.052571,RTM1C48,2.4,2.4,2.42,1000000.0,1000000.0,0,0,0,0,0
,,,,,,3,2026-02-12 12:49:12.052571,RTM1P48,0.86,0.84,0.86,1000000.0,1000000.0,0,0,0,0,0
,,,,,,3,2026-02-12 12:49:12.052571,RTM1C49,1.86,1.86,1.88,1000000.0,1000000.0,0,0,0,0,0
,,,,,,3,2026-02-12 12:49:12.052571,RTM1P49,1.3,1.3,1.32,1000000.0,1000000.0,0,0,0,0,0
,,,,,,3,2026-02-12 12:49:12.052571,RTM1C50,1.4,1.4,1.42,1000000.0,1000000.0,0,0,0,0,0
,,,,,,3,2026-02-12 12:49:12.052571,RTM1P50,1.83,1.83,1.85,1000000.0,1000000.0,0,0,0,0,0
,,,,,,3,2026-02-12 12:49:12.052571,RTM1C51,0.99,0.99,1.01,1000000.0,1000000.0,0,0,0,0,0
,,,,,,3,2026-02-12 12:49:12.052571,RTM1P51,2.43,2.43,2.45,1000000.0,1000000.0,0,0,0,0,0
,,,,,,3,2026-02-12 12:49:12.052571,RTM1C52,0.74,0.74,0.76,1000000.0,1000000.0,0,0,0,0,0
,,,,,,3,2026-02-12 12:49:12.052571,RTM1P52,3.18,3.17,3.19,1000000.0,1000000.0,0,0,0,0,0
,,,,,,3,2026-02-12 12:49:12.052571,RTM1C53,0.5,0.5,0.52,1000000.0,1000000.0,0,0,0,0,0
,,,,,,3,2026-02-12 12:49:12.052571,RTM1P53,3.94,3.93,3.95,1000000.0,1000000.0,0,0,0,0,0
,,,,,,3,2026-02-12 12:49:12.052571,RTM1C54,0.37,0.37,0.39,1000000.0,1000000.0,0,0,0,0,0
,,,,,,3,2026-02-12 12:49:12.052571,RTM1P54,4.81,4.81,4.83,1000000.0,1000000.0,0,0,0,0,0
2.0,1.0,2.0,Week 1,Delta limit and penalty,The delta limit for this sub-heat is 12000 and the penalty percentage is 2%,4,2026-02-12 12:49:13.095390,RTM,49.45,49.43,49.45,100000000.0,100000000.0,,0,0,0,0
1.0,1.0,2.0,Week 1,Risk free rate and current annualized volatility of RTM,The current risk free rate is 0%. RTM is an ETF that mimics one of the major indices in the simulated world and its current annualized realized volatility is 22%. This simulation consists of 20 trading days that are each 15 ticks in length.,4,2026-02-12 12:49:13.095390,RTM1C45,4.63,4.62,4.64,1000000.0,1000000.0,,0,0,0,0
,,,,,,4,2026-02-12 12:49:13.095390,RTM1P45,0.19,0.18,0.2,1000000.0,1000000.0,,0,0,0,0
,,,,,,4,2026-02-12 12:49:13.095390,RTM1C46,3.87,3.87,3.89,1000000.0,1000000.0,120.0,0,0,0,0
,,,,,,4,2026-02-12 12:49:13.095390,RTM1P46,0.44,0.43,0.45,1000000.0,1000000.0,,0,0,0,0
,,,,,,4,2026-02-12 12:49:13.095390,RTM1C47,3.03,3.02,3.04,1000000.0,1000000.0,,0,0,0,0
,,,,,,4,2026-02-12 12:49:13.095390,RTM1P47,0.59,0.58,0.6,1000000.0,1000000.0,,0,0,0,0
,,,,,,4,2026-02-12 12:49:13.095390,RTM1C48,2.45,2.45,2.47,1000000.0,1000000.0,,0,0,0,0
,,,,,,4,2026-02-12 12:49:13.095390,RTM1P48,1.01,1.01,1.03,1000000.0,1000000.0,,0,0,0,0
,,,,,,4,2026-02-12 12:49:13.095390,RTM1C49,1.84,1.82,1.84,1000000.0,1000000.0,,0,0,0,0
,,,,,,4,2026-02-12 12:49:13.095390,RTM1P49,1.38,1.38,1.4,1000000.0,1000000.0,,0,0,0,0
,,,,,,4,2026-02-12 12:49:13.095390,RTM1C50,1.38,1.37,1.39,1000000.0,1000000.0,,0,0,0,0
,,,,,,4,2026-02-12 12:49:13.095390,RTM1P50,1.94,1.94,1.96,1000000.0,1000000.0,,0,0,0,0
,,,,,,4,2026-02-12 12:49:13.095390,RTM1C51,0.96,0.96,0.98,1000000.0,1000000.0,,0,0,0,0
,,,,,,4,2026-02-12 12:49:13.095390,RTM1P51,2.52,2.52,2.54,1000000.0,1000000.0,,0,0,0,0
,,,,,,4,2026-02-12 12:49:13.095390,RTM1C52,0.62,0.62,0.64,1000000.0,1000000.0,,0,0,0,0
,,,,,,4,2026-02-12 12:49:13.095390,RTM1P52,3.19,3.19,3.21,1000000.0,1000000.0,,0,0,0,0
,,,,,,4,2026-02-12 12:49:13.095390,RTM1C53,0.36,0.36,0.38,1000000.0,1000000.0,,0,0,0,0
,,,,,,4,2026-02-12 12:49:13.095390,RTM1P53,3.95,3.93,3.95,1000000.0,1000000.0,,0,0,0,0
,,,,,,4,2026-02-12 12:49:13.095390,RTM1C54,0.27,0.27,0.29,1000000.0,1000000.0,,0,0,0,0
,,,,,,4,2026-02-12 12:49:13.095390,RTM1P54,4.83,4.83,4.85,1000000.0,1000000.0,,0,0,0,0
2.0,1.0,2.0,Week 1,Delta limit and penalty,The delta limit for this sub-heat is 12000 and the penalty percentage is 2%,6,2026-02-12 12:49:14.124244,RTM,49.41,49.4,49.42,100000000.0,100000000.0,,0,0,0,0
1.0,1.0,2.0,Week 1,Risk free rate and current annualized volatility of RTM,The current risk free rate is 0%. RTM is an ETF that mimics one of the major indices in the simulated world and its current annualized realized volatility is 22%. This simulation consists of 20 trading days that are each 15 ticks in length.,6,2026-02-12 12:49:14.124244,RTM1C45,4.6,4.59,4.61,1000000.0,1000000.0,,0,0,0,0
,,,,,,6,2026-02-12 12:49:14.124244,RTM1P45,0.19,0.18,0.2,1000000.0,1000000.0,,0,0,0,0
,,,,,,6,2026-02-12 12:49:14.124244,RTM1C46,3.81,3.8,3.82,1000000.0,1000000.0,150.0,0,0,0,0
,,,,,,6,2026-02-12 12:49:14.124244,RTM1P46,0.4,0.39,0.41,1000000.0,1000000.0,,0,0,0,0
,,,,,,6,2026-02-12 12:49:14.124244,RTM1C47,2.97,2.96,2.98,1000000.0,1000000.0,,0,0,0,0
,,,,,,6,2026-02-12 12:49:14.124244,RTM1P47,0.56,0.55,0.57,1000000.0,1000000.0,,0,0,0,0
,,,,,,6,2026-02-12 12:49:14.124244,RTM1C48,2.37,2.36,2.38,1000000.0,1000000.0,,0,0,0,0
,,,,,,6,2026-02-12 12:49:14.124244,RTM1P48,0.96,0.95,0.97,1000000.0,1000000.0,,0,0,0,0
,,,,,,6,2026-02-12 12:49:14.124244,RTM1C49,1.85,1.84,1.86,1000000.0,1000000.0,,0,0,0,0
,,,,,,6,2026-02-12 12:49:14.124244,RTM1P49,1.44,1.43,1.45,1000000.0,1000000.0,,0,0,0,0
,,,,,,6,2026-02-12 12:49:14.124244,RTM1C50,1.39,1.38,1.4,1000000.0,1000000.0,,0,0,0,0
,,,,,,6,2026-02-12 12:49:14.124244,RTM1P50,1.98,1.97,1.99,1000000.0,1000000.0,,0,0,0,0
,,,,,,6,2026-02-12 12:49:14.124244,RTM1C51,0.96,0.95,0.97,1000000.0,1000000.0,,0,0,0,0
,,,,,,6,2026-02-12 12:49:14.124244,RTM1P51,2.56,2.55,2.57,1000000.0,1000000.0,,0,0,0,0
,,,,,,6,2026-02-12 12:49:14.124244,RTM1C52,0.65,0.64,0.66,1000000.0,1000000.0,,0,0,0,0
,,,,,,6,2026-02-12 12:49:14.124244,RTM1P52,3.24,3.23,3.25,1000000.0,1000000.0,,0,0,0,0
,,,,,,6,2026-02-12 12:49:14.124244,RTM1C53,0.43,0.42,0.44,1000000.0,1000000.0,,0,0,0,0
,,,,,,6,2026-02-12 12:49:14.124244,RTM1P53,4.02,4.01,4.03,1000000.0,1000000.0,,0,0,0,0
,,,,,,6,2026-02-12 12:49:14.124244,RTM1C54,0.31,0.3,0.32,1000000.0,1000000.0,,0,0,0,0
,,,,,,6,2026-02-12 12:49:14.124244,RTM1P54,4.9,4.89,4.91,1000000.0,1000000.0,,0,0,0,0
2.0,1.0,2.0,Week 1,Delta limit and penalty,The delta limit for this sub-heat is 12000 and the penalty percentage is 2%,7,2026-02-12 12:49:15.160132,RTM,49.37,49.36,49.38,100000000.0,100000000.0,,0,0,0,0
1.0,1.0,2.0,Week 1,Risk free rate and current annualized volatility of RTM,The current risk free rate is 0%. RTM is an ETF that mimics one of the major indices in the simulated world and its current annualized realized volatility is 22%. This simulation consists of 20 trading days that are each 15 ticks in length.,7,2026-02-12 12:49:15.160132,RTM1C45,4.58,4.57,4.59,1000000.0,1000000.0,,0,0,0,0
,,,,,,7,2026-02-12 12:49:15.160132,RTM1P45,0.21,0.2,0.22,1000000.0,1000000.0,,0,0,0,0
,,,,,,7,2026-02-12 12:49:15.160132,RTM1C46,3.82,3.81,3.83,1000000.0,1000000.0,150.0,0,0,0,0
,,,,,,7,2026-02-12 12:49:15.160132,RTM1P46,0.45,0.44,0.46,1000000.0,1000000.0,,0,0,0,0
,,,,,,7,2026-02-12 12:49:15.160132,RTM1C47,3.02,3.01,3.03,1000000.0,1000000.0,,0,0,0,0
,,,,,,7,2026-02-12 12:49:15.160132,RTM1P47,0.64,0.63,0.65,1000000.0,1000000.0,,0,0,0,0
,,,,,,7,2026-02-12 12:49:15.160132,RTM1C48,2.42,2.41,2.43,1000000.0,1000000.0,,0,0,0,0
,,,,,,7,2026-02-12 12:49:15.160132,RTM1P48,1.05,1.04,1.06,1000000.0,1000000.0,,0,0,0,0
,,,,,,7,2026-02-12 12:49:15.160132,RTM1C49,1.8,1.79,1.81,1000000.0,1000000.0,,0,0,0,0
,,,,,,7,2026-02-12 12:49:15.160132,RTM1P49,1.43,1.42,1.44,1000000.0,1000000.0,,0,0,0,0
,,,,,,7,2026-02-12 12:49:15.160132,RTM1C50,1.35,1.34,1.36,1000000.0,1000000.0,,0,0,0,0
,,,,,,7,2026-02-12 12:49:15.160132,RTM1P50,1.98,1.97,1.99,1000000.0,1000000.0,,0,0,0,0
,,,,,,7,2026-02-12 12:49:15.160132,RTM1C51,0.87,0.86,0.88,1000000.0,1000000.0,,0,0,0,0
,,,,,,7,2026-02-12 12:49:15.160132,RTM1P51,2.5,2.49,2.51,1000000.0,1000000.0,,0,0,0,0
,,,,,,7,2026-02-12 12:49:15.160132,RTM1C52,0.62,0.61,0.63,1000000.0,1000000.0,,0,0,0,0
,,,,,,7,2026-02-12 12:49:15.160132,RTM1P52,3.24,3.23,3.25,1000000.0,1000000.0,,0,0,0,0
,,,,,,7,2026-02-12 12:49:15.160132,RTM1C53,0.42,0.41,0.43,1000000.0,1000000.0,,0,0,0,0
,,,,,,7,2026-02-12 12:49:15.160132,RTM1P53,4.05,4.04,4.06,1000000.0,1000000.0,,0,0,0,0
,,,,,,7,2026-02-12 12:49:15.160132,RTM1C54,0.28,0.27,0.29,1000000.0,1000000.0,,0,0,0,0
,,,,,,7,2026-02-12 12:49:15.160132,RTM1P54,4.91,4.9,4.92,1000000.0,1000000.0,,0,0,0,0
2.0,1.0,2.0,Week 1,Delta limit and penalty,The delta limit for this sub-heat is 12000 and the penalty percentage is 2%,8,2026-02-12 12:49:16.192583,RTM,49.36,49.35,49.37,100000000.0,100000000.0,,0,0,0,0
1.0,1.0,2.0,Week 1,Risk free rate and current annualized volatility of RTM,The current risk free rate is 0%. RTM is an ETF that mimics one of the major indices in the simulated world and its current annualized realized volatility is 22%. This simulation consists of 20 trading days that are each 15 ticks in length.,8,2026-02-12 12:49:16.192583,RTM1C45,4.62,4.61,4.63,1000000.0,1000000.0,,0,0,0,0
,,,,,,8,2026-02-12 12:49:16.192583,RTM1P45,0.26,0.25,0.27,1000000.0,1000000.0,,0,0,0,0
,,,,,,8,2026-02-12 12:49:16.192583,RTM1C46,3.79,3.78,3.8,1000000.0,1000000.0,150.0,0,0,0,0
,,,,,,8,2026-02-12 12:49:16.192583,RTM1P46,0.43,0.42,0.44,1000000.0,1000000.0,,0,0,0,0
,,,,,,8,2026-02-12 12:49:16.192583,RTM1C47,3.06,3.05,3.07,1000000.0,1000000.0,,0,0,0,0
,,,,,,8,2026-02-12 12:49:16.192583,RTM1P47,0.69,0.68,0.7,1000000.0,1000000.0,,0,0,0,0
,,,,,,8,2026-02-12 12:49:16.192583,RTM1C48,2.33,2.32,2.34,1000000.0,1000000.0,,0,0,0,0
,,,,,,8,2026-02-12 12:49:16.192583,RTM1P48,0.97,0.96,0.98,1000000.0,1000000.0,,0,0,0,0
,,,,,,8,2026-02-12 12:49:16.192583,RTM1C49,1.79,1.78,1.8,1000000.0,1000000.0,,0,0,0,0
,,,,,,8,2026-02-12 12:49:16.192583,RTM1P49,1.43,1.42,1.44,1000000.0,1000000.0,,0,0,0,0
,,,,,,8,2026-02-12 12:49:16.192583,RTM1C50,1.23,1.22,1.24,1000000.0,1000000.0,,0,0,0,0
,,,,,,8,2026-02-12 12:49:16.192583,RTM1P50,1.87,1.86,1.88,1000000.0,1000000.0,,0,0,0,0
,,,,,,8,2026-02-12 12:49:16.192583,RTM1C51,0.92,0.91,0.93,1000000.0,1000000.0,,0,0,0,0
,,,,,,8,2026-02-12 12:49:16.192583,RTM1P51,2.56,2.55,2.57,1000000.0,1000000.0,,0,0,0,0
,,,,,,8,2026-02-12 12:49:16.192583,RTM1C52,0.62,0.61,0.63,1000000.0,1000000.0,,0,0,0,0
,,,,,,8,2026-02-12 12:49:16.192583,RTM1P52,3.26,3.25,3.27,1000000.0,1000000.0,,0,0,0,0
,,,,,,8,2026-02-12 12:49:16.192583,RTM1C53,0.44,0.43,0.45,1000000.0,1000000.0,,0,0,0,0
,,,,,,8,2026-02-12 12:49:16.192583,RTM1P53,4.08,4.07,4.09,1000000.0,1000000.0,,0,0,0,0
,,,,,,8,2026-02-12 12:49:16.192583,RTM1C54,0.25,0.24,0.26,1000000.0,1000000.0,30.0,0,0,0,0
,,,,,,8,2026-02-12 12:49:16.192583,RTM1P54,4.89,4.88,4.9,1000000.0,1000000.0,,0,0,0,0
2.0,1.0,2.0,Week 1,Delta limit and penalty,The delta limit for this sub-heat is 12000 and the penalty percentage is 2%,8,2026-02-12 12:49:17.220582,RTM,49.37,49.35,49.37,100000000.0,100000000.0,,0,0,0,0
1.0,1.0,2.0,Week 1,Risk free rate and current annualized volatility of RTM,The current risk free rate is 0%. RTM is an ETF that mimics one of the major indices in the simulated world and its current annualized realized volatility is 22%. This simulation consists of 20 trading days that are each 15 ticks in length.,8,2026-02-12 12:49:17.220582,RTM1C45,4.63,4.61,4.63,1000000.0,1000000.0,,0,0,0,0
,,,,,,8,2026-02-12 12:49:17.220582,RTM1P45,0.25,0.25,0.27,1000000.0,1000000.0,,0,0,0,0
,,,,,,8,2026-02-12 12:49:17.220582,RTM1C46,3.78,3.78,3.8,1000000.0,1000000.0,180.0,0,0,0,0
,,,,,,8,2026-02-12 12:49:17.220582,RTM1P46,0.42,0.42,0.44,1000000.0,1000000.0,,0,0,0,0
,,,,,,8,2026-02-12 12:49:17.220582,RTM1C47,3.05,3.05,3.07,1000000.0,1000000.0,,0,0,0,0
,,,,,,8,2026-02-12 12:49:17.220582,RTM1P47,0.69,0.68,0.7,1000000.0,1000000.0,,0,0,0,0
,,,,,,8,2026-02-12 12:49:17.220582,RTM1C48,2.34,2.32,2.34,1000000.0,1000000.0,,0,0,0,0
,,,,,,8,2026-02-12 12:49:17.220582,RTM1P48,0.98,0.96,0.98,1000000.0,1000000.0,,0,0,0,0
,,,,,,8,2026-02-12 12:49:17.220582,RTM1C49,1.78,1.78,1.8,1000000.0,1000000.0,,0,0,0,0
,,,,,,8,2026-02-12 12:49:17.220582,RTM1P49,1.42,1.42,1.44,1000000.0,1000000.0,,0,0,0,0
,,,,,,8,2026-02-12 12:49:17.220582,RTM1C50,1.24,1.22,1.24,1000000.0,1000000.0,,0,0,0,0
,,,,,,8,2026-02-12 12:49:17.220582,RTM1P50,1.88,1.86,1.88,1000000.0,1000000.0,,0,0,0,0
,,,,,,8,2026-02-12 12:49:17.220582,RTM1C51,0.93,0.91,0.93,1000000.0,1000000.0,,0,0,0,0
,,,,,,8,2026-02-12 12:49:17.220582,RTM1P51,2.55,2.55,2.57,1000000.0,1000000.0,,0,0,0,0
,,,,,,8,2026-02-12 12:49:17.220582,RTM1C52,0.61,0.61,0.63,1000000.0,1000000.0,,0,0,0,0
,,,,,,8,2026-02-12 12:49:17.220582,RTM1P52,3.25,3.25,3.27,1000000.0,1000000.0,,0,0,0,0
,,,,,,8,2026-02-12 12:49:17.220582,RTM1C53,0.45,0.43,0.45,1000000.0,1000000.0,,0,0,0,0
,,,,,,8,2026-02-12 12:49:17.220582,RTM1P53,4.07,4.07,4.09,1000000.0,1000000.0,,0,0,0,0
,,,,,,8,2026-02-12 12:49:17.220582,RTM1C54,0.26,0.24,0.26,1000000.0,1000000.0,30.0,0,0,0,0
,,,,,,8,2026-02-12 12:49:17.220582,RTM1P54,4.88,4.88,4.9,1000000.0,1000000.0,,0,0,0,0
2.0,1.0,2.0,Week 1,Delta limit and penalty,The delta limit for this sub-heat is 12000 and the penalty percentage is 2%,9,2026-02-12 12:49:18.249153,RTM,49.54,49.54,49.56,100000000.0,100000000.0,,0,0,0,0
1.0,1.0,2.0,Week 1,Risk free rate and current annualized volatility of RTM,The current risk free rate is 0%. RTM is an ETF that mimics one of the major indices in the simulated world and its current annualized realized volatility is 22%. This simulation consists of 20 trading days that are each 15 ticks in length.,9,2026-02-12 12:49:18.249153,RTM1C45,4.72,4.72,4.74,1000000.0,1000000.0,,0,0,0,0
,,,,,,9,2026-02-12 12:49:18.249153,RTM1P45,0.19,0.17,0.19,1000000.0,1000000.0,,0,0,0,0
,,,,,,9,2026-02-12 12:49:18.249153,RTM1C46,3.89,3.87,3.89,1000000.0,1000000.0,150.0,0,0,0,0
,,,,,,9,2026-02-12 12:49:18.249153,RTM1P46,0.35,0.33,0.35,1000000.0,1000000.0,,0,0,0,0
,,,,,,9,2026-02-12 12:49:18.249153,RTM1C47,3.07,3.07,3.09,1000000.0,1000000.0,,0,0,0,0
,,,,,,9,2026-02-12 12:49:18.249153,RTM1P47,0.53,0.53,0.55,1000000.0,1000000.0,,0,0,0,0
,,,,,,9,2026-02-12 12:49:18.249153,RTM1C48,2.46,2.46,2.48,1000000.0,1000000.0,,0,0,0,0
,,,,,,9,2026-02-12 12:49:18.249153,RTM1P48,0.93,0.91,0.93,1000000.0,1000000.0,,0,0,0,0
,,,,,,9,2026-02-12 12:49:18.249153,RTM1C49,1.75,1.73,1.75,1000000.0,1000000.0,,0,0,0,0
,,,,,,9,2026-02-12 12:49:18.249153,RTM1P49,1.19,1.19,1.21,1000000.0,1000000.0,,0,0,0,0
,,,,,,9,2026-02-12 12:49:18.249153,RTM1C50,1.34,1.34,1.36,1000000.0,1000000.0,,0,0,0,0
,,,,,,9,2026-02-12 12:49:18.249153,RTM1P50,1.79,1.79,1.81,1000000.0,1000000.0,,0,0,0,0
,,,,,,9,2026-02-12 12:49:18.249153,RTM1C51,0.86,0.86,0.88,1000000.0,1000000.0,,0,0,0,0
,,,,,,9,2026-02-12 12:49:18.249153,RTM1P51,2.31,2.31,2.33,1000000.0,1000000.0,,0,0,0,0
,,,,,,9,2026-02-12 12:49:18.249153,RTM1C52,0.67,0.66,0.68,1000000.0,1000000.0,,0,0,0,0
,,,,,,9,2026-02-12 12:49:18.249153,RTM1P52,3.11,3.11,3.13,1000000.0,1000000.0,,0,0,0,0
,,,,,,9,2026-02-12 12:49:18.249153,RTM1C53,0.37,0.37,0.39,1000000.0,1000000.0,,0,0,0,0
,,,,,,9,2026-02-12 12:49:18.249153,RTM1P53,3.82,3.82,3.84,1000000.0,1000000.0,,0,0,0,0
,,,,,,9,2026-02-12 12:49:18.249153,RTM1C54,0.28,0.26,0.28,1000000.0,1000000.0,30.0,0,0,0,0
,,,,,,9,2026-02-12 12:49:18.249153,RTM1P54,4.73,4.71,4.73,1000000.0,1000000.0,,0,0,0,0
2.0,1.0,2.0,Week 1,Delta limit and penalty,The delta limit for this sub-heat is 12000 and the penalty percentage is 2%,11,2026-02-12 12:49:19.275906,RTM,49.64,49.63,49.65,100000000.0,100000000.0,,,,0,0,0,0
1.0,1.0,2.0,Week 1,Risk free rate and current annualized volatility of RTM,The current risk free rate is 0%. RTM is an ETF that mimics one of the major indices in the simulated world and its current annualized realized volatility is 22%. This simulation consists of 20 trading days that are each 15 ticks in length.,11,2026-02-12 12:49:19.275906,RTM1C45,4.8,4.79,4.81,1000000.0,1000000.0,,,,0,0,0,0
,,,,,,11,2026-02-12 12:49:19.275906,RTM1P45,0.17,0.15,0.17,1000000.0,1000000.0,10.0,,,0,0,0,0
,,,,,,11,2026-02-12 12:49:19.275906,RTM1C46,3.98,3.97,3.98,1000000.0,1000000.0,,150.0,,0,0,0,0
,,,,,,11,2026-02-12 12:49:19.275906,RTM1P46,0.34,0.33,0.35,1000000.0,1000000.0,,,,0,0,0,0
,,,,,,11,2026-02-12 12:49:19.275906,RTM1C47,3.14,3.13,3.15,1000000.0,1000000.0,,,,0,0,0,0
,,,,,,11,2026-02-12 12:49:19.275906,RTM1P47,0.5,0.49,0.51,1000000.0,1000000.0,,,,0,0,0,0
,,,,,,11,2026-02-12 12:49:19.275906,RTM1C48,2.55,2.54,2.56,1000000.0,1000000.0,,,,0,0,0,0
,,,,,,11,2026-02-12 12:49:19.275906,RTM1P48,0.91,0.9,0.92,1000000.0,1000000.0,,,,0,0,0,0
,,,,,,11,2026-02-12 12:49:19.275906,RTM1C49,1.96,1.95,1.97,1000000.0,1000000.0,,,30.0,0,0,0,0
,,,,,,11,2026-02-12 12:49:19.275906,RTM1P49,1.33,1.32,1.34,1000000.0,1000000.0,,,,0,0,0,0
,,,,,,11,2026-02-12 12:49:19.275906,RTM1C50,1.26,1.26,1.28,1000000.0,1000000.0,,,,0,0,0,0
,,,,,,11,2026-02-12 12:49:19.275906,RTM1P50,1.62,1.62,1.64,1000000.0,1000000.0,,,,0,0,0,0
,,,,,,11,2026-02-12 12:49:19.275906,RTM1C51,0.93,0.92,0.94,1000000.0,1000000.0,,,,0,0,0,0
,,,,,,11,2026-02-12 12:49:19.275906,RTM1P51,2.29,2.28,2.3,1000000.0,1000000.0,,,,0,0,0,0
,,,,,,11,2026-02-12 12:49:19.275906,RTM1C52,0.67,0.66,0.68,1000000.0,1000000.0,,,,0,0,0,0
,,,,,,11,2026-02-12 12:49:19.275906,RTM1P52,3.03,3.02,3.04,1000000.0,1000000.0,,,,0,0,0,0
,,,,,,11,2026-02-12 12:49:19.275906,RTM1C53,0.37,0.36,0.38,1000000.0,1000000.0,,,,0,0,0,0
,,,,,,11,2026-02-12 12:49:19.275906,RTM1P53,3.74,3.73,3.75,1000000.0,1000000.0,,,,0,0,0,0
,,,,,,11,2026-02-12 12:49:19.275906,RTM1C54,0.26,0.25,0.27,1000000.0,1000000.0,,,,0,0,0,0
,,,,,,11,2026-02-12 12:49:19.275906,RTM1P54,4.62,4.61,4.63,1000000.0,1000000.0,,,,0,0,0,0
2.0,1.0,2.0,Week 1,Delta limit and penalty,The delta limit for this sub-heat is 12000 and the penalty percentage is 2%,12,2026-02-12 12:49:20.301686,RTM,49.51,49.5,49.52,100000000.0,100000000.0,,,,0,0,0,0
1.0,1.0,2.0,Week 1,Risk free rate and current annualized volatility of RTM,The current risk free rate is 0%. RTM is an ETF that mimics one of the major indices in the simulated world and its current annualized realized volatility is 22%. This simulation consists of 20 trading days that are each 15 ticks in length.,12,2026-02-12 12:49:20.301686,RTM1C45,4.66,4.65,4.67,1000000.0,1000000.0,,,,0,0,0,0
,,,,,,12,2026-02-12 12:49:20.301686,RTM1P45,0.15,0.14,0.16,1000000.0,1000000.0,10.0,,,0,0,0,0
,,,,,,12,2026-02-12 12:49:20.301686,RTM1C46,3.81,3.8,3.82,1000000.0,1000000.0,,150.0,,0,0,0,0
,,,,,,12,2026-02-12 12:49:20.301686,RTM1P46,0.31,0.3,0.32,1000000.0,1000000.0,,,,0,0,0,0
,,,,,,12,2026-02-12 12:49:20.301686,RTM1C47,3.04,3.03,3.05,1000000.0,1000000.0,,,,0,0,0,0
,,,,,,12,2026-02-12 12:49:20.301686,RTM1P47,0.54,0.53,0.55,1000000.0,1000000.0,,,,0,0,0,0
,,,,,,12,2026-02-12 12:49:20.301686,RTM1C48,2.42,2.41,2.43,1000000.0,1000000.0,,,,0,0,0,0
,,,,,,12,2026-02-12 12:49:20.301686,RTM1P48,0.92,0.91,0.93,1000000.0,1000000.0,,,,0,0,0,0
,,,,,,12,2026-02-12 12:49:20.301686,RTM1C49,1.86,1.85,1.87,1000000.0,1000000.0,,,30.0,0,0,0,0
,,,,,,12,2026-02-12 12:49:20.301686,RTM1P49,1.35,1.34,1.36,1000000.0,1000000.0,,,,0,0,0,0
,,,,,,12,2026-02-12 12:49:20.301686,RTM1C50,1.23,1.21,1.23,1000000.0,1000000.0,,,,0,0,0,0
,,,,,,12,2026-02-12 12:49:20.301686,RTM1P50,1.71,1.71,1.73,1000000.0,1000000.0,,,,0,0,0,0
,,,,,,12,2026-02-12 12:49:20.301686,RTM1C51,0.83,0.82,0.84,1000000.0,1000000.0,,,,0,0,0,0
,,,,,,12,2026-02-12 12:49:20.301686,RTM1P51,2.33,2.32,2.34,1000000.0,1000000.0,,,,0,0,0,0
,,,,,,12,2026-02-12 12:49:20.301686,RTM1C52,0.56,0.55,0.57,1000000.0,1000000.0,,,,0,0,0,0
,,,,,,12,2026-02-12 12:49:20.301686,RTM1P52,3.05,3.04,3.06,1000000.0,1000000.0,,,,0,0,0,0
,,,,,,12,2026-02-12 12:49:20.301686,RTM1C53,0.36,0.35,0.37,1000000.0,1000000.0,,,,0,0,0,0
,,,,,,12,2026-02-12 12:49:20.301686,RTM1P53,3.85,3.84,3.86,1000000.0,1000000.0,,,,0,0,0,0
,,,,,,12,2026-02-12 12:49:20.301686,RTM1C54,0.24,0.23,0.25,1000000.0,1000000.0,,,,0,0,0,0
,,,,,,12,2026-02-12 12:49:20.301686,RTM1P54,4.74,4.73,4.75,1000000.0,1000000.0,,,,0,0,0,0
2.0,1.0,2.0,Week 1,Delta limit and penalty,The delta limit for this sub-heat is 12000 and the penalty percentage is 2%,13,2026-02-12 12:49:21.326588,RTM,49.66,49.65,49.67,100000000.0,100000000.0,,,0,0,0,0,0
1.0,1.0,2.0,Week 1,Risk free rate and current annualized volatility of RTM,The current risk free rate is 0%. RTM is an ETF that mimics one of the major indices in the simulated world and its current annualized realized volatility is 22%. This simulation consists of 20 trading days that are each 15 ticks in length.,13,2026-02-12 12:49:21.326588,RTM1C45,4.86,4.85,4.87,1000000.0,1000000.0,,,0,0,0,0,0
,,,,,,13,2026-02-12 12:49:21.326588,RTM1P45,0.2,0.19,0.21,1000000.0,1000000.0,,,0,0,0,0,0
,,,,,,13,2026-02-12 12:49:21.326588,RTM1C46,3.98,3.96,3.98,1000000.0,1000000.0,150.0,,0,0,0,0,0
,,,,,,13,2026-02-12 12:49:21.326588,RTM1P46,0.32,0.31,0.33,1000000.0,1000000.0,,,0,0,0,0,0
,,,,,,13,2026-02-12 12:49:21.326588,RTM1C47,3.16,3.16,3.18,1000000.0,1000000.0,,,0,0,0,0,0
,,,,,,13,2026-02-12 12:49:21.326588,RTM1P47,0.5,0.5,0.52,1000000.0,1000000.0,,,0,0,0,0,0
,,,,,,13,2026-02-12 12:49:21.326588,RTM1C48,2.46,2.45,2.47,1000000.0,1000000.0,,,0,0,0,0,0
,,,,,,13,2026-02-12 12:49:21.326588,RTM1P48,0.8,0.79,0.81,1000000.0,1000000.0,,,0,0,0,0,0
,,,,,,13,2026-02-12 12:49:21.326588,RTM1C49,1.85,1.84,1.86,1000000.0,1000000.0,,30.0,0,0,0,0,0
,,,,,,13,2026-02-12 12:49:21.326588,RTM1P49,1.19,1.18,1.2,1000000.0,1000000.0,,,0,0,0,0,0
,,,,,,13,2026-02-12 12:49:21.326588,RTM1C50,1.3,1.29,1.31,1000000.0,1000000.0,,,0,0,0,0,0
,,,,,,13,2026-02-12 12:49:21.326588,RTM1P50,1.64,1.63,1.65,1000000.0,1000000.0,,,0,0,0,0,0
,,,,,,13,2026-02-12 12:49:21.326588,RTM1C51,0.89,0.88,0.9,1000000.0,1000000.0,,,0,0,0,0,0
,,,,,,13,2026-02-12 12:49:21.326588,RTM1P51,2.23,2.22,2.24,1000000.0,1000000.0,,,0,0,0,0,0
,,,,,,13,2026-02-12 12:49:21.326588,RTM1C52,0.61,0.6,0.62,1000000.0,1000000.0,,,0,0,0,0,0
,,,,,,13,2026-02-12 12:49:21.326588,RTM1P52,2.95,2.94,2.96,1000000.0,1000000.0,,,0,0,0,0,0
,,,,,,13,2026-02-12 12:49:21.326588,RTM1C53,0.47,0.46,0.48,1000000.0,1000000.0,,,0,0,0,0,0
,,,,,,13,2026-02-12 12:49:21.326588,RTM1P53,3.82,3.81,3.83,1000000.0,1000000.0,,,0,0,0,0,0
,,,,,,13,2026-02-12 12:49:21.326588,RTM1C54,0.24,0.23,0.25,1000000.0,1000000.0,,,0,0,0,0,0
,,,,,,13,2026-02-12 12:49:21.326588,RTM1P54,4.58,4.57,4.59,1000000.0,1000000.0,,,0,0,0,0,0
2.0,1.0,2.0,Week 1,Delta limit and penalty,The delta limit for this sub-heat is 12000 and the penalty percentage is 2%,14,2026-02-12 12:49:22.355474,RTM,49.6,49.59,49.61,100000000.0,100000000.0,,,0,0,0,0,0
1.0,1.0,2.0,Week 1,Risk free rate and current annualized volatility of RTM,The current risk free rate is 0%. RTM is an ETF that mimics one of the major indices in the simulated world and its current annualized realized volatility is 22%. This simulation consists of 20 trading days that are each 15 ticks in length.,14,2026-02-12 12:49:22.355474,RTM1C45,4.78,4.77,4.79,1000000.0,1000000.0,,,0,0,0,0,0
,,,,,,14,2026-02-12 12:49:22.355474,RTM1P45,0.18,0.17,0.19,1000000.0,1000000.0,,,0,0,0,0,0
,,,,,,14,2026-02-12 12:49:22.355474,RTM1C46,3.9,3.89,3.91,1000000.0,1000000.0,150.0,,0,0,0,0,0
,,,,,,14,2026-02-12 12:49:22.355474,RTM1P46,0.3,0.29,0.31,1000000.0,1000000.0,,,0,0,0,0,0
,,,,,,14,2026-02-12 12:49:22.355474,RTM1C47,3.19,3.18,3.2,1000000.0,1000000.0,,,0,0,0,0,0
,,,,,,14,2026-02-12 12:49:22.355474,RTM1P47,0.59,0.58,0.6,1000000.0,1000000.0,,,0,0,0,0,0
,,,,,,14,2026-02-12 12:49:22.355474,RTM1C48,2.43,2.42,2.44,1000000.0,1000000.0,,,0,0,0,0,0
,,,,,,14,2026-02-12 12:49:22.355474,RTM1P48,0.84,0.83,0.85,1000000.0,1000000.0,,,0,0,0,0,0
,,,,,,14,2026-02-12 12:49:22.355474,RTM1C49,1.89,1.88,1.9,1000000.0,1000000.0,,30.0,0,0,0,0,0
,,,,,,14,2026-02-12 12:49:22.355474,RTM1P49,1.29,1.28,1.3,1000000.0,1000000.0,,,0,0,0,0,0
,,,,,,14,2026-02-12 12:49:22.355474,RTM1C50,1.35,1.34,1.36,1000000.0,1000000.0,,,0,0,0,0,0
,,,,,,14,2026-02-12 12:49:22.355474,RTM1P50,1.75,1.74,1.76,1000000.0,1000000.0,,,0,0,0,0,0
,,,,,,14,2026-02-12 12:49:22.355474,RTM1C51,0.95,0.94,0.96,1000000.0,1000000.0,,,0,0,0,0,0
,,,,,,14,2026-02-12 12:49:22.355474,RTM1P51,2.35,2.34,2.36,1000000.0,1000000.0,,,0,0,0,0,0
,,,,,,14,2026-02-12 12:49:22.355474,RTM1C52,0.61,0.6,0.62,1000000.0,1000000.0,,,0,0,0,0,0
,,,,,,14,2026-02-12 12:49:22.355474,RTM1P52,3.01,3.0,3.02,1000000.0,1000000.0,,,0,0,0,0,0
,,,,,,14,2026-02-12 12:49:22.355474,RTM1C53,0.4,0.39,0.41,1000000.0,1000000.0,,,0,0,0,0,0
,,,,,,14,2026-02-12 12:49:22.355474,RTM1P53,3.8,3.79,3.81,1000000.0,1000000.0,,,0,0,0,0,0
,,,,,,14,2026-02-12 12:49:22.355474,RTM1C54,0.31,0.3,0.32,1000000.0,1000000.0,,,0,0,0,0,0
,,,,,,14,2026-02-12 12:49:22.355474,RTM1P54,4.71,4.7,4.72,1000000.0,1000000.0,,,0,0,0,0,0
2.0,1.0,2.0,Week 1,Delta limit and penalty,The delta limit for this sub-heat is 12000 and the penalty percentage is 2%,15,2026-02-12 12:49:23.386381,RTM,49.52,49.51,49.53,100000000.0,100000000.0,,,0,0,0,0,0
1.0,1.0,2.0,Week 1,Risk free rate and current annualized volatility of RTM,The current risk free rate is 0%. RTM is an ETF that mimics one of the major indices in the simulated world and its current annualized realized volatility is 22%. This simulation consists of 20 trading days that are each 15 ticks in length.,15,2026-02-12 12:49:23.386381,RTM1C45,4.7,4.69,4.71,1000000.0,1000000.0,,,0,0,0,0,0
,,,,,,15,2026-02-12 12:49:23.386381,RTM1P45,0.18,0.17,0.19,1000000.0,1000000.0,,,0,0,0,0,0
,,,,,,15,2026-02-12 12:49:23.386381,RTM1C46,3.9,3.89,3.91,1000000.0,1000000.0,150.0,,0,0,0,0,0
,,,,,,15,2026-02-12 12:49:23.386381,RTM1P46,0.38,0.37,0.39,1000000.0,1000000.0,,,0,0,0,0,0
,,,,,,15,2026-02-12 12:49:23.386381,RTM1C47,3.02,3.01,3.03,1000000.0,1000000.0,,,0,0,0,0,0
,,,,,,15,2026-02-12 12:49:23.386381,RTM1P47,0.5,0.49,0.51,1000000.0,1000000.0,,,0,0,0,0,0
,,,,,,15,2026-02-12 12:49:23.386381,RTM1C48,2.37,2.36,2.38,1000000.0,1000000.0,,,0,0,0,0,0
,,,,,,15,2026-02-12 12:49:23.386381,RTM1P48,0.85,0.84,0.86,1000000.0,1000000.0,,,0,0,0,0,0
,,,,,,15,2026-02-12 12:49:23.386381,RTM1C49,1.76,1.76,1.77,1000000.0,1000000.0,,30.0,0,0,0,0,0
,,,,,,15,2026-02-12 12:49:23.386381,RTM1P49,1.24,1.23,1.25,1000000.0,1000000.0,,,0,0,0,0,0
,,,,,,15,2026-02-12 12:49:23.386381,RTM1C50,1.37,1.36,1.38,1000000.0,1000000.0,,,0,0,0,0,0
,,,,,,15,2026-02-12 12:49:23.386381,RTM1P50,1.85,1.84,1.86,1000000.0,1000000.0,,,0,0,0,0,0
,,,,,,15,2026-02-12 12:49:23.386381,RTM1C51,0.93,0.92,0.94,1000000.0,1000000.0,,,0,0,0,0,0
,,,,,,15,2026-02-12 12:49:23.386381,RTM1P51,2.41,2.4,2.42,1000000.0,1000000.0,,,0,0,0,0,0
,,,,,,15,2026-02-12 12:49:23.386381,RTM1C52,0.68,0.67,0.69,1000000.0,1000000.0,,,0,0,0,0,0
,,,,,,15,2026-02-12 12:49:23.386381,RTM1P52,3.16,3.15,3.17,1000000.0,1000000.0,,,0,0,0,0,0
,,,,,,15,2026-02-12 12:49:23.386381,RTM1C53,0.44,0.43,0.45,1000000.0,1000000.0,,,0,0,0,0,0
,,,,,,15,2026-02-12 12:49:23.386381,RTM1P53,3.92,3.91,3.93,1000000.0,1000000.0,,,0,0,0,0,0
,,,,,,15,2026-02-12 12:49:23.386381,RTM1C54,0.25,0.24,0.26,1000000.0,1000000.0,,,0,0,0,0,0
,,,,,,15,2026-02-12 12:49:23.386381,RTM1P54,4.73,4.72,4.74,1000000.0,1000000.0,,,0,0,0,0,0
2.0,1.0,2.0,Week 1,Delta limit and penalty,The delta limit for this sub-heat is 12000 and the penalty percentage is 2%,16,2026-02-12 12:49:24.416294,RTM,49.08,49.07,49.09,100000000.0,100000000.0,,0,0,0,0,0,0
1.0,1.0,2.0,Week 1,Risk free rate and current annualized volatility of RTM,The current risk free rate is 0%. RTM is an ETF that mimics one of the major indices in the simulated world and its current annualized realized volatility is 22%. This simulation consists of 20 trading days that are each 15 ticks in length.,16,2026-02-12 12:49:24.416294,RTM1C45,4.26,4.25,4.27,1000000.0,1000000.0,,0,0,0,0,0,0
,,,,,,16,2026-02-12 12:49:24.416294,RTM1P45,0.18,0.17,0.19,1000000.0,1000000.0,,0,0,0,0,0,0
,,,,,,16,2026-02-12 12:49:24.416294,RTM1C46,3.53,3.52,3.54,1000000.0,1000000.0,150.0,0,0,0,0,0,0
,,,,,,16,2026-02-12 12:49:24.416294,RTM1P46,0.45,0.44,0.46,1000000.0,1000000.0,,0,0,0,0,0,0
,,,,,,16,2026-02-12 12:49:24.416294,RTM1C47,2.8,2.79,2.81,1000000.0,1000000.0,,0,0,0,0,0,0
,,,,,,16,2026-02-12 12:49:24.416294,RTM1P47,0.72,0.71,0.73,1000000.0,1000000.0,,0,0,0,0,0,0
,,,,,,16,2026-02-12 12:49:24.416294,RTM1C48,2.15,2.14,2.16,1000000.0,1000000.0,,0,0,0,0,0,0
,,,,,,16,2026-02-12 12:49:24.416294,RTM1P48,1.07,1.06,1.08,1000000.0,1000000.0,,0,0,0,0,0,0
,,,,,,16,2026-02-12 12:49:24.416294,RTM1C49,1.43,1.42,1.44,1000000.0,1000000.0,,0,0,0,0,0,0
,,,,,,16,2026-02-12 12:49:24.416294,RTM1P49,1.35,1.34,1.36,1000000.0,1000000.0,,0,0,0,0,0,0
,,,,,,16,2026-02-12 12:49:24.416294,RTM1C50,1.1,1.09,1.11,1000000.0,1000000.0,,0,0,0,0,0,0
,,,,,,16,2026-02-12 12:49:24.416294,RTM1P50,2.02,2.01,2.03,1000000.0,1000000.0,,0,0,0,0,0,0
,,,,,,16,2026-02-12 12:49:24.416294,RTM1C51,0.73,0.72,0.74,1000000.0,1000000.0,,0,0,0,0,0,0
,,,,,,16,2026-02-12 12:49:24.416294,RTM1P51,2.66,2.65,2.67,1000000.0,1000000.0,,0,0,0,0,0,0
,,,,,,16,2026-02-12 12:49:24.416294,RTM1C52,0.56,0.55,0.57,1000000.0,1000000.0,,0,0,0,0,0,0
,,,,,,16,2026-02-12 12:49:24.416294,RTM1P52,3.48,3.47,3.49,1000000.0,1000000.0,,0,0,0,0,0,0
,,,,,,16,2026-02-12 12:49:24.416294,RTM1C53,0.27,0.26,0.28,1000000.0,1000000.0,,0,0,0,0,0,0
,,,,,,16,2026-02-12 12:49:24.416294,RTM1P53,4.2,4.19,4.21,1000000.0,1000000.0,,0,0,0,0,0,0
,,,,,,16,2026-02-12 12:49:24.416294,RTM1C54,0.22,0.21,0.23,1000000.0,1000000.0,,0,0,0,0,0,0
,,,,,,16,2026-02-12 12:49:24.416294,RTM1P54,5.15,5.14,5.16,1000000.0,1000000.0,,0,0,0,0,0,0
2.0,1.0,2.0,Week 1,Delta limit and penalty,The delta limit for this sub-heat is 12000 and the penalty percentage is 2%,17,2026-02-12 12:49:25.443059,RTM,49.0,48.99,49.01,100000000.0,100000000.0,,0,0,0,0,0,0
1.0,1.0,2.0,Week 1,Risk free rate and current annualized volatility of RTM,The current risk free rate is 0%. RTM is an ETF that mimics one of the major indices in the simulated world and its current annualized realized volatility is 22%. This simulation consists of 20 trading days that are each 15 ticks in length.,17,2026-02-12 12:49:25.443059,RTM1C45,4.23,4.22,4.24,1000000.0,1000000.0,,0,0,0,0,0,0
,,,,,,17,2026-02-12 12:49:25.443059,RTM1P45,0.22,0.21,0.23,1000000.0,1000000.0,,0,0,0,0,0,0
,,,,,,17,2026-02-12 12:49:25.443059,RTM1C46,3.43,3.42,3.44,1000000.0,1000000.0,150.0,0,0,0,0,0,0
,,,,,,17,2026-02-12 12:49:25.443059,RTM1P46,0.43,0.42,0.44,1000000.0,1000000.0,,0,0,0,0,0,0
,,,,,,17,2026-02-12 12:49:25.443059,RTM1C47,2.73,2.72,2.74,1000000.0,1000000.0,,0,0,0,0,0,0
,,,,,,17,2026-02-12 12:49:25.443059,RTM1P47,0.73,0.72,0.74,1000000.0,1000000.0,,0,0,0,0,0,0
,,,,,,17,2026-02-12 12:49:25.443059,RTM1C48,2.04,2.03,2.05,1000000.0,1000000.0,,0,0,0,0,0,0
,,,,,,17,2026-02-12 12:49:25.443059,RTM1P48,1.04,1.03,1.05,1000000.0,1000000.0,,0,0,0,0,0,0
,,,,,,17,2026-02-12 12:49:25.443059,RTM1C49,1.52,1.51,1.53,1000000.0,1000000.0,,0,0,0,0,0,0
,,,,,,17,2026-02-12 12:49:25.443059,RTM1P49,1.52,1.51,1.53,1000000.0,1000000.0,,0,0,0,0,0,0
,,,,,,17,2026-02-12 12:49:25.443059,RTM1C50,1.06,1.05,1.07,1000000.0,1000000.0,,0,0,0,0,0,0
,,,,,,17,2026-02-12 12:49:25.443059,RTM1P50,2.06,2.05,2.07,1000000.0,1000000.0,,0,0,0,0,0,0
,,,,,,17,2026-02-12 12:49:25.443059,RTM1C51,0.72,0.71,0.73,1000000.0,1000000.0,,0,0,0,0,0,0
,,,,,,17,2026-02-12 12:49:25.443059,RTM1P51,2.72,2.71,2.73,1000000.0,1000000.0,,0,0,0,0,0,0
,,,,,,17,2026-02-12 12:49:25.443059,RTM1C52,0.49,0.48,0.5,1000000.0,1000000.0,,0,0,0,0,0,0
,,,,,,17,2026-02-12 12:49:25.443059,RTM1P52,3.48,3.47,3.49,1000000.0,1000000.0,,0,0,0,0,0,0
,,,,,,17,2026-02-12 12:49:25.443059,RTM1C53,0.32,0.31,0.33,1000000.0,1000000.0,,0,0,0,0,0,0
,,,,,,17,2026-02-12 12:49:25.443059,RTM1P53,4.31,4.3,4.32,1000000.0,1000000.0,,0,0,0,0,0,0
,,,,,,17,2026-02-12 12:49:25.443059,RTM1C54,0.2,0.19,0.21,1000000.0,1000000.0,,0,0,0,0,0,0
,,,,,,17,2026-02-12 12:49:25.443059,RTM1P54,5.2,5.19,5.21,1000000.0,1000000.0,,0,0,0,0,0,0
2.0,1.0,2.0,Week 1,Delta limit and penalty,The delta limit for this sub-heat is 12000 and the penalty percentage is 2%,18,2026-02-12 12:49:26.474914,RTM,48.8,48.79,48.81,100000000.0,100000000.0,,0,0,0,0,0,0
1.0,1.0,2.0,Week 1,Risk free rate and current annualized volatility of RTM,The current risk free rate is 0%. RTM is an ETF that mimics one of the major indices in the simulated world and its current annualized realized volatility is 22%. This simulation consists of 20 trading days that are each 15 ticks in length.,18,2026-02-12 12:49:26.474914,RTM1C45,4.04,4.03,4.05,1000000.0,1000000.0,,0,0,0,0,0,0
,,,,,,18,2026-02-12 12:49:26.474914,RTM1P45,0.24,0.23,0.25,1000000.0,1000000.0,,0,0,0,0,0,0
,,,,,,18,2026-02-12 12:49:26.474914,RTM1C46,3.23,3.22,3.24,1000000.0,1000000.0,150.0,0,0,0,0,0,0
,,,,,,18,2026-02-12 12:49:26.474914,RTM1P46,0.42,0.41,0.43,1000000.0,1000000.0,,0,0,0,0,0,0
,,,,,,18,2026-02-12 12:49:26.474914,RTM1C47,2.56,2.55,2.57,1000000.0,1000000.0,,0,0,0,0,0,0
,,,,,,18,2026-02-12 12:49:26.474914,RTM1P47,0.76,0.75,0.77,1000000.0,1000000.0,,0,0,0,0,0,0
,,,,,,18,2026-02-12 12:49:26.474914,RTM1C48,1.9,1.89,1.91,1000000.0,1000000.0,,0,0,0,0,0,0
,,,,,,18,2026-02-12 12:49:26.474914,RTM1P48,1.1,1.09,1.11,1000000.0,1000000.0,,0,0,0,0,0,0
,,,,,,18,2026-02-12 12:49:26.474914,RTM1C49,1.32,1.31,1.33,1000000.0,1000000.0,,0,0,0,0,0,0
,,,,,,18,2026-02-12 12:49:26.474914,RTM1P49,1.52,1.51,1.53,1000000.0,1000000.0,,0,0,0,0,0,0
,,,,,,18,2026-02-12 12:49:26.474914,RTM1C50,0.89,0.88,0.9,1000000.0,1000000.0,,0,0,0,0,0,0
,,,,,,18,2026-02-12 12:49:26.474914,RTM1P50,2.09,2.08,2.1,1000000.0,1000000.0,,0,0,0,0,0,0
,,,,,,18,2026-02-12 12:49:26.474914,RTM1C51,0.66,0.65,0.67,1000000.0,1000000.0,,0,0,0,0,0,0
,,,,,,18,2026-02-12 12:49:26.474914,RTM1P51,2.86,2.85,2.87,1000000.0,1000000.0,,0,0,0,0,0,0
,,,,,,18,2026-02-12 12:49:26.474914,RTM1C52,0.48,0.47,0.49,1000000.0,1000000.0,,0,0,0,0,0,0
,,,,,,18,2026-02-12 12:49:26.474914,RTM1P52,3.67,3.66,3.68,1000000.0,1000000.0,,0,0,0,0,0,0
,,,,,,18,2026-02-12 12:49:26.474914,RTM1C53,0.25,0.24,0.26,1000000.0,1000000.0,,0,0,0,0,0,0
,,,,,,18,2026-02-12 12:49:26.474914,RTM1P53,4.44,4.43,4.45,1000000.0,1000000.0,,0,0,0,0,0,0
,,,,,,18,2026-02-12 12:49:26.474914,RTM1C54,0.18,0.17,0.19,1000000.0,1000000.0,,0,0,0,0,0,0
,,,,,,18,2026-02-12 12:49:26.474914,RTM1P54,5.38,5.37,5.39,1000000.0,1000000.0,,0,0,0,0,0,0
2.0,1.0,2.0,Week 1,Delta limit and penalty,The delta limit for this sub-heat is 12000 and the penalty percentage is 2%,19,2026-02-12 12:49:27.508978,RTM,48.68,48.67,48.69,100000000.0,100000000.0,,0,0,0,0,0,0
1.0,1.0,2.0,Week 1,Risk free rate and current annualized volatility of RTM,The current risk free rate is 0%. RTM is an ETF that mimics one of the major indices in the simulated world and its current annualized realized volatility is 22%. This simulation consists of 20 trading days that are each 15 ticks in length.,19,2026-02-12 12:49:27.508978,RTM1C45,3.95,3.94,3.96,1000000.0,1000000.0,,0,0,0,0,0,0
,,,,,,19,2026-02-12 12:49:27.508978,RTM1P45,0.27,0.26,0.28,1000000.0,1000000.0,,0,0,0,0,0,0
,,,,,,19,2026-02-12 12:49:27.508978,RTM1C46,3.18,3.17,3.19,1000000.0,1000000.0,150.0,0,0,0,0,0,0
,,,,,,19,2026-02-12 12:49:27.508978,RTM1P46,0.5,0.49,0.51,1000000.0,1000000.0,,0,0,0,0,0,0
,,,,,,19,2026-02-12 12:49:27.508978,RTM1C47,2.36,2.35,2.37,1000000.0,1000000.0,,0,0,0,0,0,0
,,,,,,19,2026-02-12 12:49:27.508978,RTM1P47,0.68,0.67,0.69,1000000.0,1000000.0,,0,0,0,0,0,0
,,,,,,19,2026-02-12 12:49:27.508978,RTM1C48,1.74,1.73,1.75,1000000.0,1000000.0,,0,0,0,0,0,0
,,,,,,19,2026-02-12 12:49:27.508978,RTM1P48,1.06,1.05,1.07,1000000.0,1000000.0,,0,0,0,0,0,0
,,,,,,19,2026-02-12 12:49:27.508978,RTM1C49,1.22,1.21,1.23,1000000.0,1000000.0,,0,0,0,0,0,0
,,,,,,19,2026-02-12 12:49:27.508978,RTM1P49,1.54,1.53,1.55,1000000.0,1000000.0,,0,0,0,0,0,0
,,,,,,19,2026-02-12 12:49:27.508978,RTM1C50,0.89,0.88,0.9,1000000.0,1000000.0,,0,0,0,0,0,0
,,,,,,19,2026-02-12 12:49:27.508978,RTM1P50,2.2,2.19,2.21,1000000.0,1000000.0,,0,0,0,0,0,0
,,,,,,19,2026-02-12 12:49:27.508978,RTM1C51,0.66,0.65,0.67,1000000.0,1000000.0,,0,0,0,0,0,0
,,,,,,19,2026-02-12 12:49:27.508978,RTM1P51,2.98,2.97,2.99,1000000.0,1000000.0,,0,0,0,0,0,0
,,,,,,19,2026-02-12 12:49:27.508978,RTM1C52,0.34,0.33,0.35,1000000.0,1000000.0,,0,0,0,0,0,0
,,,,,,19,2026-02-12 12:49:27.508978,RTM1P52,3.66,3.65,3.67,1000000.0,1000000.0,,0,0,0,0,0,0
,,,,,,19,2026-02-12 12:49:27.508978,RTM1C53,0.27,0.26,0.28,1000000.0,1000000.0,,0,0,0,0,0,0
,,,,,,19,2026-02-12 12:49:27.508978,RTM1P53,4.59,4.58,4.6,1000000.0,1000000.0,,0,0,0,0,0,0
,,,,,,19,2026-02-12 12:49:27.508978,RTM1C54,0.13,0.12,0.14,1000000.0,1000000.0,,0,0,0,0,0,0
,,,,,,19,2026-02-12 12:49:27.508978,RTM1P54,5.44,5.43,5.45,1000000.0,1000000.0,,0,0,0,0,0,0
2.0,1.0,2.0,Week 1,Delta limit and penalty,The delta limit for this sub-heat is 12000 and the penalty percentage is 2%,20,2026-02-12 12:49:28.551900,RTM,48.81,48.81,48.83,100000000.0,100000000.0,,0,0,0,0,0,0
1.0,1.0,2.0,Week 1,Risk free rate and current annualized volatility of RTM,The current risk free rate is 0%. RTM is an ETF that mimics one of the major indices in the simulated world and its current annualized realized volatility is 22%. This simulation consists of 20 trading days that are each 15 ticks in length.,20,2026-02-12 12:49:28.551900,RTM1C45,4.07,4.06,4.08,1000000.0,1000000.0,,0,0,0,0,0,0
,,,,,,20,2026-02-12 12:49:28.551900,RTM1P45,0.25,0.23,0.25,1000000.0,1000000.0,,0,0,0,0,0,0
,,,,,,20,2026-02-12 12:49:28.551900,RTM1C46,3.24,3.23,3.25,1000000.0,1000000.0,150.0,0,0,0,0,0,0
,,,,,,20,2026-02-12 12:49:28.551900,RTM1P46,0.42,0.41,0.43,1000000.0,1000000.0,,0,0,0,0,0,0
,,,,,,20,2026-02-12 12:49:28.551900,RTM1C47,2.55,2.54,2.56,1000000.0,1000000.0,,0,0,0,0,0,0
,,,,,,20,2026-02-12 12:49:28.551900,RTM1P47,0.73,0.72,0.74,1000000.0,1000000.0,,0,0,0,0,0,0
,,,,,,20,2026-02-12 12:49:28.551900,RTM1C48,1.96,1.94,1.96,1000000.0,1000000.0,,0,0,0,0,0,0
,,,,,,20,2026-02-12 12:49:28.551900,RTM1P48,1.13,1.11,1.13,1000000.0,1000000.0,,0,0,0,0,0,0
,,,,,,20,2026-02-12 12:49:28.551900,RTM1C49,1.39,1.37,1.39,1000000.0,1000000.0,,0,0,0,0,0,0
,,,,,,20,2026-02-12 12:49:28.551900,RTM1P49,1.56,1.54,1.56,1000000.0,1000000.0,,0,0,0,0,0,0
,,,,,,20,2026-02-12 12:49:28.551900,RTM1C50,0.95,0.95,0.97,1000000.0,1000000.0,,0,0,0,0,0,0
,,,,,,20,2026-02-12 12:49:28.551900,RTM1P50,2.13,2.13,2.15,1000000.0,1000000.0,,0,0,0,0,0,0
,,,,,,20,2026-02-12 12:49:28.551900,RTM1C51,0.58,0.58,0.6,1000000.0,1000000.0,,0,0,0,0,0,0
,,,,,,20,2026-02-12 12:49:28.551900,RTM1P51,2.76,2.76,2.78,1000000.0,1000000.0,,0,0,0,0,0,0
,,,,,,20,2026-02-12 12:49:28.551900,RTM1C52,0.37,0.35,0.37,1000000.0,1000000.0,,0,0,0,0,0,0
,,,,,,20,2026-02-12 12:49:28.551900,RTM1P52,3.54,3.53,3.55,1000000.0,1000000.0,,0,0,0,0,0,0
,,,,,,20,2026-02-12 12:49:28.551900,RTM1C53,0.27,0.26,0.28,1000000.0,1000000.0,,0,0,0,0,0,0
,,,,,,20,2026-02-12 12:49:28.551900,RTM1P53,4.45,4.44,4.46,1000000.0,1000000.0,,0,0,0,0,0,0
,,,,,,20,2026-02-12 12:49:28.551900,RTM1C54,0.13,0.12,0.14,1000000.0,1000000.0,,0,0,0,0,0,0
,,,,,,20,2026-02-12 12:49:28.551900,RTM1P54,5.3,5.29,5.31,1000000.0,1000000.0,,0,0,0,0,0,0
2.0,1.0,2.0,Week 1,Delta limit and penalty,The delta limit for this sub-heat is 12000 and the penalty percentage is 2%,21,2026-02-12 12:49:29.586356,RTM,49.04,49.04,49.06,100000000.0,100000000.0,,0,0,0,0,0,0
1.0,1.0,2.0,Week 1,Risk free rate and current annualized volatility of RTM,The current risk free rate is 0%. RTM is an ETF that mimics one of the major indices in the simulated world and its current annualized realized volatility is 22%. This simulation consists of 20 trading days that are each 15 ticks in length.,21,2026-02-12 12:49:29.586356,RTM1C45,4.23,4.22,4.24,1000000.0,1000000.0,,0,0,0,0,0,0
,,,,,,21,2026-02-12 12:49:29.586356,RTM1P45,0.18,0.17,0.19,1000000.0,1000000.0,,0,0,0,0,0,0
,,,,,,21,2026-02-12 12:49:29.586356,RTM1C46,3.37,3.36,3.38,1000000.0,1000000.0,150.0,0,0,0,0,0,0
,,,,,,21,2026-02-12 12:49:29.586356,RTM1P46,0.32,0.31,0.33,1000000.0,1000000.0,,0,0,0,0,0,0
,,,,,,21,2026-02-12 12:49:29.586356,RTM1C47,2.7,2.7,2.72,1000000.0,1000000.0,,0,0,0,0,0,0
,,,,,,21,2026-02-12 12:49:29.586356,RTM1P47,0.64,0.64,0.66,1000000.0,1000000.0,,0,0,0,0,0,0
,,,,,,21,2026-02-12 12:49:29.586356,RTM1C48,1.96,1.96,1.98,1000000.0,1000000.0,,0,0,0,0,0,0
,,,,,,21,2026-02-12 12:49:29.586356,RTM1P48,0.92,0.91,0.93,1000000.0,1000000.0,,0,0,0,0,0,0
,,,,,,21,2026-02-12 12:49:29.586356,RTM1C49,1.47,1.47,1.49,1000000.0,1000000.0,,0,0,0,0,0,0
,,,,,,21,2026-02-12 12:49:29.586356,RTM1P49,1.43,1.41,1.43,1000000.0,1000000.0,,0,0,0,0,0,0
,,,,,,21,2026-02-12 12:49:29.586356,RTM1C50,0.98,0.98,1.0,1000000.0,1000000.0,,0,0,0,0,0,0
,,,,,,21,2026-02-12 12:49:29.586356,RTM1P50,1.93,1.93,1.95,1000000.0,1000000.0,,0,0,0,0,0,0
,,,,,,21,2026-02-12 12:49:29.586356,RTM1C51,0.72,0.7,0.72,1000000.0,1000000.0,,0,0,0,0,0,0
,,,,,,21,2026-02-12 12:49:29.586356,RTM1P51,2.66,2.64,2.66,1000000.0,1000000.0,,0,0,0,0,0,0
,,,,,,21,2026-02-12 12:49:29.586356,RTM1C52,0.52,0.5,0.52,1000000.0,1000000.0,,0,0,0,0,0,0
,,,,,,21,2026-02-12 12:49:29.586356,RTM1P52,3.45,3.44,3.46,1000000.0,1000000.0,,0,0,0,0,0,0
,,,,,,21,2026-02-12 12:49:29.586356,RTM1C53,0.27,0.26,0.28,1000000.0,1000000.0,,0,0,0,0,0,0
,,,,,,21,2026-02-12 12:49:29.586356,RTM1P53,4.22,4.21,4.23,1000000.0,1000000.0,,0,0,0,0,0,0
,,,,,,21,2026-02-12 12:49:29.586356,RTM1C54,0.15,0.14,0.16,1000000.0,1000000.0,,0,0,0,0,0,0
,,,,,,21,2026-02-12 12:49:29.586356,RTM1P54,5.09,5.08,5.1,1000000.0,1000000.0,,0,0,0,0,0,0
2.0,1.0,2.0,Week 1,Delta limit and penalty,The delta limit for this sub-heat is 12000 and the penalty percentage is 2%,22,2026-02-12 12:49:30.614735,RTM,49.34,49.32,49.34,100000000.0,100000000.0,,0,0,0,0,0,0
1.0,1.0,2.0,Week 1,Risk free rate and current annualized volatility of RTM,The current risk free rate is 0%. RTM is an ETF that mimics one of the major indices in the simulated world and its current annualized realized volatility is 22%. This simulation consists of 20 trading days that are each 15 ticks in length.,22,2026-02-12 12:49:30.614735,RTM1C45,4.56,4.56,4.58,1000000.0,1000000.0,,0,0,0,0,0,0
,,,,,,22,2026-02-12 12:49:30.614735,RTM1P45,0.24,0.23,0.25,1000000.0,1000000.0,,0,0,0,0,0,0
,,,,,,22,2026-02-12 12:49:30.614735,RTM1C46,3.61,3.6,3.62,1000000.0,1000000.0,150.0,0,0,0,0,0,0
,,,,,,22,2026-02-12 12:49:30.614735,RTM1P46,0.28,0.27,0.29,1000000.0,1000000.0,,0,0,0,0,0,0
,,,,,,22,2026-02-12 12:49:30.614735,RTM1C47,2.9,2.89,2.91,1000000.0,1000000.0,,0,0,0,0,0,0
,,,,,,22,2026-02-12 12:49:30.614735,RTM1P47,0.57,0.56,0.58,1000000.0,1000000.0,,0,0,0,0,0,0
,,,,,,22,2026-02-12 12:49:30.614735,RTM1C48,2.19,2.18,2.2,1000000.0,1000000.0,,0,0,0,0,0,0
,,,,,,22,2026-02-12 12:49:30.614735,RTM1P48,0.86,0.85,0.87,1000000.0,1000000.0,,0,0,0,0,0,0
,,,,,,22,2026-02-12 12:49:30.614735,RTM1C49,1.6,1.6,1.62,1000000.0,1000000.0,,0,0,0,0,0,0
,,,,,,22,2026-02-12 12:49:30.614735,RTM1P49,1.27,1.27,1.29,1000000.0,1000000.0,,0,0,0,0,0,0
,,,,,,22,2026-02-12 12:49:30.614735,RTM1C50,1.09,1.08,1.1,1000000.0,1000000.0,,0,0,0,0,0,0
,,,,,,22,2026-02-12 12:49:30.614735,RTM1P50,1.76,1.75,1.77,1000000.0,1000000.0,,0,0,0,0,0,0
,,,,,,22,2026-02-12 12:49:30.614735,RTM1C51,0.8,0.79,0.81,1000000.0,1000000.0,,0,0,0,0,0,0
,,,,,,22,2026-02-12 12:49:30.614735,RTM1P51,2.47,2.46,2.48,1000000.0,1000000.0,,0,0,0,0,0,0
,,,,,,22,2026-02-12 12:49:30.614735,RTM1C52,0.47,0.46,0.48,1000000.0,1000000.0,,0,0,0,0,0,0
,,,,,,22,2026-02-12 12:49:30.614735,RTM1P52,3.14,3.13,3.15,1000000.0,1000000.0,,0,0,0,0,0,0
,,,,,,22,2026-02-12 12:49:30.614735,RTM1C53,0.32,0.31,0.33,1000000.0,1000000.0,,0,0,0,0,0,0
,,,,,,22,2026-02-12 12:49:30.614735,RTM1P53,3.98,3.97,3.99,1000000.0,1000000.0,,0,0,0,0,0,0
,,,,,,22,2026-02-12 12:49:30.614735,RTM1C54,0.21,0.19,0.21,1000000.0,1000000.0,,0,0,0,0,0,0
,,,,,,22,2026-02-12 12:49:30.614735,RTM1P54,4.88,4.86,4.88,1000000.0,1000000.0,,0,0,0,0,0,0
2.0,1.0,2.0,Week 1,Delta limit and penalty,The delta limit for this sub-heat is 12000 and the penalty percentage is 2%,23,2026-02-12 12:49:31.640763,RTM,49.24,49.23,49.25,100000000.0,100000000.0,,0,0,0,0,0,0
1.0,1.0,2.0,Week 1,Risk free rate and current annualized volatility of RTM,The current risk free rate is 0%. RTM is an ETF that mimics one of the major indices in the simulated world and its current annualized realized volatility is 22%. This simulation consists of 20 trading days that are each 15 ticks in length.,23,2026-02-12 12:49:31.640763,RTM1C45,4.51,4.5,4.52,1000000.0,1000000.0,,0,0,0,0,0,0
,,,,,,23,2026-02-12 12:49:31.640763,RTM1P45,0.27,0.26,0.28,1000000.0,1000000.0,,0,0,0,0,0,0
,,,,,,23,2026-02-12 12:49:31.640763,RTM1C46,3.57,3.56,3.58,1000000.0,1000000.0,150.0,0,0,0,0,0,0
,,,,,,23,2026-02-12 12:49:31.640763,RTM1P46,0.33,0.32,0.34,1000000.0,1000000.0,,0,0,0,0,0,0
,,,,,,23,2026-02-12 12:49:31.640763,RTM1C47,2.79,2.78,2.8,1000000.0,1000000.0,,0,0,0,0,0,0
,,,,,,23,2026-02-12 12:49:31.640763,RTM1P47,0.55,0.54,0.56,1000000.0,1000000.0,,0,0,0,0,0,0
,,,,,,23,2026-02-12 12:49:31.640763,RTM1C48,2.06,2.05,2.07,1000000.0,1000000.0,,0,0,0,0,0,0
,,,,,,23,2026-02-12 12:49:31.640763,RTM1P48,0.82,0.81,0.83,1000000.0,1000000.0,,0,0,0,0,0,0
,,,,,,23,2026-02-12 12:49:31.640763,RTM1C49,1.56,1.54,1.56,1000000.0,1000000.0,,0,0,0,0,0,0
,,,,,,23,2026-02-12 12:49:31.640763,RTM1P49,1.32,1.3,1.32,1000000.0,1000000.0,,0,0,0,0,0,0
,,,,,,23,2026-02-12 12:49:31.640763,RTM1C50,1.13,1.12,1.14,1000000.0,1000000.0,,0,0,0,0,0,0
,,,,,,23,2026-02-12 12:49:31.640763,RTM1P50,1.89,1.88,1.9,1000000.0,1000000.0,,0,0,0,0,0,0
,,,,,,23,2026-02-12 12:49:31.640763,RTM1C51,0.81,0.8,0.82,1000000.0,1000000.0,,0,0,0,0,0,0
,,,,,,23,2026-02-12 12:49:31.640763,RTM1P51,2.57,2.56,2.58,1000000.0,1000000.0,,0,0,0,0,0,0
,,,,,,23,2026-02-12 12:49:31.640763,RTM1C52,0.45,0.44,0.46,1000000.0,1000000.0,,0,0,0,0,0,0
,,,,,,23,2026-02-12 12:49:31.640763,RTM1P52,3.21,3.2,3.22,1000000.0,1000000.0,,0,0,0,0,0,0
,,,,,,23,2026-02-12 12:49:31.640763,RTM1C53,0.35,0.34,0.36,1000000.0,1000000.0,,0,0,0,0,0,0
,,,,,,23,2026-02-12 12:49:31.640763,RTM1P53,4.11,4.1,4.12,1000000.0,1000000.0,,0,0,0,0,0,0
,,,,,,23,2026-02-12 12:49:31.640763,RTM1C54,0.19,0.17,0.19,1000000.0,1000000.0,,0,0,0,0,0,0
,,,,,,23,2026-02-12 12:49:31.640763,RTM1P54,4.94,4.93,4.95,1000000.0,1000000.0,,0,0,0,0,0,0
2.0,1.0,2.0,Week 1,Delta limit and penalty,The delta limit for this sub-heat is 12000 and the penalty percentage is 2%,24,2026-02-12 12:49:32.667666,RTM,49.27,49.27,49.29,100000000.0,100000000.0,,0,0,0,0,0,0
1.0,1.0,2.0,Week 1,Risk free rate and current annualized volatility of RTM,The current risk free rate is 0%. RTM is an ETF that mimics one of the major indices in the simulated world and its current annualized realized volatility is 22%. This simulation consists of 20 trading days that are each 15 ticks in length.,24,2026-02-12 12:49:32.667666,RTM1C45,4.53,4.51,4.53,1000000.0,1000000.0,,0,0,0,0,0,0
,,,,,,24,2026-02-12 12:49:32.667666,RTM1P45,0.24,0.24,0.26,1000000.0,1000000.0,,0,0,0,0,0,0
,,,,,,24,2026-02-12 12:49:32.667666,RTM1C46,3.61,3.6,3.62,1000000.0,1000000.0,150.0,0,0,0,0,0,0
,,,,,,24,2026-02-12 12:49:32.667666,RTM1P46,0.34,0.33,0.35,1000000.0,1000000.0,,0,0,0,0,0,0
,,,,,,24,2026-02-12 12:49:32.667666,RTM1C47,2.84,2.83,2.85,1000000.0,1000000.0,,0,0,0,0,0,0
,,,,,,24,2026-02-12 12:49:32.667666,RTM1P47,0.56,0.55,0.57,1000000.0,1000000.0,,0,0,0,0,0,0
,,,,,,24,2026-02-12 12:49:32.667666,RTM1C48,2.11,2.1,2.12,1000000.0,1000000.0,,0,0,0,0,0,0
,,,,,,24,2026-02-12 12:49:32.667666,RTM1P48,0.83,0.82,0.84,1000000.0,1000000.0,,0,0,0,0,0,0
,,,,,,24,2026-02-12 12:49:32.667666,RTM1C49,1.59,1.58,1.6,1000000.0,1000000.0,,0,0,0,0,0,0
,,,,,,24,2026-02-12 12:49:32.667666,RTM1P49,1.3,1.3,1.32,1000000.0,1000000.0,,0,0,0,0,0,0
,,,,,,24,2026-02-12 12:49:32.667666,RTM1C50,1.03,1.02,1.04,1000000.0,1000000.0,,0,0,0,0,0,0
,,,,,,24,2026-02-12 12:49:32.667666,RTM1P50,1.75,1.74,1.76,1000000.0,1000000.0,,0,0,0,0,0,0
,,,,,,24,2026-02-12 12:49:32.667666,RTM1C51,0.78,0.77,0.79,1000000.0,1000000.0,,0,0,0,0,0,0
,,,,,,24,2026-02-12 12:49:32.667666,RTM1P51,2.5,2.5,2.52,1000000.0,1000000.0,,0,0,0,0,0,0
,,,,,,24,2026-02-12 12:49:32.667666,RTM1C52,0.54,0.53,0.55,1000000.0,1000000.0,,0,0,0,0,0,0
,,,,,,24,2026-02-12 12:49:32.667666,RTM1P52,3.27,3.26,3.28,1000000.0,1000000.0,,0,0,0,0,0,0
,,,,,,24,2026-02-12 12:49:32.667666,RTM1C53,0.29,0.28,0.3,1000000.0,1000000.0,,0,0,0,0,0,0
,,,,,,24,2026-02-12 12:49:32.667666,RTM1P53,4.01,4.0,4.02,1000000.0,1000000.0,,0,0,0,0,0,0
,,,,,,24,2026-02-12 12:49:32.667666,RTM1C54,0.21,0.2,0.22,1000000.0,1000000.0,,0,0,0,0,0,0
,,,,,,24,2026-02-12 12:49:32.667666,RTM1P54,4.94,4.92,4.94,1000000.0,1000000.0,,0,0,0,0,0,0
2.0,1.0,2.0,Week 1,Delta limit and penalty,The delta limit for this sub-heat is 12000 and the penalty percentage is 2%,25,2026-02-12 12:49:33.694724,RTM,49.38,49.38,49.4,100000000.0,100000000.0,,0,0,0,0,0,0
1.0,1.0,2.0,Week 1,Risk free rate and current annualized volatility of RTM,The current risk free rate is 0%. RTM is an ETF that mimics one of the major indices in the simulated world and its current annualized realized volatility is 22%. This simulation consists of 20 trading days that are each 15 ticks in length.,25,2026-02-12 12:49:33.694724,RTM1C45,4.59,4.58,4.6,1000000.0,1000000.0,,0,0,0,0,0,0
,,,,,,25,2026-02-12 12:49:33.694724,RTM1P45,0.2,0.19,0.21,1000000.0,1000000.0,,0,0,0,0,0,0
,,,,,,25,2026-02-12 12:49:33.694724,RTM1C46,3.67,3.66,3.68,1000000.0,1000000.0,150.0,0,0,0,0,0,0
,,,,,,25,2026-02-12 12:49:33.694724,RTM1P46,0.27,0.26,0.28,1000000.0,1000000.0,,0,0,0,0,0,0
,,,,,,25,2026-02-12 12:49:33.694724,RTM1C47,2.87,2.86,2.88,1000000.0,1000000.0,,0,0,0,0,0,0
,,,,,,25,2026-02-12 12:49:33.694724,RTM1P47,0.49,0.47,0.49,1000000.0,1000000.0,,0,0,0,0,0,0
,,,,,,25,2026-02-12 12:49:33.694724,RTM1C48,2.27,2.25,2.27,1000000.0,1000000.0,,0,0,0,0,0,0
,,,,,,25,2026-02-12 12:49:33.694724,RTM1P48,0.88,0.86,0.88,1000000.0,1000000.0,,0,0,0,0,0,0
,,,,,,25,2026-02-12 12:49:33.694724,RTM1C49,1.64,1.64,1.66,1000000.0,1000000.0,,0,0,0,0,0,0
,,,,,,25,2026-02-12 12:49:33.694724,RTM1P49,1.25,1.25,1.27,1000000.0,1000000.0,,0,0,0,0,0,0
,,,,,,25,2026-02-12 12:49:33.694724,RTM1C50,1.22,1.2,1.22,1000000.0,1000000.0,,0,0,0,0,0,0
,,,,,,25,2026-02-12 12:49:33.694724,RTM1P50,1.82,1.8,1.82,1000000.0,1000000.0,,0,0,0,0,0,0
,,,,,,25,2026-02-12 12:49:33.694724,RTM1C51,0.8,0.78,0.8,1000000.0,1000000.0,,0,0,0,0,0,0
,,,,,,25,2026-02-12 12:49:33.694724,RTM1P51,2.4,2.39,2.41,1000000.0,1000000.0,,0,0,0,0,0,0
,,,,,,25,2026-02-12 12:49:33.694724,RTM1C52,0.54,0.53,0.55,1000000.0,1000000.0,,0,0,0,0,0,0
,,,,,,25,2026-02-12 12:49:33.694724,RTM1P52,3.15,3.14,3.16,1000000.0,1000000.0,,0,0,0,0,0,0
,,,,,,25,2026-02-12 12:49:33.694724,RTM1C53,0.36,0.35,0.37,1000000.0,1000000.0,,0,0,0,0,0,0
,,,,,,25,2026-02-12 12:49:33.694724,RTM1P53,3.96,3.95,3.97,1000000.0,1000000.0,,0,0,0,0,0,0
,,,,,,25,2026-02-12 12:49:33.694724,RTM1C54,0.2,0.19,0.21,1000000.0,1000000.0,,0,0,0,0,0,0
,,,,,,25,2026-02-12 12:49:33.694724,RTM1P54,4.8,4.79,4.81,1000000.0,1000000.0,,0,0,0,0,0,0
2.0,1.0,2.0,Week 1,Delta limit and penalty,The delta limit for this sub-heat is 12000 and the penalty percentage is 2%,26,2026-02-12 12:49:34.720834,RTM,49.22,49.22,49.24,100000000.0,100000000.0,,0,0,0,0,0,0
1.0,1.0,2.0,Week 1,Risk free rate and current annualized volatility of RTM,The current risk free rate is 0%. RTM is an ETF that mimics one of the major indices in the simulated world and its current annualized realized volatility is 22%. This simulation consists of 20 trading days that are each 15 ticks in length.,26,2026-02-12 12:49:34.720834,RTM1C45,4.42,4.4,4.42,1000000.0,1000000.0,,0,0,0,0,0,0
,,,,,,26,2026-02-12 12:49:34.720834,RTM1P45,0.2,0.18,0.2,1000000.0,1000000.0,,0,0,0,0,0,0
,,,,,,26,2026-02-12 12:49:34.720834,RTM1C46,3.57,3.55,3.57,1000000.0,1000000.0,150.0,0,0,0,0,0,0
,,,,,,26,2026-02-12 12:49:34.720834,RTM1P46,0.34,0.33,0.35,1000000.0,1000000.0,,0,0,0,0,0,0
,,,,,,26,2026-02-12 12:49:34.720834,RTM1C47,2.78,2.76,2.78,1000000.0,1000000.0,,0,0,0,0,0,0
,,,,,,26,2026-02-12 12:49:34.720834,RTM1P47,0.56,0.54,0.56,1000000.0,1000000.0,,0,0,0,0,0,0
,,,,,,26,2026-02-12 12:49:34.720834,RTM1C48,2.15,2.15,2.17,1000000.0,1000000.0,,0,0,0,0,0,0
,,,,,,26,2026-02-12 12:49:34.720834,RTM1P48,0.92,0.92,0.94,1000000.0,1000000.0,,0,0,0,0,0,0
,,,,,,26,2026-02-12 12:49:34.720834,RTM1C49,1.49,1.47,1.49,1000000.0,1000000.0,,0,0,0,0,0,0
,,,,,,26,2026-02-12 12:49:34.720834,RTM1P49,1.25,1.24,1.26,1000000.0,1000000.0,,0,0,0,0,0,0
,,,,,,26,2026-02-12 12:49:34.720834,RTM1C50,1.0,0.99,1.01,1000000.0,1000000.0,,0,0,0,0,0,0
,,,,,,26,2026-02-12 12:49:34.720834,RTM1P50,1.78,1.77,1.79,1000000.0,1000000.0,,0,0,0,0,0,0
,,,,,,26,2026-02-12 12:49:34.720834,RTM1C51,0.69,0.67,0.69,1000000.0,1000000.0,,0,0,0,0,0,0
,,,,,,26,2026-02-12 12:49:34.720834,RTM1P51,2.45,2.44,2.46,1000000.0,1000000.0,,0,0,0,0,0,0
,,,,,,26,2026-02-12 12:49:34.720834,RTM1C52,0.48,0.47,0.49,1000000.0,1000000.0,,0,0,0,0,0,0
,,,,,,26,2026-02-12 12:49:34.720834,RTM1P52,3.25,3.24,3.26,1000000.0,1000000.0,,0,0,0,0,0,0
,,,,,,26,2026-02-12 12:49:34.720834,RTM1C53,0.33,0.32,0.34,1000000.0,1000000.0,,0,0,0,0,0,0
,,,,,,26,2026-02-12 12:49:34.720834,RTM1P53,4.11,4.1,4.12,1000000.0,1000000.0,,0,0,0,0,0,0
,,,,,,26,2026-02-12 12:49:34.720834,RTM1C54,0.16,0.15,0.17,1000000.0,1000000.0,,0,0,0,0,0,0
,,,,,,26,2026-02-12 12:49:34.720834,RTM1P54,4.93,4.92,4.94,1000000.0,1000000.0,,0,0,0,0,0,0
2.0,1.0,2.0,Week 1,Delta limit and penalty,The delta limit for this sub-heat is 12000 and the penalty percentage is 2%,27,2026-02-12 12:49:35.748891,RTM,48.99,48.99,49.01,100000000.0,100000000.0,,0,0,0,0,0,0
1.0,1.0,2.0,Week 1,Risk free rate and current annualized volatility of RTM,The current risk free rate is 0%. RTM is an ETF that mimics one of the major indices in the simulated world and its current annualized realized volatility is 22%. This simulation consists of 20 trading days that are each 15 ticks in length.,27,2026-02-12 12:49:35.748891,RTM1C45,4.22,4.2,4.22,1000000.0,1000000.0,,0,0,0,0,0,0
,,,,,,27,2026-02-12 12:49:35.748891,RTM1P45,0.2,0.2,0.22,1000000.0,1000000.0,,0,0,0,0,0,0
,,,,,,27,2026-02-12 12:49:35.748891,RTM1C46,3.31,3.3,3.32,1000000.0,1000000.0,150.0,0,0,0,0,0,0
,,,,,,27,2026-02-12 12:49:35.748891,RTM1P46,0.31,0.3,0.32,1000000.0,1000000.0,,0,0,0,0,0,0
,,,,,,27,2026-02-12 12:49:35.748891,RTM1C47,2.54,2.54,2.56,1000000.0,1000000.0,,0,0,0,0,0,0
,,,,,,27,2026-02-12 12:49:35.748891,RTM1P47,0.54,0.54,0.56,1000000.0,1000000.0,,0,0,0,0,0,0
,,,,,,27,2026-02-12 12:49:35.748891,RTM1C48,1.93,1.93,1.95,1000000.0,1000000.0,,0,0,0,0,0,0
,,,,,,27,2026-02-12 12:49:35.748891,RTM1P48,0.93,0.93,0.95,1000000.0,1000000.0,,0,0,0,0,0,0
,,,,,,27,2026-02-12 12:49:35.748891,RTM1C49,1.36,1.34,1.36,1000000.0,1000000.0,,0,0,0,0,0,0
,,,,,,27,2026-02-12 12:49:35.748891,RTM1P49,1.36,1.34,1.36,1000000.0,1000000.0,,0,0,0,0,0,0
,,,,,,27,2026-02-12 12:49:35.748891,RTM1C50,0.94,0.94,0.96,1000000.0,1000000.0,,0,0,0,0,0,0
,,,,,,27,2026-02-12 12:49:35.748891,RTM1P50,1.94,1.94,1.96,1000000.0,1000000.0,,0,0,0,0,0,0
,,,,,,27,2026-02-12 12:49:35.748891,RTM1C51,0.66,0.64,0.66,1000000.0,1000000.0,,0,0,0,0,0,0
,,,,,,27,2026-02-12 12:49:35.748891,RTM1P51,2.65,2.63,2.65,1000000.0,1000000.0,,0,0,0,0,0,0
,,,,,,27,2026-02-12 12:49:35.748891,RTM1C52,0.41,0.39,0.41,1000000.0,1000000.0,,0,0,0,0,0,0
,,,,,,27,2026-02-12 12:49:35.748891,RTM1P52,3.4,3.39,3.41,1000000.0,1000000.0,,0,0,0,0,0,0
,,,,,,27,2026-02-12 12:49:35.748891,RTM1C53,0.26,0.25,0.27,1000000.0,1000000.0,,0,0,0,0,0,0
,,,,,,27,2026-02-12 12:49:35.748891,RTM1P53,4.26,4.25,4.27,1000000.0,1000000.0,,0,0,0,0,0,0
,,,,,,27,2026-02-12 12:49:35.748891,RTM1C54,0.15,0.14,0.16,1000000.0,1000000.0,,0,0,0,0,0,0
,,,,,,27,2026-02-12 12:49:35.748891,RTM1P54,5.15,5.14,5.16,1000000.0,1000000.0,,0,0,0,0,0,0
2.0,1.0,2.0,Week 1,Delta limit and penalty,The delta limit for this sub-heat is 12000 and the penalty percentage is 2%,28,2026-02-12 12:49:36.776284,RTM,48.94,48.94,48.96,100000000.0,100000000.0,,0,0,0,0,0,0
1.0,1.0,2.0,Week 1,Risk free rate and current annualized volatility of RTM,The current risk free rate is 0%. RTM is an ETF that mimics one of the major indices in the simulated world and its current annualized realized volatility is 22%. This simulation consists of 20 trading days that are each 15 ticks in length.,28,2026-02-12 12:49:36.776284,RTM1C45,4.18,4.17,4.19,1000000.0,1000000.0,,0,0,0,0,0,0
,,,,,,28,2026-02-12 12:49:36.776284,RTM1P45,0.23,0.22,0.24,1000000.0,1000000.0,,0,0,0,0,0,0
,,,,,,28,2026-02-12 12:49:36.776284,RTM1C46,3.3,3.29,3.31,1000000.0,1000000.0,150.0,0,0,0,0,0,0
,,,,,,28,2026-02-12 12:49:36.776284,RTM1P46,0.35,0.34,0.36,1000000.0,1000000.0,,0,0,0,0,0,0
,,,,,,28,2026-02-12 12:49:36.776284,RTM1C47,2.58,2.57,2.59,1000000.0,1000000.0,,0,0,0,0,0,0
,,,,,,28,2026-02-12 12:49:36.776284,RTM1P47,0.63,0.62,0.64,1000000.0,1000000.0,,0,0,0,0,0,0
,,,,,,28,2026-02-12 12:49:36.776284,RTM1C48,1.96,1.95,1.97,1000000.0,1000000.0,,0,0,0,0,0,0
,,,,,,28,2026-02-12 12:49:36.776284,RTM1P48,1.01,1.0,1.02,1000000.0,1000000.0,,0,0,0,0,0,0
,,,,,,28,2026-02-12 12:49:36.776284,RTM1C49,1.35,1.34,1.36,1000000.0,1000000.0,,0,0,0,0,0,0
,,,,,,28,2026-02-12 12:49:36.776284,RTM1P49,1.4,1.39,1.41,1000000.0,1000000.0,,0,0,0,0,0,0
,,,,,,28,2026-02-12 12:49:36.776284,RTM1C50,0.93,0.92,0.94,1000000.0,1000000.0,,0,0,0,0,0,0
,,,,,,28,2026-02-12 12:49:36.776284,RTM1P50,1.98,1.97,1.99,1000000.0,1000000.0,,0,0,0,0,0,0
,,,,,,28,2026-02-12 12:49:36.776284,RTM1C51,0.64,0.63,0.65,1000000.0,1000000.0,,0,0,0,0,0,0
,,,,,,28,2026-02-12 12:49:36.776284,RTM1P51,2.7,2.68,2.7,1000000.0,1000000.0,,0,0,0,0,0,0
,,,,,,28,2026-02-12 12:49:36.776284,RTM1C52,0.36,0.35,0.37,1000000.0,1000000.0,,0,0,0,0,0,0
,,,,,,28,2026-02-12 12:49:36.776284,RTM1P52,3.41,3.4,3.42,1000000.0,1000000.0,,0,0,0,0,0,0
,,,,,,28,2026-02-12 12:49:36.776284,RTM1C53,0.25,0.24,0.26,1000000.0,1000000.0,,0,0,0,0,0,0
,,,,,,28,2026-02-12 12:49:36.776284,RTM1P53,4.3,4.29,4.31,1000000.0,1000000.0,,0,0,0,0,0,0
,,,,,,28,2026-02-12 12:49:36.776284,RTM1C54,0.14,0.13,0.15,1000000.0,1000000.0,,0,0,0,0,0,0
,,,,,,28,2026-02-12 12:49:36.776284,RTM1P54,5.19,5.18,5.2,1000000.0,1000000.0,,0,0,0,0,0,0
2.0,1.0,2.0,Week 1,Delta limit and penalty,The delta limit for this sub-heat is 12000 and the penalty percentage is 2%,29,2026-02-12 12:49:37.804320,RTM,49.23,49.21,49.23,100000000.0,100000000.0,,0,0,0,0,0,0
1.0,1.0,2.0,Week 1,Risk free rate and current annualized volatility of RTM,The current risk free rate is 0%. RTM is an ETF that mimics one of the major indices in the simulated world and its current annualized realized volatility is 22%. This simulation consists of 20 trading days that are each 15 ticks in length.,29,2026-02-12 12:49:37.804320,RTM1C45,4.42,4.41,4.43,1000000.0,1000000.0,,0,0,0,0,0,0
,,,,,,29,2026-02-12 12:49:37.804320,RTM1P45,0.2,0.19,0.21,1000000.0,1000000.0,,0,0,0,0,0,0
,,,,,,29,2026-02-12 12:49:37.804320,RTM1C46,3.51,3.5,3.52,1000000.0,1000000.0,150.0,0,0,0,0,0,0
,,,,,,29,2026-02-12 12:49:37.804320,RTM1P46,0.29,0.28,0.3,1000000.0,1000000.0,,0,0,0,0,0,0
,,,,,,29,2026-02-12 12:49:37.804320,RTM1C47,2.73,2.72,2.74,1000000.0,1000000.0,,0,0,0,0,0,0
,,,,,,29,2026-02-12 12:49:37.804320,RTM1P47,0.5,0.5,0.52,1000000.0,1000000.0,,0,0,0,0,0,0
,,,,,,29,2026-02-12 12:49:37.804320,RTM1C48,2.05,2.05,2.07,1000000.0,1000000.0,,0,0,0,0,0,0
,,,,,,29,2026-02-12 12:49:37.804320,RTM1P48,0.83,0.83,0.85,1000000.0,1000000.0,,0,0,0,0,0,0
,,,,,,29,2026-02-12 12:49:37.804320,RTM1C49,1.43,1.42,1.44,1000000.0,1000000.0,,0,0,0,0,0,0
,,,,,,29,2026-02-12 12:49:37.804320,RTM1P49,1.21,1.21,1.23,1000000.0,1000000.0,,0,0,0,0,0,0
,,,,,,29,2026-02-12 12:49:37.804320,RTM1C50,0.99,0.99,1.01,1000000.0,1000000.0,,0,0,0,0,0,0
,,,,,,29,2026-02-12 12:49:37.804320,RTM1P50,1.77,1.77,1.79,1000000.0,1000000.0,,0,0,0,0,0,0
,,,,,,29,2026-02-12 12:49:37.804320,RTM1C51,0.65,0.65,0.67,1000000.0,1000000.0,,0,0,0,0,0,0
,,,,,,29,2026-02-12 12:49:37.804320,RTM1P51,2.44,2.44,2.46,1000000.0,1000000.0,,0,0,0,0,0,0
,,,,,,29,2026-02-12 12:49:37.804320,RTM1C52,0.5,0.48,0.5,1000000.0,1000000.0,,0,0,0,0,0,0
,,,,,,29,2026-02-12 12:49:37.804320,RTM1P52,3.29,3.27,3.29,1000000.0,1000000.0,,0,0,0,0,0,0
,,,,,,29,2026-02-12 12:49:37.804320,RTM1C53,0.23,0.22,0.24,1000000.0,1000000.0,,0,0,0,0,0,0
,,,,,,29,2026-02-12 12:49:37.804320,RTM1P53,4.02,4.01,4.03,1000000.0,1000000.0,,0,0,0,0,0,0
,,,,,,29,2026-02-12 12:49:37.804320,RTM1C54,0.16,0.15,0.17,1000000.0,1000000.0,,0,0,0,0,0,0
,,,,,,29,2026-02-12 12:49:37.804320,RTM1P54,4.94,4.93,4.95,1000000.0,1000000.0,,0,0,0,0,0,0
2.0,1.0,2.0,Week 1,Delta limit and penalty,The delta limit for this sub-heat is 12000 and the penalty percentage is 2%,30,2026-02-12 12:49:38.829999,RTM,49.51,49.49,49.51,100000000.0,100000000.0,,0,0,0,0,0,0
1.0,1.0,2.0,Week 1,Risk free rate and current annualized volatility of RTM,The current risk free rate is 0%. RTM is an ETF that mimics one of the major indices in the simulated world and its current annualized realized volatility is 22%. This simulation consists of 20 trading days that are each 15 ticks in length.,30,2026-02-12 12:49:38.829999,RTM1C45,4.64,4.63,4.65,1000000.0,1000000.0,,0,0,0,0,0,0
,,,,,,30,2026-02-12 12:49:38.829999,RTM1P45,0.13,0.12,0.14,1000000.0,1000000.0,,0,0,0,0,0,0
,,,,,,30,2026-02-12 12:49:38.829999,RTM1C46,3.79,3.78,3.8,1000000.0,1000000.0,150.0,0,0,0,0,0,0
,,,,,,30,2026-02-12 12:49:38.829999,RTM1P46,0.29,0.28,0.3,1000000.0,1000000.0,,0,0,0,0,0,0
,,,,,,30,2026-02-12 12:49:38.829999,RTM1C47,2.99,2.98,3.0,1000000.0,1000000.0,,0,0,0,0,0,0
,,,,,,30,2026-02-12 12:49:38.829999,RTM1P47,0.49,0.48,0.5,1000000.0,1000000.0,,0,0,0,0,0,0
,,,,,,30,2026-02-12 12:49:38.829999,RTM1C48,2.3,2.29,2.31,1000000.0,1000000.0,,0,0,0,0,0,0
,,,,,,30,2026-02-12 12:49:38.829999,RTM1P48,0.79,0.78,0.8,1000000.0,1000000.0,,0,0,0,0,0,0
,,,,,,30,2026-02-12 12:49:38.829999,RTM1C49,1.64,1.63,1.65,1000000.0,1000000.0,,0,0,0,0,0,0
,,,,,,30,2026-02-12 12:49:38.829999,RTM1P49,1.13,1.12,1.14,1000000.0,1000000.0,,0,0,0,0,0,0
,,,,,,30,2026-02-12 12:49:38.829999,RTM1C50,1.12,1.11,1.13,1000000.0,1000000.0,,0,0,0,0,0,0
,,,,,,30,2026-02-12 12:49:38.829999,RTM1P50,1.62,1.61,1.63,1000000.0,1000000.0,,0,0,0,0,0,0
,,,,,,30,2026-02-12 12:49:38.829999,RTM1C51,0.81,0.8,0.82,1000000.0,1000000.0,,0,0,0,0,0,0
,,,,,,30,2026-02-12 12:49:38.829999,RTM1P51,2.3,2.29,2.31,1000000.0,1000000.0,,0,0,0,0,0,0
,,,,,,30,2026-02-12 12:49:38.829999,RTM1C52,0.48,0.47,0.49,1000000.0,1000000.0,,0,0,0,0,0,0
,,,,,,30,2026-02-12 12:49:38.829999,RTM1P52,2.98,2.97,2.99,1000000.0,1000000.0,,0,0,0,0,0,0
,,,,,,30,2026-02-12 12:49:38.829999,RTM1C53,0.36,0.35,0.37,1000000.0,1000000.0,,0,0,0,0,0,0
,,,,,,30,2026-02-12 12:49:38.829999,RTM1P53,3.85,3.84,3.86,1000000.0,1000000.0,,0,0,0,0,0,0
,,,,,,30,2026-02-12 12:49:38.829999,RTM1C54,0.16,0.15,0.17,1000000.0,1000000.0,,0,0,0,0,0,0
,,,,,,30,2026-02-12 12:49:38.829999,RTM1P54,4.66,4.65,4.67,1000000.0,1000000.0,,0,0,0,0,0,0
2.0,1.0,2.0,Week 1,Delta limit and penalty,The delta limit for this sub-heat is 12000 and the penalty percentage is 2%,31,2026-02-12 12:49:39.857265,RTM,49.77,49.75,49.77,100000000.0,100000000.0,,0,0,0,0,0,0
1.0,1.0,2.0,Week 1,Risk free rate and current annualized volatility of RTM,The current risk free rate is 0%. RTM is an ETF that mimics one of the major indices in the simulated world and its current annualized realized volatility is 22%. This simulation consists of 20 trading days that are each 15 ticks in length.,31,2026-02-12 12:49:39.857265,RTM1C45,4.87,4.86,4.88,1000000.0,1000000.0,,0,0,0,0,0,0
,,,,,,31,2026-02-12 12:49:39.857265,RTM1P45,0.11,0.1,0.12,1000000.0,1000000.0,,0,0,0,0,0,0
,,,,,,31,2026-02-12 12:49:39.857265,RTM1C46,3.96,3.95,3.97,1000000.0,1000000.0,150.0,0,0,0,0,0,0
,,,,,,31,2026-02-12 12:49:39.857265,RTM1P46,0.19,0.18,0.2,1000000.0,1000000.0,,0,0,0,0,0,0
,,,,,,31,2026-02-12 12:49:39.857265,RTM1C47,3.18,3.17,3.19,1000000.0,1000000.0,,0,0,0,0,0,0
,,,,,,31,2026-02-12 12:49:39.857265,RTM1P47,0.43,0.41,0.43,1000000.0,1000000.0,,0,0,0,0,0,0
,,,,,,31,2026-02-12 12:49:39.857265,RTM1C48,2.44,2.43,2.45,1000000.0,1000000.0,,0,0,0,0,0,0
,,,,,,31,2026-02-12 12:49:39.857265,RTM1P48,0.68,0.67,0.69,1000000.0,1000000.0,,0,0,0,0,0,0
,,,,,,31,2026-02-12 12:49:39.857265,RTM1C49,1.79,1.78,1.8,1000000.0,1000000.0,,0,0,0,0,0,0
,,,,,,31,2026-02-12 12:49:39.857265,RTM1P49,1.04,1.02,1.04,1000000.0,1000000.0,,0,0,0,0,0,0
,,,,,,31,2026-02-12 12:49:39.857265,RTM1C50,1.28,1.26,1.28,1000000.0,1000000.0,,0,0,0,0,0,0
,,,,,,31,2026-02-12 12:49:39.857265,RTM1P50,1.52,1.5,1.52,1000000.0,1000000.0,,0,0,0,0,0,0
,,,,,,31,2026-02-12 12:49:39.857265,RTM1C51,0.89,0.89,0.91,1000000.0,1000000.0,,0,0,0,0,0,0
,,,,,,31,2026-02-12 12:49:39.857265,RTM1P51,2.13,2.13,2.15,1000000.0,1000000.0,,0,0,0,0,0,0
,,,,,,31,2026-02-12 12:49:39.857265,RTM1C52,0.51,0.51,0.53,1000000.0,1000000.0,,0,0,0,0,0,0
,,,,,,31,2026-02-12 12:49:39.857265,RTM1P52,2.75,2.75,2.77,1000000.0,1000000.0,,0,0,0,0,0,0
,,,,,,31,2026-02-12 12:49:39.857265,RTM1C53,0.42,0.42,0.44,1000000.0,1000000.0,,0,0,0,0,0,0
,,,,,,31,2026-02-12 12:49:39.857265,RTM1P53,3.67,3.66,3.68,1000000.0,1000000.0,,0,0,0,0,0,0
,,,,,,31,2026-02-12 12:49:39.857265,RTM1C54,0.23,0.21,0.23,1000000.0,1000000.0,,0,0,0,0,0,0
,,,,,,31,2026-02-12 12:49:39.857265,RTM1P54,4.47,4.45,4.47,1000000.0,1000000.0,,0,0,0,0,0,0
2.0,1.0,2.0,Week 1,Delta limit and penalty,The delta limit for this sub-heat is 12000 and the penalty percentage is 2%,32,2026-02-12 12:49:40.884528,RTM,49.91,49.89,49.91,100000000.0,100000000.0,0,0,0,0,0,0,0
1.0,1.0,2.0,Week 1,Risk free rate and current annualized volatility of RTM,The current risk free rate is 0%. RTM is an ETF that mimics one of the major indices in the simulated world and its current annualized realized volatility is 22%. This simulation consists of 20 trading days that are each 15 ticks in length.,32,2026-02-12 12:49:40.884528,RTM1C45,5.0,5.0,5.02,1000000.0,1000000.0,0,0,0,0,0,0,0
,,,,,,32,2026-02-12 12:49:40.884528,RTM1P45,0.11,0.1,0.12,1000000.0,1000000.0,0,0,0,0,0,0,0
,,,,,,32,2026-02-12 12:49:40.884528,RTM1C46,4.12,4.1,4.12,1000000.0,1000000.0,0,0,0,0,0,0,0
,,,,,,32,2026-02-12 12:49:40.884528,RTM1P46,0.22,0.2,0.22,1000000.0,1000000.0,0,0,0,0,0,0,0
,,,,,,32,2026-02-12 12:49:40.884528,RTM1C47,3.26,3.24,3.26,1000000.0,1000000.0,0,0,0,0,0,0,0
,,,,,,32,2026-02-12 12:49:40.884528,RTM1P47,0.36,0.34,0.36,1000000.0,1000000.0,0,0,0,0,0,0,0
,,,,,,32,2026-02-12 12:49:40.884528,RTM1C48,2.53,2.51,2.53,1000000.0,1000000.0,0,0,0,0,0,0,0
,,,,,,32,2026-02-12 12:49:40.884528,RTM1P48,0.63,0.61,0.63,1000000.0,1000000.0,0,0,0,0,0,0,0
,,,,,,32,2026-02-12 12:49:40.884528,RTM1C49,1.82,1.8,1.82,1000000.0,1000000.0,0,0,0,0,0,0,0
,,,,,,32,2026-02-12 12:49:40.884528,RTM1P49,0.91,0.9,0.92,1000000.0,1000000.0,0,0,0,0,0,0,0
,,,,,,32,2026-02-12 12:49:40.884528,RTM1C50,1.36,1.36,1.38,1000000.0,1000000.0,0,0,0,0,0,0,0
,,,,,,32,2026-02-12 12:49:40.884528,RTM1P50,1.46,1.46,1.48,1000000.0,1000000.0,0,0,0,0,0,0,0
,,,,,,32,2026-02-12 12:49:40.884528,RTM1C51,0.88,0.86,0.88,1000000.0,1000000.0,0,0,0,0,0,0,0
,,,,,,32,2026-02-12 12:49:40.884528,RTM1P51,1.97,1.96,1.98,1000000.0,1000000.0,0,0,0,0,0,0,0
,,,,,,32,2026-02-12 12:49:40.884528,RTM1C52,0.56,0.54,0.56,1000000.0,1000000.0,0,0,0,0,0,0,0
,,,,,,32,2026-02-12 12:49:40.884528,RTM1P52,2.66,2.64,2.66,1000000.0,1000000.0,0,0,0,0,0,0,0
,,,,,,32,2026-02-12 12:49:40.884528,RTM1C53,0.44,0.44,0.46,1000000.0,1000000.0,0,0,0,0,0,0,0
,,,,,,32,2026-02-12 12:49:40.884528,RTM1P53,3.55,3.54,3.56,1000000.0,1000000.0,0,0,0,0,0,0,0
,,,,,,32,2026-02-12 12:49:40.884528,RTM1C54,0.22,0.21,0.23,1000000.0,1000000.0,0,0,0,0,0,0,0
,,,,,,32,2026-02-12 12:49:40.884528,RTM1P54,4.33,4.32,4.34,1000000.0,1000000.0,0,0,0,0,0,0,0
2.0,1.0,2.0,Week 1,Delta limit and penalty,The delta limit for this sub-heat is 12000 and the penalty percentage is 2%,33,2026-02-12 12:49:41.910511,RTM,49.81,49.81,49.83,100000000.0,100000000.0,0,0,0,0,0,0,0
1.0,1.0,2.0,Week 1,Risk free rate and current annualized volatility of RTM,The current risk free rate is 0%. RTM is an ETF that mimics one of the major indices in the simulated world and its current annualized realized volatility is 22%. This simulation consists of 20 trading days that are each 15 ticks in length.,33,2026-02-12 12:49:41.910511,RTM1C45,4.93,4.91,4.93,1000000.0,1000000.0,0,0,0,0,0,0,0
,,,,,,33,2026-02-12 12:49:41.910511,RTM1P45,0.1,0.09,0.11,1000000.0,1000000.0,0,0,0,0,0,0,0
,,,,,,33,2026-02-12 12:49:41.910511,RTM1C46,4.02,4.0,4.02,1000000.0,1000000.0,0,0,0,0,0,0,0
,,,,,,33,2026-02-12 12:49:41.910511,RTM1P46,0.2,0.18,0.2,1000000.0,1000000.0,0,0,0,0,0,0,0
,,,,,,33,2026-02-12 12:49:41.910511,RTM1C47,3.21,3.21,3.23,1000000.0,1000000.0,0,0,0,0,0,0,0
,,,,,,33,2026-02-12 12:49:41.910511,RTM1P47,0.4,0.39,0.41,1000000.0,1000000.0,0,0,0,0,0,0,0
,,,,,,33,2026-02-12 12:49:41.910511,RTM1C48,2.48,2.47,2.49,1000000.0,1000000.0,0,0,0,0,0,0,0
,,,,,,33,2026-02-12 12:49:41.910511,RTM1P48,0.67,0.66,0.68,1000000.0,1000000.0,0,0,0,0,0,0,0
,,,,,,33,2026-02-12 12:49:41.910511,RTM1C49,1.85,1.83,1.85,1000000.0,1000000.0,0,0,0,0,0,0,0
,,,,,,33,2026-02-12 12:49:41.910511,RTM1P49,1.02,1.01,1.03,1000000.0,1000000.0,0,0,0,0,0,0,0
,,,,,,33,2026-02-12 12:49:41.910511,RTM1C50,1.32,1.32,1.34,1000000.0,1000000.0,0,0,0,0,0,0,0
,,,,,,33,2026-02-12 12:49:41.910511,RTM1P50,1.5,1.5,1.52,1000000.0,1000000.0,0,0,0,0,0,0,0
,,,,,,33,2026-02-12 12:49:41.910511,RTM1C51,0.89,0.87,0.89,1000000.0,1000000.0,0,0,0,0,0,0,0
,,,,,,33,2026-02-12 12:49:41.910511,RTM1P51,2.08,2.06,2.08,1000000.0,1000000.0,0,0,0,0,0,0,0
,,,,,,33,2026-02-12 12:49:41.910511,RTM1C52,0.55,0.55,0.57,1000000.0,1000000.0,0,0,0,0,0,0,0
,,,,,,33,2026-02-12 12:49:41.910511,RTM1P52,2.73,2.73,2.75,1000000.0,1000000.0,0,0,0,0,0,0,0
,,,,,,33,2026-02-12 12:49:41.910511,RTM1C53,0.41,0.41,0.43,1000000.0,1000000.0,0,0,0,0,0,0,0
,,,,,,33,2026-02-12 12:49:41.910511,RTM1P53,3.59,3.59,3.61,1000000.0,1000000.0,0,0,0,0,0,0,0
,,,,,,33,2026-02-12 12:49:41.910511,RTM1C54,0.23,0.23,0.25,1000000.0,1000000.0,0,0,0,0,0,0,0
,,,,,,33,2026-02-12 12:49:41.910511,RTM1P54,4.41,4.41,4.43,1000000.0,1000000.0,0,0,0,0,0,0,0
2.0,1.0,2.0,Week 1,Delta limit and penalty,The delta limit for this sub-heat is 12000 and the penalty percentage is 2%,34,2026-02-12 12:49:42.938391,RTM,49.67,49.67,49.69,100000000.0,100000000.0,0,0,0,0,0,0,0
1.0,1.0,2.0,Week 1,Risk free rate and current annualized volatility of RTM,The current risk free rate is 0%. RTM is an ETF that mimics one of the major indices in the simulated world and its current annualized realized volatility is 22%. This simulation consists of 20 trading days that are each 15 ticks in length.,34,2026-02-12 12:49:42.938391,RTM1C45,4.79,4.77,4.79,1000000.0,1000000.0,0,0,0,0,0,0,0
,,,,,,34,2026-02-12 12:49:42.938391,RTM1P45,0.11,0.09,0.11,1000000.0,1000000.0,0,0,0,0,0,0,0
,,,,,,34,2026-02-12 12:49:42.938391,RTM1C46,3.93,3.91,3.93,1000000.0,1000000.0,0,0,0,0,0,0,0
,,,,,,34,2026-02-12 12:49:42.938391,RTM1P46,0.25,0.23,0.25,1000000.0,1000000.0,0,0,0,0,0,0,0
,,,,,,34,2026-02-12 12:49:42.938391,RTM1C47,3.06,3.04,3.06,1000000.0,1000000.0,0,0,0,0,0,0,0
,,,,,,34,2026-02-12 12:49:42.938391,RTM1P47,0.37,0.36,0.38,1000000.0,1000000.0,0,0,0,0,0,0,0
,,,,,,34,2026-02-12 12:49:42.938391,RTM1C48,2.43,2.42,2.44,1000000.0,1000000.0,0,0,0,0,0,0,0
,,,,,,34,2026-02-12 12:49:42.938391,RTM1P48,0.75,0.74,0.76,1000000.0,1000000.0,0,0,0,0,0,0,0
,,,,,,34,2026-02-12 12:49:42.938391,RTM1C49,1.72,1.71,1.73,1000000.0,1000000.0,0,0,0,0,0,0,0
,,,,,,34,2026-02-12 12:49:42.938391,RTM1P49,1.03,1.02,1.04,1000000.0,1000000.0,0,0,0,0,0,0,0
,,,,,,34,2026-02-12 12:49:42.938391,RTM1C50,1.2,1.19,1.21,1000000.0,1000000.0,0,0,0,0,0,0,0
,,,,,,34,2026-02-12 12:49:42.938391,RTM1P50,1.52,1.5,1.52,1000000.0,1000000.0,0,0,0,0,0,0,0
,,,,,,34,2026-02-12 12:49:42.938391,RTM1C51,0.84,0.83,0.85,1000000.0,1000000.0,0,0,0,0,0,0,0
,,,,,,34,2026-02-12 12:49:42.938391,RTM1P51,2.16,2.15,2.17,1000000.0,1000000.0,0,0,0,0,0,0,0
,,,,,,34,2026-02-12 12:49:42.938391,RTM1C52,0.55,0.54,0.56,1000000.0,1000000.0,0,0,0,0,0,0,0
,,,,,,34,2026-02-12 12:49:42.938391,RTM1P52,2.87,2.86,2.88,1000000.0,1000000.0,0,0,0,0,0,0,0
,,,,,,34,2026-02-12 12:49:42.938391,RTM1C53,0.37,0.37,0.39,1000000.0,1000000.0,0,0,0,0,0,0,0
,,,,,,34,2026-02-12 12:49:42.938391,RTM1P53,3.69,3.69,3.71,1000000.0,1000000.0,0,0,0,0,0,0,0
,,,,,,34,2026-02-12 12:49:42.938391,RTM1C54,0.22,0.2,0.22,1000000.0,1000000.0,0,0,0,0,0,0,0
,,,,,,34,2026-02-12 12:49:42.938391,RTM1P54,4.53,4.52,4.54,1000000.0,1000000.0,0,0,0,0,0,0,0
2.0,1.0,2.0,Week 1,Delta limit and penalty,The delta limit for this sub-heat is 12000 and the penalty percentage is 2%,35,2026-02-12 12:49:43.969225,RTM,49.93,49.91,49.93,100000000.0,100000000.0,0,0,0,0,0,0,0
1.0,1.0,2.0,Week 1,Risk free rate and current annualized volatility of RTM,The current risk free rate is 0%. RTM is an ETF that mimics one of the major indices in the simulated world and its current annualized realized volatility is 22%. This simulation consists of 20 trading days that are each 15 ticks in length.,35,2026-02-12 12:49:43.969225,RTM1C45,5.01,5.0,5.02,1000000.0,1000000.0,0,0,0,0,0,0,0
,,,,,,35,2026-02-12 12:49:43.969225,RTM1P45,0.09,0.08,0.1,1000000.0,1000000.0,0,0,0,0,0,0,0
,,,,,,35,2026-02-12 12:49:43.969225,RTM1C46,4.09,4.07,4.09,1000000.0,1000000.0,0,0,0,0,0,0,0
,,,,,,35,2026-02-12 12:49:43.969225,RTM1P46,0.15,0.15,0.17,1000000.0,1000000.0,0,0,0,0,0,0,0
,,,,,,35,2026-02-12 12:49:43.969225,RTM1C47,3.28,3.26,3.28,1000000.0,1000000.0,0,0,0,0,0,0,0
,,,,,,35,2026-02-12 12:49:43.969225,RTM1P47,0.35,0.34,0.36,1000000.0,1000000.0,0,0,0,0,0,0,0
,,,,,,35,2026-02-12 12:49:43.969225,RTM1C48,2.63,2.62,2.64,1000000.0,1000000.0,0,0,0,0,0,0,0
,,,,,,35,2026-02-12 12:49:43.969225,RTM1P48,0.71,0.7,0.72,1000000.0,1000000.0,0,0,0,0,0,0,0
,,,,,,35,2026-02-12 12:49:43.969225,RTM1C49,1.86,1.84,1.86,1000000.0,1000000.0,0,0,0,0,0,0,0
,,,,,,35,2026-02-12 12:49:43.969225,RTM1P49,0.94,0.92,0.94,1000000.0,1000000.0,0,0,0,0,0,0,0
,,,,,,35,2026-02-12 12:49:43.969225,RTM1C50,1.36,1.34,1.36,1000000.0,1000000.0,0,0,0,0,0,0,0
,,,,,,35,2026-02-12 12:49:43.969225,RTM1P50,1.44,1.42,1.44,1000000.0,1000000.0,0,0,0,0,0,0,0
,,,,,,35,2026-02-12 12:49:43.969225,RTM1C51,0.96,0.94,0.96,1000000.0,1000000.0,0,0,0,0,0,0,0
,,,,,,35,2026-02-12 12:49:43.969225,RTM1P51,2.02,2.02,2.04,1000000.0,1000000.0,0,0,0,0,0,0,0
,,,,,,35,2026-02-12 12:49:43.969225,RTM1C52,0.58,0.56,0.58,1000000.0,1000000.0,0,0,0,0,0,0,0
,,,,,,35,2026-02-12 12:49:43.969225,RTM1P52,2.64,2.64,2.66,1000000.0,1000000.0,0,0,0,0,0,0,0
,,,,,,35,2026-02-12 12:49:43.969225,RTM1C53,0.39,0.37,0.39,1000000.0,1000000.0,0,0,0,0,0,0,0
,,,,,,35,2026-02-12 12:49:43.969225,RTM1P53,3.47,3.45,3.47,1000000.0,1000000.0,0,0,0,0,0,0,0
,,,,,,35,2026-02-12 12:49:43.969225,RTM1C54,0.19,0.19,0.21,1000000.0,1000000.0,0,0,0,0,0,0,0
,,,,,,35,2026-02-12 12:49:43.969225,RTM1P54,4.29,4.27,4.29,1000000.0,1000000.0,0,0,0,0,0,0,0
3.0,1.0,35.0,,News 1,The analysts have informed you that the realized volatility of RTM next week will be between 36% and 41%,36,2026-02-12 12:49:45.002432,RTM,49.85,49.85,49.87,100000000.0,100000000.0,0,0,0,0,0,0,0
2.0,1.0,2.0,Week 1,Delta limit and penalty,The delta limit for this sub-heat is 12000 and the penalty percentage is 2%,36,2026-02-12 12:49:45.002432,RTM1C45,4.95,4.95,4.97,1000000.0,1000000.0,0,0,0,0,0,0,0
1.0,1.0,2.0,Week 1,Risk free rate and current annualized volatility of RTM,The current risk free rate is 0%. RTM is an ETF that mimics one of the major indices in the simulated world and its current annualized realized volatility is 22%. This simulation consists of 20 trading days that are each 15 ticks in length.,36,2026-02-12 12:49:45.002432,RTM1P45,0.1,0.08,0.1,1000000.0,1000000.0,0,0,0,0,0,0,0
,,,,,,36,2026-02-12 12:49:45.002432,RTM1C46,4.05,4.03,4.05,1000000.0,1000000.0,0,0,0,0,0,0,0
,,,,,,36,2026-02-12 12:49:45.002432,RTM1P46,0.19,0.17,0.19,1000000.0,1000000.0,0,0,0,0,0,0,0
,,,,,,36,2026-02-12 12:49:45.002432,RTM1C47,3.21,3.21,3.23,1000000.0,1000000.0,0,0,0,0,0,0,0
,,,,,,36,2026-02-12 12:49:45.002432,RTM1P47,0.35,0.34,0.36,1000000.0,1000000.0,0,0,0,0,0,0,0
,,,,,,36,2026-02-12 12:49:45.002432,RTM1C48,2.51,2.49,2.51,1000000.0,1000000.0,0,0,0,0,0,0,0
,,,,,,36,2026-02-12 12:49:45.002432,RTM1P48,0.62,0.62,0.64,1000000.0,1000000.0,0,0,0,0,0,0,0
,,,,,,36,2026-02-12 12:49:45.002432,RTM1C49,1.84,1.82,1.84,1000000.0,1000000.0,0,0,0,0,0,0,0
,,,,,,36,2026-02-12 12:49:45.002432,RTM1P49,0.96,0.96,0.98,1000000.0,1000000.0,0,0,0,0,0,0,0
,,,,,,36,2026-02-12 12:49:45.002432,RTM1C50,1.3,1.28,1.3,1000000.0,1000000.0,0,0,0,0,0,0,0
,,,,,,36,2026-02-12 12:49:45.002432,RTM1P50,1.44,1.42,1.44,1000000.0,1000000.0,0,0,0,0,0,0,0
,,,,,,36,2026-02-12 12:49:45.002432,RTM1C51,0.88,0.86,0.88,1000000.0,1000000.0,0,0,0,0,0,0,0
,,,,,,36,2026-02-12 12:49:45.002432,RTM1P51,2.02,2.0,2.02,1000000.0,1000000.0,0,0,0,0,0,0,0
,,,,,,36,2026-02-12 12:49:45.002432,RTM1C52,0.54,0.52,0.54,1000000.0,1000000.0,0,0,0,0,0,0,0
,,,,,,36,2026-02-12 12:49:45.002432,RTM1P52,2.68,2.66,2.68,1000000.0,1000000.0,0,0,0,0,0,0,0
,,,,,,36,2026-02-12 12:49:45.002432,RTM1C53,0.38,0.37,0.39,1000000.0,1000000.0,0,0,0,0,0,0,0
,,,,,,36,2026-02-12 12:49:45.002432,RTM1P53,3.52,3.51,3.53,1000000.0,1000000.0,0,0,0,0,0,0,0
,,,,,,36,2026-02-12 12:49:45.002432,RTM1C54,0.19,0.18,0.2,1000000.0,1000000.0,0,0,0,0,0,0,0
,,,,,,36,2026-02-12 12:49:45.002432,RTM1P54,4.33,4.32,4.34,1000000.0,1000000.0,0,0,0,0,0,0,0
3.0,1.0,35.0,,News 1,The analysts have informed you that the realized volatility of RTM next week will be between 36% and 41%,37,2026-02-12 12:49:46.031013,RTM,49.76,49.74,49.76,100000000.0,100000000.0,,0,0,0,0,0,0
2.0,1.0,2.0,Week 1,Delta limit and penalty,The delta limit for this sub-heat is 12000 and the penalty percentage is 2%,37,2026-02-12 12:49:46.031013,RTM1C45,4.85,4.85,4.87,1000000.0,1000000.0,,0,0,0,0,0,0
1.0,1.0,2.0,Week 1,Risk free rate and current annualized volatility of RTM,The current risk free rate is 0%. RTM is an ETF that mimics one of the major indices in the simulated world and its current annualized realized volatility is 22%. This simulation consists of 20 trading days that are each 15 ticks in length.,37,2026-02-12 12:49:46.031013,RTM1P45,0.1,0.1,0.12,1000000.0,1000000.0,,0,0,0,0,0,0
,,,,,,37,2026-02-12 12:49:46.031013,RTM1C46,3.96,3.94,3.96,1000000.0,1000000.0,,0,0,0,0,0,0
,,,,,,37,2026-02-12 12:49:46.031013,RTM1P46,0.21,0.19,0.21,1000000.0,1000000.0,,0,0,0,0,0,0
,,,,,,37,2026-02-12 12:49:46.031013,RTM1C47,3.14,3.12,3.14,1000000.0,1000000.0,,0,0,0,0,0,0
,,,,,,37,2026-02-12 12:49:46.031013,RTM1P47,0.39,0.38,0.4,1000000.0,1000000.0,,0,0,0,0,0,0
,,,,,,37,2026-02-12 12:49:46.031013,RTM1C48,2.47,2.45,2.47,1000000.0,1000000.0,,0,0,0,0,0,0
,,,,,,37,2026-02-12 12:49:46.031013,RTM1P48,0.72,0.7,0.72,1000000.0,1000000.0,,0,0,0,0,0,0
,,,,,,37,2026-02-12 12:49:46.031013,RTM1C49,1.7,1.68,1.7,1000000.0,1000000.0,,0,0,0,0,0,0
,,,,,,37,2026-02-12 12:49:46.031013,RTM1P49,0.96,0.94,0.96,1000000.0,1000000.0,,0,0,0,0,0,0
,,,,,,37,2026-02-12 12:49:46.031013,RTM1C50,1.23,1.23,1.25,1000000.0,1000000.0,,0,0,0,0,0,0
,,,,,,37,2026-02-12 12:49:46.031013,RTM1P50,1.49,1.49,1.51,1000000.0,1000000.0,,0,0,0,0,0,0
,,,,,,37,2026-02-12 12:49:46.031013,RTM1C51,0.78,0.76,0.78,1000000.0,1000000.0,,0,0,0,0,0,0
,,,,,,37,2026-02-12 12:49:46.031013,RTM1P51,2.03,2.01,2.03,1000000.0,1000000.0,,0,0,0,0,0,0
,,,,,,37,2026-02-12 12:49:46.031013,RTM1C52,0.54,0.54,0.56,1000000.0,1000000.0,,0,0,0,0,0,0
,,,,,,37,2026-02-12 12:49:46.031013,RTM1P52,2.79,2.79,2.81,1000000.0,1000000.0,10.0,0,0,0,0,0,0
,,,,,,37,2026-02-12 12:49:46.031013,RTM1C53,0.35,0.33,0.35,1000000.0,1000000.0,,0,0,0,0,0,0
,,,,,,37,2026-02-12 12:49:46.031013,RTM1P53,3.58,3.58,3.6,1000000.0,1000000.0,,0,0,0,0,0,0
,,,,,,37,2026-02-12 12:49:46.031013,RTM1C54,0.19,0.17,0.19,1000000.0,1000000.0,,0,0,0,0,0,0
,,,,,,37,2026-02-12 12:49:46.031013,RTM1P54,4.45,4.43,4.45,1000000.0,1000000.0,,0,0,0,0,0,0
3.0,1.0,35.0,,News 1,The analysts have informed you that the realized volatility of RTM next week will be between 36% and 41%,38,2026-02-12 12:49:47.059367,RTM,49.73,49.73,49.75,100000000.0,100000000.0,,0,0,0,0,0,0
2.0,1.0,2.0,Week 1,Delta limit and penalty,The delta limit for this sub-heat is 12000 and the penalty percentage is 2%,38,2026-02-12 12:49:47.059367,RTM1C45,4.83,4.83,4.85,1000000.0,1000000.0,,0,0,0,0,0,0
1.0,1.0,2.0,Week 1,Risk free rate and current annualized volatility of RTM,The current risk free rate is 0%. RTM is an ETF that mimics one of the major indices in the simulated world and its current annualized realized volatility is 22%. This simulation consists of 20 trading days that are each 15 ticks in length.,38,2026-02-12 12:49:47.059367,RTM1P45,0.09,0.09,0.11,1000000.0,1000000.0,,0,0,0,0,0,0
,,,,,,38,2026-02-12 12:49:47.059367,RTM1C46,3.92,3.92,3.94,1000000.0,1000000.0,,0,0,0,0,0,0
,,,,,,38,2026-02-12 12:49:47.059367,RTM1P46,0.18,0.18,0.2,1000000.0,1000000.0,,0,0,0,0,0,0
,,,,,,38,2026-02-12 12:49:47.059367,RTM1C47,3.11,3.11,3.13,1000000.0,1000000.0,,0,0,0,0,0,0
,,,,,,38,2026-02-12 12:49:47.059367,RTM1P47,0.38,0.37,0.39,1000000.0,1000000.0,13.0,0,0,0,0,0,0
,,,,,,38,2026-02-12 12:49:47.059367,RTM1C48,2.4,2.4,2.42,1000000.0,1000000.0,,0,0,0,0,0,0
,,,,,,38,2026-02-12 12:49:47.059367,RTM1P48,0.66,0.66,0.68,1000000.0,1000000.0,,0,0,0,0,0,0
,,,,,,38,2026-02-12 12:49:47.059367,RTM1C49,1.7,1.68,1.7,1000000.0,1000000.0,,0,0,0,0,0,0
,,,,,,38,2026-02-12 12:49:47.059367,RTM1P49,0.97,0.95,0.97,1000000.0,1000000.0,,0,0,0,0,0,0
,,,,,,38,2026-02-12 12:49:47.059367,RTM1C50,1.21,1.21,1.23,1000000.0,1000000.0,,0,0,0,0,0,0
,,,,,,38,2026-02-12 12:49:47.059367,RTM1P50,1.47,1.47,1.49,1000000.0,1000000.0,,0,0,0,0,0,0
,,,,,,38,2026-02-12 12:49:47.059367,RTM1C51,0.77,0.75,0.77,1000000.0,1000000.0,,0,0,0,0,0,0
,,,,,,38,2026-02-12 12:49:47.059367,RTM1P51,2.04,2.02,2.04,1000000.0,1000000.0,,0,0,0,0,0,0
,,,,,,38,2026-02-12 12:49:47.059367,RTM1C52,0.52,0.52,0.54,1000000.0,1000000.0,,0,0,0,0,0,0
,,,,,,38,2026-02-12 12:49:47.059367,RTM1P52,2.81,2.79,2.81,1000000.0,1000000.0,10.0,0,0,0,0,0,0
,,,,,,38,2026-02-12 12:49:47.059367,RTM1C53,0.32,0.3,0.32,1000000.0,1000000.0,,0,0,0,0,0,0
,,,,,,38,2026-02-12 12:49:47.059367,RTM1P53,3.57,3.56,3.58,1000000.0,1000000.0,12.0,0,0,0,0,0,0
,,,,,,38,2026-02-12 12:49:47.059367,RTM1C54,0.19,0.17,0.19,1000000.0,1000000.0,,0,0,0,0,0,0
,,,,,,38,2026-02-12 12:49:47.059367,RTM1P54,4.45,4.43,4.45,1000000.0,1000000.0,14.0,0,0,0,0,0,0
3.0,1.0,35.0,,News 1,The analysts have informed you that the realized volatility of RTM next week will be between 36% and 41%,39,2026-02-12 12:49:48.087076,RTM,49.71,49.69,49.71,100000000.0,100000000.0,,0,0,0,0,0,0
2.0,1.0,2.0,Week 1,Delta limit and penalty,The delta limit for this sub-heat is 12000 and the penalty percentage is 2%,39,2026-02-12 12:49:48.087076,RTM1C45,4.78,4.77,4.79,1000000.0,1000000.0,,0,0,0,0,0,0
1.0,1.0,2.0,Week 1,Risk free rate and current annualized volatility of RTM,The current risk free rate is 0%. RTM is an ETF that mimics one of the major indices in the simulated world and its current annualized realized volatility is 22%. This simulation consists of 20 trading days that are each 15 ticks in length.,39,2026-02-12 12:49:48.087076,RTM1P45,0.09,0.07,0.09,1000000.0,1000000.0,,0,0,0,0,0,0
,,,,,,39,2026-02-12 12:49:48.087076,RTM1C46,3.87,3.86,3.88,1000000.0,1000000.0,,0,0,0,0,0,0
,,,,,,39,2026-02-12 12:49:48.087076,RTM1P46,0.18,0.16,0.18,1000000.0,1000000.0,,0,0,0,0,0,0
,,,,,,39,2026-02-12 12:49:48.087076,RTM1C47,3.07,3.06,3.08,1000000.0,1000000.0,,0,0,0,0,0,0
,,,,,,39,2026-02-12 12:49:48.087076,RTM1P47,0.37,0.37,0.38,1000000.0,1000000.0,13.0,0,0,0,0,0,0
,,,,,,39,2026-02-12 12:49:48.087076,RTM1C48,2.36,2.34,2.36,1000000.0,1000000.0,,0,0,0,0,0,0
,,,,,,39,2026-02-12 12:49:48.087076,RTM1P48,0.66,0.64,0.66,1000000.0,1000000.0,,0,0,0,0,0,0
,,,,,,39,2026-02-12 12:49:48.087076,RTM1C49,1.72,1.7,1.72,1000000.0,1000000.0,,0,0,0,0,0,0
,,,,,,39,2026-02-12 12:49:48.087076,RTM1P49,1.0,1.0,1.02,1000000.0,1000000.0,9.0,0,0,0,0,0,0
,,,,,,39,2026-02-12 12:49:48.087076,RTM1C50,1.2,1.18,1.2,1000000.0,1000000.0,,0,0,0,0,0,0
,,,,,,39,2026-02-12 12:49:48.087076,RTM1P50,1.5,1.48,1.5,1000000.0,1000000.0,,0,0,0,0,0,0
,,,,,,39,2026-02-12 12:49:48.087076,RTM1C51,0.8,0.78,0.8,1000000.0,1000000.0,9.0,0,0,0,0,0,0
,,,,,,39,2026-02-12 12:49:48.087076,RTM1P51,2.11,2.09,2.11,1000000.0,1000000.0,,0,0,0,0,0,0
,,,,,,39,2026-02-12 12:49:48.087076,RTM1C52,0.49,0.49,0.51,1000000.0,1000000.0,,0,0,0,0,0,0
,,,,,,39,2026-02-12 12:49:48.087076,RTM1P52,2.79,2.79,2.81,1000000.0,1000000.0,10.0,0,0,0,0,0,0
,,,,,,39,2026-02-12 12:49:48.087076,RTM1C53,0.32,0.3,0.32,1000000.0,1000000.0,,0,0,0,0,0,0
,,,,,,39,2026-02-12 12:49:48.087076,RTM1P53,3.63,3.61,3.63,1000000.0,1000000.0,12.0,0,0,0,0,0,0
,,,,,,39,2026-02-12 12:49:48.087076,RTM1C54,0.15,0.15,0.17,1000000.0,1000000.0,,0,0,0,0,0,0
,,,,,,39,2026-02-12 12:49:48.087076,RTM1P54,4.45,4.45,4.47,1000000.0,1000000.0,14.0,0,0,0,0,0,0
3.0,1.0,35.0,,News 1,The analysts have informed you that the realized volatility of RTM next week will be between 36% and 41%,40,2026-02-12 12:49:49.114369,RTM,49.72,49.7,49.72,100000000.0,100000000.0,,0,0,0,0,0,0
2.0,1.0,2.0,Week 1,Delta limit and penalty,The delta limit for this sub-heat is 12000 and the penalty percentage is 2%,40,2026-02-12 12:49:49.114369,RTM1C45,4.8,4.78,4.8,1000000.0,1000000.0,,0,0,0,0,0,0
1.0,1.0,2.0,Week 1,Risk free rate and current annualized volatility of RTM,The current risk free rate is 0%. RTM is an ETF that mimics one of the major indices in the simulated world and its current annualized realized volatility is 22%. This simulation consists of 20 trading days that are each 15 ticks in length.,40,2026-02-12 12:49:49.114369,RTM1P45,0.09,0.07,0.09,1000000.0,1000000.0,,0,0,0,0,0,0
,,,,,,40,2026-02-12 12:49:49.114369,RTM1C46,3.9,3.9,3.92,1000000.0,1000000.0,,0,0,0,0,0,0
,,,,,,40,2026-02-12 12:49:49.114369,RTM1P46,0.19,0.19,0.21,1000000.0,1000000.0,,0,0,0,0,0,0
,,,,,,40,2026-02-12 12:49:49.114369,RTM1C47,3.08,3.08,3.1,1000000.0,1000000.0,,0,0,0,0,0,0
,,,,,,40,2026-02-12 12:49:49.114369,RTM1P47,0.38,0.37,0.39,1000000.0,1000000.0,13.0,0,0,0,0,0,0
,,,,,,40,2026-02-12 12:49:49.114369,RTM1C48,2.3,2.3,2.32,1000000.0,1000000.0,,0,0,0,0,0,0
,,,,,,40,2026-02-12 12:49:49.114369,RTM1P48,0.61,0.59,0.61,1000000.0,1000000.0,,0,0,0,0,0,0
,,,,,,40,2026-02-12 12:49:49.114369,RTM1C49,1.73,1.71,1.73,1000000.0,1000000.0,,0,0,0,0,0,0
,,,,,,40,2026-02-12 12:49:49.114369,RTM1P49,1.02,1.0,1.02,1000000.0,1000000.0,9.0,0,0,0,0,0,0
,,,,,,40,2026-02-12 12:49:49.114369,RTM1C50,1.14,1.14,1.16,1000000.0,1000000.0,,0,0,0,0,0,0
,,,,,,40,2026-02-12 12:49:49.114369,RTM1P50,1.45,1.43,1.45,1000000.0,1000000.0,,0,0,0,0,0,0
,,,,,,40,2026-02-12 12:49:49.114369,RTM1C51,0.81,0.79,0.81,1000000.0,1000000.0,9.0,0,0,0,0,0,0
,,,,,,40,2026-02-12 12:49:49.114369,RTM1P51,2.09,2.08,2.1,1000000.0,1000000.0,9.0,0,0,0,0,0,0
,,,,,,40,2026-02-12 12:49:49.114369,RTM1C52,0.5,0.49,0.51,1000000.0,1000000.0,,0,0,0,0,0,0
,,,,,,40,2026-02-12 12:49:49.114369,RTM1P52,2.8,2.78,2.8,1000000.0,1000000.0,10.0,0,0,0,0,0,0
,,,,,,40,2026-02-12 12:49:49.114369,RTM1C53,0.33,0.33,0.34,1000000.0,1000000.0,11.0,0,0,0,0,0,0
,,,,,,40,2026-02-12 12:49:49.114369,RTM1P53,3.62,3.61,3.63,1000000.0,1000000.0,23.0,0,0,0,0,0,0
,,,,,,40,2026-02-12 12:49:49.114369,RTM1C54,0.19,0.18,0.2,1000000.0,1000000.0,,0,0,0,0,0,0
,,,,,,40,2026-02-12 12:49:49.114369,RTM1P54,4.48,4.47,4.49,1000000.0,1000000.0,14.0,0,0,0,0,0,0
3.0,1.0,35.0,,News 1,The analysts have informed you that the realized volatility of RTM next week will be between 36% and 41%,41,2026-02-12 12:49:50.141482,RTM,49.7,49.68,49.7,100000000.0,100000000.0,,0,0,0,0,0,0
2.0,1.0,2.0,Week 1,Delta limit and penalty,The delta limit for this sub-heat is 12000 and the penalty percentage is 2%,41,2026-02-12 12:49:50.141482,RTM1C45,4.77,4.76,4.78,1000000.0,1000000.0,,0,0,0,0,0,0
1.0,1.0,2.0,Week 1,Risk free rate and current annualized volatility of RTM,The current risk free rate is 0%. RTM is an ETF that mimics one of the major indices in the simulated world and its current annualized realized volatility is 22%. This simulation consists of 20 trading days that are each 15 ticks in length.,41,2026-02-12 12:49:50.141482,RTM1P45,0.08,0.07,0.09,1000000.0,1000000.0,,0,0,0,0,0,0
,,,,,,41,2026-02-12 12:49:50.141482,RTM1C46,3.88,3.86,3.88,1000000.0,1000000.0,,0,0,0,0,0,0
,,,,,,41,2026-02-12 12:49:50.141482,RTM1P46,0.18,0.17,0.19,1000000.0,1000000.0,,0,0,0,0,0,0
,,,,,,41,2026-02-12 12:49:50.141482,RTM1C47,3.07,3.06,3.08,1000000.0,1000000.0,,0,0,0,0,0,0
,,,,,,41,2026-02-12 12:49:50.141482,RTM1P47,0.39,0.37,0.39,1000000.0,1000000.0,13.0,0,0,0,0,0,0
,,,,,,41,2026-02-12 12:49:50.141482,RTM1C48,2.31,2.29,2.31,1000000.0,1000000.0,,0,0,0,0,0,0
,,,,,,41,2026-02-12 12:49:50.141482,RTM1P48,0.62,0.6,0.62,1000000.0,1000000.0,,0,0,0,0,0,0
,,,,,,41,2026-02-12 12:49:50.141482,RTM1C49,1.71,1.69,1.71,1000000.0,1000000.0,,0,0,0,0,0,0
,,,,,,41,2026-02-12 12:49:50.141482,RTM1P49,1.02,1.0,1.02,1000000.0,1000000.0,9.0,0,0,0,0,0,0
,,,,,,41,2026-02-12 12:49:50.141482,RTM1C50,1.13,1.13,1.15,1000000.0,1000000.0,,0,0,0,0,0,0
,,,,,,41,2026-02-12 12:49:50.141482,RTM1P50,1.46,1.44,1.46,1000000.0,1000000.0,,0,0,0,0,0,0
,,,,,,41,2026-02-12 12:49:50.141482,RTM1C51,0.74,0.72,0.74,1000000.0,1000000.0,,0,0,0,0,0,0
,,,,,,41,2026-02-12 12:49:50.141482,RTM1P51,2.03,2.03,2.05,1000000.0,1000000.0,,0,0,0,0,0,0
,,,,,,41,2026-02-12 12:49:50.141482,RTM1C52,0.48,0.46,0.48,1000000.0,1000000.0,,0,0,0,0,0,0
,,,,,,41,2026-02-12 12:49:50.141482,RTM1P52,2.79,2.77,2.79,1000000.0,1000000.0,10.0,0,0,0,0,0,0
,,,,,,41,2026-02-12 12:49:50.141482,RTM1C53,0.29,0.27,0.29,1000000.0,1000000.0,,0,0,0,0,0,0
,,,,,,41,2026-02-12 12:49:50.141482,RTM1P53,3.58,3.58,3.6,1000000.0,1000000.0,12.0,0,0,0,0,0,0
,,,,,,41,2026-02-12 12:49:50.141482,RTM1C54,0.16,0.16,0.18,1000000.0,1000000.0,,0,0,0,0,0,0
,,,,,,41,2026-02-12 12:49:50.141482,RTM1P54,4.47,4.47,4.49,1000000.0,1000000.0,28.0,0,0,0,0,0,0
3.0,1.0,35.0,,News 1,The analysts have informed you that the realized volatility of RTM next week will be between 36% and 41%,42,2026-02-12 12:49:51.173427,RTM,49.93,49.91,49.93,100000000.0,100000000.0,,0,0,0,0,0,0
2.0,1.0,2.0,Week 1,Delta limit and penalty,The delta limit for this sub-heat is 12000 and the penalty percentage is 2%,42,2026-02-12 12:49:51.173427,RTM1C45,5.0,4.98,5.0,1000000.0,1000000.0,,0,0,0,0,0,0
1.0,1.0,2.0,Week 1,Risk free rate and current annualized volatility of RTM,The current risk free rate is 0%. RTM is an ETF that mimics one of the major indices in the simulated world and its current annualized realized volatility is 22%. This simulation consists of 20 trading days that are each 15 ticks in length.,42,2026-02-12 12:49:51.173427,RTM1P45,0.09,0.07,0.09,1000000.0,1000000.0,,0,0,0,0,0,0
,,,,,,42,2026-02-12 12:49:51.173427,RTM1C46,4.08,4.07,4.09,1000000.0,1000000.0,,0,0,0,0,0,0
,,,,,,42,2026-02-12 12:49:51.173427,RTM1P46,0.16,0.15,0.17,1000000.0,1000000.0,,0,0,0,0,0,0
,,,,,,42,2026-02-12 12:49:51.173427,RTM1C47,3.23,3.22,3.24,1000000.0,1000000.0,,0,0,0,0,0,0
,,,,,,42,2026-02-12 12:49:51.173427,RTM1P47,0.31,0.3,0.32,1000000.0,1000000.0,,0,0,0,0,0,0
,,,,,,42,2026-02-12 12:49:51.173427,RTM1C48,2.48,2.47,2.49,1000000.0,1000000.0,,0,0,0,0,0,0
,,,,,,42,2026-02-12 12:49:51.173427,RTM1P48,0.57,0.56,0.58,1000000.0,1000000.0,,0,0,0,0,0,0
,,,,,,42,2026-02-12 12:49:51.173427,RTM1C49,1.86,1.85,1.87,1000000.0,1000000.0,8.0,0,0,0,0,0,0
,,,,,,42,2026-02-12 12:49:51.173427,RTM1P49,0.95,0.93,0.95,1000000.0,1000000.0,,0,0,0,0,0,0
,,,,,,42,2026-02-12 12:49:51.173427,RTM1C50,1.3,1.28,1.3,1000000.0,1000000.0,8.0,0,0,0,0,0,0
,,,,,,42,2026-02-12 12:49:51.173427,RTM1P50,1.38,1.36,1.38,1000000.0,1000000.0,,0,0,0,0,0,0
,,,,,,42,2026-02-12 12:49:51.173427,RTM1C51,0.88,0.86,0.88,1000000.0,1000000.0,,0,0,0,0,0,0
,,,,,,42,2026-02-12 12:49:51.173427,RTM1P51,1.96,1.94,1.96,1000000.0,1000000.0,,0,0,0,0,0,0
,,,,,,42,2026-02-12 12:49:51.173427,RTM1C52,0.54,0.53,0.55,1000000.0,1000000.0,,0,0,0,0,0,0
,,,,,,42,2026-02-12 12:49:51.173427,RTM1P52,2.62,2.61,2.63,1000000.0,1000000.0,,0,0,0,0,0,0
,,,,,,42,2026-02-12 12:49:51.173427,RTM1C53,0.36,0.35,0.37,1000000.0,1000000.0,,0,0,0,0,0,0
,,,,,,42,2026-02-12 12:49:51.173427,RTM1P53,3.44,3.43,3.45,1000000.0,1000000.0,,0,0,0,0,0,0
,,,,,,42,2026-02-12 12:49:51.173427,RTM1C54,0.19,0.18,0.2,1000000.0,1000000.0,,0,0,0,0,0,0
,,,,,,42,2026-02-12 12:49:51.173427,RTM1P54,4.28,4.26,4.28,1000000.0,1000000.0,,0,0,0,0,0,0
3.0,1.0,35.0,,News 1,The analysts have informed you that the realized volatility of RTM next week will be between 36% and 41%,43,2026-02-12 12:49:52.203854,RTM,49.9,49.9,49.92,100000000.0,100000000.0,,0,0,0,0,0,0
2.0,1.0,2.0,Week 1,Delta limit and penalty,The delta limit for this sub-heat is 12000 and the penalty percentage is 2%,43,2026-02-12 12:49:52.203854,RTM1C45,4.98,4.97,4.99,1000000.0,1000000.0,,0,0,0,0,0,0
1.0,1.0,2.0,Week 1,Risk free rate and current annualized volatility of RTM,The current risk free rate is 0%. RTM is an ETF that mimics one of the major indices in the simulated world and its current annualized realized volatility is 22%. This simulation consists of 20 trading days that are each 15 ticks in length.,43,2026-02-12 12:49:52.203854,RTM1P45,0.05,0.05,0.07,1000000.0,1000000.0,,0,0,0,0,0,0
,,,,,,43,2026-02-12 12:49:52.203854,RTM1C46,4.06,4.05,4.07,1000000.0,1000000.0,,0,0,0,0,0,0
,,,,,,43,2026-02-12 12:49:52.203854,RTM1P46,0.15,0.14,0.16,1000000.0,1000000.0,,0,0,0,0,0,0
,,,,,,43,2026-02-12 12:49:52.203854,RTM1C47,3.23,3.22,3.24,1000000.0,1000000.0,,0,0,0,0,0,0
,,,,,,43,2026-02-12 12:49:52.203854,RTM1P47,0.31,0.3,0.32,1000000.0,1000000.0,,0,0,0,0,0,0
,,,,,,43,2026-02-12 12:49:52.203854,RTM1C48,2.46,2.46,2.48,1000000.0,1000000.0,9.0,0,0,0,0,0,0
,,,,,,43,2026-02-12 12:49:52.203854,RTM1P48,0.56,0.54,0.56,1000000.0,1000000.0,,0,0,0,0,0,0
,,,,,,43,2026-02-12 12:49:52.203854,RTM1C49,1.8,1.78,1.8,1000000.0,1000000.0,8.0,0,0,0,0,0,0
,,,,,,43,2026-02-12 12:49:52.203854,RTM1P49,0.88,0.86,0.88,1000000.0,1000000.0,,0,0,0,0,0,0
,,,,,,43,2026-02-12 12:49:52.203854,RTM1C50,1.24,1.24,1.26,1000000.0,1000000.0,8.0,0,0,0,0,0,0
,,,,,,43,2026-02-12 12:49:52.203854,RTM1P50,1.35,1.33,1.35,1000000.0,1000000.0,,0,0,0,0,0,0
,,,,,,43,2026-02-12 12:49:52.203854,RTM1C51,0.83,0.83,0.85,1000000.0,1000000.0,8.0,0,0,0,0,0,0
,,,,,,43,2026-02-12 12:49:52.203854,RTM1P51,1.94,1.92,1.94,1000000.0,1000000.0,,0,0,0,0,0,0
,,,,,,43,2026-02-12 12:49:52.203854,RTM1C52,0.54,0.52,0.54,1000000.0,1000000.0,,0,0,0,0,0,0
,,,,,,43,2026-02-12 12:49:52.203854,RTM1P52,2.63,2.61,2.63,1000000.0,1000000.0,,0,0,0,0,0,0
,,,,,,43,2026-02-12 12:49:52.203854,RTM1C53,0.35,0.33,0.35,1000000.0,1000000.0,,0,0,0,0,0,0
,,,,,,43,2026-02-12 12:49:52.203854,RTM1P53,3.43,3.41,3.43,1000000.0,1000000.0,,0,0,0,0,0,0
,,,,,,43,2026-02-12 12:49:52.203854,RTM1C54,0.2,0.18,0.2,1000000.0,1000000.0,,0,0,0,0,0,0
,,,,,,43,2026-02-12 12:49:52.203854,RTM1P54,4.27,4.27,4.29,1000000.0,1000000.0,,0,0,0,0,0,0
3.0,1.0,35.0,,News 1,The analysts have informed you that the realized volatility of RTM next week will be between 36% and 41%,44,2026-02-12 12:49:53.236452,RTM,49.98,49.98,50.0,100000000.0,100000000.0,,0,0,0,0,0,0
2.0,1.0,2.0,Week 1,Delta limit and penalty,The delta limit for this sub-heat is 12000 and the penalty percentage is 2%,44,2026-02-12 12:49:53.236452,RTM1C45,5.05,5.05,5.07,1000000.0,1000000.0,,0,0,0,0,0,0
1.0,1.0,2.0,Week 1,Risk free rate and current annualized volatility of RTM,The current risk free rate is 0%. RTM is an ETF that mimics one of the major indices in the simulated world and its current annualized realized volatility is 22%. This simulation consists of 20 trading days that are each 15 ticks in length.,44,2026-02-12 12:49:53.236452,RTM1P45,0.07,0.06,0.08,1000000.0,1000000.0,,0,0,0,0,0,0
,,,,,,44,2026-02-12 12:49:53.236452,RTM1C46,4.12,4.12,4.14,1000000.0,1000000.0,,0,0,0,0,0,0
,,,,,,44,2026-02-12 12:49:53.236452,RTM1P46,0.15,0.13,0.15,1000000.0,1000000.0,,0,0,0,0,0,0
,,,,,,44,2026-02-12 12:49:53.236452,RTM1C47,3.3,3.29,3.31,1000000.0,1000000.0,,0,0,0,0,0,0
,,,,,,44,2026-02-12 12:49:53.236452,RTM1P47,0.31,0.29,0.31,1000000.0,1000000.0,,0,0,0,0,0,0
,,,,,,44,2026-02-12 12:49:53.236452,RTM1C48,2.49,2.48,2.5,1000000.0,1000000.0,9.0,0,0,0,0,0,0
,,,,,,44,2026-02-12 12:49:53.236452,RTM1P48,0.5,0.49,0.51,1000000.0,1000000.0,,0,0,0,0,0,0
,,,,,,44,2026-02-12 12:49:53.236452,RTM1C49,1.85,1.84,1.86,1000000.0,1000000.0,8.0,0,0,0,0,0,0
,,,,,,44,2026-02-12 12:49:53.236452,RTM1P49,0.86,0.84,0.86,1000000.0,1000000.0,,0,0,0,0,0,0
,,,,,,44,2026-02-12 12:49:53.236452,RTM1C50,1.31,1.29,1.31,1000000.0,1000000.0,8.0,0,0,0,0,0,0
,,,,,,44,2026-02-12 12:49:53.236452,RTM1P50,1.31,1.29,1.31,1000000.0,1000000.0,,0,0,0,0,0,0
,,,,,,44,2026-02-12 12:49:53.236452,RTM1C51,0.85,0.83,0.85,1000000.0,1000000.0,8.0,0,0,0,0,0,0
,,,,,,44,2026-02-12 12:49:53.236452,RTM1P51,1.85,1.83,1.85,1000000.0,1000000.0,,0,0,0,0,0,0
,,,,,,44,2026-02-12 12:49:53.236452,RTM1C52,0.56,0.55,0.57,1000000.0,1000000.0,,0,0,0,0,0,0
,,,,,,44,2026-02-12 12:49:53.236452,RTM1P52,2.57,2.56,2.58,1000000.0,1000000.0,,0,0,0,0,0,0
,,,,,,44,2026-02-12 12:49:53.236452,RTM1C53,0.35,0.34,0.36,1000000.0,1000000.0,,0,0,0,0,0,0
,,,,,,44,2026-02-12 12:49:53.236452,RTM1P53,3.35,3.34,3.36,1000000.0,1000000.0,,0,0,0,0,0,0
,,,,,,44,2026-02-12 12:49:53.236452,RTM1C54,0.16,0.16,0.18,1000000.0,1000000.0,,0,0,0,0,0,0
,,,,,,44,2026-02-12 12:49:53.236452,RTM1P54,4.18,4.17,4.19,1000000.0,1000000.0,,0,0,0,0,0,0
3.0,1.0,35.0,,News 1,The analysts have informed you that the realized volatility of RTM next week will be between 36% and 41%,45,2026-02-12 12:49:54.267255,RTM,50.28,50.28,50.3,100000000.0,100000000.0,,0,0,0,0,0,0
2.0,1.0,2.0,Week 1,Delta limit and penalty,The delta limit for this sub-heat is 12000 and the penalty percentage is 2%,45,2026-02-12 12:49:54.267255,RTM1C45,5.34,5.33,5.35,1000000.0,1000000.0,,0,0,0,0,0,0
1.0,1.0,2.0,Week 1,Risk free rate and current annualized volatility of RTM,The current risk free rate is 0%. RTM is an ETF that mimics one of the major indices in the simulated world and its current annualized realized volatility is 22%. This simulation consists of 20 trading days that are each 15 ticks in length.,45,2026-02-12 12:49:54.267255,RTM1P45,0.04,0.04,0.06,1000000.0,1000000.0,,0,0,0,0,0,0
,,,,,,45,2026-02-12 12:49:54.267255,RTM1C46,4.42,4.41,4.43,1000000.0,1000000.0,,0,0,0,0,0,0
,,,,,,45,2026-02-12 12:49:54.267255,RTM1P46,0.13,0.12,0.14,1000000.0,1000000.0,,0,0,0,0,0,0
,,,,,,45,2026-02-12 12:49:54.267255,RTM1C47,3.52,3.51,3.53,1000000.0,1000000.0,,0,0,0,0,0,0
,,,,,,45,2026-02-12 12:49:54.267255,RTM1P47,0.22,0.22,0.24,1000000.0,1000000.0,,0,0,0,0,0,0
,,,,,,45,2026-02-12 12:49:54.267255,RTM1C48,2.73,2.72,2.74,1000000.0,1000000.0,9.0,0,0,0,0,0,0
,,,,,,45,2026-02-12 12:49:54.267255,RTM1P48,0.45,0.43,0.45,1000000.0,1000000.0,,0,0,0,0,0,0
,,,,,,45,2026-02-12 12:49:54.267255,RTM1C49,2.06,2.04,2.06,1000000.0,1000000.0,8.0,0,0,0,0,0,0
,,,,,,45,2026-02-12 12:49:54.267255,RTM1P49,0.75,0.75,0.77,1000000.0,1000000.0,,0,0,0,0,0,0
,,,,,,45,2026-02-12 12:49:54.267255,RTM1C50,1.43,1.41,1.43,1000000.0,1000000.0,8.0,0,0,0,0,0,0
,,,,,,45,2026-02-12 12:49:54.267255,RTM1P50,1.12,1.12,1.14,1000000.0,1000000.0,,0,0,0,0,0,0
,,,,,,45,2026-02-12 12:49:54.267255,RTM1C51,0.96,0.94,0.96,1000000.0,1000000.0,8.0,0,0,0,0,0,0
,,,,,,45,2026-02-12 12:49:54.267255,RTM1P51,1.67,1.65,1.67,1000000.0,1000000.0,,0,0,0,0,0,0
,,,,,,45,2026-02-12 12:49:54.267255,RTM1C52,0.61,0.61,0.63,1000000.0,1000000.0,,0,0,0,0,0,0
,,,,,,45,2026-02-12 12:49:54.267255,RTM1P52,2.32,2.32,2.34,1000000.0,1000000.0,,0,0,0,0,0,0
,,,,,,45,2026-02-12 12:49:54.267255,RTM1C53,0.35,0.35,0.37,1000000.0,1000000.0,,0,0,0,0,0,0
,,,,,,45,2026-02-12 12:49:54.267255,RTM1P53,3.08,3.06,3.08,1000000.0,1000000.0,,0,0,0,0,0,0
,,,,,,45,2026-02-12 12:49:54.267255,RTM1C54,0.22,0.2,0.22,1000000.0,1000000.0,,0,0,0,0,0,0
,,,,,,45,2026-02-12 12:49:54.267255,RTM1P54,3.94,3.92,3.94,1000000.0,1000000.0,,0,0,0,0,0,0
3.0,1.0,35.0,,News 1,The analysts have informed you that the realized volatility of RTM next week will be between 36% and 41%,46,2026-02-12 12:49:55.302787,RTM,50.28,50.28,50.3,100000000.0,100000000.0,,0,0,0,0,0,0
2.0,1.0,2.0,Week 1,Delta limit and penalty,The delta limit for this sub-heat is 12000 and the penalty percentage is 2%,46,2026-02-12 12:49:55.302787,RTM1C45,5.35,5.33,5.35,1000000.0,1000000.0,,0,0,0,0,0,0
1.0,1.0,2.0,Week 1,Risk free rate and current annualized volatility of RTM,The current risk free rate is 0%. RTM is an ETF that mimics one of the major indices in the simulated world and its current annualized realized volatility is 22%. This simulation consists of 20 trading days that are each 15 ticks in length.,46,2026-02-12 12:49:55.302787,RTM1P45,0.04,0.04,0.06,1000000.0,1000000.0,,0,0,0,0,0,0
,,,,,,46,2026-02-12 12:49:55.302787,RTM1C46,4.41,4.4,4.42,1000000.0,1000000.0,,0,0,0,0,0,0
,,,,,,46,2026-02-12 12:49:55.302787,RTM1P46,0.13,0.11,0.13,1000000.0,1000000.0,,0,0,0,0,0,0
,,,,,,46,2026-02-12 12:49:55.302787,RTM1C47,3.53,3.51,3.53,1000000.0,1000000.0,,0,0,0,0,0,0
,,,,,,46,2026-02-12 12:49:55.302787,RTM1P47,0.23,0.22,0.24,1000000.0,1000000.0,,0,0,0,0,0,0
,,,,,,46,2026-02-12 12:49:55.302787,RTM1C48,2.73,2.72,2.74,1000000.0,1000000.0,9.0,0,0,0,0,0,0
,,,,,,46,2026-02-12 12:49:55.302787,RTM1P48,0.45,0.44,0.46,1000000.0,1000000.0,,0,0,0,0,0,0
,,,,,,46,2026-02-12 12:49:55.302787,RTM1C49,1.99,1.97,1.99,1000000.0,1000000.0,8.0,0,0,0,0,0,0
,,,,,,46,2026-02-12 12:49:55.302787,RTM1P49,0.71,0.69,0.71,1000000.0,1000000.0,,0,0,0,0,0,0
,,,,,,46,2026-02-12 12:49:55.302787,RTM1C50,1.41,1.39,1.41,1000000.0,1000000.0,8.0,0,0,0,0,0,0
,,,,,,46,2026-02-12 12:49:55.302787,RTM1P50,1.12,1.1,1.12,1000000.0,1000000.0,,0,0,0,0,0,0
,,,,,,46,2026-02-12 12:49:55.302787,RTM1C51,0.99,0.97,0.99,1000000.0,1000000.0,8.0,0,0,0,0,0,0
,,,,,,46,2026-02-12 12:49:55.302787,RTM1P51,1.71,1.69,1.71,1000000.0,1000000.0,,0,0,0,0,0,0
,,,,,,46,2026-02-12 12:49:55.302787,RTM1C52,0.65,0.64,0.66,1000000.0,1000000.0,,0,0,0,0,0,0
,,,,,,46,2026-02-12 12:49:55.302787,RTM1P52,2.36,2.35,2.37,1000000.0,1000000.0,,0,0,0,0,0,0
,,,,,,46,2026-02-12 12:49:55.302787,RTM1C53,0.37,0.36,0.38,1000000.0,1000000.0,,0,0,0,0,0,0
,,,,,,46,2026-02-12 12:49:55.302787,RTM1P53,3.08,3.07,3.09,1000000.0,1000000.0,,0,0,0,0,0,0
,,,,,,46,2026-02-12 12:49:55.302787,RTM1C54,0.21,0.21,0.23,1000000.0,1000000.0,,0,0,0,0,0,0
,,,,,,46,2026-02-12 12:49:55.302787,RTM1P54,3.94,3.93,3.95,1000000.0,1000000.0,,0,0,0,0,0,0
3.0,1.0,35.0,,News 1,The analysts have informed you that the realized volatility of RTM next week will be between 36% and 41%,47,2026-02-12 12:49:56.331614,RTM,50.34,50.34,50.36,100000000.0,100000000.0,,0,0,0,0,0,0
2.0,1.0,2.0,Week 1,Delta limit and penalty,The delta limit for this sub-heat is 12000 and the penalty percentage is 2%,47,2026-02-12 12:49:56.331614,RTM1C45,5.39,5.38,5.4,1000000.0,1000000.0,,0,0,0,0,0,0
1.0,1.0,2.0,Week 1,Risk free rate and current annualized volatility of RTM,The current risk free rate is 0%. RTM is an ETF that mimics one of the major indices in the simulated world and its current annualized realized volatility is 22%. This simulation consists of 20 trading days that are each 15 ticks in length.,47,2026-02-12 12:49:56.331614,RTM1P45,0.04,0.03,0.05,1000000.0,1000000.0,,0,0,0,0,0,0
,,,,,,47,2026-02-12 12:49:56.331614,RTM1C46,4.46,4.45,4.47,1000000.0,1000000.0,,0,0,0,0,0,0
,,,,,,47,2026-02-12 12:49:56.331614,RTM1P46,0.11,0.1,0.12,1000000.0,1000000.0,,0,0,0,0,0,0
,,,,,,47,2026-02-12 12:49:56.331614,RTM1C47,3.59,3.58,3.6,1000000.0,1000000.0,,0,0,0,0,0,0
,,,,,,47,2026-02-12 12:49:56.331614,RTM1P47,0.24,0.22,0.24,1000000.0,1000000.0,,0,0,0,0,0,0
,,,,,,47,2026-02-12 12:49:56.331614,RTM1C48,2.75,2.75,2.77,1000000.0,1000000.0,9.0,0,0,0,0,0,0
,,,,,,47,2026-02-12 12:49:56.331614,RTM1P48,0.42,0.4,0.42,1000000.0,1000000.0,,0,0,0,0,0,0
,,,,,,47,2026-02-12 12:49:56.331614,RTM1C49,2.06,2.04,2.06,1000000.0,1000000.0,8.0,0,0,0,0,0,0
,,,,,,47,2026-02-12 12:49:56.331614,RTM1P49,0.71,0.69,0.71,1000000.0,1000000.0,,0,0,0,0,0,0
,,,,,,47,2026-02-12 12:49:56.331614,RTM1C50,1.48,1.46,1.48,1000000.0,1000000.0,8.0,0,0,0,0,0,0
,,,,,,47,2026-02-12 12:49:56.331614,RTM1P50,1.11,1.11,1.13,1000000.0,1000000.0,,0,0,0,0,0,0
,,,,,,47,2026-02-12 12:49:56.331614,RTM1C51,0.98,0.96,0.98,1000000.0,1000000.0,8.0,0,0,0,0,0,0
,,,,,,47,2026-02-12 12:49:56.331614,RTM1P51,1.63,1.61,1.63,1000000.0,1000000.0,,0,0,0,0,0,0
,,,,,,47,2026-02-12 12:49:56.331614,RTM1C52,0.61,0.61,0.63,1000000.0,1000000.0,,0,0,0,0,0,0
,,,,,,47,2026-02-12 12:49:56.331614,RTM1P52,2.26,2.26,2.28,1000000.0,1000000.0,,0,0,0,0,0,0
,,,,,,47,2026-02-12 12:49:56.331614,RTM1C53,0.39,0.37,0.39,1000000.0,1000000.0,,0,0,0,0,0,0
,,,,,,47,2026-02-12 12:49:56.331614,RTM1P53,3.04,3.02,3.04,1000000.0,1000000.0,,0,0,0,0,0,0
,,,,,,47,2026-02-12 12:49:56.331614,RTM1C54,0.23,0.23,0.25,1000000.0,1000000.0,,0,0,0,0,0,0
,,,,,,47,2026-02-12 12:49:56.331614,RTM1P54,3.88,3.88,3.9,1000000.0,1000000.0,,0,0,0,0,0,0
3.0,1.0,35.0,,News 1,The analysts have informed you that the realized volatility of RTM next week will be between 36% and 41%,48,2026-02-12 12:49:57.360924,RTM,50.28,50.26,50.28,100000000.0,100000000.0,,0,0,0,0,0,0
2.0,1.0,2.0,Week 1,Delta limit and penalty,The delta limit for this sub-heat is 12000 and the penalty percentage is 2%,48,2026-02-12 12:49:57.360924,RTM1C45,5.3,5.3,5.32,1000000.0,1000000.0,,0,0,0,0,0,0
1.0,1.0,2.0,Week 1,Risk free rate and current annualized volatility of RTM,The current risk free rate is 0%. RTM is an ETF that mimics one of the major indices in the simulated world and its current annualized realized volatility is 22%. This simulation consists of 20 trading days that are each 15 ticks in length.,48,2026-02-12 12:49:57.360924,RTM1P45,0.05,0.03,0.05,1000000.0,1000000.0,,0,0,0,0,0,0
,,,,,,48,2026-02-12 12:49:57.360924,RTM1C46,4.39,4.37,4.39,1000000.0,1000000.0,,0,0,0,0,0,0
,,,,,,48,2026-02-12 12:49:57.360924,RTM1P46,0.12,0.1,0.12,1000000.0,1000000.0,,0,0,0,0,0,0
,,,,,,48,2026-02-12 12:49:57.360924,RTM1C47,3.49,3.49,3.51,1000000.0,1000000.0,,0,0,0,0,0,0
,,,,,,48,2026-02-12 12:49:57.360924,RTM1P47,0.22,0.22,0.24,1000000.0,1000000.0,,0,0,0,0,0,0
,,,,,,48,2026-02-12 12:49:57.360924,RTM1C48,2.7,2.68,2.7,1000000.0,1000000.0,9.0,0,0,0,0,0,0
,,,,,,48,2026-02-12 12:49:57.360924,RTM1P48,0.43,0.41,0.43,1000000.0,1000000.0,,0,0,0,0,0,0
,,,,,,48,2026-02-12 12:49:57.360924,RTM1C49,1.97,1.97,1.99,1000000.0,1000000.0,8.0,0,0,0,0,0,0
,,,,,,48,2026-02-12 12:49:57.360924,RTM1P49,0.72,0.7,0.72,1000000.0,1000000.0,,0,0,0,0,0,0
,,,,,,48,2026-02-12 12:49:57.360924,RTM1C50,1.4,1.38,1.4,1000000.0,1000000.0,8.0,0,0,0,0,0,0
,,,,,,48,2026-02-12 12:49:57.360924,RTM1P50,1.11,1.11,1.13,1000000.0,1000000.0,,0,0,0,0,0,0
,,,,,,48,2026-02-12 12:49:57.360924,RTM1C51,0.94,0.92,0.94,1000000.0,1000000.0,8.0,0,0,0,0,0,0
,,,,,,48,2026-02-12 12:49:57.360924,RTM1P51,1.67,1.65,1.67,1000000.0,1000000.0,,0,0,0,0,0,0
,,,,,,48,2026-02-12 12:49:57.360924,RTM1C52,0.6,0.6,0.62,1000000.0,1000000.0,,0,0,0,0,0,0
,,,,,,48,2026-02-12 12:49:57.360924,RTM1P52,2.33,2.33,2.35,1000000.0,1000000.0,,0,0,0,0,0,0
,,,,,,48,2026-02-12 12:49:57.360924,RTM1C53,0.36,0.35,0.37,1000000.0,1000000.0,,0,0,0,0,0,0
,,,,,,48,2026-02-12 12:49:57.360924,RTM1P53,3.09,3.08,3.1,1000000.0,1000000.0,,0,0,0,0,0,0
,,,,,,48,2026-02-12 12:49:57.360924,RTM1C54,0.21,0.2,0.22,1000000.0,1000000.0,,0,0,0,0,0,0
,,,,,,48,2026-02-12 12:49:57.360924,RTM1P54,3.93,3.93,3.95,1000000.0,1000000.0,,0,0,0,0,0,0
3.0,1.0,35.0,,News 1,The analysts have informed you that the realized volatility of RTM next week will be between 36% and 41%,50,2026-02-12 12:49:58.405458,RTM,50.04,50.03,50.05,100000000.0,100000000.0,,0,0,0,0,0,0
2.0,1.0,2.0,Week 1,Delta limit and penalty,The delta limit for this sub-heat is 12000 and the penalty percentage is 2%,50,2026-02-12 12:49:58.405458,RTM1C45,5.1,5.09,5.11,1000000.0,1000000.0,,0,0,0,0,0,0
1.0,1.0,2.0,Week 1,Risk free rate and current annualized volatility of RTM,The current risk free rate is 0%. RTM is an ETF that mimics one of the major indices in the simulated world and its current annualized realized volatility is 22%. This simulation consists of 20 trading days that are each 15 ticks in length.,50,2026-02-12 12:49:58.405458,RTM1P45,0.05,0.04,0.06,1000000.0,1000000.0,,0,0,0,0,0,0
,,,,,,50,2026-02-12 12:49:58.405458,RTM1C46,4.16,4.15,4.17,1000000.0,1000000.0,,0,0,0,0,0,0
,,,,,,50,2026-02-12 12:49:58.405458,RTM1P46,0.12,0.11,0.13,1000000.0,1000000.0,,0,0,0,0,0,0
,,,,,,50,2026-02-12 12:49:58.405458,RTM1C47,3.3,3.29,3.31,1000000.0,1000000.0,,0,0,0,0,0,0
,,,,,,50,2026-02-12 12:49:58.405458,RTM1P47,0.26,0.25,0.27,1000000.0,1000000.0,,0,0,0,0,0,0
,,,,,,50,2026-02-12 12:49:58.405458,RTM1C48,2.52,2.51,2.53,1000000.0,1000000.0,9.0,0,0,0,0,0,0
,,,,,,50,2026-02-12 12:49:58.405458,RTM1P48,0.48,0.47,0.49,1000000.0,1000000.0,,0,0,0,0,0,0
,,,,,,50,2026-02-12 12:49:58.405458,RTM1C49,1.83,1.82,1.84,1000000.0,1000000.0,8.0,0,0,0,0,0,0
,,,,,,50,2026-02-12 12:49:58.405458,RTM1P49,0.79,0.78,0.8,1000000.0,1000000.0,,0,0,0,0,0,0
,,,,,,50,2026-02-12 12:49:58.405458,RTM1C50,1.24,1.23,1.25,1000000.0,1000000.0,8.0,0,0,0,0,0,0
,,,,,,50,2026-02-12 12:49:58.405458,RTM1P50,1.2,1.19,1.21,1000000.0,1000000.0,,0,0,0,0,0,0
,,,,,,50,2026-02-12 12:49:58.405458,RTM1C51,0.83,0.82,0.84,1000000.0,1000000.0,8.0,0,0,0,0,0,0
,,,,,,50,2026-02-12 12:49:58.405458,RTM1P51,1.79,1.78,1.8,1000000.0,1000000.0,,0,0,0,0,0,0
,,,,,,50,2026-02-12 12:49:58.405458,RTM1C52,0.54,0.53,0.55,1000000.0,1000000.0,,0,0,0,0,0,0
,,,,,,50,2026-02-12 12:49:58.405458,RTM1P52,2.49,2.48,2.5,1000000.0,1000000.0,,0,0,0,0,0,0
,,,,,,50,2026-02-12 12:49:58.405458,RTM1C53,0.32,0.31,0.33,1000000.0,1000000.0,,0,0,0,0,0,0
,,,,,,50,2026-02-12 12:49:58.405458,RTM1P53,3.27,3.26,3.28,1000000.0,1000000.0,,0,0,0,0,0,0
,,,,,,50,2026-02-12 12:49:58.405458,RTM1C54,0.16,0.15,0.17,1000000.0,1000000.0,,0,0,0,0,0,0
,,,,,,50,2026-02-12 12:49:58.405458,RTM1P54,4.12,4.11,4.13,1000000.0,1000000.0,,0,0,0,0,0,0
3.0,1.0,35.0,,News 1,The analysts have informed you that the realized volatility of RTM next week will be between 36% and 41%,51,2026-02-12 12:49:59.443859,RTM,50.3,50.29,50.31,100000000.0,100000000.0,,0,0,0,0,0,0
2.0,1.0,2.0,Week 1,Delta limit and penalty,The delta limit for this sub-heat is 12000 and the penalty percentage is 2%,51,2026-02-12 12:49:59.443859,RTM1C45,5.34,5.33,5.35,1000000.0,1000000.0,,0,0,0,0,0,0
1.0,1.0,2.0,Week 1,Risk free rate and current annualized volatility of RTM,The current risk free rate is 0%. RTM is an ETF that mimics one of the major indices in the simulated world and its current annualized realized volatility is 22%. This simulation consists of 20 trading days that are each 15 ticks in length.,51,2026-02-12 12:49:59.443859,RTM1P45,0.04,0.03,0.05,1000000.0,1000000.0,,0,0,0,0,0,0
,,,,,,51,2026-02-12 12:49:59.443859,RTM1C46,4.41,4.4,4.42,1000000.0,1000000.0,,0,0,0,0,0,0
,,,,,,51,2026-02-12 12:49:59.443859,RTM1P46,0.11,0.1,0.12,1000000.0,1000000.0,,0,0,0,0,0,0
,,,,,,51,2026-02-12 12:49:59.443859,RTM1C47,3.52,3.51,3.53,1000000.0,1000000.0,,0,0,0,0,0,0
,,,,,,51,2026-02-12 12:49:59.443859,RTM1P47,0.21,0.2,0.22,1000000.0,1000000.0,,0,0,0,0,0,0
,,,,,,51,2026-02-12 12:49:59.443859,RTM1C48,2.71,2.7,2.72,1000000.0,1000000.0,9.0,0,0,0,0,0,0
,,,,,,51,2026-02-12 12:49:59.443859,RTM1P48,0.41,0.4,0.42,1000000.0,1000000.0,,0,0,0,0,0,0
,,,,,,51,2026-02-12 12:49:59.443859,RTM1C49,2.0,1.99,2.01,1000000.0,1000000.0,8.0,0,0,0,0,0,0
,,,,,,51,2026-02-12 12:49:59.443859,RTM1P49,0.7,0.69,0.71,1000000.0,1000000.0,,0,0,0,0,0,0
,,,,,,51,2026-02-12 12:49:59.443859,RTM1C50,1.41,1.4,1.42,1000000.0,1000000.0,8.0,0,0,0,0,0,0
,,,,,,51,2026-02-12 12:49:59.443859,RTM1P50,1.11,1.1,1.12,1000000.0,1000000.0,,0,0,0,0,0,0
,,,,,,51,2026-02-12 12:49:59.443859,RTM1C51,0.94,0.93,0.95,1000000.0,1000000.0,8.0,0,0,0,0,0,0
,,,,,,51,2026-02-12 12:49:59.443859,RTM1P51,1.64,1.63,1.65,1000000.0,1000000.0,,0,0,0,0,0,0
,,,,,,51,2026-02-12 12:49:59.443859,RTM1C52,0.59,0.58,0.6,1000000.0,1000000.0,,0,0,0,0,0,0
,,,,,,51,2026-02-12 12:49:59.443859,RTM1P52,2.29,2.28,2.3,1000000.0,1000000.0,,0,0,0,0,0,0
,,,,,,51,2026-02-12 12:49:59.443859,RTM1C53,0.37,0.36,0.38,1000000.0,1000000.0,,0,0,0,0,0,0
,,,,,,51,2026-02-12 12:49:59.443859,RTM1P53,3.07,3.06,3.08,1000000.0,1000000.0,,0,0,0,0,0,0
,,,,,,51,2026-02-12 12:49:59.443859,RTM1C54,0.2,0.19,0.21,1000000.0,1000000.0,,0,0,0,0,0,0
,,,,,,51,2026-02-12 12:49:59.443859,RTM1P54,3.9,3.89,3.91,1000000.0,1000000.0,,0,0,0,0,0,0
3.0,1.0,35.0,,News 1,The analysts have informed you that the realized volatility of RTM next week will be between 36% and 41%,52,2026-02-12 12:50:00.471598,RTM,50.02,50.01,50.03,100000000.0,100000000.0,,0,0,0,0,0,0
2.0,1.0,2.0,Week 1,Delta limit and penalty,The delta limit for this sub-heat is 12000 and the penalty percentage is 2%,52,2026-02-12 12:50:00.471598,RTM1C45,5.08,5.07,5.09,1000000.0,1000000.0,,0,0,0,0,0,0
1.0,1.0,2.0,Week 1,Risk free rate and current annualized volatility of RTM,The current risk free rate is 0%. RTM is an ETF that mimics one of the major indices in the simulated world and its current annualized realized volatility is 22%. This simulation consists of 20 trading days that are each 15 ticks in length.,52,2026-02-12 12:50:00.471598,RTM1P45,0.05,0.04,0.06,1000000.0,1000000.0,,0,0,0,0,0,0
,,,,,,52,2026-02-12 12:50:00.471598,RTM1C46,4.14,4.13,4.15,1000000.0,1000000.0,,0,0,0,0,0,0
,,,,,,52,2026-02-12 12:50:00.471598,RTM1P46,0.12,0.11,0.13,1000000.0,1000000.0,,0,0,0,0,0,0
,,,,,,52,2026-02-12 12:50:00.471598,RTM1C47,3.25,3.24,3.26,1000000.0,1000000.0,,0,0,0,0,0,0
,,,,,,52,2026-02-12 12:50:00.471598,RTM1P47,0.23,0.22,0.24,1000000.0,1000000.0,,0,0,0,0,0,0
,,,,,,52,2026-02-12 12:50:00.471598,RTM1C48,2.49,2.48,2.5,1000000.0,1000000.0,9.0,0,0,0,0,0,0
,,,,,,52,2026-02-12 12:50:00.471598,RTM1P48,0.46,0.45,0.47,1000000.0,1000000.0,,0,0,0,0,0,0
,,,,,,52,2026-02-12 12:50:00.471598,RTM1C49,1.77,1.76,1.78,1000000.0,1000000.0,8.0,0,0,0,0,0,0
,,,,,,52,2026-02-12 12:50:00.471598,RTM1P49,0.75,0.74,0.76,1000000.0,1000000.0,,0,0,0,0,0,0
,,,,,,52,2026-02-12 12:50:00.471598,RTM1C50,1.24,1.23,1.25,1000000.0,1000000.0,8.0,0,0,0,0,0,0
,,,,,,52,2026-02-12 12:50:00.471598,RTM1P50,1.22,1.21,1.23,1000000.0,1000000.0,,0,0,0,0,0,0
,,,,,,52,2026-02-12 12:50:00.471598,RTM1C51,0.8,0.79,0.81,1000000.0,1000000.0,8.0,0,0,0,0,0,0
,,,,,,52,2026-02-12 12:50:00.471598,RTM1P51,1.78,1.77,1.79,1000000.0,1000000.0,,0,0,0,0,0,0
,,,,,,52,2026-02-12 12:50:00.471598,RTM1C52,0.5,0.49,0.51,1000000.0,1000000.0,,0,0,0,0,0,0
,,,,,,52,2026-02-12 12:50:00.471598,RTM1P52,2.48,2.47,2.49,1000000.0,1000000.0,,0,0,0,0,0,0
,,,,,,52,2026-02-12 12:50:00.471598,RTM1C53,0.31,0.3,0.32,1000000.0,1000000.0,,0,0,0,0,0,0
,,,,,,52,2026-02-12 12:50:00.471598,RTM1P53,3.28,3.27,3.29,1000000.0,1000000.0,,0,0,0,0,0,0
,,,,,,52,2026-02-12 12:50:00.471598,RTM1C54,0.16,0.15,0.17,1000000.0,1000000.0,,0,0,0,0,0,0
,,,,,,52,2026-02-12 12:50:00.471598,RTM1P54,4.14,4.13,4.15,1000000.0,1000000.0,,0,0,0,0,0,0
3.0,1.0,35.0,,News 1,The analysts have informed you that the realized volatility of RTM next week will be between 36% and 41%,53,2026-02-12 12:50:01.496631,RTM,50.1,50.09,50.11,100000000.0,100000000.0,,0,0,0,0,0,0
2.0,1.0,2.0,Week 1,Delta limit and penalty,The delta limit for this sub-heat is 12000 and the penalty percentage is 2%,53,2026-02-12 12:50:01.496631,RTM1C45,5.14,5.13,5.15,1000000.0,1000000.0,,0,0,0,0,0,0
1.0,1.0,2.0,Week 1,Risk free rate and current annualized volatility of RTM,The current risk free rate is 0%. RTM is an ETF that mimics one of the major indices in the simulated world and its current annualized realized volatility is 22%. This simulation consists of 20 trading days that are each 15 ticks in length.,53,2026-02-12 12:50:01.496631,RTM1P45,0.04,0.03,0.05,1000000.0,1000000.0,,0,0,0,0,0,0
,,,,,,53,2026-02-12 12:50:01.496631,RTM1C46,4.21,4.2,4.22,1000000.0,1000000.0,,0,0,0,0,0,0
,,,,,,53,2026-02-12 12:50:01.496631,RTM1P46,0.11,0.1,0.12,1000000.0,1000000.0,,0,0,0,0,0,0
,,,,,,53,2026-02-12 12:50:01.496631,RTM1C47,3.33,3.32,3.34,1000000.0,1000000.0,,0,0,0,0,0,0
,,,,,,53,2026-02-12 12:50:01.496631,RTM1P47,0.23,0.22,0.24,1000000.0,1000000.0,,0,0,0,0,0,0
,,,,,,53,2026-02-12 12:50:01.496631,RTM1C48,2.53,2.53,2.55,1000000.0,1000000.0,9.0,0,0,0,0,0,0
,,,,,,53,2026-02-12 12:50:01.496631,RTM1P48,0.44,0.43,0.45,1000000.0,1000000.0,,0,0,0,0,0,0
,,,,,,53,2026-02-12 12:50:01.496631,RTM1C49,1.84,1.83,1.85,1000000.0,1000000.0,8.0,0,0,0,0,0,0
,,,,,,53,2026-02-12 12:50:01.496631,RTM1P49,0.74,0.73,0.75,1000000.0,1000000.0,,0,0,0,0,0,0
,,,,,,53,2026-02-12 12:50:01.496631,RTM1C50,1.25,1.24,1.26,1000000.0,1000000.0,8.0,0,0,0,0,0,0
,,,,,,53,2026-02-12 12:50:01.496631,RTM1P50,1.15,1.14,1.16,1000000.0,1000000.0,,0,0,0,0,0,0
,,,,,,53,2026-02-12 12:50:01.496631,RTM1C51,0.82,0.81,0.83,1000000.0,1000000.0,8.0,0,0,0,0,0,0
,,,,,,53,2026-02-12 12:50:01.496631,RTM1P51,1.72,1.71,1.73,1000000.0,1000000.0,,0,0,0,0,0,0
,,,,,,53,2026-02-12 12:50:01.496631,RTM1C52,0.54,0.53,0.55,1000000.0,1000000.0,,0,0,0,0,0,0
,,,,,,53,2026-02-12 12:50:01.496631,RTM1P52,2.44,2.43,2.45,1000000.0,1000000.0,,0,0,0,0,0,0
,,,,,,53,2026-02-12 12:50:01.496631,RTM1C53,0.3,0.29,0.31,1000000.0,1000000.0,,0,0,0,0,0,0
,,,,,,53,2026-02-12 12:50:01.496631,RTM1P53,3.2,3.19,3.21,1000000.0,1000000.0,,0,0,0,0,0,0
,,,,,,53,2026-02-12 12:50:01.496631,RTM1C54,0.16,0.15,0.17,1000000.0,1000000.0,,0,0,0,0,0,0
,,,,,,53,2026-02-12 12:50:01.496631,RTM1P54,4.06,4.05,4.07,1000000.0,1000000.0,,0,0,0,0,0,0
3.0,1.0,35.0,,News 1,The analysts have informed you that the realized volatility of RTM next week will be between 36% and 41%,54,2026-02-12 12:50:02.523373,RTM,50.15,50.14,50.16,100000000.0,100000000.0,,0,0,0,0,0,0
2.0,1.0,2.0,Week 1,Delta limit and penalty,The delta limit for this sub-heat is 12000 and the penalty percentage is 2%,54,2026-02-12 12:50:02.523373,RTM1C45,5.2,5.19,5.21,1000000.0,1000000.0,,0,0,0,0,0,0
1.0,1.0,2.0,Week 1,Risk free rate and current annualized volatility of RTM,The current risk free rate is 0%. RTM is an ETF that mimics one of the major indices in the simulated world and its current annualized realized volatility is 22%. This simulation consists of 20 trading days that are each 15 ticks in length.,54,2026-02-12 12:50:02.523373,RTM1P45,0.05,0.04,0.06,1000000.0,1000000.0,,0,0,0,0,0,0
,,,,,,54,2026-02-12 12:50:02.523373,RTM1C46,4.25,4.24,4.26,1000000.0,1000000.0,,0,0,0,0,0,0
,,,,,,54,2026-02-12 12:50:02.523373,RTM1P46,0.1,0.09,0.11,1000000.0,1000000.0,,0,0,0,0,0,0
,,,,,,54,2026-02-12 12:50:02.523373,RTM1C47,3.37,3.36,3.38,1000000.0,1000000.0,,0,0,0,0,0,0
,,,,,,54,2026-02-12 12:50:02.523373,RTM1P47,0.22,0.21,0.23,1000000.0,1000000.0,,0,0,0,0,0,0
,,,,,,54,2026-02-12 12:50:02.523373,RTM1C48,2.55,2.54,2.56,1000000.0,1000000.0,9.0,0,0,0,0,0,0
,,,,,,54,2026-02-12 12:50:02.523373,RTM1P48,0.4,0.39,0.41,1000000.0,1000000.0,,0,0,0,0,0,0
,,,,,,54,2026-02-12 12:50:02.523373,RTM1C49,1.86,1.85,1.87,1000000.0,1000000.0,8.0,0,0,0,0,0,0
,,,,,,54,2026-02-12 12:50:02.523373,RTM1P49,0.71,0.7,0.72,1000000.0,1000000.0,,0,0,0,0,0,0
,,,,,,54,2026-02-12 12:50:02.523373,RTM1C50,1.27,1.26,1.28,1000000.0,1000000.0,8.0,0,0,0,0,0,0
,,,,,,54,2026-02-12 12:50:02.523373,RTM1P50,1.12,1.11,1.13,1000000.0,1000000.0,,0,0,0,0,0,0
,,,,,,54,2026-02-12 12:50:02.523373,RTM1C51,0.87,0.86,0.88,1000000.0,1000000.0,8.0,0,0,0,0,0,0
,,,,,,54,2026-02-12 12:50:02.523373,RTM1P51,1.72,1.71,1.73,1000000.0,1000000.0,,0,0,0,0,0,0
,,,,,,54,2026-02-12 12:50:02.523373,RTM1C52,0.53,0.52,0.54,1000000.0,1000000.0,,0,0,0,0,0,0
,,,,,,54,2026-02-12 12:50:02.523373,RTM1P52,2.38,2.37,2.39,1000000.0,1000000.0,,0,0,0,0,0,0
,,,,,,54,2026-02-12 12:50:02.523373,RTM1C53,0.3,0.29,0.31,1000000.0,1000000.0,,0,0,0,0,0,0
,,,,,,54,2026-02-12 12:50:02.523373,RTM1P53,3.15,3.14,3.16,1000000.0,1000000.0,,0,0,0,0,0,0
,,,,,,54,2026-02-12 12:50:02.523373,RTM1C54,0.18,0.17,0.19,1000000.0,1000000.0,,0,0,0,0,0,0
,,,,,,54,2026-02-12 12:50:02.523373,RTM1P54,4.03,4.02,4.04,1000000.0,1000000.0,,0,0,0,0,0,0
3.0,1.0,35.0,,News 1,The analysts have informed you that the realized volatility of RTM next week will be between 36% and 41%,55,2026-02-12 12:50:03.555033,RTM,49.99,49.99,50.01,100000000.0,100000000.0,,0,0,0,0,0,0
2.0,1.0,2.0,Week 1,Delta limit and penalty,The delta limit for this sub-heat is 12000 and the penalty percentage is 2%,55,2026-02-12 12:50:03.555033,RTM1C45,5.05,5.04,5.06,1000000.0,1000000.0,,0,0,0,0,0,0
1.0,1.0,2.0,Week 1,Risk free rate and current annualized volatility of RTM,The current risk free rate is 0%. RTM is an ETF that mimics one of the major indices in the simulated world and its current annualized realized volatility is 22%. This simulation consists of 20 trading days that are each 15 ticks in length.,55,2026-02-12 12:50:03.555033,RTM1P45,0.05,0.04,0.06,1000000.0,1000000.0,,0,0,0,0,0,0
,,,,,,55,2026-02-12 12:50:03.555033,RTM1C46,4.11,4.1,4.12,1000000.0,1000000.0,,0,0,0,0,0,0
,,,,,,55,2026-02-12 12:50:03.555033,RTM1P46,0.11,0.1,0.12,1000000.0,1000000.0,,0,0,0,0,0,0
,,,,,,55,2026-02-12 12:50:03.555033,RTM1C47,3.22,3.21,3.23,1000000.0,1000000.0,,0,0,0,0,0,0
,,,,,,55,2026-02-12 12:50:03.555033,RTM1P47,0.23,0.22,0.24,1000000.0,1000000.0,,0,0,0,0,0,0
,,,,,,55,2026-02-12 12:50:03.555033,RTM1C48,2.43,2.42,2.44,1000000.0,1000000.0,9.0,0,0,0,0,0,0
,,,,,,55,2026-02-12 12:50:03.555033,RTM1P48,0.43,0.42,0.44,1000000.0,1000000.0,,0,0,0,0,0,0
,,,,,,55,2026-02-12 12:50:03.555033,RTM1C49,1.74,1.73,1.75,1000000.0,1000000.0,8.0,0,0,0,0,0,0
,,,,,,55,2026-02-12 12:50:03.555033,RTM1P49,0.74,0.73,0.75,1000000.0,1000000.0,,0,0,0,0,0,0
,,,,,,55,2026-02-12 12:50:03.555033,RTM1C50,1.2,1.19,1.21,1000000.0,1000000.0,8.0,0,0,0,0,0,0
,,,,,,55,2026-02-12 12:50:03.555033,RTM1P50,1.22,1.2,1.22,1000000.0,1000000.0,,0,0,0,0,0,0
,,,,,,55,2026-02-12 12:50:03.555033,RTM1C51,0.79,0.78,0.8,1000000.0,1000000.0,8.0,0,0,0,0,0,0
,,,,,,55,2026-02-12 12:50:03.555033,RTM1P51,1.79,1.78,1.8,1000000.0,1000000.0,,0,0,0,0,0,0
,,,,,,55,2026-02-12 12:50:03.555033,RTM1C52,0.48,0.47,0.49,1000000.0,1000000.0,,0,0,0,0,0,0
,,,,,,55,2026-02-12 12:50:03.555033,RTM1P52,2.48,2.47,2.49,1000000.0,1000000.0,,0,0,0,0,0,0
,,,,,,55,2026-02-12 12:50:03.555033,RTM1C53,0.28,0.27,0.29,1000000.0,1000000.0,,0,0,0,0,0,0
,,,,,,55,2026-02-12 12:50:03.555033,RTM1P53,3.28,3.27,3.29,1000000.0,1000000.0,,0,0,0,0,0,0
,,,,,,55,2026-02-12 12:50:03.555033,RTM1C54,0.15,0.14,0.16,1000000.0,1000000.0,,0,0,0,0,0,0
,,,,,,55,2026-02-12 12:50:03.555033,RTM1P54,4.15,4.14,4.16,1000000.0,1000000.0,,0,0,0,0,0,0
3.0,1.0,35.0,,News 1,The analysts have informed you that the realized volatility of RTM next week will be between 36% and 41%,56,2026-02-12 12:50:04.584754,RTM,50.22,50.21,50.23,100000000.0,100000000.0,,0,0,0,0,0,0
2.0,1.0,2.0,Week 1,Delta limit and penalty,The delta limit for this sub-heat is 12000 and the penalty percentage is 2%,56,2026-02-12 12:50:04.584754,RTM1C45,5.26,5.25,5.27,1000000.0,1000000.0,,0,0,0,0,0,0
1.0,1.0,2.0,Week 1,Risk free rate and current annualized volatility of RTM,The current risk free rate is 0%. RTM is an ETF that mimics one of the major indices in the simulated world and its current annualized realized volatility is 22%. This simulation consists of 20 trading days that are each 15 ticks in length.,56,2026-02-12 12:50:04.584754,RTM1P45,0.04,0.03,0.05,1000000.0,1000000.0,,0,0,0,0,0,0
,,,,,,56,2026-02-12 12:50:04.584754,RTM1C46,4.31,4.3,4.32,1000000.0,1000000.0,,0,0,0,0,0,0
,,,,,,56,2026-02-12 12:50:04.584754,RTM1P46,0.09,0.08,0.1,1000000.0,1000000.0,,0,0,0,0,0,0
,,,,,,56,2026-02-12 12:50:04.584754,RTM1C47,3.41,3.4,3.42,1000000.0,1000000.0,,0,0,0,0,0,0
,,,,,,56,2026-02-12 12:50:04.584754,RTM1P47,0.19,0.18,0.2,1000000.0,1000000.0,,0,0,0,0,0,0
,,,,,,56,2026-02-12 12:50:04.584754,RTM1C48,2.6,2.59,2.61,1000000.0,1000000.0,9.0,0,0,0,0,0,0
,,,,,,56,2026-02-12 12:50:04.584754,RTM1P48,0.37,0.36,0.38,1000000.0,1000000.0,,0,0,0,0,0,0
,,,,,,56,2026-02-12 12:50:04.584754,RTM1C49,1.91,1.9,1.92,1000000.0,1000000.0,8.0,0,0,0,0,0,0
,,,,,,56,2026-02-12 12:50:04.584754,RTM1P49,0.68,0.67,0.69,1000000.0,1000000.0,,0,0,0,0,0,0
,,,,,,56,2026-02-12 12:50:04.584754,RTM1C50,1.31,1.3,1.32,1000000.0,1000000.0,8.0,0,0,0,0,0,0
,,,,,,56,2026-02-12 12:50:04.584754,RTM1P50,1.08,1.07,1.09,1000000.0,1000000.0,,0,0,0,0,0,0
,,,,,,56,2026-02-12 12:50:04.584754,RTM1C51,0.86,0.85,0.87,1000000.0,1000000.0,8.0,0,0,0,0,0,0
,,,,,,56,2026-02-12 12:50:04.584754,RTM1P51,1.62,1.62,1.64,1000000.0,1000000.0,,0,0,0,0,0,0
,,,,,,56,2026-02-12 12:50:04.584754,RTM1C52,0.54,0.53,0.55,1000000.0,1000000.0,,0,0,0,0,0,0
,,,,,,56,2026-02-12 12:50:04.584754,RTM1P52,2.32,2.31,2.33,1000000.0,1000000.0,,0,0,0,0,0,0
,,,,,,56,2026-02-12 12:50:04.584754,RTM1C53,0.32,0.31,0.33,1000000.0,1000000.0,,0,0,0,0,0,0
,,,,,,56,2026-02-12 12:50:04.584754,RTM1P53,3.1,3.09,3.11,1000000.0,1000000.0,,0,0,0,0,0,0
,,,,,,56,2026-02-12 12:50:04.584754,RTM1C54,0.17,0.16,0.18,1000000.0,1000000.0,,0,0,0,0,0,0
,,,,,,56,2026-02-12 12:50:04.584754,RTM1P54,3.95,3.94,3.96,1000000.0,1000000.0,,0,0,0,0,0,0
3.0,1.0,35.0,,News 1,The analysts have informed you that the realized volatility of RTM next week will be between 36% and 41%,57,2026-02-12 12:50:05.614844,RTM,50.12,50.11,50.13,100000000.0,100000000.0,,0,0,0,0,0,0
2.0,1.0,2.0,Week 1,Delta limit and penalty,The delta limit for this sub-heat is 12000 and the penalty percentage is 2%,57,2026-02-12 12:50:05.614844,RTM1C45,5.16,5.15,5.17,1000000.0,1000000.0,,0,0,0,0,0,0
1.0,1.0,2.0,Week 1,Risk free rate and current annualized volatility of RTM,The current risk free rate is 0%. RTM is an ETF that mimics one of the major indices in the simulated world and its current annualized realized volatility is 22%. This simulation consists of 20 trading days that are each 15 ticks in length.,57,2026-02-12 12:50:05.614844,RTM1P45,0.03,0.03,0.05,1000000.0,1000000.0,,0,0,0,0,0,0
,,,,,,57,2026-02-12 12:50:05.614844,RTM1C46,4.22,4.21,4.23,1000000.0,1000000.0,,0,0,0,0,0,0
,,,,,,57,2026-02-12 12:50:05.614844,RTM1P46,0.1,0.09,0.11,1000000.0,1000000.0,,0,0,0,0,0,0
,,,,,,57,2026-02-12 12:50:05.614844,RTM1C47,3.33,3.32,3.34,1000000.0,1000000.0,,0,0,0,0,0,0
,,,,,,57,2026-02-12 12:50:05.614844,RTM1P47,0.2,0.19,0.21,1000000.0,1000000.0,,0,0,0,0,0,0
,,,,,,57,2026-02-12 12:50:05.614844,RTM1C48,2.51,2.5,2.52,1000000.0,1000000.0,9.0,0,0,0,0,0,0
,,,,,,57,2026-02-12 12:50:05.614844,RTM1P48,0.4,0.38,0.4,1000000.0,1000000.0,,0,0,0,0,0,0
,,,,,,57,2026-02-12 12:50:05.614844,RTM1C49,1.83,1.82,1.84,1000000.0,1000000.0,8.0,0,0,0,0,0,0
,,,,,,57,2026-02-12 12:50:05.614844,RTM1P49,0.7,0.7,0.72,1000000.0,1000000.0,,0,0,0,0,0,0
,,,,,,57,2026-02-12 12:50:05.614844,RTM1C50,1.25,1.24,1.26,1000000.0,1000000.0,8.0,0,0,0,0,0,0
,,,,,,57,2026-02-12 12:50:05.614844,RTM1P50,1.13,1.12,1.14,1000000.0,1000000.0,,0,0,0,0,0,0
,,,,,,57,2026-02-12 12:50:05.614844,RTM1C51,0.79,0.79,0.81,1000000.0,1000000.0,8.0,0,0,0,0,0,0
,,,,,,57,2026-02-12 12:50:05.614844,RTM1P51,1.67,1.67,1.69,1000000.0,1000000.0,,0,0,0,0,0,0
,,,,,,57,2026-02-12 12:50:05.614844,RTM1C52,0.5,0.49,0.51,1000000.0,1000000.0,,0,0,0,0,0,0
,,,,,,57,2026-02-12 12:50:05.614844,RTM1P52,2.38,2.37,2.39,1000000.0,1000000.0,,0,0,0,0,0,0
,,,,,,57,2026-02-12 12:50:05.614844,RTM1C53,0.3,0.29,0.31,1000000.0,1000000.0,,0,0,0,0,0,0
,,,,,,57,2026-02-12 12:50:05.614844,RTM1P53,3.17,3.16,3.18,1000000.0,1000000.0,,0,0,0,0,0,0
,,,,,,57,2026-02-12 12:50:05.614844,RTM1C54,0.15,0.14,0.16,1000000.0,1000000.0,,0,0,0,0,0,0
,,,,,,57,2026-02-12 12:50:05.614844,RTM1P54,4.03,4.02,4.04,1000000.0,1000000.0,,0,0,0,0,0,0
3.0,1.0,35.0,,News 1,The analysts have informed you that the realized volatility of RTM next week will be between 36% and 41%,58,2026-02-12 12:50:06.644520,RTM,50.21,50.2,50.22,100000000.0,100000000.0,,0,0,0,0,0,0
2.0,1.0,2.0,Week 1,Delta limit and penalty,The delta limit for this sub-heat is 12000 and the penalty percentage is 2%,58,2026-02-12 12:50:06.644520,RTM1C45,5.24,5.24,5.26,1000000.0,1000000.0,,0,0,0,0,0,0
1.0,1.0,2.0,Week 1,Risk free rate and current annualized volatility of RTM,The current risk free rate is 0%. RTM is an ETF that mimics one of the major indices in the simulated world and its current annualized realized volatility is 22%. This simulation consists of 20 trading days that are each 15 ticks in length.,58,2026-02-12 12:50:06.644520,RTM1P45,0.03,0.03,0.05,1000000.0,1000000.0,,0,0,0,0,0,0
,,,,,,58,2026-02-12 12:50:06.644520,RTM1C46,4.3,4.29,4.31,1000000.0,1000000.0,,0,0,0,0,0,0
,,,,,,58,2026-02-12 12:50:06.644520,RTM1P46,0.08,0.07,0.09,1000000.0,1000000.0,,0,0,0,0,0,0
,,,,,,58,2026-02-12 12:50:06.644520,RTM1C47,3.4,3.39,3.41,1000000.0,1000000.0,,0,0,0,0,0,0
,,,,,,58,2026-02-12 12:50:06.644520,RTM1P47,0.19,0.18,0.2,1000000.0,1000000.0,,0,0,0,0,0,0
,,,,,,58,2026-02-12 12:50:06.644520,RTM1C48,2.58,2.57,2.59,1000000.0,1000000.0,9.0,0,0,0,0,0,0
,,,,,,58,2026-02-12 12:50:06.644520,RTM1P48,0.37,0.36,0.38,1000000.0,1000000.0,,0,0,0,0,0,0
,,,,,,58,2026-02-12 12:50:06.644520,RTM1C49,1.87,1.86,1.88,1000000.0,1000000.0,8.0,0,0,0,0,0,0
,,,,,,58,2026-02-12 12:50:06.644520,RTM1P49,0.64,0.64,0.66,1000000.0,1000000.0,,0,0,0,0,0,0
,,,,,,58,2026-02-12 12:50:06.644520,RTM1C50,1.29,1.28,1.3,1000000.0,1000000.0,8.0,0,0,0,0,0,0
,,,,,,58,2026-02-12 12:50:06.644520,RTM1P50,1.08,1.06,1.08,1000000.0,1000000.0,,0,0,0,0,0,0
,,,,,,58,2026-02-12 12:50:06.644520,RTM1C51,0.84,0.83,0.85,1000000.0,1000000.0,8.0,0,0,0,0,0,0
,,,,,,58,2026-02-12 12:50:06.644520,RTM1P51,1.62,1.61,1.63,1000000.0,1000000.0,,0,0,0,0,0,0
,,,,,,58,2026-02-12 12:50:06.644520,RTM1C52,0.51,0.5,0.52,1000000.0,1000000.0,,0,0,0,0,0,0
,,,,,,58,2026-02-12 12:50:06.644520,RTM1P52,2.3,2.29,2.31,1000000.0,1000000.0,,0,0,0,0,0,0
,,,,,,58,2026-02-12 12:50:06.644520,RTM1C53,0.31,0.3,0.32,1000000.0,1000000.0,,0,0,0,0,0,0
,,,,,,58,2026-02-12 12:50:06.644520,RTM1P53,3.1,3.09,3.11,1000000.0,1000000.0,,0,0,0,0,0,0
,,,,,,58,2026-02-12 12:50:06.644520,RTM1C54,0.16,0.15,0.17,1000000.0,1000000.0,,0,0,0,0,0,0
,,,,,,58,2026-02-12 12:50:06.644520,RTM1P54,3.94,3.93,3.95,1000000.0,1000000.0,,0,0,0,0,0,0
3.0,1.0,35.0,,News 1,The analysts have informed you that the realized volatility of RTM next week will be between 36% and 41%,59,2026-02-12 12:50:07.736598,RTM,50.04,50.03,50.05,100000000.0,100000000.0,,,0,0,0,0,0,0
2.0,1.0,2.0,Week 1,Delta limit and penalty,The delta limit for this sub-heat is 12000 and the penalty percentage is 2%,59,2026-02-12 12:50:07.736598,RTM1C45,5.08,5.07,5.09,1000000.0,1000000.0,,,0,0,0,0,0,0
1.0,1.0,2.0,Week 1,Risk free rate and current annualized volatility of RTM,The current risk free rate is 0%. RTM is an ETF that mimics one of the major indices in the simulated world and its current annualized realized volatility is 22%. This simulation consists of 20 trading days that are each 15 ticks in length.,59,2026-02-12 12:50:07.736598,RTM1P45,0.04,0.03,0.05,1000000.0,1000000.0,,,0,0,0,0,0,0
,,,,,,59,2026-02-12 12:50:07.736598,RTM1C46,4.14,4.13,4.15,1000000.0,1000000.0,,,0,0,0,0,0,0
,,,,,,59,2026-02-12 12:50:07.736598,RTM1P46,0.1,0.09,0.11,1000000.0,1000000.0,,,0,0,0,0,0,0
,,,,,,59,2026-02-12 12:50:07.736598,RTM1C47,3.25,3.24,3.26,1000000.0,1000000.0,,,0,0,0,0,0,0
,,,,,,59,2026-02-12 12:50:07.736598,RTM1P47,0.21,0.2,0.22,1000000.0,1000000.0,,,0,0,0,0,0,0
,,,,,,59,2026-02-12 12:50:07.736598,RTM1C48,2.44,2.43,2.45,1000000.0,1000000.0,9.0,,0,0,0,0,0,0
,,,,,,59,2026-02-12 12:50:07.736598,RTM1P48,0.39,0.39,0.41,1000000.0,1000000.0,,,0,0,0,0,0,0
,,,,,,59,2026-02-12 12:50:07.736598,RTM1C49,1.75,1.75,1.77,1000000.0,1000000.0,8.0,,0,0,0,0,0,0
,,,,,,59,2026-02-12 12:50:07.736598,RTM1P49,0.71,0.71,0.73,1000000.0,1000000.0,,,0,0,0,0,0,0
,,,,,,59,2026-02-12 12:50:07.736598,RTM1C50,1.19,1.18,1.2,1000000.0,1000000.0,8.0,,0,0,0,0,0,0
,,,,,,59,2026-02-12 12:50:07.736598,RTM1P50,1.15,1.14,1.16,1000000.0,1000000.0,,30.0,0,0,0,0,0,0
,,,,,,59,2026-02-12 12:50:07.736598,RTM1C51,0.78,0.77,0.79,1000000.0,1000000.0,8.0,,0,0,0,0,0,0
,,,,,,59,2026-02-12 12:50:07.736598,RTM1P51,1.73,1.72,1.74,1000000.0,1000000.0,,,0,0,0,0,0,0
,,,,,,59,2026-02-12 12:50:07.736598,RTM1C52,0.47,0.46,0.48,1000000.0,1000000.0,,,0,0,0,0,0,0
,,,,,,59,2026-02-12 12:50:07.736598,RTM1P52,2.43,2.42,2.44,1000000.0,1000000.0,,,0,0,0,0,0,0
,,,,,,59,2026-02-12 12:50:07.736598,RTM1C53,0.26,0.25,0.27,1000000.0,1000000.0,,,0,0,0,0,0,0
,,,,,,59,2026-02-12 12:50:07.736598,RTM1P53,3.21,3.2,3.22,1000000.0,1000000.0,,,0,0,0,0,0,0
,,,,,,59,2026-02-12 12:50:07.736598,RTM1C54,0.14,0.13,0.15,1000000.0,1000000.0,,,0,0,0,0,0,0
,,,,,,59,2026-02-12 12:50:07.736598,RTM1P54,4.1,4.09,4.11,1000000.0,1000000.0,,,0,0,0,0,0,0
3.0,1.0,35.0,,News 1,The analysts have informed you that the realized volatility of RTM next week will be between 36% and 41%,60,2026-02-12 12:50:08.764134,RTM,49.99,49.98,50.0,100000000.0,100000000.0,,,0,0,0,0,0,0
2.0,1.0,2.0,Week 1,Delta limit and penalty,The delta limit for this sub-heat is 12000 and the penalty percentage is 2%,60,2026-02-12 12:50:08.764134,RTM1C45,5.03,5.02,5.04,1000000.0,1000000.0,,,0,0,0,0,0,0
1.0,1.0,2.0,Week 1,Risk free rate and current annualized volatility of RTM,The current risk free rate is 0%. RTM is an ETF that mimics one of the major indices in the simulated world and its current annualized realized volatility is 22%. This simulation consists of 20 trading days that are each 15 ticks in length.,60,2026-02-12 12:50:08.764134,RTM1P45,0.04,0.03,0.05,1000000.0,1000000.0,,,0,0,0,0,0,0
,,,,,,60,2026-02-12 12:50:08.764134,RTM1C46,4.09,4.08,4.1,1000000.0,1000000.0,,,0,0,0,0,0,0
,,,,,,60,2026-02-12 12:50:08.764134,RTM1P46,0.1,0.09,0.11,1000000.0,1000000.0,,,0,0,0,0,0,0
,,,,,,60,2026-02-12 12:50:08.764134,RTM1C47,3.2,3.19,3.21,1000000.0,1000000.0,,,0,0,0,0,0,0
,,,,,,60,2026-02-12 12:50:08.764134,RTM1P47,0.21,0.2,0.22,1000000.0,1000000.0,,,0,0,0,0,0,0
,,,,,,60,2026-02-12 12:50:08.764134,RTM1C48,2.4,2.39,2.41,1000000.0,1000000.0,9.0,,0,0,0,0,0,0
,,,,,,60,2026-02-12 12:50:08.764134,RTM1P48,0.41,0.4,0.42,1000000.0,1000000.0,,,0,0,0,0,0,0
,,,,,,60,2026-02-12 12:50:08.764134,RTM1C49,1.72,1.7,1.72,1000000.0,1000000.0,,,0,0,0,0,0,0
,,,,,,60,2026-02-12 12:50:08.764134,RTM1P49,0.72,0.71,0.73,1000000.0,1000000.0,,,0,0,0,0,0,0
,,,,,,60,2026-02-12 12:50:08.764134,RTM1C50,1.17,1.16,1.18,1000000.0,1000000.0,8.0,,0,0,0,0,0,0
,,,,,,60,2026-02-12 12:50:08.764134,RTM1P50,1.18,1.17,1.19,1000000.0,1000000.0,,30.0,0,0,0,0,0,0
,,,,,,60,2026-02-12 12:50:08.764134,RTM1C51,0.75,0.73,0.75,1000000.0,1000000.0,,,0,0,0,0,0,0
,,,,,,60,2026-02-12 12:50:08.764134,RTM1P51,1.76,1.74,1.76,1000000.0,1000000.0,,,0,0,0,0,0,0
,,,,,,60,2026-02-12 12:50:08.764134,RTM1C52,0.45,0.44,0.46,1000000.0,1000000.0,,,0,0,0,0,0,0
,,,,,,60,2026-02-12 12:50:08.764134,RTM1P52,2.45,2.44,2.46,1000000.0,1000000.0,,,0,0,0,0,0,0
,,,,,,60,2026-02-12 12:50:08.764134,RTM1C53,0.25,0.24,0.26,1000000.0,1000000.0,,,0,0,0,0,0,0
,,,,,,60,2026-02-12 12:50:08.764134,RTM1P53,3.26,3.25,3.27,1000000.0,1000000.0,,,0,0,0,0,0,0
,,,,,,60,2026-02-12 12:50:08.764134,RTM1C54,0.13,0.12,0.14,1000000.0,1000000.0,,,0,0,0,0,0,0
,,,,,,60,2026-02-12 12:50:08.764134,RTM1P54,4.14,4.13,4.15,1000000.0,1000000.0,,,0,0,0,0,0,0
3.0,1.0,35.0,,News 1,The analysts have informed you that the realized volatility of RTM next week will be between 36% and 41%,61,2026-02-12 12:50:09.790834,RTM,50.0,49.99,50.01,100000000.0,100000000.0,,,0,0,0,0,0,0
2.0,1.0,2.0,Week 1,Delta limit and penalty,The delta limit for this sub-heat is 12000 and the penalty percentage is 2%,61,2026-02-12 12:50:09.790834,RTM1C45,5.04,5.03,5.05,1000000.0,1000000.0,,,0,0,0,0,0,0
1.0,1.0,2.0,Week 1,Risk free rate and current annualized volatility of RTM,The current risk free rate is 0%. RTM is an ETF that mimics one of the major indices in the simulated world and its current annualized realized volatility is 22%. This simulation consists of 20 trading days that are each 15 ticks in length.,61,2026-02-12 12:50:09.790834,RTM1P45,0.05,0.03,0.05,1000000.0,1000000.0,,,0,0,0,0,0,0
,,,,,,61,2026-02-12 12:50:09.790834,RTM1C46,4.09,4.08,4.1,1000000.0,1000000.0,,,0,0,0,0,0,0
,,,,,,61,2026-02-12 12:50:09.790834,RTM1P46,0.09,0.08,0.1,1000000.0,1000000.0,,,0,0,0,0,0,0
,,,,,,61,2026-02-12 12:50:09.790834,RTM1C47,3.21,3.2,3.22,1000000.0,1000000.0,,,0,0,0,0,0,0
,,,,,,61,2026-02-12 12:50:09.790834,RTM1P47,0.21,0.2,0.22,1000000.0,1000000.0,,,0,0,0,0,0,0
,,,,,,61,2026-02-12 12:50:09.790834,RTM1C48,2.41,2.4,2.42,1000000.0,1000000.0,9.0,,0,0,0,0,0,0
,,,,,,61,2026-02-12 12:50:09.790834,RTM1P48,0.41,0.4,0.42,1000000.0,1000000.0,,,0,0,0,0,0,0
,,,,,,61,2026-02-12 12:50:09.790834,RTM1C49,1.72,1.71,1.73,1000000.0,1000000.0,,,0,0,0,0,0,0
,,,,,,61,2026-02-12 12:50:09.790834,RTM1P49,0.72,0.71,0.73,1000000.0,1000000.0,,,0,0,0,0,0,0
,,,,,,61,2026-02-12 12:50:09.790834,RTM1C50,1.17,1.15,1.17,1000000.0,1000000.0,,,0,0,0,0,0,0
,,,,,,61,2026-02-12 12:50:09.790834,RTM1P50,1.16,1.15,1.17,1000000.0,1000000.0,,30.0,0,0,0,0,0,0
,,,,,,61,2026-02-12 12:50:09.790834,RTM1C51,0.74,0.73,0.75,1000000.0,1000000.0,,,0,0,0,0,0,0
,,,,,,61,2026-02-12 12:50:09.790834,RTM1P51,1.73,1.73,1.75,1000000.0,1000000.0,,,0,0,0,0,0,0
,,,,,,61,2026-02-12 12:50:09.790834,RTM1C52,0.43,0.43,0.45,1000000.0,1000000.0,,,0,0,0,0,0,0
,,,,,,61,2026-02-12 12:50:09.790834,RTM1P52,2.45,2.43,2.45,1000000.0,1000000.0,,,0,0,0,0,0,0
,,,,,,61,2026-02-12 12:50:09.790834,RTM1C53,0.26,0.24,0.26,1000000.0,1000000.0,,,0,0,0,0,0,0
,,,,,,61,2026-02-12 12:50:09.790834,RTM1P53,3.25,3.24,3.26,1000000.0,1000000.0,,,0,0,0,0,0,0
,,,,,,61,2026-02-12 12:50:09.790834,RTM1C54,0.13,0.12,0.14,1000000.0,1000000.0,,,0,0,0,0,0,0
,,,,,,61,2026-02-12 12:50:09.790834,RTM1P54,4.13,4.12,4.14,1000000.0,1000000.0,,,0,0,0,0,0,0
3.0,1.0,35.0,,News 1,The analysts have informed you that the realized volatility of RTM next week will be between 36% and 41%,62,2026-02-12 12:50:10.817670,RTM,50.02,50.0,50.02,100000000.0,100000000.0,,,0,0,0,0,0,0
2.0,1.0,2.0,Week 1,Delta limit and penalty,The delta limit for this sub-heat is 12000 and the penalty percentage is 2%,62,2026-02-12 12:50:10.817670,RTM1C45,5.04,5.03,5.05,1000000.0,1000000.0,,,0,0,0,0,0,0
1.0,1.0,2.0,Week 1,Risk free rate and current annualized volatility of RTM,The current risk free rate is 0%. RTM is an ETF that mimics one of the major indices in the simulated world and its current annualized realized volatility is 22%. This simulation consists of 20 trading days that are each 15 ticks in length.,62,2026-02-12 12:50:10.817670,RTM1P45,0.05,0.03,0.05,1000000.0,1000000.0,,,0,0,0,0,0,0
,,,,,,62,2026-02-12 12:50:10.817670,RTM1C46,4.1,4.09,4.11,1000000.0,1000000.0,,,0,0,0,0,0,0
,,,,,,62,2026-02-12 12:50:10.817670,RTM1P46,0.09,0.08,0.1,1000000.0,1000000.0,,,0,0,0,0,0,0
,,,,,,62,2026-02-12 12:50:10.817670,RTM1C47,3.2,3.19,3.21,1000000.0,1000000.0,,,0,0,0,0,0,0
,,,,,,62,2026-02-12 12:50:10.817670,RTM1P47,0.2,0.19,0.21,1000000.0,1000000.0,,,0,0,0,0,0,0
,,,,,,62,2026-02-12 12:50:10.817670,RTM1C48,2.4,2.39,2.41,1000000.0,1000000.0,9.0,,0,0,0,0,0,0
,,,,,,62,2026-02-12 12:50:10.817670,RTM1P48,0.39,0.38,0.4,1000000.0,1000000.0,,,0,0,0,0,0,0
,,,,,,62,2026-02-12 12:50:10.817670,RTM1C49,1.72,1.7,1.72,1000000.0,1000000.0,,,0,0,0,0,0,0
,,,,,,62,2026-02-12 12:50:10.817670,RTM1P49,0.72,0.7,0.72,1000000.0,1000000.0,,,0,0,0,0,0,0
,,,,,,62,2026-02-12 12:50:10.817670,RTM1C50,1.17,1.15,1.17,1000000.0,1000000.0,,,0,0,0,0,0,0
,,,,,,62,2026-02-12 12:50:10.817670,RTM1P50,1.15,1.14,1.16,1000000.0,1000000.0,,30.0,0,0,0,0,0,0
,,,,,,62,2026-02-12 12:50:10.817670,RTM1C51,0.73,0.72,0.74,1000000.0,1000000.0,,,0,0,0,0,0,0
,,,,,,62,2026-02-12 12:50:10.817670,RTM1P51,1.72,1.71,1.73,1000000.0,1000000.0,,,0,0,0,0,0,0
,,,,,,62,2026-02-12 12:50:10.817670,RTM1C52,0.43,0.42,0.44,1000000.0,1000000.0,,,0,0,0,0,0,0
,,,,,,62,2026-02-12 12:50:10.817670,RTM1P52,2.43,2.42,2.44,1000000.0,1000000.0,,,0,0,0,0,0,0
,,,,,,62,2026-02-12 12:50:10.817670,RTM1C53,0.25,0.24,0.26,1000000.0,1000000.0,,,0,0,0,0,0,0
,,,,,,62,2026-02-12 12:50:10.817670,RTM1P53,3.24,3.23,3.25,1000000.0,1000000.0,,,0,0,0,0,0,0
,,,,,,62,2026-02-12 12:50:10.817670,RTM1C54,0.13,0.12,0.14,1000000.0,1000000.0,,,0,0,0,0,0,0
,,,,,,62,2026-02-12 12:50:10.817670,RTM1P54,4.12,4.11,4.13,1000000.0,1000000.0,,,0,0,0,0,0,0
3.0,1.0,35.0,,News 1,The analysts have informed you that the realized volatility of RTM next week will be between 36% and 41%,63,2026-02-12 12:50:11.845077,RTM,49.9,49.89,49.91,100000000.0,100000000.0,,0,0,0,0,0,0,0
2.0,1.0,2.0,Week 1,Delta limit and penalty,The delta limit for this sub-heat is 12000 and the penalty percentage is 2%,63,2026-02-12 12:50:11.845077,RTM1C45,4.93,4.92,4.94,1000000.0,1000000.0,,0,0,0,0,0,0,0
1.0,1.0,2.0,Week 1,Risk free rate and current annualized volatility of RTM,The current risk free rate is 0%. RTM is an ETF that mimics one of the major indices in the simulated world and its current annualized realized volatility is 22%. This simulation consists of 20 trading days that are each 15 ticks in length.,63,2026-02-12 12:50:11.845077,RTM1P45,0.05,0.03,0.05,1000000.0,1000000.0,,0,0,0,0,0,0,0
,,,,,,63,2026-02-12 12:50:11.845077,RTM1C46,3.99,3.98,4.0,1000000.0,1000000.0,,0,0,0,0,0,0,0
,,,,,,63,2026-02-12 12:50:11.845077,RTM1P46,0.09,0.08,0.1,1000000.0,1000000.0,,0,0,0,0,0,0,0
,,,,,,63,2026-02-12 12:50:11.845077,RTM1C47,3.11,3.1,3.12,1000000.0,1000000.0,,0,0,0,0,0,0,0
,,,,,,63,2026-02-12 12:50:11.845077,RTM1P47,0.21,0.2,0.22,1000000.0,1000000.0,,0,0,0,0,0,0,0
,,,,,,63,2026-02-12 12:50:11.845077,RTM1C48,2.31,2.3,2.32,1000000.0,1000000.0,,0,0,0,0,0,0,0
,,,,,,63,2026-02-12 12:50:11.845077,RTM1P48,0.41,0.4,0.42,1000000.0,1000000.0,,0,0,0,0,0,0,0
,,,,,,63,2026-02-12 12:50:11.845077,RTM1C49,1.63,1.63,1.65,1000000.0,1000000.0,,0,0,0,0,0,0,0
,,,,,,63,2026-02-12 12:50:11.845077,RTM1P49,0.73,0.73,0.75,1000000.0,1000000.0,,0,0,0,0,0,0,0
,,,,,,63,2026-02-12 12:50:11.845077,RTM1C50,1.11,1.09,1.11,1000000.0,1000000.0,,0,0,0,0,0,0,0
,,,,,,63,2026-02-12 12:50:11.845077,RTM1P50,1.21,1.19,1.21,1000000.0,1000000.0,30.0,0,0,0,0,0,0,0
,,,,,,63,2026-02-12 12:50:11.845077,RTM1C51,0.7,0.68,0.7,1000000.0,1000000.0,,0,0,0,0,0,0,0
,,,,,,63,2026-02-12 12:50:11.845077,RTM1P51,1.8,1.79,1.81,1000000.0,1000000.0,,0,0,0,0,0,0,0
,,,,,,63,2026-02-12 12:50:11.845077,RTM1C52,0.4,0.39,0.41,1000000.0,1000000.0,,0,0,0,0,0,0,0
,,,,,,63,2026-02-12 12:50:11.845077,RTM1P52,2.5,2.5,2.52,1000000.0,1000000.0,,0,0,0,0,0,0,0
,,,,,,63,2026-02-12 12:50:11.845077,RTM1C53,0.21,0.21,0.23,1000000.0,1000000.0,,0,0,0,0,0,0,0
,,,,,,63,2026-02-12 12:50:11.845077,RTM1P53,3.32,3.32,3.34,1000000.0,1000000.0,,0,0,0,0,0,0,0
,,,,,,63,2026-02-12 12:50:11.845077,RTM1C54,0.1,0.1,0.12,1000000.0,1000000.0,,0,0,0,0,0,0,0
,,,,,,63,2026-02-12 12:50:11.845077,RTM1P54,4.21,4.21,4.23,1000000.0,1000000.0,,0,0,0,0,0,0,0
3.0,1.0,35.0,,News 1,The analysts have informed you that the realized volatility of RTM next week will be between 36% and 41%,64,2026-02-12 12:50:12.871814,RTM,49.86,49.85,49.87,100000000.0,100000000.0,,0,0,0,0,0,0,0
2.0,1.0,2.0,Week 1,Delta limit and penalty,The delta limit for this sub-heat is 12000 and the penalty percentage is 2%,64,2026-02-12 12:50:12.871814,RTM1C45,4.89,4.88,4.9,1000000.0,1000000.0,,0,0,0,0,0,0,0
1.0,1.0,2.0,Week 1,Risk free rate and current annualized volatility of RTM,The current risk free rate is 0%. RTM is an ETF that mimics one of the major indices in the simulated world and its current annualized realized volatility is 22%. This simulation consists of 20 trading days that are each 15 ticks in length.,64,2026-02-12 12:50:12.871814,RTM1P45,0.05,0.03,0.05,1000000.0,1000000.0,,0,0,0,0,0,0,0
,,,,,,64,2026-02-12 12:50:12.871814,RTM1C46,3.94,3.94,3.96,1000000.0,1000000.0,,0,0,0,0,0,0,0
,,,,,,64,2026-02-12 12:50:12.871814,RTM1P46,0.09,0.09,0.11,1000000.0,1000000.0,,0,0,0,0,0,0,0
,,,,,,64,2026-02-12 12:50:12.871814,RTM1C47,3.07,3.06,3.08,1000000.0,1000000.0,,0,0,0,0,0,0,0
,,,,,,64,2026-02-12 12:50:12.871814,RTM1P47,0.21,0.2,0.22,1000000.0,1000000.0,,0,0,0,0,0,0,0
,,,,,,64,2026-02-12 12:50:12.871814,RTM1C48,2.26,2.25,2.27,1000000.0,1000000.0,,0,0,0,0,0,0,0
,,,,,,64,2026-02-12 12:50:12.871814,RTM1P48,0.4,0.39,0.41,1000000.0,1000000.0,,0,0,0,0,0,0,0
,,,,,,64,2026-02-12 12:50:12.871814,RTM1C49,1.63,1.62,1.64,1000000.0,1000000.0,,0,0,0,0,0,0,0
,,,,,,64,2026-02-12 12:50:12.871814,RTM1P49,0.78,0.77,0.79,1000000.0,1000000.0,,0,0,0,0,0,0,0
,,,,,,64,2026-02-12 12:50:12.871814,RTM1C50,1.06,1.05,1.07,1000000.0,1000000.0,,0,0,0,0,0,0,0
,,,,,,64,2026-02-12 12:50:12.871814,RTM1P50,1.21,1.2,1.22,1000000.0,1000000.0,30.0,0,0,0,0,0,0,0
,,,,,,64,2026-02-12 12:50:12.871814,RTM1C51,0.66,0.65,0.67,1000000.0,1000000.0,,0,0,0,0,0,0,0
,,,,,,64,2026-02-12 12:50:12.871814,RTM1P51,1.8,1.79,1.81,1000000.0,1000000.0,,0,0,0,0,0,0,0
,,,,,,64,2026-02-12 12:50:12.871814,RTM1C52,0.39,0.38,0.4,1000000.0,1000000.0,,0,0,0,0,0,0,0
,,,,,,64,2026-02-12 12:50:12.871814,RTM1P52,2.53,2.52,2.54,1000000.0,1000000.0,,0,0,0,0,0,0,0
,,,,,,64,2026-02-12 12:50:12.871814,RTM1C53,0.21,0.2,0.22,1000000.0,1000000.0,,0,0,0,0,0,0,0
,,,,,,64,2026-02-12 12:50:12.871814,RTM1P53,3.35,3.34,3.36,1000000.0,1000000.0,,0,0,0,0,0,0,0
,,,,,,64,2026-02-12 12:50:12.871814,RTM1C54,0.11,0.1,0.12,1000000.0,1000000.0,,0,0,0,0,0,0,0
,,,,,,64,2026-02-12 12:50:12.871814,RTM1P54,4.25,4.24,4.26,1000000.0,1000000.0,,0,0,0,0,0,0,0
3.0,1.0,35.0,,News 1,The analysts have informed you that the realized volatility of RTM next week will be between 36% and 41%,65,2026-02-12 12:50:13.898420,RTM,49.44,49.44,49.46,100000000.0,100000000.0,,0,0,0,0,0,0,0
2.0,1.0,2.0,Week 1,Delta limit and penalty,The delta limit for this sub-heat is 12000 and the penalty percentage is 2%,65,2026-02-12 12:50:13.898420,RTM1C45,4.49,4.48,4.5,1000000.0,1000000.0,,0,0,0,0,0,0,0
1.0,1.0,2.0,Week 1,Risk free rate and current annualized volatility of RTM,The current risk free rate is 0%. RTM is an ETF that mimics one of the major indices in the simulated world and its current annualized realized volatility is 22%. This simulation consists of 20 trading days that are each 15 ticks in length.,65,2026-02-12 12:50:13.898420,RTM1P45,0.05,0.04,0.06,1000000.0,1000000.0,,0,0,0,0,0,0,0
,,,,,,65,2026-02-12 12:50:13.898420,RTM1C46,3.59,3.57,3.59,1000000.0,1000000.0,,0,0,0,0,0,0,0
,,,,,,65,2026-02-12 12:50:13.898420,RTM1P46,0.14,0.12,0.14,1000000.0,1000000.0,,0,0,0,0,0,0,0
,,,,,,65,2026-02-12 12:50:13.898420,RTM1C47,2.72,2.71,2.73,1000000.0,1000000.0,,0,0,0,0,0,0,0
,,,,,,65,2026-02-12 12:50:13.898420,RTM1P47,0.27,0.26,0.28,1000000.0,1000000.0,,0,0,0,0,0,0,0
,,,,,,65,2026-02-12 12:50:13.898420,RTM1C48,1.97,1.96,1.98,1000000.0,1000000.0,,0,0,0,0,0,0,0
,,,,,,65,2026-02-12 12:50:13.898420,RTM1P48,0.52,0.51,0.53,1000000.0,1000000.0,,0,0,0,0,0,0,0
,,,,,,65,2026-02-12 12:50:13.898420,RTM1C49,1.36,1.34,1.36,1000000.0,1000000.0,,0,0,0,0,0,0,0
,,,,,,65,2026-02-12 12:50:13.898420,RTM1P49,0.91,0.89,0.91,1000000.0,1000000.0,,0,0,0,0,0,0,0
,,,,,,65,2026-02-12 12:50:13.898420,RTM1C50,0.9,0.89,0.91,1000000.0,1000000.0,,0,0,0,0,0,0,0
,,,,,,65,2026-02-12 12:50:13.898420,RTM1P50,1.45,1.44,1.46,1000000.0,1000000.0,30.0,0,0,0,0,0,0,0
,,,,,,65,2026-02-12 12:50:13.898420,RTM1C51,0.54,0.53,0.55,1000000.0,1000000.0,,0,0,0,0,0,0,0
,,,,,,65,2026-02-12 12:50:13.898420,RTM1P51,2.1,2.08,2.1,1000000.0,1000000.0,,0,0,0,0,0,0,0
,,,,,,65,2026-02-12 12:50:13.898420,RTM1C52,0.29,0.28,0.3,1000000.0,1000000.0,,0,0,0,0,0,0,0
,,,,,,65,2026-02-12 12:50:13.898420,RTM1P52,2.86,2.84,2.86,1000000.0,1000000.0,,0,0,0,0,0,0,0
,,,,,,65,2026-02-12 12:50:13.898420,RTM1C53,0.15,0.13,0.15,1000000.0,1000000.0,,0,0,0,0,0,0,0
,,,,,,65,2026-02-12 12:50:13.898420,RTM1P53,3.71,3.69,3.71,1000000.0,1000000.0,,0,0,0,0,0,0,0
,,,,,,65,2026-02-12 12:50:13.898420,RTM1C54,0.08,0.06,0.08,1000000.0,1000000.0,,0,0,0,0,0,0,0
,,,,,,65,2026-02-12 12:50:13.898420,RTM1P54,4.63,4.61,4.63,1000000.0,1000000.0,,0,0,0,0,0,0,0
3.0,1.0,35.0,,News 1,The analysts have informed you that the realized volatility of RTM next week will be between 36% and 41%,66,2026-02-12 12:50:14.926556,RTM,49.4,49.39,49.41,100000000.0,100000000.0,,0,0,0,0,0,0,0
2.0,1.0,2.0,Week 1,Delta limit and penalty,The delta limit for this sub-heat is 12000 and the penalty percentage is 2%,66,2026-02-12 12:50:14.926556,RTM1C45,4.46,4.46,4.48,1000000.0,1000000.0,,0,0,0,0,0,0,0
1.0,1.0,2.0,Week 1,Risk free rate and current annualized volatility of RTM,The current risk free rate is 0%. RTM is an ETF that mimics one of the major indices in the simulated world and its current annualized realized volatility is 22%. This simulation consists of 20 trading days that are each 15 ticks in length.,66,2026-02-12 12:50:14.926556,RTM1P45,0.07,0.06,0.08,1000000.0,1000000.0,,0,0,0,0,0,0,0
,,,,,,66,2026-02-12 12:50:14.926556,RTM1C46,3.52,3.52,3.54,1000000.0,1000000.0,,0,0,0,0,0,0,0
,,,,,,66,2026-02-12 12:50:14.926556,RTM1P46,0.11,0.11,0.13,1000000.0,1000000.0,,0,0,0,0,0,0,0
,,,,,,66,2026-02-12 12:50:14.926556,RTM1C47,2.69,2.68,2.7,1000000.0,1000000.0,,0,0,0,0,0,0,0
,,,,,,66,2026-02-12 12:50:14.926556,RTM1P47,0.29,0.28,0.3,1000000.0,1000000.0,,0,0,0,0,0,0,0
,,,,,,66,2026-02-12 12:50:14.926556,RTM1C48,1.96,1.95,1.97,1000000.0,1000000.0,,0,0,0,0,0,0,0
,,,,,,66,2026-02-12 12:50:14.926556,RTM1P48,0.55,0.54,0.56,1000000.0,1000000.0,,0,0,0,0,0,0,0
,,,,,,66,2026-02-12 12:50:14.926556,RTM1C49,1.34,1.32,1.34,1000000.0,1000000.0,,0,0,0,0,0,0,0
,,,,,,66,2026-02-12 12:50:14.926556,RTM1P49,0.93,0.92,0.94,1000000.0,1000000.0,,0,0,0,0,0,0,0
,,,,,,66,2026-02-12 12:50:14.926556,RTM1C50,0.81,0.79,0.81,1000000.0,1000000.0,,0,0,0,0,0,0,0
,,,,,,66,2026-02-12 12:50:14.926556,RTM1P50,1.4,1.39,1.41,1000000.0,1000000.0,30.0,0,0,0,0,0,0,0
,,,,,,66,2026-02-12 12:50:14.926556,RTM1C51,0.48,0.47,0.49,1000000.0,1000000.0,,0,0,0,0,0,0,0
,,,,,,66,2026-02-12 12:50:14.926556,RTM1P51,2.07,2.07,2.09,1000000.0,1000000.0,,0,0,0,0,0,0,0
,,,,,,66,2026-02-12 12:50:14.926556,RTM1C52,0.3,0.29,0.31,1000000.0,1000000.0,,0,0,0,0,0,0,0
,,,,,,66,2026-02-12 12:50:14.926556,RTM1P52,2.9,2.89,2.91,1000000.0,1000000.0,,0,0,0,0,0,0,0
,,,,,,66,2026-02-12 12:50:14.926556,RTM1C53,0.15,0.14,0.16,1000000.0,1000000.0,,0,0,0,0,0,0,0
,,,,,,66,2026-02-12 12:50:14.926556,RTM1P53,3.75,3.74,3.76,1000000.0,1000000.0,,0,0,0,0,0,0,0
,,,,,,66,2026-02-12 12:50:14.926556,RTM1C54,0.07,0.06,0.08,1000000.0,1000000.0,,0,0,0,0,0,0,0
,,,,,,66,2026-02-12 12:50:14.926556,RTM1P54,4.66,4.65,4.67,1000000.0,1000000.0,,0,0,0,0,0,0,0
3.0,1.0,35.0,,News 1,The analysts have informed you that the realized volatility of RTM next week will be between 36% and 41%,67,2026-02-12 12:50:15.952720,RTM,49.35,49.33,49.35,100000000.0,100000000.0,,,0,0,0,0,0,0,0
2.0,1.0,2.0,Week 1,Delta limit and penalty,The delta limit for this sub-heat is 12000 and the penalty percentage is 2%,67,2026-02-12 12:50:15.952720,RTM1C45,4.39,4.38,4.4,1000000.0,1000000.0,,,0,0,0,0,0,0,0
1.0,1.0,2.0,Week 1,Risk free rate and current annualized volatility of RTM,The current risk free rate is 0%. RTM is an ETF that mimics one of the major indices in the simulated world and its current annualized realized volatility is 22%. This simulation consists of 20 trading days that are each 15 ticks in length.,67,2026-02-12 12:50:15.952720,RTM1P45,0.05,0.05,0.07,1000000.0,1000000.0,,,0,0,0,0,0,0,0
,,,,,,67,2026-02-12 12:50:15.952720,RTM1C46,3.47,3.46,3.48,1000000.0,1000000.0,,,0,0,0,0,0,0,0
,,,,,,67,2026-02-12 12:50:15.952720,RTM1P46,0.14,0.12,0.14,1000000.0,1000000.0,,,0,0,0,0,0,0,0
,,,,,,67,2026-02-12 12:50:15.952720,RTM1C47,2.64,2.63,2.65,1000000.0,1000000.0,,,0,0,0,0,0,0,0
,,,,,,67,2026-02-12 12:50:15.952720,RTM1P47,0.3,0.29,0.31,1000000.0,1000000.0,,,0,0,0,0,0,0,0
,,,,,,67,2026-02-12 12:50:15.952720,RTM1C48,1.9,1.9,1.92,1000000.0,1000000.0,,,0,0,0,0,0,0,0
,,,,,,67,2026-02-12 12:50:15.952720,RTM1P48,0.57,0.56,0.58,1000000.0,1000000.0,,,0,0,0,0,0,0,0
,,,,,,67,2026-02-12 12:50:15.952720,RTM1C49,1.31,1.29,1.31,1000000.0,1000000.0,,,0,0,0,0,0,0,0
,,,,,,67,2026-02-12 12:50:15.952720,RTM1P49,0.97,0.95,0.97,1000000.0,1000000.0,1.0,,0,0,0,0,0,0,0
,,,,,,67,2026-02-12 12:50:15.952720,RTM1C50,0.88,0.86,0.88,1000000.0,1000000.0,,,0,0,0,0,0,0,0
,,,,,,67,2026-02-12 12:50:15.952720,RTM1P50,1.54,1.52,1.54,1000000.0,1000000.0,,30.0,0,0,0,0,0,0,0
,,,,,,67,2026-02-12 12:50:15.952720,RTM1C51,0.51,0.49,0.51,1000000.0,1000000.0,,,0,0,0,0,0,0,0
,,,,,,67,2026-02-12 12:50:15.952720,RTM1P51,2.17,2.15,2.17,1000000.0,1000000.0,,,0,0,0,0,0,0,0
,,,,,,67,2026-02-12 12:50:15.952720,RTM1C52,0.26,0.24,0.26,1000000.0,1000000.0,,,0,0,0,0,0,0,0
,,,,,,67,2026-02-12 12:50:15.952720,RTM1P52,2.92,2.91,2.93,1000000.0,1000000.0,,,0,0,0,0,0,0,0
,,,,,,67,2026-02-12 12:50:15.952720,RTM1C53,0.14,0.14,0.16,1000000.0,1000000.0,,,0,0,0,0,0,0,0
,,,,,,67,2026-02-12 12:50:15.952720,RTM1P53,3.8,3.8,3.82,1000000.0,1000000.0,,,0,0,0,0,0,0,0
,,,,,,67,2026-02-12 12:50:15.952720,RTM1C54,0.07,0.05,0.07,1000000.0,1000000.0,,,0,0,0,0,0,0,0
,,,,,,67,2026-02-12 12:50:15.952720,RTM1P54,4.74,4.72,4.74,1000000.0,1000000.0,,,0,0,0,0,0,0,0
3.0,1.0,35.0,,News 1,The analysts have informed you that the realized volatility of RTM next week will be between 36% and 41%,68,2026-02-12 12:50:16.981950,RTM,49.44,49.44,49.46,100000000.0,100000000.0,,0,0,0,0,0,0,0,0
2.0,1.0,2.0,Week 1,Delta limit and penalty,The delta limit for this sub-heat is 12000 and the penalty percentage is 2%,68,2026-02-12 12:50:16.981950,RTM1C45,4.49,4.49,4.51,1000000.0,1000000.0,,0,0,0,0,0,0,0,0
1.0,1.0,2.0,Week 1,Risk free rate and current annualized volatility of RTM,The current risk free rate is 0%. RTM is an ETF that mimics one of the major indices in the simulated world and its current annualized realized volatility is 22%. This simulation consists of 20 trading days that are each 15 ticks in length.,68,2026-02-12 12:50:16.981950,RTM1P45,0.06,0.05,0.07,1000000.0,1000000.0,,0,0,0,0,0,0,0,0
,,,,,,68,2026-02-12 12:50:16.981950,RTM1C46,3.59,3.58,3.6,1000000.0,1000000.0,,0,0,0,0,0,0,0,0
,,,,,,68,2026-02-12 12:50:16.981950,RTM1P46,0.14,0.13,0.15,1000000.0,1000000.0,,0,0,0,0,0,0,0,0
,,,,,,68,2026-02-12 12:50:16.981950,RTM1C47,2.76,2.75,2.77,1000000.0,1000000.0,,0,0,0,0,0,0,0,0
,,,,,,68,2026-02-12 12:50:16.981950,RTM1P47,0.31,0.3,0.32,1000000.0,1000000.0,,0,0,0,0,0,0,0,0
,,,,,,68,2026-02-12 12:50:16.981950,RTM1C48,2.0,1.99,2.01,1000000.0,1000000.0,,0,0,0,0,0,0,0,0
,,,,,,68,2026-02-12 12:50:16.981950,RTM1P48,0.55,0.54,0.56,1000000.0,1000000.0,,0,0,0,0,0,0,0,0
,,,,,,68,2026-02-12 12:50:16.981950,RTM1C49,1.38,1.38,1.4,1000000.0,1000000.0,,0,0,0,0,0,0,0,0
,,,,,,68,2026-02-12 12:50:16.981950,RTM1P49,0.95,0.93,0.95,1000000.0,1000000.0,,0,0,0,0,0,0,0,0
,,,,,,68,2026-02-12 12:50:16.981950,RTM1C50,0.87,0.85,0.87,1000000.0,1000000.0,,0,0,0,0,0,0,0,0
,,,,,,68,2026-02-12 12:50:16.981950,RTM1P50,1.42,1.41,1.43,1000000.0,1000000.0,30.0,0,0,0,0,0,0,0,0
,,,,,,68,2026-02-12 12:50:16.981950,RTM1C51,0.5,0.49,0.51,1000000.0,1000000.0,,0,0,0,0,0,0,0,0
,,,,,,68,2026-02-12 12:50:16.981950,RTM1P51,2.05,2.04,2.06,1000000.0,1000000.0,,0,0,0,0,0,0,0,0
,,,,,,68,2026-02-12 12:50:16.981950,RTM1C52,0.26,0.25,0.27,1000000.0,1000000.0,,0,0,0,0,0,0,0,0
,,,,,,68,2026-02-12 12:50:16.981950,RTM1P52,2.82,2.81,2.83,1000000.0,1000000.0,,0,0,0,0,0,0,0,0
,,,,,,68,2026-02-12 12:50:16.981950,RTM1C53,0.15,0.13,0.15,1000000.0,1000000.0,,0,0,0,0,0,0,0,0
,,,,,,68,2026-02-12 12:50:16.981950,RTM1P53,3.7,3.68,3.7,1000000.0,1000000.0,,0,0,0,0,0,0,0,0
,,,,,,68,2026-02-12 12:50:16.981950,RTM1C54,0.07,0.06,0.08,1000000.0,1000000.0,,0,0,0,0,0,0,0,0
,,,,,,68,2026-02-12 12:50:16.981950,RTM1P54,4.61,4.61,4.63,1000000.0,1000000.0,,0,0,0,0,0,0,0,0
3.0,1.0,35.0,,News 1,The analysts have informed you that the realized volatility of RTM next week will be between 36% and 41%,69,2026-02-12 12:50:18.010479,RTM,49.7,49.7,49.72,100000000.0,100000000.0,,0,0,0,0,0,0,0,0
2.0,1.0,2.0,Week 1,Delta limit and penalty,The delta limit for this sub-heat is 12000 and the penalty percentage is 2%,69,2026-02-12 12:50:18.010479,RTM1C45,4.74,4.73,4.75,1000000.0,1000000.0,,0,0,0,0,0,0,0,0
1.0,1.0,2.0,Week 1,Risk free rate and current annualized volatility of RTM,The current risk free rate is 0%. RTM is an ETF that mimics one of the major indices in the simulated world and its current annualized realized volatility is 22%. This simulation consists of 20 trading days that are each 15 ticks in length.,69,2026-02-12 12:50:18.010479,RTM1P45,0.03,0.02,0.04,1000000.0,1000000.0,,0,0,0,0,0,0,0,0
,,,,,,69,2026-02-12 12:50:18.010479,RTM1C46,3.79,3.78,3.8,1000000.0,1000000.0,,0,0,0,0,0,0,0,0
,,,,,,69,2026-02-12 12:50:18.010479,RTM1P46,0.09,0.08,0.1,1000000.0,1000000.0,,0,0,0,0,0,0,0,0
,,,,,,69,2026-02-12 12:50:18.010479,RTM1C47,2.91,2.9,2.92,1000000.0,1000000.0,,0,0,0,0,0,0,0,0
,,,,,,69,2026-02-12 12:50:18.010479,RTM1P47,0.21,0.2,0.22,1000000.0,1000000.0,,0,0,0,0,0,0,0,0
,,,,,,69,2026-02-12 12:50:18.010479,RTM1C48,2.13,2.13,2.15,1000000.0,1000000.0,,0,0,0,0,0,0,0,0
,,,,,,69,2026-02-12 12:50:18.010479,RTM1P48,0.44,0.43,0.45,1000000.0,1000000.0,,0,0,0,0,0,0,0,0
,,,,,,69,2026-02-12 12:50:18.010479,RTM1C49,1.48,1.47,1.49,1000000.0,1000000.0,,0,0,0,0,0,0,0,0
,,,,,,69,2026-02-12 12:50:18.010479,RTM1P49,0.76,0.76,0.78,1000000.0,1000000.0,,0,0,0,0,0,0,0,0
,,,,,,69,2026-02-12 12:50:18.010479,RTM1C50,0.99,0.97,0.99,1000000.0,1000000.0,,0,0,0,0,0,0,0,0
,,,,,,69,2026-02-12 12:50:18.010479,RTM1P50,1.29,1.27,1.29,1000000.0,1000000.0,30.0,0,0,0,0,0,0,0,0
,,,,,,69,2026-02-12 12:50:18.010479,RTM1C51,0.56,0.55,0.57,1000000.0,1000000.0,,0,0,0,0,0,0,0,0
,,,,,,69,2026-02-12 12:50:18.010479,RTM1P51,1.85,1.85,1.87,1000000.0,1000000.0,,0,0,0,0,0,0,0,0
,,,,,,69,2026-02-12 12:50:18.010479,RTM1C52,0.37,0.35,0.37,1000000.0,1000000.0,,0,0,0,0,0,0,0,0
,,,,,,69,2026-02-12 12:50:18.010479,RTM1P52,2.67,2.65,2.67,1000000.0,1000000.0,,0,0,0,0,0,0,0,0
,,,,,,69,2026-02-12 12:50:18.010479,RTM1C53,0.18,0.16,0.18,1000000.0,1000000.0,,0,0,0,0,0,0,0,0
,,,,,,69,2026-02-12 12:50:18.010479,RTM1P53,3.47,3.45,3.47,1000000.0,1000000.0,,0,0,0,0,0,0,0,0
,,,,,,69,2026-02-12 12:50:18.010479,RTM1C54,0.12,0.1,0.12,1000000.0,1000000.0,,0,0,0,0,0,0,0,0
,,,,,,69,2026-02-12 12:50:18.010479,RTM1P54,4.41,4.39,4.41,1000000.0,1000000.0,,0,0,0,0,0,0,0,0
3.0,1.0,35.0,,News 1,The analysts have informed you that the realized volatility of RTM next week will be between 36% and 41%,70,2026-02-12 12:50:19.036895,RTM,49.83,49.83,49.85,100000000.0,100000000.0,,0,0,0,0,0,0,0,0
2.0,1.0,2.0,Week 1,Delta limit and penalty,The delta limit for this sub-heat is 12000 and the penalty percentage is 2%,70,2026-02-12 12:50:19.036895,RTM1C45,4.88,4.87,4.89,1000000.0,1000000.0,,0,0,0,0,0,0,0,0
1.0,1.0,2.0,Week 1,Risk free rate and current annualized volatility of RTM,The current risk free rate is 0%. RTM is an ETF that mimics one of the major indices in the simulated world and its current annualized realized volatility is 22%. This simulation consists of 20 trading days that are each 15 ticks in length.,70,2026-02-12 12:50:19.036895,RTM1P45,0.04,0.03,0.05,1000000.0,1000000.0,,0,0,0,0,0,0,0,0
,,,,,,70,2026-02-12 12:50:19.036895,RTM1C46,3.92,3.91,3.93,1000000.0,1000000.0,,0,0,0,0,0,0,0,0
,,,,,,70,2026-02-12 12:50:19.036895,RTM1P46,0.08,0.07,0.09,1000000.0,1000000.0,,0,0,0,0,0,0,0,0
,,,,,,70,2026-02-12 12:50:19.036895,RTM1C47,3.03,3.02,3.04,1000000.0,1000000.0,,0,0,0,0,0,0,0,0
,,,,,,70,2026-02-12 12:50:19.036895,RTM1P47,0.19,0.18,0.2,1000000.0,1000000.0,,0,0,0,0,0,0,0,0
,,,,,,70,2026-02-12 12:50:19.036895,RTM1C48,2.26,2.24,2.26,1000000.0,1000000.0,,0,0,0,0,0,0,0,0
,,,,,,70,2026-02-12 12:50:19.036895,RTM1P48,0.41,0.4,0.42,1000000.0,1000000.0,,0,0,0,0,0,0,0,0
,,,,,,70,2026-02-12 12:50:19.036895,RTM1C49,1.62,1.62,1.64,1000000.0,1000000.0,,0,0,0,0,0,0,0,0
,,,,,,70,2026-02-12 12:50:19.036895,RTM1P49,0.79,0.77,0.79,1000000.0,1000000.0,,0,0,0,0,0,0,0,0
,,,,,,70,2026-02-12 12:50:19.036895,RTM1C50,1.09,1.07,1.09,1000000.0,1000000.0,,0,0,0,0,0,0,0,0
,,,,,,70,2026-02-12 12:50:19.036895,RTM1P50,1.24,1.22,1.24,1000000.0,1000000.0,30.0,0,0,0,0,0,0,0,0
,,,,,,70,2026-02-12 12:50:19.036895,RTM1C51,0.69,0.68,0.7,1000000.0,1000000.0,,0,0,0,0,0,0,0,0
,,,,,,70,2026-02-12 12:50:19.036895,RTM1P51,1.85,1.84,1.86,1000000.0,1000000.0,,0,0,0,0,0,0,0,0
,,,,,,70,2026-02-12 12:50:19.036895,RTM1C52,0.34,0.32,0.34,1000000.0,1000000.0,,0,0,0,0,0,0,0,0
,,,,,,70,2026-02-12 12:50:19.036895,RTM1P52,2.5,2.48,2.5,1000000.0,1000000.0,,0,0,0,0,0,0,0,0
,,,,,,70,2026-02-12 12:50:19.036895,RTM1C53,0.2,0.19,0.21,1000000.0,1000000.0,,0,0,0,0,0,0,0,0
,,,,,,70,2026-02-12 12:50:19.036895,RTM1P53,3.35,3.34,3.36,1000000.0,1000000.0,,0,0,0,0,0,0,0,0
,,,,,,70,2026-02-12 12:50:19.036895,RTM1C54,0.09,0.09,0.11,1000000.0,1000000.0,,0,0,0,0,0,0,0,0
,,,,,,70,2026-02-12 12:50:19.036895,RTM1P54,4.25,4.25,4.27,1000000.0,1000000.0,,0,0,0,0,0,0,0,0
3.0,1.0,35.0,,News 1,The analysts have informed you that the realized volatility of RTM next week will be between 36% and 41%,71,2026-02-12 12:50:20.063195,RTM,49.74,49.74,49.76,100000000.0,100000000.0,,0,0,0,0,0,0,0,0
2.0,1.0,2.0,Week 1,Delta limit and penalty,The delta limit for this sub-heat is 12000 and the penalty percentage is 2%,71,2026-02-12 12:50:20.063195,RTM1C45,4.78,4.77,4.79,1000000.0,1000000.0,,0,0,0,0,0,0,0,0
1.0,1.0,2.0,Week 1,Risk free rate and current annualized volatility of RTM,The current risk free rate is 0%. RTM is an ETF that mimics one of the major indices in the simulated world and its current annualized realized volatility is 22%. This simulation consists of 20 trading days that are each 15 ticks in length.,71,2026-02-12 12:50:20.063195,RTM1P45,0.03,0.02,0.04,1000000.0,1000000.0,,0,0,0,0,0,0,0,0
,,,,,,71,2026-02-12 12:50:20.063195,RTM1C46,3.84,3.83,3.85,1000000.0,1000000.0,,0,0,0,0,0,0,0,0
,,,,,,71,2026-02-12 12:50:20.063195,RTM1P46,0.1,0.09,0.11,1000000.0,1000000.0,,0,0,0,0,0,0,0,0
,,,,,,71,2026-02-12 12:50:20.063195,RTM1C47,2.96,2.95,2.97,1000000.0,1000000.0,,0,0,0,0,0,0,0,0
,,,,,,71,2026-02-12 12:50:20.063195,RTM1P47,0.21,0.2,0.22,1000000.0,1000000.0,,0,0,0,0,0,0,0,0
,,,,,,71,2026-02-12 12:50:20.063195,RTM1C48,2.17,2.16,2.18,1000000.0,1000000.0,,0,0,0,0,0,0,0,0
,,,,,,71,2026-02-12 12:50:20.063195,RTM1P48,0.42,0.41,0.43,1000000.0,1000000.0,,0,0,0,0,0,0,0,0
,,,,,,71,2026-02-12 12:50:20.063195,RTM1C49,1.51,1.49,1.51,1000000.0,1000000.0,,0,0,0,0,0,0,0,0
,,,,,,71,2026-02-12 12:50:20.063195,RTM1P49,0.76,0.74,0.76,1000000.0,1000000.0,,0,0,0,0,0,0,0,0
,,,,,,71,2026-02-12 12:50:20.063195,RTM1C50,0.94,0.92,0.94,1000000.0,1000000.0,,0,0,0,0,0,0,0,0
,,,,,,71,2026-02-12 12:50:20.063195,RTM1P50,1.19,1.17,1.19,1000000.0,1000000.0,30.0,0,0,0,0,0,0,0,0
,,,,,,71,2026-02-12 12:50:20.063195,RTM1C51,0.56,0.56,0.58,1000000.0,1000000.0,,0,0,0,0,0,0,0,0
,,,,,,71,2026-02-12 12:50:20.063195,RTM1P51,1.81,1.81,1.83,1000000.0,1000000.0,,0,0,0,0,0,0,0,0
,,,,,,71,2026-02-12 12:50:20.063195,RTM1C52,0.37,0.37,0.39,1000000.0,1000000.0,,0,0,0,0,0,0,0,0
,,,,,,71,2026-02-12 12:50:20.063195,RTM1P52,2.62,2.62,2.64,1000000.0,1000000.0,,0,0,0,0,0,0,0,0
,,,,,,71,2026-02-12 12:50:20.063195,RTM1C53,0.19,0.18,0.2,1000000.0,1000000.0,,0,0,0,0,0,0,0,0
,,,,,,71,2026-02-12 12:50:20.063195,RTM1P53,3.44,3.43,3.45,1000000.0,1000000.0,,0,0,0,0,0,0,0,0
,,,,,,71,2026-02-12 12:50:20.063195,RTM1C54,0.08,0.07,0.09,1000000.0,1000000.0,,0,0,0,0,0,0,0,0
,,,,,,71,2026-02-12 12:50:20.063195,RTM1P54,4.33,4.32,4.34,1000000.0,1000000.0,,0,0,0,0,0,0,0,0
3.0,1.0,35.0,,News 1,The analysts have informed you that the realized volatility of RTM next week will be between 36% and 41%,72,2026-02-12 12:50:21.090750,RTM,49.62,49.62,49.64,100000000.0,100000000.0,,,0,0,0,0,0,0,0
2.0,1.0,2.0,Week 1,Delta limit and penalty,The delta limit for this sub-heat is 12000 and the penalty percentage is 2%,72,2026-02-12 12:50:21.090750,RTM1C45,4.68,4.66,4.68,1000000.0,1000000.0,,,0,0,0,0,0,0,0
1.0,1.0,2.0,Week 1,Risk free rate and current annualized volatility of RTM,The current risk free rate is 0%. RTM is an ETF that mimics one of the major indices in the simulated world and its current annualized realized volatility is 22%. This simulation consists of 20 trading days that are each 15 ticks in length.,72,2026-02-12 12:50:21.090750,RTM1P45,0.04,0.02,0.04,1000000.0,1000000.0,,,0,0,0,0,0,0,0
,,,,,,72,2026-02-12 12:50:21.090750,RTM1C46,3.75,3.74,3.76,1000000.0,1000000.0,,,0,0,0,0,0,0,0
,,,,,,72,2026-02-12 12:50:21.090750,RTM1P46,0.11,0.11,0.13,1000000.0,1000000.0,,,0,0,0,0,0,0,0
,,,,,,72,2026-02-12 12:50:21.090750,RTM1C47,2.84,2.83,2.85,1000000.0,1000000.0,,,0,0,0,0,0,0,0
,,,,,,72,2026-02-12 12:50:21.090750,RTM1P47,0.22,0.2,0.22,1000000.0,1000000.0,,,0,0,0,0,0,0,0
,,,,,,72,2026-02-12 12:50:21.090750,RTM1C48,2.08,2.06,2.08,1000000.0,1000000.0,,,0,0,0,0,0,0,0
,,,,,,72,2026-02-12 12:50:21.090750,RTM1P48,0.45,0.43,0.45,1000000.0,1000000.0,,,0,0,0,0,0,0,0
,,,,,,72,2026-02-12 12:50:21.090750,RTM1C49,1.44,1.44,1.46,1000000.0,1000000.0,,,0,0,0,0,0,0,0
,,,,,,72,2026-02-12 12:50:21.090750,RTM1P49,0.8,0.8,0.82,1000000.0,1000000.0,,,0,0,0,0,0,0,0
,,,,,,72,2026-02-12 12:50:21.090750,RTM1C50,0.9,0.88,0.9,1000000.0,1000000.0,,,0,0,0,0,0,0,0
,,,,,,72,2026-02-12 12:50:21.090750,RTM1P50,1.26,1.25,1.27,1000000.0,1000000.0,1.0,30.0,0,0,0,0,0,0,0
,,,,,,72,2026-02-12 12:50:21.090750,RTM1C51,0.59,0.58,0.6,1000000.0,1000000.0,,,0,0,0,0,0,0,0
,,,,,,72,2026-02-12 12:50:21.090750,RTM1P51,1.94,1.94,1.96,1000000.0,1000000.0,,,0,0,0,0,0,0,0
,,,,,,72,2026-02-12 12:50:21.090750,RTM1C52,0.32,0.31,0.33,1000000.0,1000000.0,,,0,0,0,0,0,0,0
,,,,,,72,2026-02-12 12:50:21.090750,RTM1P52,2.68,2.67,2.69,1000000.0,1000000.0,,,0,0,0,0,0,0,0
,,,,,,72,2026-02-12 12:50:21.090750,RTM1C53,0.16,0.16,0.18,1000000.0,1000000.0,,,0,0,0,0,0,0,0
,,,,,,72,2026-02-12 12:50:21.090750,RTM1P53,3.53,3.53,3.55,1000000.0,1000000.0,,,0,0,0,0,0,0,0
,,,,,,72,2026-02-12 12:50:21.090750,RTM1C54,0.09,0.08,0.1,1000000.0,1000000.0,,,0,0,0,0,0,0,0
,,,,,,72,2026-02-12 12:50:21.090750,RTM1P54,4.46,4.45,4.47,1000000.0,1000000.0,,,0,0,0,0,0,0,0
3.0,1.0,35.0,,News 1,The analysts have informed you that the realized volatility of RTM next week will be between 36% and 41%,73,2026-02-12 12:50:22.117644,RTM,49.82,49.8,49.82,100000000.0,100000000.0,,0,0,0,0,0,0,0,0
2.0,1.0,2.0,Week 1,Delta limit and penalty,The delta limit for this sub-heat is 12000 and the penalty percentage is 2%,73,2026-02-12 12:50:22.117644,RTM1C45,4.84,4.83,4.85,1000000.0,1000000.0,,0,0,0,0,0,0,0,0
1.0,1.0,2.0,Week 1,Risk free rate and current annualized volatility of RTM,The current risk free rate is 0%. RTM is an ETF that mimics one of the major indices in the simulated world and its current annualized realized volatility is 22%. This simulation consists of 20 trading days that are each 15 ticks in length.,73,2026-02-12 12:50:22.117644,RTM1P45,0.03,0.02,0.04,1000000.0,1000000.0,,0,0,0,0,0,0,0,0
,,,,,,73,2026-02-12 12:50:22.117644,RTM1C46,3.9,3.89,3.91,1000000.0,1000000.0,,0,0,0,0,0,0,0,0
,,,,,,73,2026-02-12 12:50:22.117644,RTM1P46,0.1,0.09,0.11,1000000.0,1000000.0,,0,0,0,0,0,0,0,0
,,,,,,73,2026-02-12 12:50:22.117644,RTM1C47,2.99,2.98,3.0,1000000.0,1000000.0,,0,0,0,0,0,0,0,0
,,,,,,73,2026-02-12 12:50:22.117644,RTM1P47,0.19,0.18,0.2,1000000.0,1000000.0,,0,0,0,0,0,0,0,0
,,,,,,73,2026-02-12 12:50:22.117644,RTM1C48,2.26,2.25,2.27,1000000.0,1000000.0,,0,0,0,0,0,0,0,0
,,,,,,73,2026-02-12 12:50:22.117644,RTM1P48,0.45,0.44,0.46,1000000.0,1000000.0,,0,0,0,0,0,0,0,0
,,,,,,73,2026-02-12 12:50:22.117644,RTM1C49,1.54,1.54,1.56,1000000.0,1000000.0,,0,0,0,0,0,0,0,0
,,,,,,73,2026-02-12 12:50:22.117644,RTM1P49,0.76,0.74,0.76,1000000.0,1000000.0,,0,0,0,0,0,0,0,0
,,,,,,73,2026-02-12 12:50:22.117644,RTM1C50,1.03,1.01,1.03,1000000.0,1000000.0,,0,0,0,0,0,0,0,0
,,,,,,73,2026-02-12 12:50:22.117644,RTM1P50,1.2,1.2,1.22,1000000.0,1000000.0,30.0,0,0,0,0,0,0,0,0
,,,,,,73,2026-02-12 12:50:22.117644,RTM1C51,0.63,0.61,0.63,1000000.0,1000000.0,,0,0,0,0,0,0,0,0
,,,,,,73,2026-02-12 12:50:22.117644,RTM1P51,1.82,1.8,1.82,1000000.0,1000000.0,,0,0,0,0,0,0,0,0
,,,,,,73,2026-02-12 12:50:22.117644,RTM1C52,0.33,0.33,0.35,1000000.0,1000000.0,,0,0,0,0,0,0,0,0
,,,,,,73,2026-02-12 12:50:22.117644,RTM1P52,2.53,2.52,2.54,1000000.0,1000000.0,,0,0,0,0,0,0,0,0
,,,,,,73,2026-02-12 12:50:22.117644,RTM1C53,0.21,0.19,0.21,1000000.0,1000000.0,,0,0,0,0,0,0,0,0
,,,,,,73,2026-02-12 12:50:22.117644,RTM1P53,3.39,3.38,3.4,1000000.0,1000000.0,,0,0,0,0,0,0,0,0
,,,,,,73,2026-02-12 12:50:22.117644,RTM1C54,0.08,0.08,0.1,1000000.0,1000000.0,,0,0,0,0,0,0,0,0
,,,,,,73,2026-02-12 12:50:22.117644,RTM1P54,4.28,4.27,4.29,1000000.0,1000000.0,,0,0,0,0,0,0,0,0
3.0,1.0,35.0,,News 1,The analysts have informed you that the realized volatility of RTM next week will be between 36% and 41%,74,2026-02-12 12:50:23.150954,RTM,49.9,49.9,49.92,100000000.0,100000000.0,,0,0,0,0,0,0,0,0
2.0,1.0,2.0,Week 1,Delta limit and penalty,The delta limit for this sub-heat is 12000 and the penalty percentage is 2%,74,2026-02-12 12:50:23.150954,RTM1C45,4.95,4.94,4.96,1000000.0,1000000.0,,0,0,0,0,0,0,0,0
1.0,1.0,2.0,Week 1,Risk free rate and current annualized volatility of RTM,The current risk free rate is 0%. RTM is an ETF that mimics one of the major indices in the simulated world and its current annualized realized volatility is 22%. This simulation consists of 20 trading days that are each 15 ticks in length.,74,2026-02-12 12:50:23.150954,RTM1P45,0.04,0.03,0.05,1000000.0,1000000.0,,0,0,0,0,0,0,0,0
,,,,,,74,2026-02-12 12:50:23.150954,RTM1C46,3.99,3.98,4.0,1000000.0,1000000.0,,0,0,0,0,0,0,0,0
,,,,,,74,2026-02-12 12:50:23.150954,RTM1P46,0.09,0.08,0.1,1000000.0,1000000.0,,0,0,0,0,0,0,0,0
,,,,,,74,2026-02-12 12:50:23.150954,RTM1C47,3.11,3.1,3.12,1000000.0,1000000.0,,0,0,0,0,0,0,0,0
,,,,,,74,2026-02-12 12:50:23.150954,RTM1P47,0.2,0.19,0.21,1000000.0,1000000.0,,0,0,0,0,0,0,0,0
,,,,,,74,2026-02-12 12:50:23.150954,RTM1C48,2.28,2.26,2.28,1000000.0,1000000.0,,0,0,0,0,0,0,0,0
,,,,,,74,2026-02-12 12:50:23.150954,RTM1P48,0.37,0.35,0.37,1000000.0,1000000.0,,0,0,0,0,0,0,0,0
,,,,,,74,2026-02-12 12:50:23.150954,RTM1C49,1.61,1.61,1.63,1000000.0,1000000.0,,0,0,0,0,0,0,0,0
,,,,,,74,2026-02-12 12:50:23.150954,RTM1P49,0.7,0.7,0.72,1000000.0,1000000.0,,0,0,0,0,0,0,0,0
,,,,,,74,2026-02-12 12:50:23.150954,RTM1C50,1.1,1.08,1.1,1000000.0,1000000.0,,0,0,0,0,0,0,0,0
,,,,,,74,2026-02-12 12:50:23.150954,RTM1P50,1.19,1.17,1.19,1000000.0,1000000.0,30.0,0,0,0,0,0,0,0,0
,,,,,,74,2026-02-12 12:50:23.150954,RTM1C51,0.65,0.63,0.65,1000000.0,1000000.0,,0,0,0,0,0,0,0,0
,,,,,,74,2026-02-12 12:50:23.150954,RTM1P51,1.74,1.72,1.74,1000000.0,1000000.0,,0,0,0,0,0,0,0,0
,,,,,,74,2026-02-12 12:50:23.150954,RTM1C52,0.4,0.39,0.41,1000000.0,1000000.0,,0,0,0,0,0,0,0,0
,,,,,,74,2026-02-12 12:50:23.150954,RTM1P52,2.48,2.48,2.5,1000000.0,1000000.0,,0,0,0,0,0,0,0,0
,,,,,,74,2026-02-12 12:50:23.150954,RTM1C53,0.18,0.18,0.2,1000000.0,1000000.0,,0,0,0,0,0,0,0,0
,,,,,,74,2026-02-12 12:50:23.150954,RTM1P53,3.27,3.27,3.29,1000000.0,1000000.0,,0,0,0,0,0,0,0,0
,,,,,,74,2026-02-12 12:50:23.150954,RTM1C54,0.12,0.11,0.13,1000000.0,1000000.0,,0,0,0,0,0,0,0,0
,,,,,,74,2026-02-12 12:50:23.150954,RTM1P54,4.2,4.2,4.22,1000000.0,1000000.0,,0,0,0,0,0,0,0,0
4.0,1.0,74.0,Week 2,Announcement 1,The analysts have informed you that the realized volatility of RTM this week will be 39%,75,2026-02-12 12:50:24.187058,RTM,49.75,49.75,49.77,100000000.0,100000000.0,,0,0,0,0,0,0,0,0
3.0,1.0,35.0,,News 1,The analysts have informed you that the realized volatility of RTM next week will be between 36% and 41%,75,2026-02-12 12:50:24.187058,RTM1C45,4.78,4.78,4.8,1000000.0,1000000.0,,0,0,0,0,0,0,0,0
2.0,1.0,2.0,Week 1,Delta limit and penalty,The delta limit for this sub-heat is 12000 and the penalty percentage is 2%,75,2026-02-12 12:50:24.187058,RTM1P45,0.03,0.02,0.04,1000000.0,1000000.0,,0,0,0,0,0,0,0,0
1.0,1.0,2.0,Week 1,Risk free rate and current annualized volatility of RTM,The current risk free rate is 0%. RTM is an ETF that mimics one of the major indices in the simulated world and its current annualized realized volatility is 22%. This simulation consists of 20 trading days that are each 15 ticks in length.,75,2026-02-12 12:50:24.187058,RTM1C46,3.84,3.84,3.86,1000000.0,1000000.0,,0,0,0,0,0,0,0,0
,,,,,,75,2026-02-12 12:50:24.187058,RTM1P46,0.08,0.08,0.1,1000000.0,1000000.0,,0,0,0,0,0,0,0,0
,,,,,,75,2026-02-12 12:50:24.187058,RTM1C47,2.97,2.96,2.98,1000000.0,1000000.0,,0,0,0,0,0,0,0,0
,,,,,,75,2026-02-12 12:50:24.187058,RTM1P47,0.21,0.2,0.22,1000000.0,1000000.0,,0,0,0,0,0,0,0,0
,,,,,,75,2026-02-12 12:50:24.187058,RTM1C48,2.17,2.16,2.18,1000000.0,1000000.0,,0,0,0,0,0,0,0,0
,,,,,,75,2026-02-12 12:50:24.187058,RTM1P48,0.4,0.4,0.42,1000000.0,1000000.0,,0,0,0,0,0,0,0,0
,,,,,,75,2026-02-12 12:50:24.187058,RTM1C49,1.54,1.52,1.54,1000000.0,1000000.0,,0,0,0,0,0,0,0,0
,,,,,,75,2026-02-12 12:50:24.187058,RTM1P49,0.78,0.76,0.78,1000000.0,1000000.0,,0,0,0,0,0,0,0,0
,,,,,,75,2026-02-12 12:50:24.187058,RTM1C50,0.97,0.95,0.97,1000000.0,1000000.0,,0,0,0,0,0,0,0,0
,,,,,,75,2026-02-12 12:50:24.187058,RTM1P50,1.22,1.2,1.22,1000000.0,1000000.0,30.0,0,0,0,0,0,0,0,0
,,,,,,75,2026-02-12 12:50:24.187058,RTM1C51,0.63,0.61,0.63,1000000.0,1000000.0,,0,0,0,0,0,0,0,0
,,,,,,75,2026-02-12 12:50:24.187058,RTM1P51,1.86,1.86,1.88,1000000.0,1000000.0,,0,0,0,0,0,0,0,0
,,,,,,75,2026-02-12 12:50:24.187058,RTM1C52,0.35,0.34,0.36,1000000.0,1000000.0,,0,0,0,0,0,0,0,0
,,,,,,75,2026-02-12 12:50:24.187058,RTM1P52,2.59,2.58,2.6,1000000.0,1000000.0,,0,0,0,0,0,0,0,0
,,,,,,75,2026-02-12 12:50:24.187058,RTM1C53,0.18,0.17,0.19,1000000.0,1000000.0,,0,0,0,0,0,0,0,0
,,,,,,75,2026-02-12 12:50:24.187058,RTM1P53,3.43,3.41,3.43,1000000.0,1000000.0,,0,0,0,0,0,0,0,0
,,,,,,75,2026-02-12 12:50:24.187058,RTM1C54,0.1,0.09,0.11,1000000.0,1000000.0,,0,0,0,0,0,0,0,0
,,,,,,75,2026-02-12 12:50:24.187058,RTM1P54,4.34,4.33,4.35,1000000.0,1000000.0,,0,0,0,0,0,0,0,0
4.0,1.0,74.0,Week 2,Announcement 1,The analysts have informed you that the realized volatility of RTM this week will be 39%,76,2026-02-12 12:50:25.230651,RTM,49.98,49.96,49.98,100000000.0,100000000.0,,,0,0,0,0,0,0,0,0
3.0,1.0,35.0,,News 1,The analysts have informed you that the realized volatility of RTM next week will be between 36% and 41%,76,2026-02-12 12:50:25.230651,RTM1C45,4.97,4.97,4.99,1000000.0,1000000.0,,,0,0,0,0,0,0,0,0
2.0,1.0,2.0,Week 1,Delta limit and penalty,The delta limit for this sub-heat is 12000 and the penalty percentage is 2%,76,2026-02-12 12:50:25.230651,RTM1P45,0.01,0.01,0.03,1000000.0,1000000.0,,,0,0,0,0,0,0,0,0
1.0,1.0,2.0,Week 1,Risk free rate and current annualized volatility of RTM,The current risk free rate is 0%. RTM is an ETF that mimics one of the major indices in the simulated world and its current annualized realized volatility is 22%. This simulation consists of 20 trading days that are each 15 ticks in length.,76,2026-02-12 12:50:25.230651,RTM1C46,3.98,3.97,3.99,1000000.0,1000000.0,,,0,0,0,0,0,0,0,0
,,,,,,76,2026-02-12 12:50:25.230651,RTM1P46,0.03,0.01,0.03,1000000.0,1000000.0,,,0,0,0,0,0,0,0,0
,,,,,,76,2026-02-12 12:50:25.230651,RTM1C47,3.02,3.01,3.03,1000000.0,1000000.0,100.0,,0,0,0,0,0,0,0,0
,,,,,,76,2026-02-12 12:50:25.230651,RTM1P47,0.06,0.04,0.06,1000000.0,1000000.0,,,0,0,0,0,0,0,0,0
,,,,,,76,2026-02-12 12:50:25.230651,RTM1C48,2.18,2.18,2.19,1000000.0,1000000.0,,100.0,0,0,0,0,0,0,0,0
,,,,,,76,2026-02-12 12:50:25.230651,RTM1P48,0.22,0.2,0.22,1000000.0,1000000.0,,,0,0,0,0,0,0,0,0
,,,,,,76,2026-02-12 12:50:25.230651,RTM1C49,1.36,1.34,1.36,1000000.0,1000000.0,,,0,0,0,0,0,0,0,0
,,,,,,76,2026-02-12 12:50:25.230651,RTM1P49,0.39,0.37,0.39,1000000.0,1000000.0,,,0,0,0,0,0,0,0,0
,,,,,,76,2026-02-12 12:50:25.230651,RTM1C50,0.86,0.84,0.86,1000000.0,1000000.0,,,0,0,0,0,0,0,0,0
,,,,,,76,2026-02-12 12:50:25.230651,RTM1P50,0.89,0.87,0.89,1000000.0,1000000.0,,,0,0,0,0,0,0,0,0
,,,,,,76,2026-02-12 12:50:25.230651,RTM1C51,0.55,0.53,0.55,1000000.0,1000000.0,,,0,0,0,0,0,0,0,0
,,,,,,76,2026-02-12 12:50:25.230651,RTM1P51,1.58,1.56,1.58,1000000.0,1000000.0,,,0,0,0,0,0,0,0,0
,,,,,,76,2026-02-12 12:50:25.230651,RTM1C52,0.29,0.28,0.3,1000000.0,1000000.0,,,0,0,0,0,0,0,0,0
,,,,,,76,2026-02-12 12:50:25.230651,RTM1P52,2.33,2.31,2.33,1000000.0,1000000.0,,,0,0,0,0,0,0,0,0
,,,,,,76,2026-02-12 12:50:25.230651,RTM1C53,0.14,0.12,0.14,1000000.0,1000000.0,,,0,0,0,0,0,0,0,0
,,,,,,76,2026-02-12 12:50:25.230651,RTM1P53,3.17,3.15,3.17,1000000.0,1000000.0,,,0,0,0,0,0,0,0,0
,,,,,,76,2026-02-12 12:50:25.230651,RTM1C54,0.06,0.04,0.06,1000000.0,1000000.0,,,0,0,0,0,0,0,0,0
,,,,,,76,2026-02-12 12:50:25.230651,RTM1P54,4.09,4.07,4.09,1000000.0,1000000.0,,,0,0,0,0,0,0,0,0
4.0,1.0,74.0,Week 2,Announcement 1,The analysts have informed you that the realized volatility of RTM this week will be 39%,77,2026-02-12 12:50:26.262258,RTM,50.2,50.2,50.22,100000000.0,100000000.0,,,0,0,0,0,0,0,0,0
3.0,1.0,35.0,,News 1,The analysts have informed you that the realized volatility of RTM next week will be between 36% and 41%,77,2026-02-12 12:50:26.262258,RTM1C45,5.21,5.2,5.22,1000000.0,1000000.0,100.0,100.0,0,0,0,0,0,0,0,0
2.0,1.0,2.0,Week 1,Delta limit and penalty,The delta limit for this sub-heat is 12000 and the penalty percentage is 2%,77,2026-02-12 12:50:26.262258,RTM1P45,0.01,0.01,0.03,1000000.0,1000000.0,,,0,0,0,0,0,0,0,0
1.0,1.0,2.0,Week 1,Risk free rate and current annualized volatility of RTM,The current risk free rate is 0%. RTM is an ETF that mimics one of the major indices in the simulated world and its current annualized realized volatility is 22%. This simulation consists of 20 trading days that are each 15 ticks in length.,77,2026-02-12 12:50:26.262258,RTM1C46,4.22,4.21,4.23,1000000.0,1000000.0,100.0,100.0,0,0,0,0,0,0,0,0
,,,,,,77,2026-02-12 12:50:26.262258,RTM1P46,0.03,0.01,0.03,1000000.0,1000000.0,,,0,0,0,0,0,0,0,0
,,,,,,77,2026-02-12 12:50:26.262258,RTM1C47,3.24,3.23,3.25,1000000.0,1000000.0,100.0,100.0,0,0,0,0,0,0,0,0
,,,,,,77,2026-02-12 12:50:26.262258,RTM1P47,0.03,0.02,0.04,1000000.0,1000000.0,,,0,0,0,0,0,0,0,0
,,,,,,77,2026-02-12 12:50:26.262258,RTM1C48,2.35,2.34,2.36,1000000.0,1000000.0,,100.0,0,0,0,0,0,0,0,0
,,,,,,77,2026-02-12 12:50:26.262258,RTM1P48,0.14,0.13,0.15,1000000.0,1000000.0,,,0,0,0,0,0,0,0,0
,,,,,,77,2026-02-12 12:50:26.262258,RTM1C49,1.61,1.59,1.61,1000000.0,1000000.0,,,0,0,0,0,0,0,0,0
,,,,,,77,2026-02-12 12:50:26.262258,RTM1P49,0.38,0.38,0.4,1000000.0,1000000.0,,,0,0,0,0,0,0,0,0
,,,,,,77,2026-02-12 12:50:26.262258,RTM1C50,0.96,0.94,0.96,1000000.0,1000000.0,,,0,0,0,0,0,0,0,0
,,,,,,77,2026-02-12 12:50:26.262258,RTM1P50,0.75,0.73,0.75,1000000.0,1000000.0,,,0,0,0,0,0,0,0,0
,,,,,,77,2026-02-12 12:50:26.262258,RTM1C51,0.62,0.6,0.62,1000000.0,1000000.0,5.0,,0,0,0,0,0,0,0,0
,,,,,,77,2026-02-12 12:50:26.262258,RTM1P51,1.42,1.4,1.42,1000000.0,1000000.0,,,0,0,0,0,0,0,0,0
,,,,,,77,2026-02-12 12:50:26.262258,RTM1C52,0.28,0.27,0.29,1000000.0,1000000.0,,,0,0,0,0,0,0,0,0
,,,,,,77,2026-02-12 12:50:26.262258,RTM1P52,2.07,2.06,2.08,1000000.0,1000000.0,,,0,0,0,0,0,0,0,0
,,,,,,77,2026-02-12 12:50:26.262258,RTM1C53,0.17,0.16,0.18,1000000.0,1000000.0,,,0,0,0,0,0,0,0,0
,,,,,,77,2026-02-12 12:50:26.262258,RTM1P53,2.96,2.95,2.97,1000000.0,1000000.0,,,0,0,0,0,0,0,0,0
,,,,,,77,2026-02-12 12:50:26.262258,RTM1C54,0.05,0.04,0.06,1000000.0,1000000.0,,,0,0,0,0,0,0,0,0
,,,,,,77,2026-02-12 12:50:26.262258,RTM1P54,3.84,3.83,3.85,1000000.0,1000000.0,,,0,0,0,0,0,0,0,0
4.0,1.0,74.0,Week 2,Announcement 1,The analysts have informed you that the realized volatility of RTM this week will be 39%,78,2026-02-12 12:50:27.288638,RTM,50.47,50.47,50.49,100000000.0,100000000.0,,,0,0,0,0,0,0,0,0
3.0,1.0,35.0,,News 1,The analysts have informed you that the realized volatility of RTM next week will be between 36% and 41%,78,2026-02-12 12:50:27.288638,RTM1C45,5.49,5.48,5.5,1000000.0,1000000.0,100.0,100.0,0,0,0,0,0,0,0,0
2.0,1.0,2.0,Week 1,Delta limit and penalty,The delta limit for this sub-heat is 12000 and the penalty percentage is 2%,78,2026-02-12 12:50:27.288638,RTM1P45,0.02,0.01,0.03,1000000.0,1000000.0,,,0,0,0,0,0,0,0,0
1.0,1.0,2.0,Week 1,Risk free rate and current annualized volatility of RTM,The current risk free rate is 0%. RTM is an ETF that mimics one of the major indices in the simulated world and its current annualized realized volatility is 22%. This simulation consists of 20 trading days that are each 15 ticks in length.,78,2026-02-12 12:50:27.288638,RTM1C46,4.5,4.49,4.51,1000000.0,1000000.0,100.0,100.0,0,0,0,0,0,0,0,0
,,,,,,78,2026-02-12 12:50:27.288638,RTM1P46,0.02,0.01,0.03,1000000.0,1000000.0,,,0,0,0,0,0,0,0,0
,,,,,,78,2026-02-12 12:50:27.288638,RTM1C47,3.52,3.51,3.53,1000000.0,1000000.0,100.0,100.0,0,0,0,0,0,0,0,0
,,,,,,78,2026-02-12 12:50:27.288638,RTM1P47,0.05,0.03,0.05,1000000.0,1000000.0,,,0,0,0,0,0,0,0,0
,,,,,,78,2026-02-12 12:50:27.288638,RTM1C48,2.61,2.59,2.61,1000000.0,1000000.0,,100.0,0,0,0,0,0,0,0,0
,,,,,,78,2026-02-12 12:50:27.288638,RTM1P48,0.13,0.11,0.13,1000000.0,1000000.0,,,0,0,0,0,0,0,0,0
,,,,,,78,2026-02-12 12:50:27.288638,RTM1C49,1.85,1.83,1.85,1000000.0,1000000.0,,,0,0,0,0,0,0,0,0
,,,,,,78,2026-02-12 12:50:27.288638,RTM1P49,0.37,0.35,0.37,1000000.0,1000000.0,,,0,0,0,0,0,0,0,0
,,,,,,78,2026-02-12 12:50:27.288638,RTM1C50,1.15,1.13,1.15,1000000.0,1000000.0,,,0,0,0,0,0,0,0,0
,,,,,,78,2026-02-12 12:50:27.288638,RTM1P50,0.67,0.65,0.67,1000000.0,1000000.0,,,0,0,0,0,0,0,0,0
,,,,,,78,2026-02-12 12:50:27.288638,RTM1C51,0.86,0.86,0.88,1000000.0,1000000.0,5.0,,0,0,0,0,0,0,0,0
,,,,,,78,2026-02-12 12:50:27.288638,RTM1P51,1.4,1.38,1.4,1000000.0,1000000.0,,,0,0,0,0,0,0,0,0
,,,,,,78,2026-02-12 12:50:27.288638,RTM1C52,0.34,0.32,0.34,1000000.0,1000000.0,,,0,0,0,0,0,0,0,0
,,,,,,78,2026-02-12 12:50:27.288638,RTM1P52,1.85,1.84,1.86,1000000.0,1000000.0,,,0,0,0,0,0,0,0,0
,,,,,,78,2026-02-12 12:50:27.288638,RTM1C53,0.23,0.21,0.23,1000000.0,1000000.0,,,0,0,0,0,0,0,0,0
,,,,,,78,2026-02-12 12:50:27.288638,RTM1P53,2.74,2.73,2.75,1000000.0,1000000.0,,,0,0,0,0,0,0,0,0
,,,,,,78,2026-02-12 12:50:27.288638,RTM1C54,0.1,0.09,0.11,1000000.0,1000000.0,,,0,0,0,0,0,0,0,0
,,,,,,78,2026-02-12 12:50:27.288638,RTM1P54,3.62,3.61,3.63,1000000.0,1000000.0,,,0,0,0,0,0,0,0,0
4.0,1.0,74.0,Week 2,Announcement 1,The analysts have informed you that the realized volatility of RTM this week will be 39%,79,2026-02-12 12:50:28.317667,RTM,50.53,50.53,50.55,100000000.0,100000000.0,,,0,0,0,0,0,0,0,0
3.0,1.0,35.0,,News 1,The analysts have informed you that the realized volatility of RTM next week will be between 36% and 41%,79,2026-02-12 12:50:28.317667,RTM1C45,5.54,5.54,5.56,1000000.0,1000000.0,100.0,100.0,0,0,0,0,0,0,0,0
2.0,1.0,2.0,Week 1,Delta limit and penalty,The delta limit for this sub-heat is 12000 and the penalty percentage is 2%,79,2026-02-12 12:50:28.317667,RTM1P45,0.01,0.01,0.03,1000000.0,1000000.0,,,0,0,0,0,0,0,0,0
1.0,1.0,2.0,Week 1,Risk free rate and current annualized volatility of RTM,The current risk free rate is 0%. RTM is an ETF that mimics one of the major indices in the simulated world and its current annualized realized volatility is 22%. This simulation consists of 20 trading days that are each 15 ticks in length.,79,2026-02-12 12:50:28.317667,RTM1C46,4.56,4.55,4.57,1000000.0,1000000.0,100.0,100.0,0,0,0,0,0,0,0,0
,,,,,,79,2026-02-12 12:50:28.317667,RTM1P46,0.02,0.01,0.03,1000000.0,1000000.0,,,0,0,0,0,0,0,0,0
,,,,,,79,2026-02-12 12:50:28.317667,RTM1C47,3.61,3.6,3.62,1000000.0,1000000.0,100.0,100.0,0,0,0,0,0,0,0,0
,,,,,,79,2026-02-12 12:50:28.317667,RTM1P47,0.07,0.06,0.08,1000000.0,1000000.0,,,0,0,0,0,0,0,0,0
,,,,,,79,2026-02-12 12:50:28.317667,RTM1C48,2.68,2.67,2.69,1000000.0,1000000.0,,100.0,0,0,0,0,0,0,0,0
,,,,,,79,2026-02-12 12:50:28.317667,RTM1P48,0.13,0.12,0.14,1000000.0,1000000.0,,,0,0,0,0,0,0,0,0
,,,,,,79,2026-02-12 12:50:28.317667,RTM1C49,1.91,1.91,1.93,1000000.0,1000000.0,,,0,0,0,0,0,0,0,0
,,,,,,79,2026-02-12 12:50:28.317667,RTM1P49,0.39,0.37,0.39,1000000.0,1000000.0,,,0,0,0,0,0,0,0,0
,,,,,,79,2026-02-12 12:50:28.317667,RTM1C50,1.34,1.34,1.36,1000000.0,1000000.0,,,0,0,0,0,0,0,0,0
,,,,,,79,2026-02-12 12:50:28.317667,RTM1P50,0.79,0.79,0.81,1000000.0,1000000.0,,,0,0,0,0,0,0,0,0
,,,,,,79,2026-02-12 12:50:28.317667,RTM1C51,0.72,0.7,0.72,1000000.0,1000000.0,5.0,,0,0,0,0,0,0,0,0
,,,,,,79,2026-02-12 12:50:28.317667,RTM1P51,1.17,1.15,1.17,1000000.0,1000000.0,,,0,0,0,0,0,0,0,0
,,,,,,79,2026-02-12 12:50:28.317667,RTM1C52,0.37,0.35,0.37,1000000.0,1000000.0,,,0,0,0,0,0,0,0,0
,,,,,,79,2026-02-12 12:50:28.317667,RTM1P52,1.82,1.8,1.82,1000000.0,1000000.0,,,0,0,0,0,0,0,0,0
,,,,,,79,2026-02-12 12:50:28.317667,RTM1C53,0.32,0.3,0.32,1000000.0,1000000.0,,,0,0,0,0,0,0,0,0
,,,,,,79,2026-02-12 12:50:28.317667,RTM1P53,2.78,2.76,2.78,1000000.0,1000000.0,,,0,0,0,0,0,0,0,0
,,,,,,79,2026-02-12 12:50:28.317667,RTM1C54,0.14,0.12,0.14,1000000.0,1000000.0,,,0,0,0,0,0,0,0,0
,,,,,,79,2026-02-12 12:50:28.317667,RTM1P54,3.6,3.58,3.6,1000000.0,1000000.0,,,0,0,0,0,0,0,0,0
4.0,1.0,74.0,Week 2,Announcement 1,The analysts have informed you that the realized volatility of RTM this week will be 39%,80,2026-02-12 12:50:29.345327,RTM,50.23,50.21,50.23,100000000.0,100000000.0,,,,,0,0,0,0,0,0,0
3.0,1.0,35.0,,News 1,The analysts have informed you that the realized volatility of RTM next week will be between 36% and 41%,80,2026-02-12 12:50:29.345327,RTM1C45,5.24,5.22,5.24,1000000.0,1000000.0,100.0,100.0,,,0,0,0,0,0,0,0
2.0,1.0,2.0,Week 1,Delta limit and penalty,The delta limit for this sub-heat is 12000 and the penalty percentage is 2%,80,2026-02-12 12:50:29.345327,RTM1P45,0.01,0.01,0.03,1000000.0,1000000.0,,,,,0,0,0,0,0,0,0
1.0,1.0,2.0,Week 1,Risk free rate and current annualized volatility of RTM,The current risk free rate is 0%. RTM is an ETF that mimics one of the major indices in the simulated world and its current annualized realized volatility is 22%. This simulation consists of 20 trading days that are each 15 ticks in length.,80,2026-02-12 12:50:29.345327,RTM1C46,4.29,4.28,4.3,1000000.0,1000000.0,100.0,100.0,,,0,0,0,0,0,0,0
,,,,,,80,2026-02-12 12:50:29.345327,RTM1P46,0.06,0.06,0.08,1000000.0,1000000.0,,,,,0,0,0,0,0,0,0
,,,,,,80,2026-02-12 12:50:29.345327,RTM1C47,3.32,3.31,3.33,1000000.0,1000000.0,100.0,100.0,,,0,0,0,0,0,0,0
,,,,,,80,2026-02-12 12:50:29.345327,RTM1P47,0.09,0.08,0.1,1000000.0,1000000.0,,,,,0,0,0,0,0,0,0
,,,,,,80,2026-02-12 12:50:29.345327,RTM1C48,2.47,2.46,2.48,1000000.0,1000000.0,,100.0,,,0,0,0,0,0,0,0
,,,,,,80,2026-02-12 12:50:29.345327,RTM1P48,0.24,0.23,0.25,1000000.0,1000000.0,,,,,0,0,0,0,0,0,0
,,,,,,80,2026-02-12 12:50:29.345327,RTM1C49,1.56,1.54,1.56,1000000.0,1000000.0,,,,,0,0,0,0,0,0,0
,,,,,,80,2026-02-12 12:50:29.345327,RTM1P49,0.32,0.31,0.33,1000000.0,1000000.0,,,,,0,0,0,0,0,0,0
,,,,,,80,2026-02-12 12:50:29.345327,RTM1C50,1.02,1.0,1.02,1000000.0,1000000.0,,,,,0,0,0,0,0,0,0
,,,,,,80,2026-02-12 12:50:29.345327,RTM1P50,0.8,0.78,0.8,1000000.0,1000000.0,,,,,0,0,0,0,0,0,0
,,,,,,80,2026-02-12 12:50:29.345327,RTM1C51,0.76,0.74,0.76,1000000.0,1000000.0,5.0,,,,0,0,0,0,0,0,0
,,,,,,80,2026-02-12 12:50:29.345327,RTM1P51,1.53,1.51,1.53,1000000.0,1000000.0,,,30.0,100.0,0,0,0,0,0,0,0
,,,,,,80,2026-02-12 12:50:29.345327,RTM1C52,0.41,0.39,0.41,1000000.0,1000000.0,,,,,0,0,0,0,0,0,0
,,,,,,80,2026-02-12 12:50:29.345327,RTM1P52,2.18,2.16,2.18,1000000.0,1000000.0,,,,,0,0,0,0,0,0,0
,,,,,,80,2026-02-12 12:50:29.345327,RTM1C53,0.25,0.23,0.25,1000000.0,1000000.0,,,,,0,0,0,0,0,0,0
,,,,,,80,2026-02-12 12:50:29.345327,RTM1P53,3.03,3.01,3.03,1000000.0,1000000.0,,,,,0,0,0,0,0,0,0
,,,,,,80,2026-02-12 12:50:29.345327,RTM1C54,0.11,0.09,0.11,1000000.0,1000000.0,,,,,0,0,0,0,0,0,0
,,,,,,80,2026-02-12 12:50:29.345327,RTM1P54,3.88,3.86,3.88,1000000.0,1000000.0,,,,,0,0,0,0,0,0,0
4.0,1.0,74.0,Week 2,Announcement 1,The analysts have informed you that the realized volatility of RTM this week will be 39%,81,2026-02-12 12:50:30.376370,RTM,50.3,50.3,50.32,100000000.0,100000000.0,,,,,0,0,0,0,0,0,0
3.0,1.0,35.0,,News 1,The analysts have informed you that the realized volatility of RTM next week will be between 36% and 41%,81,2026-02-12 12:50:30.376370,RTM1C45,5.32,5.32,5.34,1000000.0,1000000.0,100.0,100.0,,,0,0,0,0,0,0,0
2.0,1.0,2.0,Week 1,Delta limit and penalty,The delta limit for this sub-heat is 12000 and the penalty percentage is 2%,81,2026-02-12 12:50:30.376370,RTM1P45,0.01,0.01,0.03,1000000.0,1000000.0,,,,,0,0,0,0,0,0,0
1.0,1.0,2.0,Week 1,Risk free rate and current annualized volatility of RTM,The current risk free rate is 0%. RTM is an ETF that mimics one of the major indices in the simulated world and its current annualized realized volatility is 22%. This simulation consists of 20 trading days that are each 15 ticks in length.,81,2026-02-12 12:50:30.376370,RTM1C46,4.37,4.35,4.37,1000000.0,1000000.0,100.0,100.0,,,0,0,0,0,0,0,0
,,,,,,81,2026-02-12 12:50:30.376370,RTM1P46,0.06,0.04,0.06,1000000.0,1000000.0,,,,,0,0,0,0,0,0,0
,,,,,,81,2026-02-12 12:50:30.376370,RTM1C47,3.44,3.42,3.44,1000000.0,1000000.0,100.0,100.0,,,0,0,0,0,0,0,0
,,,,,,81,2026-02-12 12:50:30.376370,RTM1P47,0.13,0.11,0.13,1000000.0,1000000.0,,,,,0,0,0,0,0,0,0
,,,,,,81,2026-02-12 12:50:30.376370,RTM1C48,2.66,2.66,2.68,1000000.0,1000000.0,,100.0,,,0,0,0,0,0,0,0
,,,,,,81,2026-02-12 12:50:30.376370,RTM1P48,0.36,0.36,0.38,1000000.0,1000000.0,,,,,0,0,0,0,0,0,0
,,,,,,81,2026-02-12 12:50:30.376370,RTM1C49,1.81,1.79,1.81,1000000.0,1000000.0,,,,,0,0,0,0,0,0,0
,,,,,,81,2026-02-12 12:50:30.376370,RTM1P49,0.5,0.48,0.5,1000000.0,1000000.0,,,,,0,0,0,0,0,0,0
,,,,,,81,2026-02-12 12:50:30.376370,RTM1C50,1.29,1.27,1.29,1000000.0,1000000.0,,,,,0,0,0,0,0,0,0
,,,,,,81,2026-02-12 12:50:30.376370,RTM1P50,0.99,0.97,0.99,1000000.0,1000000.0,,,,,0,0,0,0,0,0,0
,,,,,,81,2026-02-12 12:50:30.376370,RTM1C51,0.82,0.8,0.82,1000000.0,1000000.0,5.0,,,,0,0,0,0,0,0,0
,,,,,,81,2026-02-12 12:50:30.376370,RTM1P51,1.49,1.49,1.51,1000000.0,1000000.0,,,30.0,100.0,0,0,0,0,0,0,0
,,,,,,81,2026-02-12 12:50:30.376370,RTM1C52,0.37,0.35,0.37,1000000.0,1000000.0,,,,,0,0,0,0,0,0,0
,,,,,,81,2026-02-12 12:50:30.376370,RTM1P52,2.07,2.05,2.07,1000000.0,1000000.0,,,,,0,0,0,0,0,0,0
,,,,,,81,2026-02-12 12:50:30.376370,RTM1C53,0.25,0.23,0.25,1000000.0,1000000.0,,,,,0,0,0,0,0,0,0
,,,,,,81,2026-02-12 12:50:30.376370,RTM1P53,2.94,2.92,2.94,1000000.0,1000000.0,,,,,0,0,0,0,0,0,0
,,,,,,81,2026-02-12 12:50:30.376370,RTM1C54,0.09,0.07,0.09,1000000.0,1000000.0,,,,,0,0,0,0,0,0,0
,,,,,,81,2026-02-12 12:50:30.376370,RTM1P54,3.78,3.76,3.78,1000000.0,1000000.0,,,,,0,0,0,0,0,0,0
4.0,1.0,74.0,Week 2,Announcement 1,The analysts have informed you that the realized volatility of RTM this week will be 39%,82,2026-02-12 12:50:31.407215,RTM,50.4,50.4,50.42,100000000.0,100000000.0,,,,,0,0,0,0,0,0,0
3.0,1.0,35.0,,News 1,The analysts have informed you that the realized volatility of RTM next week will be between 36% and 41%,82,2026-02-12 12:50:31.407215,RTM1C45,5.45,5.44,5.46,1000000.0,1000000.0,100.0,100.0,,,0,0,0,0,0,0,0
2.0,1.0,2.0,Week 1,Delta limit and penalty,The delta limit for this sub-heat is 12000 and the penalty percentage is 2%,82,2026-02-12 12:50:31.407215,RTM1P45,0.05,0.03,0.05,1000000.0,1000000.0,,,,,0,0,0,0,0,0,0
1.0,1.0,2.0,Week 1,Risk free rate and current annualized volatility of RTM,The current risk free rate is 0%. RTM is an ETF that mimics one of the major indices in the simulated world and its current annualized realized volatility is 22%. This simulation consists of 20 trading days that are each 15 ticks in length.,82,2026-02-12 12:50:31.407215,RTM1C46,4.47,4.45,4.47,1000000.0,1000000.0,100.0,100.0,,,0,0,0,0,0,0,0
,,,,,,82,2026-02-12 12:50:31.407215,RTM1P46,0.04,0.04,0.06,1000000.0,1000000.0,,,,,0,0,0,0,0,0,0
,,,,,,82,2026-02-12 12:50:31.407215,RTM1C47,3.56,3.55,3.57,1000000.0,1000000.0,100.0,100.0,,,0,0,0,0,0,0,0
,,,,,,82,2026-02-12 12:50:31.407215,RTM1P47,0.14,0.14,0.16,1000000.0,1000000.0,,,,,0,0,0,0,0,0,0
,,,,,,82,2026-02-12 12:50:31.407215,RTM1C48,2.61,2.6,2.62,1000000.0,1000000.0,,100.0,,,0,0,0,0,0,0,0
,,,,,,82,2026-02-12 12:50:31.407215,RTM1P48,0.2,0.19,0.21,1000000.0,1000000.0,,,,,0,0,0,0,0,0,0
,,,,,,82,2026-02-12 12:50:31.407215,RTM1C49,1.87,1.85,1.87,1000000.0,1000000.0,,,,,0,0,0,0,0,0,0
,,,,,,82,2026-02-12 12:50:31.407215,RTM1P49,0.44,0.44,0.46,1000000.0,1000000.0,,,,,0,0,0,0,0,0,0
,,,,,,82,2026-02-12 12:50:31.407215,RTM1C50,1.43,1.43,1.45,1000000.0,1000000.0,,,,,0,0,0,0,0,0,0
,,,,,,82,2026-02-12 12:50:31.407215,RTM1P50,1.02,1.02,1.04,1000000.0,1000000.0,,,,,0,0,0,0,0,0,0
,,,,,,82,2026-02-12 12:50:31.407215,RTM1C51,0.76,0.74,0.76,1000000.0,1000000.0,5.0,,,,0,0,0,0,0,0,0
,,,,,,82,2026-02-12 12:50:31.407215,RTM1P51,1.35,1.33,1.35,1000000.0,1000000.0,,,30.0,100.0,0,0,0,0,0,0,0
,,,,,,82,2026-02-12 12:50:31.407215,RTM1C52,0.57,0.57,0.59,1000000.0,1000000.0,,,,,0,0,0,0,0,0,0
,,,,,,82,2026-02-12 12:50:31.407215,RTM1P52,2.16,2.16,2.18,1000000.0,1000000.0,,,,,0,0,0,0,0,0,0
,,,,,,82,2026-02-12 12:50:31.407215,RTM1C53,0.32,0.32,0.34,1000000.0,1000000.0,,,,,0,0,0,0,0,0,0
,,,,,,82,2026-02-12 12:50:31.407215,RTM1P53,2.91,2.91,2.93,1000000.0,1000000.0,,,,,0,0,0,0,0,0,0
,,,,,,82,2026-02-12 12:50:31.407215,RTM1C54,0.16,0.14,0.16,1000000.0,1000000.0,,,,,0,0,0,0,0,0,0
,,,,,,82,2026-02-12 12:50:31.407215,RTM1P54,3.74,3.72,3.74,1000000.0,1000000.0,,,,,0,0,0,0,0,0,0
4.0,1.0,74.0,Week 2,Announcement 1,The analysts have informed you that the realized volatility of RTM this week will be 39%,83,2026-02-12 12:50:32.432959,RTM,50.54,50.54,50.56,100000000.0,100000000.0,,,,,0,0,0,0,0,0,0
3.0,1.0,35.0,,News 1,The analysts have informed you that the realized volatility of RTM next week will be between 36% and 41%,83,2026-02-12 12:50:32.432959,RTM1C45,5.6,5.58,5.6,1000000.0,1000000.0,100.0,100.0,,,0,0,0,0,0,0,0
2.0,1.0,2.0,Week 1,Delta limit and penalty,The delta limit for this sub-heat is 12000 and the penalty percentage is 2%,83,2026-02-12 12:50:32.432959,RTM1P45,0.03,0.03,0.05,1000000.0,1000000.0,,,,,0,0,0,0,0,0,0
1.0,1.0,2.0,Week 1,Risk free rate and current annualized volatility of RTM,The current risk free rate is 0%. RTM is an ETF that mimics one of the major indices in the simulated world and its current annualized realized volatility is 22%. This simulation consists of 20 trading days that are each 15 ticks in length.,83,2026-02-12 12:50:32.432959,RTM1C46,4.61,4.61,4.63,1000000.0,1000000.0,100.0,100.0,,,0,0,0,0,0,0,0
,,,,,,83,2026-02-12 12:50:32.432959,RTM1P46,0.06,0.06,0.08,1000000.0,1000000.0,,,,,0,0,0,0,0,0,0
,,,,,,83,2026-02-12 12:50:32.432959,RTM1C47,3.67,3.65,3.67,1000000.0,1000000.0,100.0,100.0,,,0,0,0,0,0,0,0
,,,,,,83,2026-02-12 12:50:32.432959,RTM1P47,0.12,0.1,0.12,1000000.0,1000000.0,,,,,0,0,0,0,0,0,0
,,,,,,83,2026-02-12 12:50:32.432959,RTM1C48,2.91,2.91,2.93,1000000.0,1000000.0,,100.0,,,0,0,0,0,0,0,0
,,,,,,83,2026-02-12 12:50:32.432959,RTM1P48,0.36,0.36,0.38,1000000.0,1000000.0,,,,,0,0,0,0,0,0,0
,,,,,,83,2026-02-12 12:50:32.432959,RTM1C49,2.0,1.98,2.0,1000000.0,1000000.0,,,,,0,0,0,0,0,0,0
,,,,,,83,2026-02-12 12:50:32.432959,RTM1P49,0.46,0.44,0.46,1000000.0,1000000.0,,,,,0,0,0,0,0,0,0
,,,,,,83,2026-02-12 12:50:32.432959,RTM1C50,1.43,1.41,1.43,1000000.0,1000000.0,,,,,0,0,0,0,0,0,0
,,,,,,83,2026-02-12 12:50:32.432959,RTM1P50,0.88,0.86,0.88,1000000.0,1000000.0,,,,,0,0,0,0,0,0,0
,,,,,,83,2026-02-12 12:50:32.432959,RTM1C51,1.08,1.08,1.1,1000000.0,1000000.0,5.0,,,,0,0,0,0,0,0,0
,,,,,,83,2026-02-12 12:50:32.432959,RTM1P51,1.55,1.53,1.55,1000000.0,1000000.0,,,30.0,100.0,0,0,0,0,0,0,0
,,,,,,83,2026-02-12 12:50:32.432959,RTM1C52,0.6,0.6,0.62,1000000.0,1000000.0,,,,,0,0,0,0,0,0,0
,,,,,,83,2026-02-12 12:50:32.432959,RTM1P52,2.07,2.05,2.07,1000000.0,1000000.0,,,,,0,0,0,0,0,0,0
,,,,,,83,2026-02-12 12:50:32.432959,RTM1C53,0.36,0.35,0.37,1000000.0,1000000.0,,,,,0,0,0,0,0,0,0
,,,,,,83,2026-02-12 12:50:32.432959,RTM1P53,2.8,2.8,2.82,1000000.0,1000000.0,,,,,0,0,0,0,0,0,0
,,,,,,83,2026-02-12 12:50:32.432959,RTM1C54,0.17,0.15,0.17,1000000.0,1000000.0,,,,,0,0,0,0,0,0,0
,,,,,,83,2026-02-12 12:50:32.432959,RTM1P54,3.63,3.61,3.63,1000000.0,1000000.0,,,,,0,0,0,0,0,0,0
4.0,1.0,74.0,Week 2,Announcement 1,The analysts have informed you that the realized volatility of RTM this week will be 39%,84,2026-02-12 12:50:33.459467,RTM,50.42,50.42,50.44,100000000.0,100000000.0,,,,,0,0,0,0,0,0,0
3.0,1.0,35.0,,News 1,The analysts have informed you that the realized volatility of RTM next week will be between 36% and 41%,84,2026-02-12 12:50:33.459467,RTM1C45,5.46,5.46,5.48,1000000.0,1000000.0,100.0,100.0,,,0,0,0,0,0,0,0
2.0,1.0,2.0,Week 1,Delta limit and penalty,The delta limit for this sub-heat is 12000 and the penalty percentage is 2%,84,2026-02-12 12:50:33.459467,RTM1P45,0.04,0.02,0.04,1000000.0,1000000.0,,,,,0,0,0,0,0,0,0
1.0,1.0,2.0,Week 1,Risk free rate and current annualized volatility of RTM,The current risk free rate is 0%. RTM is an ETF that mimics one of the major indices in the simulated world and its current annualized realized volatility is 22%. This simulation consists of 20 trading days that are each 15 ticks in length.,84,2026-02-12 12:50:33.459467,RTM1C46,4.49,4.48,4.5,1000000.0,1000000.0,100.0,100.0,,,0,0,0,0,0,0,0
,,,,,,84,2026-02-12 12:50:33.459467,RTM1P46,0.06,0.05,0.07,1000000.0,1000000.0,,,,,0,0,0,0,0,0,0
,,,,,,84,2026-02-12 12:50:33.459467,RTM1C47,3.67,3.66,3.68,1000000.0,1000000.0,100.0,100.0,,,0,0,0,0,0,0,0
,,,,,,84,2026-02-12 12:50:33.459467,RTM1P47,0.24,0.23,0.25,1000000.0,1000000.0,,,,,0,0,0,0,0,0,0
,,,,,,84,2026-02-12 12:50:33.459467,RTM1C48,2.87,2.86,2.88,1000000.0,1000000.0,,100.0,,,0,0,0,0,0,0,0
,,,,,,84,2026-02-12 12:50:33.459467,RTM1P48,0.44,0.43,0.45,1000000.0,1000000.0,,,,,0,0,0,0,0,0,0
,,,,,,84,2026-02-12 12:50:33.459467,RTM1C49,1.96,1.94,1.96,1000000.0,1000000.0,,,,,0,0,0,0,0,0,0
,,,,,,84,2026-02-12 12:50:33.459467,RTM1P49,0.53,0.51,0.53,1000000.0,1000000.0,,,,,0,0,0,0,0,0,0
,,,,,,84,2026-02-12 12:50:33.459467,RTM1C50,1.48,1.48,1.5,1000000.0,1000000.0,,,,,0,0,0,0,0,0,0
,,,,,,84,2026-02-12 12:50:33.459467,RTM1P50,1.07,1.05,1.07,1000000.0,1000000.0,,,,,0,0,0,0,0,0,0
,,,,,,84,2026-02-12 12:50:33.459467,RTM1C51,1.08,1.06,1.08,1000000.0,1000000.0,5.0,,,,0,0,0,0,0,0,0
,,,,,,84,2026-02-12 12:50:33.459467,RTM1P51,1.65,1.63,1.65,1000000.0,1000000.0,,,30.0,100.0,0,0,0,0,0,0,0
,,,,,,84,2026-02-12 12:50:33.459467,RTM1C52,0.55,0.53,0.55,1000000.0,1000000.0,,,,,0,0,0,0,0,0,0
,,,,,,84,2026-02-12 12:50:33.459467,RTM1P52,2.12,2.1,2.12,1000000.0,1000000.0,,,,,0,0,0,0,0,0,0
,,,,,,84,2026-02-12 12:50:33.459467,RTM1C53,0.3,0.28,0.3,1000000.0,1000000.0,,,,,0,0,0,0,0,0,0
,,,,,,84,2026-02-12 12:50:33.459467,RTM1P53,2.87,2.85,2.87,1000000.0,1000000.0,,,,,0,0,0,0,0,0,0
,,,,,,84,2026-02-12 12:50:33.459467,RTM1C54,0.21,0.21,0.23,1000000.0,1000000.0,,,,,0,0,0,0,0,0,0
,,,,,,84,2026-02-12 12:50:33.459467,RTM1P54,3.78,3.77,3.79,1000000.0,1000000.0,,,,,0,0,0,0,0,0,0
4.0,1.0,74.0,Week 2,Announcement 1,The analysts have informed you that the realized volatility of RTM this week will be 39%,85,2026-02-12 12:50:34.502782,RTM,50.45,50.45,50.47,100000000.0,100000000.0,,,,,0,0,0,0,0,0,0
3.0,1.0,35.0,,News 1,The analysts have informed you that the realized volatility of RTM next week will be between 36% and 41%,85,2026-02-12 12:50:34.502782,RTM1C45,5.48,5.48,5.5,1000000.0,1000000.0,100.0,100.0,,,0,0,0,0,0,0,0
2.0,1.0,2.0,Week 1,Delta limit and penalty,The delta limit for this sub-heat is 12000 and the penalty percentage is 2%,85,2026-02-12 12:50:34.502782,RTM1P45,0.04,0.02,0.04,1000000.0,1000000.0,,,,,0,0,0,0,0,0,0
1.0,1.0,2.0,Week 1,Risk free rate and current annualized volatility of RTM,The current risk free rate is 0%. RTM is an ETF that mimics one of the major indices in the simulated world and its current annualized realized volatility is 22%. This simulation consists of 20 trading days that are each 15 ticks in length.,85,2026-02-12 12:50:34.502782,RTM1C46,4.52,4.5,4.52,1000000.0,1000000.0,100.0,100.0,,,0,0,0,0,0,0,0
,,,,,,85,2026-02-12 12:50:34.502782,RTM1P46,0.06,0.04,0.06,1000000.0,1000000.0,,,,,0,0,0,0,0,0,0
,,,,,,85,2026-02-12 12:50:34.502782,RTM1C47,3.64,3.62,3.64,1000000.0,1000000.0,100.0,100.0,,,0,0,0,0,0,0,0
,,,,,,85,2026-02-12 12:50:34.502782,RTM1P47,0.18,0.16,0.18,1000000.0,1000000.0,,,,,0,0,0,0,0,0,0
,,,,,,85,2026-02-12 12:50:34.502782,RTM1C48,2.83,2.81,2.83,1000000.0,1000000.0,,100.0,,,0,0,0,0,0,0,0
,,,,,,85,2026-02-12 12:50:34.502782,RTM1P48,0.38,0.36,0.38,1000000.0,1000000.0,,,,,0,0,0,0,0,0,0
,,,,,,85,2026-02-12 12:50:34.502782,RTM1C49,1.99,1.99,2.01,1000000.0,1000000.0,,,,,0,0,0,0,0,0,0
,,,,,,85,2026-02-12 12:50:34.502782,RTM1P49,0.53,0.53,0.55,1000000.0,1000000.0,,,,,0,0,0,0,0,0,0
,,,,,,85,2026-02-12 12:50:34.502782,RTM1C50,1.37,1.35,1.37,1000000.0,1000000.0,,,,,0,0,0,0,0,0,0
,,,,,,85,2026-02-12 12:50:34.502782,RTM1P50,0.92,0.9,0.92,1000000.0,1000000.0,,,,,0,0,0,0,0,0,0
,,,,,,85,2026-02-12 12:50:34.502782,RTM1C51,1.09,1.07,1.09,1000000.0,1000000.0,5.0,,,,0,0,0,0,0,0,0
,,,,,,85,2026-02-12 12:50:34.502782,RTM1P51,1.62,1.61,1.63,1000000.0,1000000.0,,,30.0,100.0,0,0,0,0,0,0,0
,,,,,,85,2026-02-12 12:50:34.502782,RTM1C52,0.66,0.66,0.68,1000000.0,1000000.0,,,,,0,0,0,0,0,0,0
,,,,,,85,2026-02-12 12:50:34.502782,RTM1P52,2.2,2.2,2.22,1000000.0,1000000.0,,,,,0,0,0,0,0,0,0
,,,,,,85,2026-02-12 12:50:34.502782,RTM1C53,0.34,0.32,0.34,1000000.0,1000000.0,,,,,0,0,0,0,0,0,0
,,,,,,85,2026-02-12 12:50:34.502782,RTM1P53,2.86,2.86,2.88,1000000.0,1000000.0,,,,,0,0,0,0,0,0,0
,,,,,,85,2026-02-12 12:50:34.502782,RTM1C54,0.26,0.26,0.28,1000000.0,1000000.0,,,,,0,0,0,0,0,0,0
,,,,,,85,2026-02-12 12:50:34.502782,RTM1P54,3.8,3.8,3.82,1000000.0,1000000.0,,,,,0,0,0,0,0,0,0
4.0,1.0,74.0,Week 2,Announcement 1,The analysts have informed you that the realized volatility of RTM this week will be 39%,86,2026-02-12 12:50:35.530776,RTM,50.43,50.41,50.43,100000000.0,100000000.0,,,,0,0,0,0,0,0,0,0
3.0,1.0,35.0,,News 1,The analysts have informed you that the realized volatility of RTM next week will be between 36% and 41%,86,2026-02-12 12:50:35.530776,RTM1C45,5.48,5.48,5.5,1000000.0,1000000.0,100.0,100.0,,0,0,0,0,0,0,0,0
2.0,1.0,2.0,Week 1,Delta limit and penalty,The delta limit for this sub-heat is 12000 and the penalty percentage is 2%,86,2026-02-12 12:50:35.530776,RTM1P45,0.08,0.06,0.08,1000000.0,1000000.0,,,,0,0,0,0,0,0,0,0
1.0,1.0,2.0,Week 1,Risk free rate and current annualized volatility of RTM,The current risk free rate is 0%. RTM is an ETF that mimics one of the major indices in the simulated world and its current annualized realized volatility is 22%. This simulation consists of 20 trading days that are each 15 ticks in length.,86,2026-02-12 12:50:35.530776,RTM1C46,4.52,4.51,4.53,1000000.0,1000000.0,100.0,100.0,,0,0,0,0,0,0,0,0
,,,,,,86,2026-02-12 12:50:35.530776,RTM1P46,0.1,0.09,0.11,1000000.0,1000000.0,,,,0,0,0,0,0,0,0,0
,,,,,,86,2026-02-12 12:50:35.530776,RTM1C47,3.71,3.71,3.73,1000000.0,1000000.0,100.0,100.0,,0,0,0,0,0,0,0,0
,,,,,,86,2026-02-12 12:50:35.530776,RTM1P47,0.3,0.29,0.31,1000000.0,1000000.0,,,,0,0,0,0,0,0,0,0
,,,,,,86,2026-02-12 12:50:35.530776,RTM1C48,2.9,2.89,2.91,1000000.0,1000000.0,,100.0,,0,0,0,0,0,0,0,0
,,,,,,86,2026-02-12 12:50:35.530776,RTM1P48,0.48,0.47,0.49,1000000.0,1000000.0,,,,0,0,0,0,0,0,0,0
,,,,,,86,2026-02-12 12:50:35.530776,RTM1C49,2.08,2.06,2.08,1000000.0,1000000.0,,,,0,0,0,0,0,0,0,0
,,,,,,86,2026-02-12 12:50:35.530776,RTM1P49,0.66,0.64,0.66,1000000.0,1000000.0,,,,0,0,0,0,0,0,0,0
,,,,,,86,2026-02-12 12:50:35.530776,RTM1C50,1.42,1.4,1.42,1000000.0,1000000.0,,,,0,0,0,0,0,0,0,0
,,,,,,86,2026-02-12 12:50:35.530776,RTM1P50,1.0,0.98,1.0,1000000.0,1000000.0,,,,0,0,0,0,0,0,0,0
,,,,,,86,2026-02-12 12:50:35.530776,RTM1C51,1.1,1.08,1.1,1000000.0,1000000.0,5.0,,,0,0,0,0,0,0,0,0
,,,,,,86,2026-02-12 12:50:35.530776,RTM1P51,1.68,1.66,1.68,1000000.0,1000000.0,,,30.0,0,0,0,0,0,0,0,0
,,,,,,86,2026-02-12 12:50:35.530776,RTM1C52,0.73,0.73,0.75,1000000.0,1000000.0,,,,0,0,0,0,0,0,0,0
,,,,,,86,2026-02-12 12:50:35.530776,RTM1P52,2.31,2.3,2.32,1000000.0,1000000.0,,,,0,0,0,0,0,0,0,0
,,,,,,86,2026-02-12 12:50:35.530776,RTM1C53,0.4,0.39,0.41,1000000.0,1000000.0,,,,0,0,0,0,0,0,0,0
,,,,,,86,2026-02-12 12:50:35.530776,RTM1P53,2.98,2.97,2.99,1000000.0,1000000.0,,,,0,0,0,0,0,0,0,0
,,,,,,86,2026-02-12 12:50:35.530776,RTM1C54,0.24,0.23,0.25,1000000.0,1000000.0,,,,0,0,0,0,0,0,0,0
,,,,,,86,2026-02-12 12:50:35.530776,RTM1P54,3.82,3.81,3.83,1000000.0,1000000.0,,,,0,0,0,0,0,0,0,0
4.0,1.0,74.0,Week 2,Announcement 1,The analysts have informed you that the realized volatility of RTM this week will be 39%,87,2026-02-12 12:50:36.557780,RTM,49.63,49.61,49.63,100000000.0,100000000.0,,,0,0,0,0,0,0,0,0,0
3.0,1.0,35.0,,News 1,The analysts have informed you that the realized volatility of RTM next week will be between 36% and 41%,87,2026-02-12 12:50:36.557780,RTM1C45,4.72,4.7,4.72,1000000.0,1000000.0,,,0,0,0,0,0,0,0,0,0
2.0,1.0,2.0,Week 1,Delta limit and penalty,The delta limit for this sub-heat is 12000 and the penalty percentage is 2%,87,2026-02-12 12:50:36.557780,RTM1P45,0.09,0.08,0.1,1000000.0,1000000.0,,,0,0,0,0,0,0,0,0,0
1.0,1.0,2.0,Week 1,Risk free rate and current annualized volatility of RTM,The current risk free rate is 0%. RTM is an ETF that mimics one of the major indices in the simulated world and its current annualized realized volatility is 22%. This simulation consists of 20 trading days that are each 15 ticks in length.,87,2026-02-12 12:50:36.557780,RTM1C46,3.77,3.77,3.79,1000000.0,1000000.0,,,0,0,0,0,0,0,0,0,0
,,,,,,87,2026-02-12 12:50:36.557780,RTM1P46,0.15,0.15,0.17,1000000.0,1000000.0,,,0,0,0,0,0,0,0,0,0
,,,,,,87,2026-02-12 12:50:36.557780,RTM1C47,2.96,2.96,2.98,1000000.0,1000000.0,,,0,0,0,0,0,0,0,0,0
,,,,,,87,2026-02-12 12:50:36.557780,RTM1P47,0.34,0.34,0.36,1000000.0,1000000.0,,,0,0,0,0,0,0,0,0,0
,,,,,,87,2026-02-12 12:50:36.557780,RTM1C48,2.19,2.17,2.19,1000000.0,1000000.0,,,0,0,0,0,0,0,0,0,0
,,,,,,87,2026-02-12 12:50:36.557780,RTM1P48,0.57,0.55,0.57,1000000.0,1000000.0,,,0,0,0,0,0,0,0,0,0
,,,,,,87,2026-02-12 12:50:36.557780,RTM1C49,1.62,1.6,1.62,1000000.0,1000000.0,,,0,0,0,0,0,0,0,0,0
,,,,,,87,2026-02-12 12:50:36.557780,RTM1P49,1.0,0.98,1.0,1000000.0,1000000.0,,,0,0,0,0,0,0,0,0,0
,,,,,,87,2026-02-12 12:50:36.557780,RTM1C50,1.16,1.14,1.16,1000000.0,1000000.0,,,0,0,0,0,0,0,0,0,0
,,,,,,87,2026-02-12 12:50:36.557780,RTM1P50,1.52,1.52,1.54,1000000.0,1000000.0,,,0,0,0,0,0,0,0,0,0
,,,,,,87,2026-02-12 12:50:36.557780,RTM1C51,0.75,0.73,0.75,1000000.0,1000000.0,5.0,,0,0,0,0,0,0,0,0,0
,,,,,,87,2026-02-12 12:50:36.557780,RTM1P51,2.13,2.11,2.13,1000000.0,1000000.0,,30.0,0,0,0,0,0,0,0,0,0
,,,,,,87,2026-02-12 12:50:36.557780,RTM1C52,0.44,0.43,0.45,1000000.0,1000000.0,,,0,0,0,0,0,0,0,0,0
,,,,,,87,2026-02-12 12:50:36.557780,RTM1P52,2.83,2.81,2.83,1000000.0,1000000.0,,,0,0,0,0,0,0,0,0,0
,,,,,,87,2026-02-12 12:50:36.557780,RTM1C53,0.33,0.32,0.34,1000000.0,1000000.0,,,0,0,0,0,0,0,0,0,0
,,,,,,87,2026-02-12 12:50:36.557780,RTM1P53,3.71,3.7,3.72,1000000.0,1000000.0,,,0,0,0,0,0,0,0,0,0
,,,,,,87,2026-02-12 12:50:36.557780,RTM1C54,0.14,0.12,0.14,1000000.0,1000000.0,,,0,0,0,0,0,0,0,0,0
,,,,,,87,2026-02-12 12:50:36.557780,RTM1P54,4.52,4.5,4.52,1000000.0,1000000.0,,,0,0,0,0,0,0,0,0,0
4.0,1.0,74.0,Week 2,Announcement 1,The analysts have informed you that the realized volatility of RTM this week will be 39%,88,2026-02-12 12:50:37.589077,RTM,50.22,50.22,50.24,100000000.0,100000000.0,,,0,0,0,0,0,0,0,0,0
3.0,1.0,35.0,,News 1,The analysts have informed you that the realized volatility of RTM next week will be between 36% and 41%,88,2026-02-12 12:50:37.589077,RTM1C45,5.32,5.3,5.32,1000000.0,1000000.0,,,0,0,0,0,0,0,0,0,0
2.0,1.0,2.0,Week 1,Delta limit and penalty,The delta limit for this sub-heat is 12000 and the penalty percentage is 2%,88,2026-02-12 12:50:37.589077,RTM1P45,0.06,0.06,0.08,1000000.0,1000000.0,,,0,0,0,0,0,0,0,0,0
1.0,1.0,2.0,Week 1,Risk free rate and current annualized volatility of RTM,The current risk free rate is 0%. RTM is an ETF that mimics one of the major indices in the simulated world and its current annualized realized volatility is 22%. This simulation consists of 20 trading days that are each 15 ticks in length.,88,2026-02-12 12:50:37.589077,RTM1C46,4.35,4.33,4.35,1000000.0,1000000.0,,,0,0,0,0,0,0,0,0,0
,,,,,,88,2026-02-12 12:50:37.589077,RTM1P46,0.12,0.1,0.12,1000000.0,1000000.0,,,0,0,0,0,0,0,0,0,0
,,,,,,88,2026-02-12 12:50:37.589077,RTM1C47,3.58,3.58,3.6,1000000.0,1000000.0,,,0,0,0,0,0,0,0,0,0
,,,,,,88,2026-02-12 12:50:37.589077,RTM1P47,0.34,0.34,0.36,1000000.0,1000000.0,,,0,0,0,0,0,0,0,0,0
,,,,,,88,2026-02-12 12:50:37.589077,RTM1C48,2.6,2.58,2.6,1000000.0,1000000.0,,,0,0,0,0,0,0,0,0,0
,,,,,,88,2026-02-12 12:50:37.589077,RTM1P48,0.36,0.34,0.36,1000000.0,1000000.0,,,0,0,0,0,0,0,0,0,0
,,,,,,88,2026-02-12 12:50:37.589077,RTM1C49,1.97,1.95,1.97,1000000.0,1000000.0,,,0,0,0,0,0,0,0,0,0
,,,,,,88,2026-02-12 12:50:37.589077,RTM1P49,0.74,0.72,0.74,1000000.0,1000000.0,,,0,0,0,0,0,0,0,0,0
,,,,,,88,2026-02-12 12:50:37.589077,RTM1C50,1.37,1.35,1.37,1000000.0,1000000.0,,,0,0,0,0,0,0,0,0,0
,,,,,,88,2026-02-12 12:50:37.589077,RTM1P50,1.14,1.12,1.14,1000000.0,1000000.0,,,0,0,0,0,0,0,0,0,0
,,,,,,88,2026-02-12 12:50:37.589077,RTM1C51,1.09,1.09,1.11,1000000.0,1000000.0,5.0,,0,0,0,0,0,0,0,0,0
,,,,,,88,2026-02-12 12:50:37.589077,RTM1P51,1.85,1.85,1.87,1000000.0,1000000.0,,30.0,0,0,0,0,0,0,0,0,0
,,,,,,88,2026-02-12 12:50:37.589077,RTM1C52,0.75,0.75,0.77,1000000.0,1000000.0,,,0,0,0,0,0,0,0,0,0
,,,,,,88,2026-02-12 12:50:37.589077,RTM1P52,2.52,2.52,2.54,1000000.0,1000000.0,,,0,0,0,0,0,0,0,0,0
,,,,,,88,2026-02-12 12:50:37.589077,RTM1C53,0.42,0.4,0.42,1000000.0,1000000.0,,,0,0,0,0,0,0,0,0,0
,,,,,,88,2026-02-12 12:50:37.589077,RTM1P53,3.19,3.17,3.19,1000000.0,1000000.0,,,0,0,0,0,0,0,0,0,0
,,,,,,88,2026-02-12 12:50:37.589077,RTM1C54,0.29,0.29,0.31,1000000.0,1000000.0,,,0,0,0,0,0,0,0,0,0
,,,,,,88,2026-02-12 12:50:37.589077,RTM1P54,4.05,4.05,4.07,1000000.0,1000000.0,,,0,0,0,0,0,0,0,0,0
4.0,1.0,74.0,Week 2,Announcement 1,The analysts have informed you that the realized volatility of RTM this week will be 39%,89,2026-02-12 12:50:38.619251,RTM,50.32,50.32,50.34,100000000.0,100000000.0,,,0,0,0,0,0,0,0,0,0
3.0,1.0,35.0,,News 1,The analysts have informed you that the realized volatility of RTM next week will be between 36% and 41%,89,2026-02-12 12:50:38.619251,RTM1C45,5.45,5.43,5.45,1000000.0,1000000.0,,,0,0,0,0,0,0,0,0,0
2.0,1.0,2.0,Week 1,Delta limit and penalty,The delta limit for this sub-heat is 12000 and the penalty percentage is 2%,89,2026-02-12 12:50:38.619251,RTM1P45,0.1,0.1,0.12,1000000.0,1000000.0,,,0,0,0,0,0,0,0,0,0
1.0,1.0,2.0,Week 1,Risk free rate and current annualized volatility of RTM,The current risk free rate is 0%. RTM is an ETF that mimics one of the major indices in the simulated world and its current annualized realized volatility is 22%. This simulation consists of 20 trading days that are each 15 ticks in length.,89,2026-02-12 12:50:38.619251,RTM1C46,4.43,4.42,4.44,1000000.0,1000000.0,,,0,0,0,0,0,0,0,0,0
,,,,,,89,2026-02-12 12:50:38.619251,RTM1P46,0.12,0.1,0.12,1000000.0,1000000.0,,,0,0,0,0,0,0,0,0,0
,,,,,,89,2026-02-12 12:50:38.619251,RTM1C47,3.69,3.67,3.69,1000000.0,1000000.0,,,0,0,0,0,0,0,0,0,0
,,,,,,89,2026-02-12 12:50:38.619251,RTM1P47,0.36,0.34,0.36,1000000.0,1000000.0,,,0,0,0,0,0,0,0,0,0
,,,,,,89,2026-02-12 12:50:38.619251,RTM1C48,2.62,2.6,2.62,1000000.0,1000000.0,,,0,0,0,0,0,0,0,0,0
,,,,,,89,2026-02-12 12:50:38.619251,RTM1P48,0.3,0.28,0.3,1000000.0,1000000.0,,,0,0,0,0,0,0,0,0,0
,,,,,,89,2026-02-12 12:50:38.619251,RTM1C49,2.21,2.21,2.23,1000000.0,1000000.0,,,0,0,0,0,0,0,0,0,0
,,,,,,89,2026-02-12 12:50:38.619251,RTM1P49,0.9,0.88,0.9,1000000.0,1000000.0,,,0,0,0,0,0,0,0,0,0
,,,,,,89,2026-02-12 12:50:38.619251,RTM1C50,1.7,1.68,1.7,1000000.0,1000000.0,,,0,0,0,0,0,0,0,0,0
,,,,,,89,2026-02-12 12:50:38.619251,RTM1P50,1.37,1.35,1.37,1000000.0,1000000.0,,,0,0,0,0,0,0,0,0,0
,,,,,,89,2026-02-12 12:50:38.619251,RTM1C51,1.05,1.05,1.07,1000000.0,1000000.0,5.0,,0,0,0,0,0,0,0,0,0
,,,,,,89,2026-02-12 12:50:38.619251,RTM1P51,1.74,1.72,1.74,1000000.0,1000000.0,,30.0,0,0,0,0,0,0,0,0,0
,,,,,,89,2026-02-12 12:50:38.619251,RTM1C52,0.87,0.87,0.89,1000000.0,1000000.0,,,0,0,0,0,0,0,0,0,0
,,,,,,89,2026-02-12 12:50:38.619251,RTM1P52,2.54,2.54,2.56,1000000.0,1000000.0,,,0,0,0,0,0,0,0,0,0
,,,,,,89,2026-02-12 12:50:38.619251,RTM1C53,0.51,0.51,0.53,1000000.0,1000000.0,,,0,0,0,0,0,0,0,0,0
,,,,,,89,2026-02-12 12:50:38.619251,RTM1P53,3.18,3.18,3.2,1000000.0,1000000.0,,,0,0,0,0,0,0,0,0,0
,,,,,,89,2026-02-12 12:50:38.619251,RTM1C54,0.33,0.33,0.35,1000000.0,1000000.0,,,0,0,0,0,0,0,0,0,0
,,,,,,89,2026-02-12 12:50:38.619251,RTM1P54,4.0,4.0,4.02,1000000.0,1000000.0,,,0,0,0,0,0,0,0,0,0
4.0,1.0,74.0,Week 2,Announcement 1,The analysts have informed you that the realized volatility of RTM this week will be 39%,91,2026-02-12 12:50:39.666109,RTM,49.9,49.89,49.91,100000000.0,100000000.0,10.0,,,0,0,0,0,0,0,0,0,0
3.0,1.0,35.0,,News 1,The analysts have informed you that the realized volatility of RTM next week will be between 36% and 41%,91,2026-02-12 12:50:39.666109,RTM1C45,4.99,4.98,5.0,1000000.0,1000000.0,,,,0,0,0,0,0,0,0,0,0
2.0,1.0,2.0,Week 1,Delta limit and penalty,The delta limit for this sub-heat is 12000 and the penalty percentage is 2%,91,2026-02-12 12:50:39.666109,RTM1P45,0.09,0.08,0.1,1000000.0,1000000.0,,,,0,0,0,0,0,0,0,0,0
1.0,1.0,2.0,Week 1,Risk free rate and current annualized volatility of RTM,The current risk free rate is 0%. RTM is an ETF that mimics one of the major indices in the simulated world and its current annualized realized volatility is 22%. This simulation consists of 20 trading days that are each 15 ticks in length.,91,2026-02-12 12:50:39.666109,RTM1C46,4.15,4.14,4.16,1000000.0,1000000.0,,,,0,0,0,0,0,0,0,0,0
,,,,,,91,2026-02-12 12:50:39.666109,RTM1P46,0.25,0.24,0.26,1000000.0,1000000.0,,,,0,0,0,0,0,0,0,0,0
,,,,,,91,2026-02-12 12:50:39.666109,RTM1C47,3.3,3.29,3.31,1000000.0,1000000.0,,,,0,0,0,0,0,0,0,0,0
,,,,,,91,2026-02-12 12:50:39.666109,RTM1P47,0.4,0.39,0.41,1000000.0,1000000.0,,,,0,0,0,0,0,0,0,0,0
,,,,,,91,2026-02-12 12:50:39.666109,RTM1C48,2.48,2.47,2.49,1000000.0,1000000.0,,,,0,0,0,0,0,0,0,0,0
,,,,,,91,2026-02-12 12:50:39.666109,RTM1P48,0.58,0.57,0.59,1000000.0,1000000.0,,,,0,0,0,0,0,0,0,0,0
,,,,,,91,2026-02-12 12:50:39.666109,RTM1C49,1.8,1.79,1.81,1000000.0,1000000.0,,,,0,0,0,0,0,0,0,0,0
,,,,,,91,2026-02-12 12:50:39.666109,RTM1P49,0.9,0.89,0.91,1000000.0,1000000.0,,,,0,0,0,0,0,0,0,0,0
,,,,,,91,2026-02-12 12:50:39.666109,RTM1C50,1.5,1.49,1.51,1000000.0,1000000.0,,,,0,0,0,0,0,0,0,0,0
,,,,,,91,2026-02-12 12:50:39.666109,RTM1P50,1.6,1.59,1.61,1000000.0,1000000.0,,,,0,0,0,0,0,0,0,0,0
,,,,,,91,2026-02-12 12:50:39.666109,RTM1C51,0.92,0.91,0.93,1000000.0,1000000.0,,5.0,,0,0,0,0,0,0,0,0,0
,,,,,,91,2026-02-12 12:50:39.666109,RTM1P51,2.02,2.01,2.03,1000000.0,1000000.0,,,30.0,0,0,0,0,0,0,0,0,0
,,,,,,91,2026-02-12 12:50:39.666109,RTM1C52,0.54,0.53,0.55,1000000.0,1000000.0,,,,0,0,0,0,0,0,0,0,0
,,,,,,91,2026-02-12 12:50:39.666109,RTM1P52,2.65,2.64,2.66,1000000.0,1000000.0,,,,0,0,0,0,0,0,0,0,0
,,,,,,91,2026-02-12 12:50:39.666109,RTM1C53,0.48,0.47,0.49,1000000.0,1000000.0,,,,0,0,0,0,0,0,0,0,0
,,,,,,91,2026-02-12 12:50:39.666109,RTM1P53,3.58,3.57,3.59,1000000.0,1000000.0,,,,0,0,0,0,0,0,0,0,0
,,,,,,91,2026-02-12 12:50:39.666109,RTM1C54,0.22,0.21,0.23,1000000.0,1000000.0,,,,0,0,0,0,0,0,0,0,0
,,,,,,91,2026-02-12 12:50:39.666109,RTM1P54,4.33,4.32,4.34,1000000.0,1000000.0,,,,0,0,0,0,0,0,0,0,0
4.0,1.0,74.0,Week 2,Announcement 1,The analysts have informed you that the realized volatility of RTM this week will be 39%,92,2026-02-12 12:50:40.692354,RTM,49.76,49.75,49.77,100000000.0,100000000.0,20.0,,,0,0,0,0,0,0,0,0,0
3.0,1.0,35.0,,News 1,The analysts have informed you that the realized volatility of RTM next week will be between 36% and 41%,92,2026-02-12 12:50:40.692354,RTM1C45,4.88,4.87,4.89,1000000.0,1000000.0,,,,0,0,0,0,0,0,0,0,0
2.0,1.0,2.0,Week 1,Delta limit and penalty,The delta limit for this sub-heat is 12000 and the penalty percentage is 2%,92,2026-02-12 12:50:40.692354,RTM1P45,0.13,0.12,0.14,1000000.0,1000000.0,,,,0,0,0,0,0,0,0,0,0
1.0,1.0,2.0,Week 1,Risk free rate and current annualized volatility of RTM,The current risk free rate is 0%. RTM is an ETF that mimics one of the major indices in the simulated world and its current annualized realized volatility is 22%. This simulation consists of 20 trading days that are each 15 ticks in length.,92,2026-02-12 12:50:40.692354,RTM1C46,3.93,3.92,3.94,1000000.0,1000000.0,,,,0,0,0,0,0,0,0,0,0
,,,,,,92,2026-02-12 12:50:40.692354,RTM1P46,0.18,0.17,0.19,1000000.0,1000000.0,,,,0,0,0,0,0,0,0,0,0
,,,,,,92,2026-02-12 12:50:40.692354,RTM1C47,3.09,3.08,3.1,1000000.0,1000000.0,,,,0,0,0,0,0,0,0,0,0
,,,,,,92,2026-02-12 12:50:40.692354,RTM1P47,0.34,0.33,0.35,1000000.0,1000000.0,,,,0,0,0,0,0,0,0,0,0
,,,,,,92,2026-02-12 12:50:40.692354,RTM1C48,2.34,2.33,2.35,1000000.0,1000000.0,,,,0,0,0,0,0,0,0,0,0
,,,,,,92,2026-02-12 12:50:40.692354,RTM1P48,0.59,0.58,0.6,1000000.0,1000000.0,,,,0,0,0,0,0,0,0,0,0
,,,,,,92,2026-02-12 12:50:40.692354,RTM1C49,1.87,1.86,1.88,1000000.0,1000000.0,,,,0,0,0,0,0,0,0,0,0
,,,,,,92,2026-02-12 12:50:40.692354,RTM1P49,1.11,1.1,1.12,1000000.0,1000000.0,,,,0,0,0,0,0,0,0,0,0
,,,,,,92,2026-02-12 12:50:40.692354,RTM1C50,1.29,1.28,1.3,1000000.0,1000000.0,,,,0,0,0,0,0,0,0,0,0
,,,,,,92,2026-02-12 12:50:40.692354,RTM1P50,1.53,1.52,1.54,1000000.0,1000000.0,,,,0,0,0,0,0,0,0,0,0
,,,,,,92,2026-02-12 12:50:40.692354,RTM1C51,0.91,0.9,0.92,1000000.0,1000000.0,,5.0,,0,0,0,0,0,0,0,0,0
,,,,,,92,2026-02-12 12:50:40.692354,RTM1P51,2.15,2.14,2.16,1000000.0,1000000.0,,,30.0,0,0,0,0,0,0,0,0,0
,,,,,,92,2026-02-12 12:50:40.692354,RTM1C52,0.56,0.55,0.57,1000000.0,1000000.0,,,,0,0,0,0,0,0,0,0,0
,,,,,,92,2026-02-12 12:50:40.692354,RTM1P52,2.8,2.79,2.81,1000000.0,1000000.0,,,,0,0,0,0,0,0,0,0,0
,,,,,,92,2026-02-12 12:50:40.692354,RTM1C53,0.33,0.32,0.34,1000000.0,1000000.0,,,,0,0,0,0,0,0,0,0,0
,,,,,,92,2026-02-12 12:50:40.692354,RTM1P53,3.57,3.56,3.58,1000000.0,1000000.0,,,,0,0,0,0,0,0,0,0,0
,,,,,,92,2026-02-12 12:50:40.692354,RTM1C54,0.24,0.23,0.25,1000000.0,1000000.0,,,,0,0,0,0,0,0,0,0,0
,,,,,,92,2026-02-12 12:50:40.692354,RTM1P54,4.48,4.47,4.49,1000000.0,1000000.0,,,,0,0,0,0,0,0,0,0,0
4.0,1.0,74.0,Week 2,Announcement 1,The analysts have informed you that the realized volatility of RTM this week will be 39%,93,2026-02-12 12:50:41.720285,RTM,49.81,49.8,49.82,100000000.0,100000000.0,30.0,,,0,0,0,0,0,0,0,0,0
3.0,1.0,35.0,,News 1,The analysts have informed you that the realized volatility of RTM next week will be between 36% and 41%,93,2026-02-12 12:50:41.720285,RTM1C45,4.96,4.95,4.97,1000000.0,1000000.0,,,,0,0,0,0,0,0,0,0,0
2.0,1.0,2.0,Week 1,Delta limit and penalty,The delta limit for this sub-heat is 12000 and the penalty percentage is 2%,93,2026-02-12 12:50:41.720285,RTM1P45,0.14,0.13,0.15,1000000.0,1000000.0,,,,0,0,0,0,0,0,0,0,0
1.0,1.0,2.0,Week 1,Risk free rate and current annualized volatility of RTM,The current risk free rate is 0%. RTM is an ETF that mimics one of the major indices in the simulated world and its current annualized realized volatility is 22%. This simulation consists of 20 trading days that are each 15 ticks in length.,93,2026-02-12 12:50:41.720285,RTM1C46,4.04,4.03,4.05,1000000.0,1000000.0,,,,0,0,0,0,0,0,0,0,0
,,,,,,93,2026-02-12 12:50:41.720285,RTM1P46,0.23,0.22,0.24,1000000.0,1000000.0,,,,0,0,0,0,0,0,0,0,0
,,,,,,93,2026-02-12 12:50:41.720285,RTM1C47,3.29,3.28,3.3,1000000.0,1000000.0,,,,0,0,0,0,0,0,0,0,0
,,,,,,93,2026-02-12 12:50:41.720285,RTM1P47,0.48,0.47,0.49,1000000.0,1000000.0,,,,0,0,0,0,0,0,0,0,0
,,,,,,93,2026-02-12 12:50:41.720285,RTM1C48,2.34,2.33,2.35,1000000.0,1000000.0,,,,0,0,0,0,0,0,0,0,0
,,,,,,93,2026-02-12 12:50:41.720285,RTM1P48,0.53,0.52,0.54,1000000.0,1000000.0,,,,0,0,0,0,0,0,0,0,0
,,,,,,93,2026-02-12 12:50:41.720285,RTM1C49,1.93,1.92,1.94,1000000.0,1000000.0,,,,0,0,0,0,0,0,0,0,0
,,,,,,93,2026-02-12 12:50:41.720285,RTM1P49,1.12,1.11,1.13,1000000.0,1000000.0,,,,0,0,0,0,0,0,0,0,0
,,,,,,93,2026-02-12 12:50:41.720285,RTM1C50,1.47,1.46,1.48,1000000.0,1000000.0,,,,0,0,0,0,0,0,0,0,0
,,,,,,93,2026-02-12 12:50:41.720285,RTM1P50,1.66,1.65,1.67,1000000.0,1000000.0,,,,0,0,0,0,0,0,0,0,0
,,,,,,93,2026-02-12 12:50:41.720285,RTM1C51,0.84,0.83,0.85,1000000.0,1000000.0,,5.0,,0,0,0,0,0,0,0,0,0
,,,,,,93,2026-02-12 12:50:41.720285,RTM1P51,2.03,2.02,2.04,1000000.0,1000000.0,,,30.0,0,0,0,0,0,0,0,0,0
,,,,,,93,2026-02-12 12:50:41.720285,RTM1C52,0.72,0.71,0.73,1000000.0,1000000.0,,,,0,0,0,0,0,0,0,0,0
,,,,,,93,2026-02-12 12:50:41.720285,RTM1P52,2.91,2.9,2.92,1000000.0,1000000.0,,,,0,0,0,0,0,0,0,0,0
,,,,,,93,2026-02-12 12:50:41.720285,RTM1C53,0.38,0.37,0.39,1000000.0,1000000.0,,,,0,0,0,0,0,0,0,0,0
,,,,,,93,2026-02-12 12:50:41.720285,RTM1P53,3.57,3.56,3.58,1000000.0,1000000.0,,,,0,0,0,0,0,0,0,0,0
,,,,,,93,2026-02-12 12:50:41.720285,RTM1C54,0.26,0.25,0.27,1000000.0,1000000.0,,,,0,0,0,0,0,0,0,0,0
,,,,,,93,2026-02-12 12:50:41.720285,RTM1P54,4.45,4.44,4.46,1000000.0,1000000.0,,,,0,0,0,0,0,0,0,0,0
4.0,1.0,74.0,Week 2,Announcement 1,The analysts have informed you that the realized volatility of RTM this week will be 39%,94,2026-02-12 12:50:42.748129,RTM,49.96,49.95,49.97,100000000.0,100000000.0,20.0,,,0,0,0,0,0,0,0,0,0
3.0,1.0,35.0,,News 1,The analysts have informed you that the realized volatility of RTM next week will be between 36% and 41%,94,2026-02-12 12:50:42.748129,RTM1C45,5.04,5.03,5.05,1000000.0,1000000.0,,,,0,0,0,0,0,0,0,0,0
2.0,1.0,2.0,Week 1,Delta limit and penalty,The delta limit for this sub-heat is 12000 and the penalty percentage is 2%,94,2026-02-12 12:50:42.748129,RTM1P45,0.08,0.07,0.09,1000000.0,1000000.0,,,,0,0,0,0,0,0,0,0,0
1.0,1.0,2.0,Week 1,Risk free rate and current annualized volatility of RTM,The current risk free rate is 0%. RTM is an ETF that mimics one of the major indices in the simulated world and its current annualized realized volatility is 22%. This simulation consists of 20 trading days that are each 15 ticks in length.,94,2026-02-12 12:50:42.748129,RTM1C46,4.22,4.21,4.23,1000000.0,1000000.0,,,,0,0,0,0,0,0,0,0,0
,,,,,,94,2026-02-12 12:50:42.748129,RTM1P46,0.26,0.25,0.27,1000000.0,1000000.0,,,,0,0,0,0,0,0,0,0,0
,,,,,,94,2026-02-12 12:50:42.748129,RTM1C47,3.35,3.34,3.36,1000000.0,1000000.0,,,,0,0,0,0,0,0,0,0,0
,,,,,,94,2026-02-12 12:50:42.748129,RTM1P47,0.39,0.38,0.4,1000000.0,1000000.0,,,,0,0,0,0,0,0,0,0,0
,,,,,,94,2026-02-12 12:50:42.748129,RTM1C48,2.51,2.5,2.52,1000000.0,1000000.0,,,,0,0,0,0,0,0,0,0,0
,,,,,,94,2026-02-12 12:50:42.748129,RTM1P48,0.55,0.54,0.56,1000000.0,1000000.0,,,,0,0,0,0,0,0,0,0,0
,,,,,,94,2026-02-12 12:50:42.748129,RTM1C49,2.08,2.07,2.09,1000000.0,1000000.0,,,,0,0,0,0,0,0,0,0,0
,,,,,,94,2026-02-12 12:50:42.748129,RTM1P49,1.12,1.11,1.13,1000000.0,1000000.0,,,,0,0,0,0,0,0,0,0,0
,,,,,,94,2026-02-12 12:50:42.748129,RTM1C50,1.38,1.37,1.39,1000000.0,1000000.0,,,,0,0,0,0,0,0,0,0,0
,,,,,,94,2026-02-12 12:50:42.748129,RTM1P50,1.42,1.41,1.43,1000000.0,1000000.0,,,,0,0,0,0,0,0,0,0,0
,,,,,,94,2026-02-12 12:50:42.748129,RTM1C51,0.9,0.89,0.91,1000000.0,1000000.0,,5.0,,0,0,0,0,0,0,0,0,0
,,,,,,94,2026-02-12 12:50:42.748129,RTM1P51,1.94,1.93,1.95,1000000.0,1000000.0,,,30.0,0,0,0,0,0,0,0,0,0
,,,,,,94,2026-02-12 12:50:42.748129,RTM1C52,0.76,0.75,0.77,1000000.0,1000000.0,,,,0,0,0,0,0,0,0,0,0
,,,,,,94,2026-02-12 12:50:42.748129,RTM1P52,2.8,2.79,2.81,1000000.0,1000000.0,,,,0,0,0,0,0,0,0,0,0
,,,,,,94,2026-02-12 12:50:42.748129,RTM1C53,0.47,0.46,0.48,1000000.0,1000000.0,,,,0,0,0,0,0,0,0,0,0
,,,,,,94,2026-02-12 12:50:42.748129,RTM1P53,3.51,3.5,3.52,1000000.0,1000000.0,,,,0,0,0,0,0,0,0,0,0
,,,,,,94,2026-02-12 12:50:42.748129,RTM1C54,0.24,0.23,0.25,1000000.0,1000000.0,,,,0,0,0,0,0,0,0,0,0
,,,,,,94,2026-02-12 12:50:42.748129,RTM1P54,4.28,4.27,4.29,1000000.0,1000000.0,,,,0,0,0,0,0,0,0,0,0
4.0,1.0,74.0,Week 2,Announcement 1,The analysts have informed you that the realized volatility of RTM this week will be 39%,94,2026-02-12 12:50:43.773619,RTM,49.95,49.95,49.97,100000000.0,100000000.0,20.0,,,0,0,0,0,0,0,0,0,0
3.0,1.0,35.0,,News 1,The analysts have informed you that the realized volatility of RTM next week will be between 36% and 41%,94,2026-02-12 12:50:43.773619,RTM1C45,5.05,5.03,5.05,1000000.0,1000000.0,,,,0,0,0,0,0,0,0,0,0
2.0,1.0,2.0,Week 1,Delta limit and penalty,The delta limit for this sub-heat is 12000 and the penalty percentage is 2%,94,2026-02-12 12:50:43.773619,RTM1P45,0.09,0.07,0.09,1000000.0,1000000.0,,,,0,0,0,0,0,0,0,0,0
1.0,1.0,2.0,Week 1,Risk free rate and current annualized volatility of RTM,The current risk free rate is 0%. RTM is an ETF that mimics one of the major indices in the simulated world and its current annualized realized volatility is 22%. This simulation consists of 20 trading days that are each 15 ticks in length.,94,2026-02-12 12:50:43.773619,RTM1C46,4.23,4.21,4.23,1000000.0,1000000.0,,,,0,0,0,0,0,0,0,0,0
,,,,,,94,2026-02-12 12:50:43.773619,RTM1P46,0.27,0.25,0.27,1000000.0,1000000.0,,,,0,0,0,0,0,0,0,0,0
,,,,,,94,2026-02-12 12:50:43.773619,RTM1C47,3.34,3.34,3.36,1000000.0,1000000.0,,,,0,0,0,0,0,0,0,0,0
,,,,,,94,2026-02-12 12:50:43.773619,RTM1P47,0.39,0.38,0.4,1000000.0,1000000.0,,,,0,0,0,0,0,0,0,0,0
,,,,,,94,2026-02-12 12:50:43.773619,RTM1C48,2.52,2.5,2.52,1000000.0,1000000.0,,,,0,0,0,0,0,0,0,0,0
,,,,,,94,2026-02-12 12:50:43.773619,RTM1P48,0.54,0.54,0.56,1000000.0,1000000.0,,,,0,0,0,0,0,0,0,0,0
,,,,,,94,2026-02-12 12:50:43.773619,RTM1C49,2.08,2.07,2.09,1000000.0,1000000.0,,,,0,0,0,0,0,0,0,0,0
,,,,,,94,2026-02-12 12:50:43.773619,RTM1P49,1.13,1.11,1.13,1000000.0,1000000.0,,,,0,0,0,0,0,0,0,0,0
,,,,,,94,2026-02-12 12:50:43.773619,RTM1C50,1.39,1.37,1.39,1000000.0,1000000.0,,,,0,0,0,0,0,0,0,0,0
,,,,,,94,2026-02-12 12:50:43.773619,RTM1P50,1.43,1.41,1.43,1000000.0,1000000.0,,,,0,0,0,0,0,0,0,0,0
,,,,,,94,2026-02-12 12:50:43.773619,RTM1C51,0.91,0.89,0.91,1000000.0,1000000.0,,5.0,,0,0,0,0,0,0,0,0,0
,,,,,,94,2026-02-12 12:50:43.773619,RTM1P51,1.95,1.93,1.95,1000000.0,1000000.0,,,30.0,0,0,0,0,0,0,0,0,0
,,,,,,94,2026-02-12 12:50:43.773619,RTM1C52,0.77,0.75,0.77,1000000.0,1000000.0,,,,0,0,0,0,0,0,0,0,0
,,,,,,94,2026-02-12 12:50:43.773619,RTM1P52,2.8,2.79,2.81,1000000.0,1000000.0,,,,0,0,0,0,0,0,0,0,0
,,,,,,94,2026-02-12 12:50:43.773619,RTM1C53,0.47,0.46,0.48,1000000.0,1000000.0,,,,0,0,0,0,0,0,0,0,0
,,,,,,94,2026-02-12 12:50:43.773619,RTM1P53,3.51,3.5,3.52,1000000.0,1000000.0,,,,0,0,0,0,0,0,0,0,0
,,,,,,94,2026-02-12 12:50:43.773619,RTM1C54,0.25,0.23,0.25,1000000.0,1000000.0,,,,0,0,0,0,0,0,0,0,0
,,,,,,94,2026-02-12 12:50:43.773619,RTM1P54,4.29,4.27,4.29,1000000.0,1000000.0,,,,0,0,0,0,0,0,0,0,0
4.0,1.0,74.0,Week 2,Announcement 1,The analysts have informed you that the realized volatility of RTM this week will be 39%,96,2026-02-12 12:50:44.801247,RTM,49.18,49.17,49.19,100000000.0,100000000.0,80.0,,,0,0,0,0,0,0,0,0,0
3.0,1.0,35.0,,News 1,The analysts have informed you that the realized volatility of RTM next week will be between 36% and 41%,96,2026-02-12 12:50:44.801247,RTM1C45,4.4,4.39,4.41,1000000.0,1000000.0,,,,0,0,0,0,0,0,0,0,0
2.0,1.0,2.0,Week 1,Delta limit and penalty,The delta limit for this sub-heat is 12000 and the penalty percentage is 2%,96,2026-02-12 12:50:44.801247,RTM1P45,0.22,0.21,0.23,1000000.0,1000000.0,,,,0,0,0,0,0,0,0,0,0
1.0,1.0,2.0,Week 1,Risk free rate and current annualized volatility of RTM,The current risk free rate is 0%. RTM is an ETF that mimics one of the major indices in the simulated world and its current annualized realized volatility is 22%. This simulation consists of 20 trading days that are each 15 ticks in length.,96,2026-02-12 12:50:44.801247,RTM1C46,3.46,3.45,3.47,1000000.0,1000000.0,,,,0,0,0,0,0,0,0,0,0
,,,,,,96,2026-02-12 12:50:44.801247,RTM1P46,0.28,0.27,0.29,1000000.0,1000000.0,,,,0,0,0,0,0,0,0,0,0
,,,,,,96,2026-02-12 12:50:44.801247,RTM1C47,2.81,2.8,2.82,1000000.0,1000000.0,,,,0,0,0,0,0,0,0,0,0
,,,,,,96,2026-02-12 12:50:44.801247,RTM1P47,0.63,0.62,0.64,1000000.0,1000000.0,,,,0,0,0,0,0,0,0,0,0
,,,,,,96,2026-02-12 12:50:44.801247,RTM1C48,2.09,2.08,2.1,1000000.0,1000000.0,,,,0,0,0,0,0,0,0,0,0
,,,,,,96,2026-02-12 12:50:44.801247,RTM1P48,0.91,0.9,0.92,1000000.0,1000000.0,,,,0,0,0,0,0,0,0,0,0
,,,,,,96,2026-02-12 12:50:44.801247,RTM1C49,1.51,1.51,1.53,1000000.0,1000000.0,,,,0,0,0,0,0,0,0,0,0
,,,,,,96,2026-02-12 12:50:44.801247,RTM1P49,1.34,1.33,1.35,1000000.0,1000000.0,,,,0,0,0,0,0,0,0,0,0
,,,,,,96,2026-02-12 12:50:44.801247,RTM1C50,1.16,1.15,1.17,1000000.0,1000000.0,,,,0,0,0,0,0,0,0,0,0
,,,,,,96,2026-02-12 12:50:44.801247,RTM1P50,1.98,1.97,1.99,1000000.0,1000000.0,,,,0,0,0,0,0,0,0,0,0
,,,,,,96,2026-02-12 12:50:44.801247,RTM1C51,0.68,0.67,0.69,1000000.0,1000000.0,,5.0,,0,0,0,0,0,0,0,0,0
,,,,,,96,2026-02-12 12:50:44.801247,RTM1P51,2.5,2.49,2.51,1000000.0,1000000.0,,,30.0,0,0,0,0,0,0,0,0,0
,,,,,,96,2026-02-12 12:50:44.801247,RTM1C52,0.4,0.39,0.41,1000000.0,1000000.0,,,,0,0,0,0,0,0,0,0,0
,,,,,,96,2026-02-12 12:50:44.801247,RTM1P52,3.22,3.21,3.23,1000000.0,1000000.0,,,,0,0,0,0,0,0,0,0,0
,,,,,,96,2026-02-12 12:50:44.801247,RTM1C53,0.25,0.24,0.26,1000000.0,1000000.0,,,,0,0,0,0,0,0,0,0,0
,,,,,,96,2026-02-12 12:50:44.801247,RTM1P53,4.07,4.06,4.08,1000000.0,1000000.0,,,,0,0,0,0,0,0,0,0,0
,,,,,,96,2026-02-12 12:50:44.801247,RTM1C54,0.23,0.22,0.24,1000000.0,1000000.0,,,,0,0,0,0,0,0,0,0,0
,,,,,,96,2026-02-12 12:50:44.801247,RTM1P54,5.05,5.04,5.06,1000000.0,1000000.0,,,,0,0,0,0,0,0,0,0,0
4.0,1.0,74.0,Week 2,Announcement 1,The analysts have informed you that the realized volatility of RTM this week will be 39%,97,2026-02-12 12:50:45.832906,RTM,48.99,48.98,49.0,100000000.0,100000000.0,90.0,,,0,0,0,0,0,0,0,0,0
3.0,1.0,35.0,,News 1,The analysts have informed you that the realized volatility of RTM next week will be between 36% and 41%,97,2026-02-12 12:50:45.832906,RTM1C45,4.24,4.23,4.25,1000000.0,1000000.0,,,,0,0,0,0,0,0,0,0,0
2.0,1.0,2.0,Week 1,Delta limit and penalty,The delta limit for this sub-heat is 12000 and the penalty percentage is 2%,97,2026-02-12 12:50:45.832906,RTM1P45,0.24,0.24,0.26,1000000.0,1000000.0,,,,0,0,0,0,0,0,0,0,0
1.0,1.0,2.0,Week 1,Risk free rate and current annualized volatility of RTM,The current risk free rate is 0%. RTM is an ETF that mimics one of the major indices in the simulated world and its current annualized realized volatility is 22%. This simulation consists of 20 trading days that are each 15 ticks in length.,97,2026-02-12 12:50:45.832906,RTM1C46,3.31,3.3,3.32,1000000.0,1000000.0,,,,0,0,0,0,0,0,0,0,0
,,,,,,97,2026-02-12 12:50:45.832906,RTM1P46,0.32,0.31,0.33,1000000.0,1000000.0,,,,0,0,0,0,0,0,0,0,0
,,,,,,97,2026-02-12 12:50:45.832906,RTM1C47,2.6,2.59,2.61,1000000.0,1000000.0,,,,0,0,0,0,0,0,0,0,0
,,,,,,97,2026-02-12 12:50:45.832906,RTM1P47,0.61,0.6,0.62,1000000.0,1000000.0,,,,0,0,0,0,0,0,0,0,0
,,,,,,97,2026-02-12 12:50:45.832906,RTM1C48,1.84,1.83,1.85,1000000.0,1000000.0,,,,0,0,0,0,0,0,0,0,0
,,,,,,97,2026-02-12 12:50:45.832906,RTM1P48,0.84,0.83,0.85,1000000.0,1000000.0,,,,0,0,0,0,0,0,0,0,0
,,,,,,97,2026-02-12 12:50:45.832906,RTM1C49,1.41,1.39,1.41,1000000.0,1000000.0,,,,0,0,0,0,0,0,0,0,0
,,,,,,97,2026-02-12 12:50:45.832906,RTM1P49,1.42,1.4,1.42,1000000.0,1000000.0,,,,0,0,0,0,0,0,0,0,0
,,,,,,97,2026-02-12 12:50:45.832906,RTM1C50,1.07,1.06,1.08,1000000.0,1000000.0,,,,0,0,0,0,0,0,0,0,0
,,,,,,97,2026-02-12 12:50:45.832906,RTM1P50,2.07,2.07,2.09,1000000.0,1000000.0,,,,0,0,0,0,0,0,0,0,0
,,,,,,97,2026-02-12 12:50:45.832906,RTM1C51,0.71,0.71,0.73,1000000.0,1000000.0,,5.0,,0,0,0,0,0,0,0,0,0
,,,,,,97,2026-02-12 12:50:45.832906,RTM1P51,2.73,2.72,2.74,1000000.0,1000000.0,,,30.0,0,0,0,0,0,0,0,0,0
,,,,,,97,2026-02-12 12:50:45.832906,RTM1C52,0.41,0.4,0.42,1000000.0,1000000.0,,,,0,0,0,0,0,0,0,0,0
,,,,,,97,2026-02-12 12:50:45.832906,RTM1P52,3.42,3.41,3.43,1000000.0,1000000.0,,,,0,0,0,0,0,0,0,0,0
,,,,,,97,2026-02-12 12:50:45.832906,RTM1C53,0.21,0.2,0.22,1000000.0,1000000.0,,,,0,0,0,0,0,0,0,0,0
,,,,,,97,2026-02-12 12:50:45.832906,RTM1P53,4.22,4.21,4.23,1000000.0,1000000.0,,,,0,0,0,0,0,0,0,0,0
,,,,,,97,2026-02-12 12:50:45.832906,RTM1C54,0.17,0.16,0.18,1000000.0,1000000.0,,,,0,0,0,0,0,0,0,0,0
,,,,,,97,2026-02-12 12:50:45.832906,RTM1P54,5.18,5.17,5.19,1000000.0,1000000.0,,,,0,0,0,0,0,0,0,0,0
4.0,1.0,74.0,Week 2,Announcement 1,The analysts have informed you that the realized volatility of RTM this week will be 39%,98,2026-02-12 12:50:46.860538,RTM,49.3,49.3,49.32,100000000.0,100000000.0,70.0,,,0,0,0,0,0,0,0,0,0
3.0,1.0,35.0,,News 1,The analysts have informed you that the realized volatility of RTM next week will be between 36% and 41%,98,2026-02-12 12:50:46.860538,RTM1C45,4.53,4.52,4.54,1000000.0,1000000.0,,,,0,0,0,0,0,0,0,0,0
2.0,1.0,2.0,Week 1,Delta limit and penalty,The delta limit for this sub-heat is 12000 and the penalty percentage is 2%,98,2026-02-12 12:50:46.860538,RTM1P45,0.21,0.2,0.22,1000000.0,1000000.0,,,,0,0,0,0,0,0,0,0,0
1.0,1.0,2.0,Week 1,Risk free rate and current annualized volatility of RTM,The current risk free rate is 0%. RTM is an ETF that mimics one of the major indices in the simulated world and its current annualized realized volatility is 22%. This simulation consists of 20 trading days that are each 15 ticks in length.,98,2026-02-12 12:50:46.860538,RTM1C46,3.6,3.59,3.61,1000000.0,1000000.0,,,,0,0,0,0,0,0,0,0,0
,,,,,,98,2026-02-12 12:50:46.860538,RTM1P46,0.28,0.27,0.29,1000000.0,1000000.0,,,,0,0,0,0,0,0,0,0,0
,,,,,,98,2026-02-12 12:50:46.860538,RTM1C47,2.84,2.83,2.85,1000000.0,1000000.0,,,,0,0,0,0,0,0,0,0,0
,,,,,,98,2026-02-12 12:50:46.860538,RTM1P47,0.52,0.51,0.53,1000000.0,1000000.0,,,,0,0,0,0,0,0,0,0,0
,,,,,,98,2026-02-12 12:50:46.860538,RTM1C48,2.1,2.09,2.11,1000000.0,1000000.0,,,,0,0,0,0,0,0,0,0,0
,,,,,,98,2026-02-12 12:50:46.860538,RTM1P48,0.79,0.77,0.79,1000000.0,1000000.0,,,,0,0,0,0,0,0,0,0,0
,,,,,,98,2026-02-12 12:50:46.860538,RTM1C49,1.66,1.65,1.67,1000000.0,1000000.0,,,,0,0,0,0,0,0,0,0,0
,,,,,,98,2026-02-12 12:50:46.860538,RTM1P49,1.35,1.34,1.36,1000000.0,1000000.0,,,,0,0,0,0,0,0,0,0,0
,,,,,,98,2026-02-12 12:50:46.860538,RTM1C50,0.83,0.82,0.84,1000000.0,1000000.0,,,,0,0,0,0,0,0,0,0,0
,,,,,,98,2026-02-12 12:50:46.860538,RTM1P50,1.51,1.5,1.52,1000000.0,1000000.0,,,,0,0,0,0,0,0,0,0,0
,,,,,,98,2026-02-12 12:50:46.860538,RTM1C51,0.86,0.85,0.87,1000000.0,1000000.0,,5.0,,0,0,0,0,0,0,0,0,0
,,,,,,98,2026-02-12 12:50:46.860538,RTM1P51,2.54,2.53,2.55,1000000.0,1000000.0,,,30.0,0,0,0,0,0,0,0,0,0
,,,,,,98,2026-02-12 12:50:46.860538,RTM1C52,0.49,0.48,0.5,1000000.0,1000000.0,,,,0,0,0,0,0,0,0,0,0
,,,,,,98,2026-02-12 12:50:46.860538,RTM1P52,3.18,3.17,3.19,1000000.0,1000000.0,,,,0,0,0,0,0,0,0,0,0
,,,,,,98,2026-02-12 12:50:46.860538,RTM1C53,0.37,0.36,0.38,1000000.0,1000000.0,,,,0,0,0,0,0,0,0,0,0
,,,,,,98,2026-02-12 12:50:46.860538,RTM1P53,4.06,4.05,4.07,1000000.0,1000000.0,,,,0,0,0,0,0,0,0,0,0
,,,,,,98,2026-02-12 12:50:46.860538,RTM1C54,0.17,0.16,0.18,1000000.0,1000000.0,,,,0,0,0,0,0,0,0,0,0
,,,,,,98,2026-02-12 12:50:46.860538,RTM1P54,4.85,4.84,4.86,1000000.0,1000000.0,,,,0,0,0,0,0,0,0,0,0
4.0,1.0,74.0,Week 2,Announcement 1,The analysts have informed you that the realized volatility of RTM this week will be 39%,99,2026-02-12 12:50:47.889558,RTM,49.43,49.42,49.44,100000000.0,100000000.0,70.0,100.0,,,0,0,0,0,0,0,0,0,0
3.0,1.0,35.0,,News 1,The analysts have informed you that the realized volatility of RTM next week will be between 36% and 41%,99,2026-02-12 12:50:47.889558,RTM1C45,4.53,4.53,4.55,1000000.0,1000000.0,,,,,0,0,0,0,0,0,0,0,0
2.0,1.0,2.0,Week 1,Delta limit and penalty,The delta limit for this sub-heat is 12000 and the penalty percentage is 2%,99,2026-02-12 12:50:47.889558,RTM1P45,0.11,0.11,0.13,1000000.0,1000000.0,,,,,0,0,0,0,0,0,0,0,0
1.0,1.0,2.0,Week 1,Risk free rate and current annualized volatility of RTM,The current risk free rate is 0%. RTM is an ETF that mimics one of the major indices in the simulated world and its current annualized realized volatility is 22%. This simulation consists of 20 trading days that are each 15 ticks in length.,99,2026-02-12 12:50:47.889558,RTM1C46,3.74,3.74,3.76,1000000.0,1000000.0,,,,,0,0,0,0,0,0,0,0,0
,,,,,,99,2026-02-12 12:50:47.889558,RTM1P46,0.33,0.32,0.34,1000000.0,1000000.0,,,,,0,0,0,0,0,0,0,0,0
,,,,,,99,2026-02-12 12:50:47.889558,RTM1C47,2.95,2.94,2.96,1000000.0,1000000.0,,,,,0,0,0,0,0,0,0,0,0
,,,,,,99,2026-02-12 12:50:47.889558,RTM1P47,0.52,0.51,0.53,1000000.0,1000000.0,,,,,0,0,0,0,0,0,0,0,0
,,,,,,99,2026-02-12 12:50:47.889558,RTM1C48,2.33,2.32,2.34,1000000.0,1000000.0,,,,,0,0,0,0,0,0,0,0,0
,,,,,,99,2026-02-12 12:50:47.889558,RTM1P48,0.9,0.89,0.91,1000000.0,1000000.0,,,,,0,0,0,0,0,0,0,0,0
,,,,,,99,2026-02-12 12:50:47.889558,RTM1C49,1.65,1.64,1.66,1000000.0,1000000.0,,,,,0,0,0,0,0,0,0,0,0
,,,,,,99,2026-02-12 12:50:47.889558,RTM1P49,1.23,1.22,1.24,1000000.0,1000000.0,,,,,0,0,0,0,0,0,0,0,0
,,,,,,99,2026-02-12 12:50:47.889558,RTM1C50,1.07,1.06,1.08,1000000.0,1000000.0,,,,,0,0,0,0,0,0,0,0,0
,,,,,,99,2026-02-12 12:50:47.889558,RTM1P50,1.64,1.63,1.65,1000000.0,1000000.0,,,,,0,0,0,0,0,0,0,0,0
,,,,,,99,2026-02-12 12:50:47.889558,RTM1C51,0.74,0.74,0.76,1000000.0,1000000.0,,,5.0,,0,0,0,0,0,0,0,0,0
,,,,,,99,2026-02-12 12:50:47.889558,RTM1P51,2.31,2.31,2.33,1000000.0,1000000.0,,,,30.0,0,0,0,0,0,0,0,0,0
,,,,,,99,2026-02-12 12:50:47.889558,RTM1C52,0.51,0.51,0.53,1000000.0,1000000.0,,,,,0,0,0,0,0,0,0,0,0
,,,,,,99,2026-02-12 12:50:47.889558,RTM1P52,3.09,3.08,3.1,1000000.0,1000000.0,,,,,0,0,0,0,0,0,0,0,0
,,,,,,99,2026-02-12 12:50:47.889558,RTM1C53,0.29,0.28,0.3,1000000.0,1000000.0,,,,,0,0,0,0,0,0,0,0,0
,,,,,,99,2026-02-12 12:50:47.889558,RTM1P53,3.86,3.85,3.87,1000000.0,1000000.0,,,,,0,0,0,0,0,0,0,0,0
,,,,,,99,2026-02-12 12:50:47.889558,RTM1C54,0.1,0.09,0.11,1000000.0,1000000.0,,,,,0,0,0,0,0,0,0,0,0
,,,,,,99,2026-02-12 12:50:47.889558,RTM1P54,4.67,4.66,4.68,1000000.0,1000000.0,,,,,0,0,0,0,0,0,0,0,0
4.0,1.0,74.0,Week 2,Announcement 1,The analysts have informed you that the realized volatility of RTM this week will be 39%,100,2026-02-12 12:50:48.918081,RTM,49.26,49.26,49.28,100000000.0,100000000.0,80.0,100.0,,,0,0,0,0,0,0,0,0,0
3.0,1.0,35.0,,News 1,The analysts have informed you that the realized volatility of RTM next week will be between 36% and 41%,100,2026-02-12 12:50:48.918081,RTM1C45,4.45,4.44,4.46,1000000.0,1000000.0,,,,,0,0,0,0,0,0,0,0,0
2.0,1.0,2.0,Week 1,Delta limit and penalty,The delta limit for this sub-heat is 12000 and the penalty percentage is 2%,100,2026-02-12 12:50:48.918081,RTM1P45,0.18,0.17,0.19,1000000.0,1000000.0,,,,,0,0,0,0,0,0,0,0,0
1.0,1.0,2.0,Week 1,Risk free rate and current annualized volatility of RTM,The current risk free rate is 0%. RTM is an ETF that mimics one of the major indices in the simulated world and its current annualized realized volatility is 22%. This simulation consists of 20 trading days that are each 15 ticks in length.,100,2026-02-12 12:50:48.918081,RTM1C46,3.55,3.53,3.55,1000000.0,1000000.0,,,,,0,0,0,0,0,0,0,0,0
,,,,,,100,2026-02-12 12:50:48.918081,RTM1P46,0.27,0.26,0.28,1000000.0,1000000.0,,,,,0,0,0,0,0,0,0,0,0
,,,,,,100,2026-02-12 12:50:48.918081,RTM1C47,2.84,2.83,2.85,1000000.0,1000000.0,,,,,0,0,0,0,0,0,0,0,0
,,,,,,100,2026-02-12 12:50:48.918081,RTM1P47,0.57,0.56,0.58,1000000.0,1000000.0,,,,,0,0,0,0,0,0,0,0,0
,,,,,,100,2026-02-12 12:50:48.918081,RTM1C48,2.06,2.05,2.07,1000000.0,1000000.0,,,,,0,0,0,0,0,0,0,0,0
,,,,,,100,2026-02-12 12:50:48.918081,RTM1P48,0.79,0.78,0.8,1000000.0,1000000.0,,,,,0,0,0,0,0,0,0,0,0
,,,,,,100,2026-02-12 12:50:48.918081,RTM1C49,1.61,1.6,1.62,1000000.0,1000000.0,,,,,0,0,0,0,0,0,0,0,0
,,,,,,100,2026-02-12 12:50:48.918081,RTM1P49,1.34,1.33,1.35,1000000.0,1000000.0,,,,,0,0,0,0,0,0,0,0,0
,,,,,,100,2026-02-12 12:50:48.918081,RTM1C50,0.98,0.96,0.98,1000000.0,1000000.0,,,,,0,0,0,0,0,0,0,0,0
,,,,,,100,2026-02-12 12:50:48.918081,RTM1P50,1.7,1.69,1.71,1000000.0,1000000.0,,,,,0,0,0,0,0,0,0,0,0
,,,,,,100,2026-02-12 12:50:48.918081,RTM1C51,0.78,0.77,0.79,1000000.0,1000000.0,,,5.0,,0,0,0,0,0,0,0,0,0
,,,,,,100,2026-02-12 12:50:48.918081,RTM1P51,2.51,2.5,2.52,1000000.0,1000000.0,,,,30.0,0,0,0,0,0,0,0,0,0
,,,,,,100,2026-02-12 12:50:48.918081,RTM1C52,0.37,0.36,0.38,1000000.0,1000000.0,,,,,0,0,0,0,0,0,0,0,0
,,,,,,100,2026-02-12 12:50:48.918081,RTM1P52,3.1,3.09,3.11,1000000.0,1000000.0,,,,,0,0,0,0,0,0,0,0,0
,,,,,,100,2026-02-12 12:50:48.918081,RTM1C53,0.25,0.24,0.26,1000000.0,1000000.0,,,,,0,0,0,0,0,0,0,0,0
,,,,,,100,2026-02-12 12:50:48.918081,RTM1P53,3.98,3.97,3.99,1000000.0,1000000.0,,,,,0,0,0,0,0,0,0,0,0
,,,,,,100,2026-02-12 12:50:48.918081,RTM1C54,0.11,0.1,0.12,1000000.0,1000000.0,,,,,0,0,0,0,0,0,0,0,0
,,,,,,100,2026-02-12 12:50:48.918081,RTM1P54,4.84,4.83,4.85,1000000.0,1000000.0,,,,,0,0,0,0,0,0,0,0,0
4.0,1.0,74.0,Week 2,Announcement 1,The analysts have informed you that the realized volatility of RTM this week will be 39%,101,2026-02-12 12:50:49.946602,RTM,48.39,48.38,48.39,10.0,100000000.0,100000000.0,80.0,100.0,,0,0,0,0,0,0,0,0,0,0
3.0,1.0,35.0,,News 1,The analysts have informed you that the realized volatility of RTM next week will be between 36% and 41%,101,2026-02-12 12:50:49.946602,RTM1C45,3.71,3.69,3.71,,1000000.0,1000000.0,,,,0,0,0,0,0,0,0,0,0,0
2.0,1.0,2.0,Week 1,Delta limit and penalty,The delta limit for this sub-heat is 12000 and the penalty percentage is 2%,101,2026-02-12 12:50:49.946602,RTM1P45,0.33,0.31,0.33,,1000000.0,1000000.0,,,,0,0,0,0,0,0,0,0,0,0
1.0,1.0,2.0,Week 1,Risk free rate and current annualized volatility of RTM,The current risk free rate is 0%. RTM is an ETF that mimics one of the major indices in the simulated world and its current annualized realized volatility is 22%. This simulation consists of 20 trading days that are each 15 ticks in length.,101,2026-02-12 12:50:49.946602,RTM1C46,2.94,2.93,2.95,,1000000.0,1000000.0,,,,0,0,0,0,0,0,0,0,0,0
,,,,,,101,2026-02-12 12:50:49.946602,RTM1P46,0.56,0.55,0.57,,1000000.0,1000000.0,,,,0,0,0,0,0,0,0,0,0,0
,,,,,,101,2026-02-12 12:50:49.946602,RTM1C47,2.11,2.1,2.12,,1000000.0,1000000.0,,,,0,0,0,0,0,0,0,0,0,0
,,,,,,101,2026-02-12 12:50:49.946602,RTM1P47,0.73,0.72,0.74,,1000000.0,1000000.0,,,,0,0,0,0,0,0,0,0,0,0
,,,,,,101,2026-02-12 12:50:49.946602,RTM1C48,1.67,1.65,1.67,,1000000.0,1000000.0,,,,0,0,0,0,0,0,0,0,0,0
,,,,,,101,2026-02-12 12:50:49.946602,RTM1P48,1.28,1.27,1.29,,1000000.0,1000000.0,,,,0,0,0,0,0,0,0,0,0,0
,,,,,,101,2026-02-12 12:50:49.946602,RTM1C49,1.07,1.06,1.08,,1000000.0,1000000.0,,,,0,0,0,0,0,0,0,0,0,0
,,,,,,101,2026-02-12 12:50:49.946602,RTM1P49,1.69,1.68,1.7,,1000000.0,1000000.0,,,,0,0,0,0,0,0,0,0,0,0
,,,,,,101,2026-02-12 12:50:49.946602,RTM1C50,0.77,0.75,0.77,,1000000.0,1000000.0,,,,0,0,0,0,0,0,0,0,0,0
,,,,,,101,2026-02-12 12:50:49.946602,RTM1P50,2.38,2.37,2.39,,1000000.0,1000000.0,,,,0,0,0,0,0,0,0,0,0,0
,,,,,,101,2026-02-12 12:50:49.946602,RTM1C51,0.51,0.51,0.53,,1000000.0,1000000.0,,,,0,0,0,0,0,0,0,0,0,0
,,,,,,101,2026-02-12 12:50:49.946602,RTM1P51,3.15,3.13,3.15,,1000000.0,1000000.0,,,30.0,0,0,0,0,0,0,0,0,0,0
,,,,,,101,2026-02-12 12:50:49.946602,RTM1C52,0.26,0.24,0.26,,1000000.0,1000000.0,,,,0,0,0,0,0,0,0,0,0,0
,,,,,,101,2026-02-12 12:50:49.946602,RTM1P52,3.88,3.86,3.88,,1000000.0,1000000.0,,,,0,0,0,0,0,0,0,0,0,0
,,,,,,101,2026-02-12 12:50:49.946602,RTM1C53,0.2,0.19,0.21,,1000000.0,1000000.0,,,,0,0,0,0,0,0,0,0,0,0
,,,,,,101,2026-02-12 12:50:49.946602,RTM1P53,4.82,4.81,4.83,,1000000.0,1000000.0,,,,0,0,0,0,0,0,0,0,0,0
,,,,,,101,2026-02-12 12:50:49.946602,RTM1C54,0.08,0.06,0.08,,1000000.0,1000000.0,,,,0,0,0,0,0,0,0,0,0,0
,,,,,,101,2026-02-12 12:50:49.946602,RTM1P54,5.69,5.68,5.7,,1000000.0,1000000.0,,,,0,0,0,0,0,0,0,0,0,0
4.0,1.0,74.0,Week 2,Announcement 1,The analysts have informed you that the realized volatility of RTM this week will be 39%,102,2026-02-12 12:50:50.976047,RTM,48.13,48.11,48.13,100000000.0,100000000.0,80.0,100.0,,0,0,0,0,0,0,0,0,0,0,0
3.0,1.0,35.0,,News 1,The analysts have informed you that the realized volatility of RTM next week will be between 36% and 41%,102,2026-02-12 12:50:50.976047,RTM1C45,3.43,3.42,3.44,1000000.0,1000000.0,,,,0,0,0,0,0,0,0,0,0,0,0
2.0,1.0,2.0,Week 1,Delta limit and penalty,The delta limit for this sub-heat is 12000 and the penalty percentage is 2%,102,2026-02-12 12:50:50.976047,RTM1P45,0.3,0.3,0.32,1000000.0,1000000.0,,,,0,0,0,0,0,0,0,0,0,0,0
1.0,1.0,2.0,Week 1,Risk free rate and current annualized volatility of RTM,The current risk free rate is 0%. RTM is an ETF that mimics one of the major indices in the simulated world and its current annualized realized volatility is 22%. This simulation consists of 20 trading days that are each 15 ticks in length.,102,2026-02-12 12:50:50.976047,RTM1C46,2.64,2.63,2.65,1000000.0,1000000.0,,,,0,0,0,0,0,0,0,0,0,0,0
,,,,,,102,2026-02-12 12:50:50.976047,RTM1P46,0.53,0.52,0.54,1000000.0,1000000.0,,,,0,0,0,0,0,0,0,0,0,0,0
,,,,,,102,2026-02-12 12:50:50.976047,RTM1C47,1.98,1.97,1.99,1000000.0,1000000.0,,,,0,0,0,0,0,0,0,0,0,0,0
,,,,,,102,2026-02-12 12:50:50.976047,RTM1P47,0.86,0.85,0.87,1000000.0,1000000.0,,,,0,0,0,0,0,0,0,0,0,0,0
,,,,,,102,2026-02-12 12:50:50.976047,RTM1C48,1.57,1.56,1.58,1000000.0,1000000.0,,,,0,0,0,0,0,0,0,0,0,0,0
,,,,,,102,2026-02-12 12:50:50.976047,RTM1P48,1.44,1.44,1.46,1000000.0,1000000.0,,,,0,0,0,0,0,0,0,0,0,0,0
,,,,,,102,2026-02-12 12:50:50.976047,RTM1C49,0.95,0.95,0.97,1000000.0,1000000.0,,,,0,0,0,0,0,0,0,0,0,0,0
,,,,,,102,2026-02-12 12:50:50.976047,RTM1P49,1.84,1.83,1.85,1000000.0,1000000.0,,,,0,0,0,0,0,0,0,0,0,0,0
,,,,,,102,2026-02-12 12:50:50.976047,RTM1C50,0.5,0.49,0.51,1000000.0,1000000.0,,,,0,0,0,0,0,0,0,0,0,0,0
,,,,,,102,2026-02-12 12:50:50.976047,RTM1P50,2.38,2.37,2.39,1000000.0,1000000.0,,,,0,0,0,0,0,0,0,0,0,0,0
,,,,,,102,2026-02-12 12:50:50.976047,RTM1C51,0.46,0.46,0.48,1000000.0,1000000.0,,,,0,0,0,0,0,0,0,0,0,0,0
,,,,,,102,2026-02-12 12:50:50.976047,RTM1P51,3.35,3.34,3.36,1000000.0,1000000.0,,,30.0,0,0,0,0,0,0,0,0,0,0,0
,,,,,,102,2026-02-12 12:50:50.976047,RTM1C52,0.2,0.19,0.21,1000000.0,1000000.0,,,,0,0,0,0,0,0,0,0,0,0,0
,,,,,,102,2026-02-12 12:50:50.976047,RTM1P52,4.08,4.07,4.09,1000000.0,1000000.0,,,,0,0,0,0,0,0,0,0,0,0,0
,,,,,,102,2026-02-12 12:50:50.976047,RTM1C53,0.14,0.13,0.15,1000000.0,1000000.0,,,,0,0,0,0,0,0,0,0,0,0,0
,,,,,,102,2026-02-12 12:50:50.976047,RTM1P53,5.02,5.01,5.03,1000000.0,1000000.0,,,,0,0,0,0,0,0,0,0,0,0,0
,,,,,,102,2026-02-12 12:50:50.976047,RTM1C54,0.06,0.05,0.07,1000000.0,1000000.0,,,,0,0,0,0,0,0,0,0,0,0,0
,,,,,,102,2026-02-12 12:50:50.976047,RTM1P54,5.94,5.93,5.95,1000000.0,1000000.0,,,,0,0,0,0,0,0,0,0,0,0,0
4.0,1.0,74.0,Week 2,Announcement 1,The analysts have informed you that the realized volatility of RTM this week will be 39%,103,2026-02-12 12:50:52.007143,RTM,47.91,47.89,47.91,100000000.0,100000000.0,80.0,100.0,,0,0,0,0,0,0,0,0,0,0,0
3.0,1.0,35.0,,News 1,The analysts have informed you that the realized volatility of RTM next week will be between 36% and 41%,103,2026-02-12 12:50:52.007143,RTM1C45,3.25,3.24,3.26,1000000.0,1000000.0,,,,0,0,0,0,0,0,0,0,0,0,0
2.0,1.0,2.0,Week 1,Delta limit and penalty,The delta limit for this sub-heat is 12000 and the penalty percentage is 2%,103,2026-02-12 12:50:52.007143,RTM1P45,0.36,0.35,0.37,1000000.0,1000000.0,,,,0,0,0,0,0,0,0,0,0,0,0
1.0,1.0,2.0,Week 1,Risk free rate and current annualized volatility of RTM,The current risk free rate is 0%. RTM is an ETF that mimics one of the major indices in the simulated world and its current annualized realized volatility is 22%. This simulation consists of 20 trading days that are each 15 ticks in length.,103,2026-02-12 12:50:52.007143,RTM1C46,2.56,2.55,2.57,1000000.0,1000000.0,,,,0,0,0,0,0,0,0,0,0,0,0
,,,,,,103,2026-02-12 12:50:52.007143,RTM1P46,0.66,0.65,0.67,1000000.0,1000000.0,,,,0,0,0,0,0,0,0,0,0,0,0
,,,,,,103,2026-02-12 12:50:52.007143,RTM1C47,1.98,1.97,1.99,1000000.0,1000000.0,,,,0,0,0,0,0,0,0,0,0,0,0
,,,,,,103,2026-02-12 12:50:52.007143,RTM1P47,1.08,1.07,1.09,1000000.0,1000000.0,,,,0,0,0,0,0,0,0,0,0,0,0
,,,,,,103,2026-02-12 12:50:52.007143,RTM1C48,1.37,1.36,1.38,1000000.0,1000000.0,,,,0,0,0,0,0,0,0,0,0,0,0
,,,,,,103,2026-02-12 12:50:52.007143,RTM1P48,1.47,1.46,1.48,1000000.0,1000000.0,,,,0,0,0,0,0,0,0,0,0,0,0
,,,,,,103,2026-02-12 12:50:52.007143,RTM1C49,1.02,1.0,1.02,1000000.0,1000000.0,,,,0,0,0,0,0,0,0,0,0,0,0
,,,,,,103,2026-02-12 12:50:52.007143,RTM1P49,2.12,2.1,2.12,1000000.0,1000000.0,,,,0,0,0,0,0,0,0,0,0,0,0
,,,,,,103,2026-02-12 12:50:52.007143,RTM1C50,0.6,0.58,0.6,1000000.0,1000000.0,,,,0,0,0,0,0,0,0,0,0,0,0
,,,,,,103,2026-02-12 12:50:52.007143,RTM1P50,2.69,2.68,2.7,1000000.0,1000000.0,,,,0,0,0,0,0,0,0,0,0,0,0
,,,,,,103,2026-02-12 12:50:52.007143,RTM1C51,0.36,0.35,0.37,1000000.0,1000000.0,,,,0,0,0,0,0,0,0,0,0,0,0
,,,,,,103,2026-02-12 12:50:52.007143,RTM1P51,3.46,3.45,3.47,1000000.0,1000000.0,,,30.0,0,0,0,0,0,0,0,0,0,0,0
,,,,,,103,2026-02-12 12:50:52.007143,RTM1C52,0.29,0.28,0.3,1000000.0,1000000.0,,,,0,0,0,0,0,0,0,0,0,0,0
,,,,,,103,2026-02-12 12:50:52.007143,RTM1P52,4.38,4.38,4.4,1000000.0,1000000.0,,,,0,0,0,0,0,0,0,0,0,0,0
,,,,,,103,2026-02-12 12:50:52.007143,RTM1C53,0.11,0.11,0.13,1000000.0,1000000.0,,,,0,0,0,0,0,0,0,0,0,0,0
,,,,,,103,2026-02-12 12:50:52.007143,RTM1P53,5.21,5.21,5.23,1000000.0,1000000.0,,,,0,0,0,0,0,0,0,0,0,0,0
,,,,,,103,2026-02-12 12:50:52.007143,RTM1C54,0.07,0.06,0.08,1000000.0,1000000.0,,,,0,0,0,0,0,0,0,0,0,0,0
,,,,,,103,2026-02-12 12:50:52.007143,RTM1P54,6.16,6.16,6.18,1000000.0,1000000.0,,,,0,0,0,0,0,0,0,0,0,0,0
4.0,1.0,74.0,Week 2,Announcement 1,The analysts have informed you that the realized volatility of RTM this week will be 39%,104,2026-02-12 12:50:53.033780,RTM,48.06,48.06,48.08,100000000.0,100000000.0,80.0,100.0,,0,0,0,0,0,0,0,0,0,0,0
3.0,1.0,35.0,,News 1,The analysts have informed you that the realized volatility of RTM next week will be between 36% and 41%,104,2026-02-12 12:50:53.033780,RTM1C45,3.45,3.43,3.45,1000000.0,1000000.0,,,,0,0,0,0,0,0,0,0,0,0,0
2.0,1.0,2.0,Week 1,Delta limit and penalty,The delta limit for this sub-heat is 12000 and the penalty percentage is 2%,104,2026-02-12 12:50:53.033780,RTM1P45,0.38,0.36,0.38,1000000.0,1000000.0,,,,0,0,0,0,0,0,0,0,0,0,0
1.0,1.0,2.0,Week 1,Risk free rate and current annualized volatility of RTM,The current risk free rate is 0%. RTM is an ETF that mimics one of the major indices in the simulated world and its current annualized realized volatility is 22%. This simulation consists of 20 trading days that are each 15 ticks in length.,104,2026-02-12 12:50:53.033780,RTM1C46,2.72,2.72,2.74,1000000.0,1000000.0,,,,0,0,0,0,0,0,0,0,0,0,0
,,,,,,104,2026-02-12 12:50:53.033780,RTM1P46,0.65,0.65,0.67,1000000.0,1000000.0,,,,0,0,0,0,0,0,0,0,0,0,0
,,,,,,104,2026-02-12 12:50:53.033780,RTM1C47,1.97,1.97,1.99,1000000.0,1000000.0,,,,0,0,0,0,0,0,0,0,0,0,0
,,,,,,104,2026-02-12 12:50:53.033780,RTM1P47,0.91,0.9,0.92,1000000.0,1000000.0,,,,0,0,0,0,0,0,0,0,0,0,0
,,,,,,104,2026-02-12 12:50:53.033780,RTM1C48,1.46,1.45,1.47,1000000.0,1000000.0,,,,0,0,0,0,0,0,0,0,0,0,0
,,,,,,104,2026-02-12 12:50:53.033780,RTM1P48,1.39,1.38,1.4,1000000.0,1000000.0,,,,0,0,0,0,0,0,0,0,0,0,0
,,,,,,104,2026-02-12 12:50:53.033780,RTM1C49,0.95,0.95,0.97,1000000.0,1000000.0,,,,0,0,0,0,0,0,0,0,0,0,0
,,,,,,104,2026-02-12 12:50:53.033780,RTM1P49,1.88,1.88,1.9,1000000.0,1000000.0,,,,0,0,0,0,0,0,0,0,0,0,0
,,,,,,104,2026-02-12 12:50:53.033780,RTM1C50,0.57,0.56,0.58,1000000.0,1000000.0,,,,0,0,0,0,0,0,0,0,0,0,0
,,,,,,104,2026-02-12 12:50:53.033780,RTM1P50,2.51,2.49,2.51,1000000.0,1000000.0,,,,0,0,0,0,0,0,0,0,0,0,0
,,,,,,104,2026-02-12 12:50:53.033780,RTM1C51,0.46,0.45,0.47,1000000.0,1000000.0,,,,0,0,0,0,0,0,0,0,0,0,0
,,,,,,104,2026-02-12 12:50:53.033780,RTM1P51,3.39,3.38,3.4,1000000.0,1000000.0,,,30.0,0,0,0,0,0,0,0,0,0,0,0
,,,,,,104,2026-02-12 12:50:53.033780,RTM1C52,0.24,0.24,0.26,1000000.0,1000000.0,,,,0,0,0,0,0,0,0,0,0,0,0
,,,,,,104,2026-02-12 12:50:53.033780,RTM1P52,4.17,4.17,4.19,1000000.0,1000000.0,,,,0,0,0,0,0,0,0,0,0,0,0
,,,,,,104,2026-02-12 12:50:53.033780,RTM1C53,0.21,0.2,0.22,1000000.0,1000000.0,,,,0,0,0,0,0,0,0,0,0,0,0
,,,,,,104,2026-02-12 12:50:53.033780,RTM1P53,5.14,5.13,5.15,1000000.0,1000000.0,,,,0,0,0,0,0,0,0,0,0,0,0
,,,,,,104,2026-02-12 12:50:53.033780,RTM1C54,0.08,0.07,0.09,1000000.0,1000000.0,,,,0,0,0,0,0,0,0,0,0,0,0
,,,,,,104,2026-02-12 12:50:53.033780,RTM1P54,6.01,6.0,6.02,1000000.0,1000000.0,,,,0,0,0,0,0,0,0,0,0,0,0
4.0,1.0,74.0,Week 2,Announcement 1,The analysts have informed you that the realized volatility of RTM this week will be 39%,105,2026-02-12 12:50:54.064676,RTM,47.92,47.9,47.92,100000000.0,100000000.0,80.0,100.0,,0,0,0,0,0,0,0,0,0,0,0
3.0,1.0,35.0,,News 1,The analysts have informed you that the realized volatility of RTM next week will be between 36% and 41%,105,2026-02-12 12:50:54.064676,RTM1C45,3.25,3.24,3.26,1000000.0,1000000.0,,,,0,0,0,0,0,0,0,0,0,0,0
2.0,1.0,2.0,Week 1,Delta limit and penalty,The delta limit for this sub-heat is 12000 and the penalty percentage is 2%,105,2026-02-12 12:50:54.064676,RTM1P45,0.33,0.32,0.34,1000000.0,1000000.0,,,,0,0,0,0,0,0,0,0,0,0,0
1.0,1.0,2.0,Week 1,Risk free rate and current annualized volatility of RTM,The current risk free rate is 0%. RTM is an ETF that mimics one of the major indices in the simulated world and its current annualized realized volatility is 22%. This simulation consists of 20 trading days that are each 15 ticks in length.,105,2026-02-12 12:50:54.064676,RTM1C46,2.52,2.51,2.53,1000000.0,1000000.0,,,,0,0,0,0,0,0,0,0,0,0,0
,,,,,,105,2026-02-12 12:50:54.064676,RTM1P46,0.61,0.6,0.62,1000000.0,1000000.0,,,,0,0,0,0,0,0,0,0,0,0,0
,,,,,,105,2026-02-12 12:50:54.064676,RTM1C47,1.87,1.86,1.88,1000000.0,1000000.0,,,,0,0,0,0,0,0,0,0,0,0,0
,,,,,,105,2026-02-12 12:50:54.064676,RTM1P47,0.94,0.94,0.96,1000000.0,1000000.0,,,,0,0,0,0,0,0,0,0,0,0,0
,,,,,,105,2026-02-12 12:50:54.064676,RTM1C48,1.4,1.39,1.41,1000000.0,1000000.0,,,,0,0,0,0,0,0,0,0,0,0,0
,,,,,,105,2026-02-12 12:50:54.064676,RTM1P48,1.48,1.48,1.5,1000000.0,1000000.0,,,,0,0,0,0,0,0,0,0,0,0,0
,,,,,,105,2026-02-12 12:50:54.064676,RTM1C49,0.9,0.88,0.9,1000000.0,1000000.0,,,,0,0,0,0,0,0,0,0,0,0,0
,,,,,,105,2026-02-12 12:50:54.064676,RTM1P49,1.99,1.97,1.99,1000000.0,1000000.0,,,,0,0,0,0,0,0,0,0,0,0,0
,,,,,,105,2026-02-12 12:50:54.064676,RTM1C50,0.62,0.6,0.62,1000000.0,1000000.0,,,,0,0,0,0,0,0,0,0,0,0,0
,,,,,,105,2026-02-12 12:50:54.064676,RTM1P50,2.7,2.68,2.7,1000000.0,1000000.0,,,,0,0,0,0,0,0,0,0,0,0,0
,,,,,,105,2026-02-12 12:50:54.064676,RTM1C51,0.33,0.33,0.35,1000000.0,1000000.0,,,,0,0,0,0,0,0,0,0,0,0,0
,,,,,,105,2026-02-12 12:50:54.064676,RTM1P51,3.42,3.42,3.44,1000000.0,1000000.0,,,30.0,0,0,0,0,0,0,0,0,0,0,0
,,,,,,105,2026-02-12 12:50:54.064676,RTM1C52,0.22,0.2,0.22,1000000.0,1000000.0,,,,0,0,0,0,0,0,0,0,0,0,0
,,,,,,105,2026-02-12 12:50:54.064676,RTM1P52,4.31,4.29,4.31,1000000.0,1000000.0,,,,0,0,0,0,0,0,0,0,0,0,0
,,,,,,105,2026-02-12 12:50:54.064676,RTM1C53,0.11,0.11,0.13,1000000.0,1000000.0,,,,0,0,0,0,0,0,0,0,0,0,0
,,,,,,105,2026-02-12 12:50:54.064676,RTM1P53,5.2,5.2,5.22,1000000.0,1000000.0,,,,0,0,0,0,0,0,0,0,0,0,0
,,,,,,105,2026-02-12 12:50:54.064676,RTM1C54,0.05,0.04,0.06,1000000.0,1000000.0,,,,0,0,0,0,0,0,0,0,0,0,0
,,,,,,105,2026-02-12 12:50:54.064676,RTM1P54,6.12,6.12,6.14,1000000.0,1000000.0,,,,0,0,0,0,0,0,0,0,0,0,0
4.0,1.0,74.0,Week 2,Announcement 1,The analysts have informed you that the realized volatility of RTM this week will be 39%,106,2026-02-12 12:50:55.093105,RTM,47.41,47.39,47.41,100000000.0,100000000.0,80.0,100.0,,0,0,0,0,0,0,0,0,0,0,0
3.0,1.0,35.0,,News 1,The analysts have informed you that the realized volatility of RTM next week will be between 36% and 41%,106,2026-02-12 12:50:55.093105,RTM1C45,2.89,2.88,2.9,1000000.0,1000000.0,,,,0,0,0,0,0,0,0,0,0,0,0
2.0,1.0,2.0,Week 1,Delta limit and penalty,The delta limit for this sub-heat is 12000 and the penalty percentage is 2%,106,2026-02-12 12:50:55.093105,RTM1P45,0.51,0.49,0.51,1000000.0,1000000.0,,,,0,0,0,0,0,0,0,0,0,0,0
1.0,1.0,2.0,Week 1,Risk free rate and current annualized volatility of RTM,The current risk free rate is 0%. RTM is an ETF that mimics one of the major indices in the simulated world and its current annualized realized volatility is 22%. This simulation consists of 20 trading days that are each 15 ticks in length.,106,2026-02-12 12:50:55.093105,RTM1C46,2.16,2.15,2.17,1000000.0,1000000.0,,,,0,0,0,0,0,0,0,0,0,0,0
,,,,,,106,2026-02-12 12:50:55.093105,RTM1P46,0.77,0.76,0.78,1000000.0,1000000.0,,,,0,0,0,0,0,0,0,0,0,0,0
,,,,,,106,2026-02-12 12:50:55.093105,RTM1C47,1.59,1.58,1.6,1000000.0,1000000.0,,,,0,0,0,0,0,0,0,0,0,0,0
,,,,,,106,2026-02-12 12:50:55.093105,RTM1P47,1.2,1.19,1.21,1000000.0,1000000.0,,,,0,0,0,0,0,0,0,0,0,0,0
,,,,,,106,2026-02-12 12:50:55.093105,RTM1C48,1.07,1.06,1.08,1000000.0,1000000.0,,,,0,0,0,0,0,0,0,0,0,0,0
,,,,,,106,2026-02-12 12:50:55.093105,RTM1P48,1.69,1.67,1.69,1000000.0,1000000.0,,,,0,0,0,0,0,0,0,0,0,0,0
,,,,,,106,2026-02-12 12:50:55.093105,RTM1C49,0.86,0.86,0.88,1000000.0,1000000.0,,,,0,0,0,0,0,0,0,0,0,0,0
,,,,,,106,2026-02-12 12:50:55.093105,RTM1P49,2.48,2.46,2.48,1000000.0,1000000.0,,,,0,0,0,0,0,0,0,0,0,0,0
,,,,,,106,2026-02-12 12:50:55.093105,RTM1C50,0.46,0.46,0.48,1000000.0,1000000.0,,,,0,0,0,0,0,0,0,0,0,0,0
,,,,,,106,2026-02-12 12:50:55.093105,RTM1P50,3.07,3.07,3.09,1000000.0,1000000.0,,,,0,0,0,0,0,0,0,0,0,0,0
,,,,,,106,2026-02-12 12:50:55.093105,RTM1C51,0.27,0.25,0.27,1000000.0,1000000.0,,,,0,0,0,0,0,0,0,0,0,0,0
,,,,,,106,2026-02-12 12:50:55.093105,RTM1P51,3.88,3.86,3.88,1000000.0,1000000.0,,,30.0,0,0,0,0,0,0,0,0,0,0,0
,,,,,,106,2026-02-12 12:50:55.093105,RTM1C52,0.19,0.18,0.2,1000000.0,1000000.0,,,,0,0,0,0,0,0,0,0,0,0,0
,,,,,,106,2026-02-12 12:50:55.093105,RTM1P52,4.79,4.78,4.8,1000000.0,1000000.0,,,,0,0,0,0,0,0,0,0,0,0,0
,,,,,,106,2026-02-12 12:50:55.093105,RTM1C53,0.13,0.12,0.14,1000000.0,1000000.0,,,,0,0,0,0,0,0,0,0,0,0,0
,,,,,,106,2026-02-12 12:50:55.093105,RTM1P53,5.73,5.72,5.74,1000000.0,1000000.0,,,,0,0,0,0,0,0,0,0,0,0,0
,,,,,,106,2026-02-12 12:50:55.093105,RTM1C54,0.03,0.02,0.04,1000000.0,1000000.0,,,,0,0,0,0,0,0,0,0,0,0,0
,,,,,,106,2026-02-12 12:50:55.093105,RTM1P54,6.64,6.63,6.65,1000000.0,1000000.0,,,,0,0,0,0,0,0,0,0,0,0,0
4.0,1.0,74.0,Week 2,Announcement 1,The analysts have informed you that the realized volatility of RTM this week will be 39%,107,2026-02-12 12:50:56.118216,RTM,47.57,47.56,47.57,30.0,100000000.0,100000000.0,80.0,100.0,,0,0,0,0,0,0,0,0,0,0
3.0,1.0,35.0,,News 1,The analysts have informed you that the realized volatility of RTM next week will be between 36% and 41%,107,2026-02-12 12:50:56.118216,RTM1C45,3.06,3.05,3.07,,1000000.0,1000000.0,,,,0,0,0,0,0,0,0,0,0,0
2.0,1.0,2.0,Week 1,Delta limit and penalty,The delta limit for this sub-heat is 12000 and the penalty percentage is 2%,107,2026-02-12 12:50:56.118216,RTM1P45,0.51,0.5,0.52,,1000000.0,1000000.0,,,,0,0,0,0,0,0,0,0,0,0
1.0,1.0,2.0,Week 1,Risk free rate and current annualized volatility of RTM,The current risk free rate is 0%. RTM is an ETF that mimics one of the major indices in the simulated world and its current annualized realized volatility is 22%. This simulation consists of 20 trading days that are each 15 ticks in length.,107,2026-02-12 12:50:56.118216,RTM1C46,2.33,2.31,2.33,,1000000.0,1000000.0,,,,0,0,0,0,0,0,0,0,0,0
,,,,,,107,2026-02-12 12:50:56.118216,RTM1P46,0.76,0.75,0.77,,1000000.0,1000000.0,,,,0,0,0,0,0,0,0,0,0,0
,,,,,,107,2026-02-12 12:50:56.118216,RTM1C47,1.7,1.68,1.7,,1000000.0,1000000.0,,,,0,0,0,0,0,0,0,0,0,0
,,,,,,107,2026-02-12 12:50:56.118216,RTM1P47,1.14,1.12,1.14,,1000000.0,1000000.0,,,,0,0,0,0,0,0,0,0,0,0
,,,,,,107,2026-02-12 12:50:56.118216,RTM1C48,1.14,1.13,1.15,,1000000.0,1000000.0,,,,0,0,0,0,0,0,0,0,0,0
,,,,,,107,2026-02-12 12:50:56.118216,RTM1P48,1.59,1.57,1.59,,1000000.0,1000000.0,,,,0,0,0,0,0,0,0,0,0,0
,,,,,,107,2026-02-12 12:50:56.118216,RTM1C49,0.82,0.81,0.83,,1000000.0,1000000.0,,,,0,0,0,0,0,0,0,0,0,0
,,,,,,107,2026-02-12 12:50:56.118216,RTM1P49,2.25,2.25,2.27,,1000000.0,1000000.0,,,,0,0,0,0,0,0,0,0,0,0
,,,,,,107,2026-02-12 12:50:56.118216,RTM1C50,0.52,0.5,0.52,,1000000.0,1000000.0,,,,0,0,0,0,0,0,0,0,0,0
,,,,,,107,2026-02-12 12:50:56.118216,RTM1P50,2.96,2.94,2.96,,1000000.0,1000000.0,,,,0,0,0,0,0,0,0,0,0,0
,,,,,,107,2026-02-12 12:50:56.118216,RTM1C51,0.34,0.33,0.35,,1000000.0,1000000.0,,,,0,0,0,0,0,0,0,0,0,0
,,,,,,107,2026-02-12 12:50:56.118216,RTM1P51,3.79,3.78,3.8,,1000000.0,1000000.0,,,30.0,0,0,0,0,0,0,0,0,0,0
,,,,,,107,2026-02-12 12:50:56.118216,RTM1C52,0.22,0.21,0.23,,1000000.0,1000000.0,,,,0,0,0,0,0,0,0,0,0,0
,,,,,,107,2026-02-12 12:50:56.118216,RTM1P52,4.66,4.65,4.67,,1000000.0,1000000.0,,,,0,0,0,0,0,0,0,0,0,0
,,,,,,107,2026-02-12 12:50:56.118216,RTM1C53,0.15,0.14,0.16,,1000000.0,1000000.0,,,,0,0,0,0,0,0,0,0,0,0
,,,,,,107,2026-02-12 12:50:56.118216,RTM1P53,5.59,5.58,5.6,,1000000.0,1000000.0,,,,0,0,0,0,0,0,0,0,0,0
,,,,,,107,2026-02-12 12:50:56.118216,RTM1C54,0.05,0.04,0.06,,1000000.0,1000000.0,,,,0,0,0,0,0,0,0,0,0,0
,,,,,,107,2026-02-12 12:50:56.118216,RTM1P54,6.51,6.49,6.51,,1000000.0,1000000.0,,,,0,0,0,0,0,0,0,0,0,0
4.0,1.0,74.0,Week 2,Announcement 1,The analysts have informed you that the realized volatility of RTM this week will be 39%,108,2026-02-12 12:50:57.143725,RTM,47.91,47.91,47.93,100000000.0,30.0,100000000.0,80.0,100.0,,0,0,0,0,0,0,0,0,0,0
3.0,1.0,35.0,,News 1,The analysts have informed you that the realized volatility of RTM next week will be between 36% and 41%,108,2026-02-12 12:50:57.143725,RTM1C45,3.36,3.36,3.38,1000000.0,,1000000.0,,,,0,0,0,0,0,0,0,0,0,0
2.0,1.0,2.0,Week 1,Delta limit and penalty,The delta limit for this sub-heat is 12000 and the penalty percentage is 2%,108,2026-02-12 12:50:57.143725,RTM1P45,0.43,0.43,0.45,1000000.0,,1000000.0,,,,0,0,0,0,0,0,0,0,0,0
1.0,1.0,2.0,Week 1,Risk free rate and current annualized volatility of RTM,The current risk free rate is 0%. RTM is an ETF that mimics one of the major indices in the simulated world and its current annualized realized volatility is 22%. This simulation consists of 20 trading days that are each 15 ticks in length.,108,2026-02-12 12:50:57.143725,RTM1C46,2.6,2.58,2.6,1000000.0,,1000000.0,,,,0,0,0,0,0,0,0,0,0,0
,,,,,,108,2026-02-12 12:50:57.143725,RTM1P46,0.65,0.65,0.67,1000000.0,,1000000.0,,,,0,0,0,0,0,0,0,0,0,0
,,,,,,108,2026-02-12 12:50:57.143725,RTM1C47,1.96,1.96,1.98,1000000.0,,1000000.0,,,,0,0,0,0,0,0,0,0,0,0
,,,,,,108,2026-02-12 12:50:57.143725,RTM1P47,1.04,1.03,1.05,1000000.0,,1000000.0,,,,0,0,0,0,0,0,0,0,0,0
,,,,,,108,2026-02-12 12:50:57.143725,RTM1C48,1.37,1.37,1.39,1000000.0,,1000000.0,,,,0,0,0,0,0,0,0,0,0,0
,,,,,,108,2026-02-12 12:50:57.143725,RTM1P48,1.45,1.45,1.47,1000000.0,,1000000.0,,,,0,0,0,0,0,0,0,0,0,0
,,,,,,108,2026-02-12 12:50:57.143725,RTM1C49,0.96,0.95,0.97,1000000.0,,1000000.0,,,,0,0,0,0,0,0,0,0,0,0
,,,,,,108,2026-02-12 12:50:57.143725,RTM1P49,2.02,2.02,2.04,1000000.0,,1000000.0,,,,0,0,0,0,0,0,0,0,0,0
,,,,,,108,2026-02-12 12:50:57.143725,RTM1C50,0.6,0.59,0.61,1000000.0,,1000000.0,,,,0,0,0,0,0,0,0,0,0,0
,,,,,,108,2026-02-12 12:50:57.143725,RTM1P50,2.68,2.67,2.69,1000000.0,,1000000.0,,,,0,0,0,0,0,0,0,0,0,0
,,,,,,108,2026-02-12 12:50:57.143725,RTM1C51,0.45,0.44,0.46,1000000.0,,1000000.0,,,,0,0,0,0,0,0,0,0,0,0
,,,,,,108,2026-02-12 12:50:57.143725,RTM1P51,3.53,3.52,3.54,1000000.0,,1000000.0,,,30.0,0,0,0,0,0,0,0,0,0,0
,,,,,,108,2026-02-12 12:50:57.143725,RTM1C52,0.24,0.23,0.25,1000000.0,,1000000.0,,,,0,0,0,0,0,0,0,0,0,0
,,,,,,108,2026-02-12 12:50:57.143725,RTM1P52,4.32,4.31,4.33,1000000.0,,1000000.0,,,,0,0,0,0,0,0,0,0,0,0
,,,,,,108,2026-02-12 12:50:57.143725,RTM1C53,0.14,0.13,0.15,1000000.0,,1000000.0,,,,0,0,0,0,0,0,0,0,0,0
,,,,,,108,2026-02-12 12:50:57.143725,RTM1P53,5.22,5.21,5.23,1000000.0,,1000000.0,,,,0,0,0,0,0,0,0,0,0,0
,,,,,,108,2026-02-12 12:50:57.143725,RTM1C54,0.07,0.06,0.08,1000000.0,,1000000.0,,,,0,0,0,0,0,0,0,0,0,0
,,,,,,108,2026-02-12 12:50:57.143725,RTM1P54,6.14,6.13,6.15,1000000.0,,1000000.0,,,,0,0,0,0,0,0,0,0,0,0
4.0,1.0,74.0,Week 2,Announcement 1,The analysts have informed you that the realized volatility of RTM this week will be 39%,109,2026-02-12 12:50:58.172729,RTM,48.2,48.18,48.2,100000000.0,40.0,100000000.0,80.0,100.0,,0,0,0,0,0,0,0,0,0,0
3.0,1.0,35.0,,News 1,The analysts have informed you that the realized volatility of RTM next week will be between 36% and 41%,109,2026-02-12 12:50:58.172729,RTM1C45,3.55,3.54,3.56,1000000.0,,1000000.0,,,,0,0,0,0,0,0,0,0,0,0
2.0,1.0,2.0,Week 1,Delta limit and penalty,The delta limit for this sub-heat is 12000 and the penalty percentage is 2%,109,2026-02-12 12:50:58.172729,RTM1P45,0.37,0.35,0.37,1000000.0,,1000000.0,,,,0,0,0,0,0,0,0,0,0,0
1.0,1.0,2.0,Week 1,Risk free rate and current annualized volatility of RTM,The current risk free rate is 0%. RTM is an ETF that mimics one of the major indices in the simulated world and its current annualized realized volatility is 22%. This simulation consists of 20 trading days that are each 15 ticks in length.,109,2026-02-12 12:50:58.172729,RTM1C46,2.81,2.8,2.82,1000000.0,,1000000.0,,,,0,0,0,0,0,0,0,0,0,0
,,,,,,109,2026-02-12 12:50:58.172729,RTM1P46,0.62,0.61,0.63,1000000.0,,1000000.0,,,,0,0,0,0,0,0,0,0,0,0
,,,,,,109,2026-02-12 12:50:58.172729,RTM1C47,2.16,2.16,2.18,1000000.0,,1000000.0,,,,0,0,0,0,0,0,0,0,0,0
,,,,,,109,2026-02-12 12:50:58.172729,RTM1P47,0.96,0.96,0.98,1000000.0,,1000000.0,,,,0,0,0,0,0,0,0,0,0,0
,,,,,,109,2026-02-12 12:50:58.172729,RTM1C48,1.47,1.47,1.49,1000000.0,,1000000.0,,,,0,0,0,0,0,0,0,0,0,0
,,,,,,109,2026-02-12 12:50:58.172729,RTM1P48,1.27,1.27,1.29,1000000.0,,1000000.0,,,,0,0,0,0,0,0,0,0,0,0
,,,,,,109,2026-02-12 12:50:58.172729,RTM1C49,1.03,1.03,1.05,1000000.0,,1000000.0,,,,0,0,0,0,0,0,0,0,0,0
,,,,,,109,2026-02-12 12:50:58.172729,RTM1P49,1.85,1.83,1.85,1000000.0,,1000000.0,,,,0,0,0,0,0,0,0,0,0,0
,,,,,,109,2026-02-12 12:50:58.172729,RTM1C50,0.69,0.69,0.71,1000000.0,,1000000.0,,,,0,0,0,0,0,0,0,0,0,0
,,,,,,109,2026-02-12 12:50:58.172729,RTM1P50,2.5,2.5,2.52,1000000.0,,1000000.0,,,,0,0,0,0,0,0,0,0,0,0
,,,,,,109,2026-02-12 12:50:58.172729,RTM1C51,0.49,0.47,0.49,1000000.0,,1000000.0,,,,0,0,0,0,0,0,0,0,0,0
,,,,,,109,2026-02-12 12:50:58.172729,RTM1P51,3.29,3.28,3.3,1000000.0,,1000000.0,,,30.0,0,0,0,0,0,0,0,0,0,0
,,,,,,109,2026-02-12 12:50:58.172729,RTM1C52,0.26,0.25,0.27,1000000.0,,1000000.0,,,,0,0,0,0,0,0,0,0,0,0
,,,,,,109,2026-02-12 12:50:58.172729,RTM1P52,4.06,4.05,4.07,1000000.0,,1000000.0,,,,0,0,0,0,0,0,0,0,0,0
,,,,,,109,2026-02-12 12:50:58.172729,RTM1C53,0.23,0.22,0.24,1000000.0,,1000000.0,,,,0,0,0,0,0,0,0,0,0,0
,,,,,,109,2026-02-12 12:50:58.172729,RTM1P53,5.03,5.02,5.04,1000000.0,,1000000.0,,,,0,0,0,0,0,0,0,0,0,0
,,,,,,109,2026-02-12 12:50:58.172729,RTM1C54,0.1,0.09,0.11,1000000.0,,1000000.0,,,,0,0,0,0,0,0,0,0,0,0
,,,,,,109,2026-02-12 12:50:58.172729,RTM1P54,5.91,5.9,5.92,1000000.0,,1000000.0,,,,0,0,0,0,0,0,0,0,0,0
4.0,1.0,74.0,Week 2,Announcement 1,The analysts have informed you that the realized volatility of RTM this week will be 39%,110,2026-02-12 12:50:59.199351,RTM,47.6,47.58,47.6,100000000.0,30.0,100000000.0,80.0,100.0,,0,0,0,0,0,0,0,0,0,0
3.0,1.0,35.0,,News 1,The analysts have informed you that the realized volatility of RTM next week will be between 36% and 41%,110,2026-02-12 12:50:59.199351,RTM1C45,3.07,3.07,3.09,1000000.0,,1000000.0,,,,0,0,0,0,0,0,0,0,0,0
2.0,1.0,2.0,Week 1,Delta limit and penalty,The delta limit for this sub-heat is 12000 and the penalty percentage is 2%,110,2026-02-12 12:50:59.199351,RTM1P45,0.5,0.48,0.5,1000000.0,,1000000.0,,,,0,0,0,0,0,0,0,0,0,0
1.0,1.0,2.0,Week 1,Risk free rate and current annualized volatility of RTM,The current risk free rate is 0%. RTM is an ETF that mimics one of the major indices in the simulated world and its current annualized realized volatility is 22%. This simulation consists of 20 trading days that are each 15 ticks in length.,110,2026-02-12 12:50:59.199351,RTM1C46,2.31,2.31,2.33,1000000.0,,1000000.0,,,,0,0,0,0,0,0,0,0,0,0
,,,,,,110,2026-02-12 12:50:59.199351,RTM1P46,0.72,0.72,0.74,1000000.0,,1000000.0,,,,0,0,0,0,0,0,0,0,0,0
,,,,,,110,2026-02-12 12:50:59.199351,RTM1C47,1.73,1.73,1.75,1000000.0,,1000000.0,,,,0,0,0,0,0,0,0,0,0,0
,,,,,,110,2026-02-12 12:50:59.199351,RTM1P47,1.14,1.14,1.16,1000000.0,,1000000.0,,,,0,0,0,0,0,0,0,0,0,0
,,,,,,110,2026-02-12 12:50:59.199351,RTM1C48,1.3,1.3,1.32,1000000.0,,1000000.0,,,,0,0,0,0,0,0,0,0,0,0
,,,,,,110,2026-02-12 12:50:59.199351,RTM1P48,1.72,1.7,1.72,1000000.0,,1000000.0,,,,0,0,0,0,0,0,0,0,0,0
,,,,,,110,2026-02-12 12:50:59.199351,RTM1C49,0.93,0.91,0.93,1000000.0,,1000000.0,,,,0,0,0,0,0,0,0,0,0,0
,,,,,,110,2026-02-12 12:50:59.199351,RTM1P49,2.33,2.31,2.33,1000000.0,,1000000.0,,,,0,0,0,0,0,0,0,0,0,0
,,,,,,110,2026-02-12 12:50:59.199351,RTM1C50,0.59,0.59,0.61,1000000.0,,1000000.0,,,,0,0,0,0,0,0,0,0,0,0
,,,,,,110,2026-02-12 12:50:59.199351,RTM1P50,3.0,3.0,3.02,1000000.0,,1000000.0,,,,0,0,0,0,0,0,0,0,0,0
,,,,,,110,2026-02-12 12:50:59.199351,RTM1C51,0.4,0.39,0.41,1000000.0,,1000000.0,,,,0,0,0,0,0,0,0,0,0,0
,,,,,,110,2026-02-12 12:50:59.199351,RTM1P51,3.81,3.8,3.82,1000000.0,,1000000.0,,,30.0,0,0,0,0,0,0,0,0,0,0
,,,,,,110,2026-02-12 12:50:59.199351,RTM1C52,0.24,0.23,0.25,1000000.0,,1000000.0,,,,0,0,0,0,0,0,0,0,0,0
,,,,,,110,2026-02-12 12:50:59.199351,RTM1P52,4.64,4.63,4.65,1000000.0,,1000000.0,,,,0,0,0,0,0,0,0,0,0,0
,,,,,,110,2026-02-12 12:50:59.199351,RTM1C53,0.11,0.1,0.12,1000000.0,,1000000.0,,,,0,0,0,0,0,0,0,0,0,0
,,,,,,110,2026-02-12 12:50:59.199351,RTM1P53,5.52,5.51,5.53,1000000.0,,1000000.0,,,,0,0,0,0,0,0,0,0,0,0
,,,,,,110,2026-02-12 12:50:59.199351,RTM1C54,0.09,0.08,0.1,1000000.0,,1000000.0,,,,0,0,0,0,0,0,0,0,0,0
,,,,,,110,2026-02-12 12:50:59.199351,RTM1P54,6.49,6.48,6.5,1000000.0,,1000000.0,,,,0,0,0,0,0,0,0,0,0,0
4.0,1.0,74.0,Week 2,Announcement 1,The analysts have informed you that the realized volatility of RTM this week will be 39%,111,2026-02-12 12:51:00.226065,RTM,47.72,47.72,47.74,100000000.0,40.0,100000000.0,80.0,100.0,,0,0,0,0,0,0,0,0,0,0
3.0,1.0,35.0,,News 1,The analysts have informed you that the realized volatility of RTM next week will be between 36% and 41%,111,2026-02-12 12:51:00.226065,RTM1C45,3.21,3.21,3.23,1000000.0,,1000000.0,,,,0,0,0,0,0,0,0,0,0,0
2.0,1.0,2.0,Week 1,Delta limit and penalty,The delta limit for this sub-heat is 12000 and the penalty percentage is 2%,111,2026-02-12 12:51:00.226065,RTM1P45,0.48,0.48,0.5,1000000.0,,1000000.0,,,,0,0,0,0,0,0,0,0,0,0
1.0,1.0,2.0,Week 1,Risk free rate and current annualized volatility of RTM,The current risk free rate is 0%. RTM is an ETF that mimics one of the major indices in the simulated world and its current annualized realized volatility is 22%. This simulation consists of 20 trading days that are each 15 ticks in length.,111,2026-02-12 12:51:00.226065,RTM1C46,2.5,2.5,2.52,1000000.0,,1000000.0,,,,0,0,0,0,0,0,0,0,0,0
,,,,,,111,2026-02-12 12:51:00.226065,RTM1P46,0.77,0.77,0.79,1000000.0,,1000000.0,,,,0,0,0,0,0,0,0,0,0,0
,,,,,,111,2026-02-12 12:51:00.226065,RTM1C47,1.91,1.89,1.91,1000000.0,,1000000.0,,,,0,0,0,0,0,0,0,0,0,0
,,,,,,111,2026-02-12 12:51:00.226065,RTM1P47,1.18,1.16,1.18,1000000.0,,1000000.0,,,,0,0,0,0,0,0,0,0,0,0
,,,,,,111,2026-02-12 12:51:00.226065,RTM1C48,1.24,1.24,1.26,1000000.0,,1000000.0,,,,0,0,0,0,0,0,0,0,0,0
,,,,,,111,2026-02-12 12:51:00.226065,RTM1P48,1.53,1.51,1.53,1000000.0,,1000000.0,,,,0,0,0,0,0,0,0,0,0,0
,,,,,,111,2026-02-12 12:51:00.226065,RTM1C49,0.97,0.97,0.99,1000000.0,,1000000.0,,,,0,0,0,0,0,0,0,0,0,0
,,,,,,111,2026-02-12 12:51:00.226065,RTM1P49,2.24,2.24,2.26,1000000.0,,1000000.0,,,,0,0,0,0,0,0,0,0,0,0
,,,,,,111,2026-02-12 12:51:00.226065,RTM1C50,0.65,0.63,0.65,1000000.0,,1000000.0,,,,0,0,0,0,0,0,0,0,0,0
,,,,,,111,2026-02-12 12:51:00.226065,RTM1P50,2.93,2.91,2.93,1000000.0,,1000000.0,,,,0,0,0,0,0,0,0,0,0,0
,,,,,,111,2026-02-12 12:51:00.226065,RTM1C51,0.44,0.42,0.44,1000000.0,,1000000.0,,,,0,0,0,0,0,0,0,0,0,0
,,,,,,111,2026-02-12 12:51:00.226065,RTM1P51,3.71,3.69,3.71,1000000.0,,1000000.0,,,30.0,0,0,0,0,0,0,0,0,0,0
,,,,,,111,2026-02-12 12:51:00.226065,RTM1C52,0.27,0.27,0.29,1000000.0,,1000000.0,,,,0,0,0,0,0,0,0,0,0,0
,,,,,,111,2026-02-12 12:51:00.226065,RTM1P52,4.55,4.54,4.56,1000000.0,,1000000.0,,,,0,0,0,0,0,0,0,0,0,0
,,,,,,111,2026-02-12 12:51:00.226065,RTM1C53,0.18,0.17,0.19,1000000.0,,1000000.0,,,,0,0,0,0,0,0,0,0,0,0
,,,,,,111,2026-02-12 12:51:00.226065,RTM1P53,5.45,5.44,5.46,1000000.0,,1000000.0,,,,0,0,0,0,0,0,0,0,0,0
,,,,,,111,2026-02-12 12:51:00.226065,RTM1C54,0.08,0.07,0.09,1000000.0,,1000000.0,,,,0,0,0,0,0,0,0,0,0,0
,,,,,,111,2026-02-12 12:51:00.226065,RTM1P54,6.36,6.34,6.36,1000000.0,,1000000.0,,,,0,0,0,0,0,0,0,0,0,0
5.0,1.0,111.0,,News 2,The analysts have informed you that the realized volatility of RTM next week will be between 21% and 26%,112,2026-02-12 12:51:01.255307,RTM,47.98,47.98,48.0,100000000.0,50.0,100000000.0,80.0,100.0,,,0,0,0,0,0,0,0,0,0
4.0,1.0,74.0,Week 2,Announcement 1,The analysts have informed you that the realized volatility of RTM this week will be 39%,112,2026-02-12 12:51:01.255307,RTM1C45,3.43,3.41,3.43,1000000.0,,1000000.0,,,,,0,0,0,0,0,0,0,0,0
3.0,1.0,35.0,,News 1,The analysts have informed you that the realized volatility of RTM next week will be between 36% and 41%,112,2026-02-12 12:51:01.255307,RTM1P45,0.42,0.42,0.44,1000000.0,,1000000.0,,,,,0,0,0,0,0,0,0,0,0
2.0,1.0,2.0,Week 1,Delta limit and penalty,The delta limit for this sub-heat is 12000 and the penalty percentage is 2%,112,2026-02-12 12:51:01.255307,RTM1C46,2.57,2.57,2.59,1000000.0,,1000000.0,,,,,0,0,0,0,0,0,0,0,0
1.0,1.0,2.0,Week 1,Risk free rate and current annualized volatility of RTM,The current risk free rate is 0%. RTM is an ETF that mimics one of the major indices in the simulated world and its current annualized realized volatility is 22%. This simulation consists of 20 trading days that are each 15 ticks in length.,112,2026-02-12 12:51:01.255307,RTM1P46,0.59,0.57,0.59,1000000.0,,1000000.0,,,,,0,0,0,0,0,0,0,0,0
,,,,,,112,2026-02-12 12:51:01.255307,RTM1C47,1.98,1.96,1.98,1000000.0,,1000000.0,,,,,0,0,0,0,0,0,0,0,0
,,,,,,112,2026-02-12 12:51:01.255307,RTM1P47,0.99,0.97,0.99,1000000.0,,1000000.0,,,,,0,0,0,0,0,0,0,0,0
,,,,,,112,2026-02-12 12:51:01.255307,RTM1C48,1.44,1.44,1.46,1000000.0,,1000000.0,,,,,0,0,0,0,0,0,0,0,0
,,,,,,112,2026-02-12 12:51:01.255307,RTM1P48,1.45,1.45,1.47,1000000.0,,1000000.0,,,,,0,0,0,0,0,0,0,0,0
,,,,,,112,2026-02-12 12:51:01.255307,RTM1C49,0.96,0.96,0.98,1000000.0,,1000000.0,,,,,0,0,0,0,0,0,0,0,0
,,,,,,112,2026-02-12 12:51:01.255307,RTM1P49,1.97,1.97,1.99,1000000.0,,1000000.0,,,,,0,0,0,0,0,0,0,0,0
,,,,,,112,2026-02-12 12:51:01.255307,RTM1C50,0.62,0.62,0.64,1000000.0,,1000000.0,,,,,0,0,0,0,0,0,0,0,0
,,,,,,112,2026-02-12 12:51:01.255307,RTM1P50,2.62,2.62,2.64,1000000.0,,1000000.0,,,,,0,0,0,0,0,0,0,0,0
,,,,,,112,2026-02-12 12:51:01.255307,RTM1C51,0.4,0.4,0.42,1000000.0,,1000000.0,,,,,0,0,0,0,0,0,0,0,0
,,,,,,112,2026-02-12 12:51:01.255307,RTM1P51,3.41,3.41,3.43,1000000.0,,1000000.0,,,30.0,,0,0,0,0,0,0,0,0,0
,,,,,,112,2026-02-12 12:51:01.255307,RTM1C52,0.32,0.32,0.34,1000000.0,,1000000.0,,,,,0,0,0,0,0,0,0,0,0
,,,,,,112,2026-02-12 12:51:01.255307,RTM1P52,4.33,4.33,4.35,1000000.0,,1000000.0,,,,,0,0,0,0,0,0,0,0,0
,,,,,,112,2026-02-12 12:51:01.255307,RTM1C53,0.14,0.14,0.16,1000000.0,,1000000.0,,,,,0,0,0,0,0,0,0,0,0
,,,,,,112,2026-02-12 12:51:01.255307,RTM1P53,5.17,5.15,5.17,1000000.0,,1000000.0,,,,17.0,0,0,0,0,0,0,0,0,0
,,,,,,112,2026-02-12 12:51:01.255307,RTM1C54,0.12,0.12,0.14,1000000.0,,1000000.0,,,,,0,0,0,0,0,0,0,0,0
,,,,,,112,2026-02-12 12:51:01.255307,RTM1P54,6.12,6.12,6.14,1000000.0,,1000000.0,,,,,0,0,0,0,0,0,0,0,0
5.0,1.0,111.0,,News 2,The analysts have informed you that the realized volatility of RTM next week will be between 21% and 26%,113,2026-02-12 12:51:02.282510,RTM,48.2,48.2,48.22,100000000.0,50.0,100000000.0,80.0,100.0,,,,0,0,0,0,0,0,0,0,0
4.0,1.0,74.0,Week 2,Announcement 1,The analysts have informed you that the realized volatility of RTM this week will be 39%,113,2026-02-12 12:51:02.282510,RTM1C45,3.55,3.54,3.56,1000000.0,,1000000.0,,,,,,0,0,0,0,0,0,0,0,0
3.0,1.0,35.0,,News 1,The analysts have informed you that the realized volatility of RTM next week will be between 36% and 41%,113,2026-02-12 12:51:02.282510,RTM1P45,0.34,0.34,0.36,1000000.0,,1000000.0,,,,,,0,0,0,0,0,0,0,0,0
2.0,1.0,2.0,Week 1,Delta limit and penalty,The delta limit for this sub-heat is 12000 and the penalty percentage is 2%,113,2026-02-12 12:51:02.282510,RTM1C46,2.8,2.8,2.82,1000000.0,,1000000.0,,,,,,0,0,0,0,0,0,0,0,0
1.0,1.0,2.0,Week 1,Risk free rate and current annualized volatility of RTM,The current risk free rate is 0%. RTM is an ETF that mimics one of the major indices in the simulated world and its current annualized realized volatility is 22%. This simulation consists of 20 trading days that are each 15 ticks in length.,113,2026-02-12 12:51:02.282510,RTM1P46,0.59,0.59,0.61,1000000.0,,1000000.0,,,100.0,,,0,0,0,0,0,0,0,0,0
,,,,,,113,2026-02-12 12:51:02.282510,RTM1C47,1.98,1.96,1.98,1000000.0,,1000000.0,,,,,,0,0,0,0,0,0,0,0,0
,,,,,,113,2026-02-12 12:51:02.282510,RTM1P47,0.75,0.75,0.77,1000000.0,,1000000.0,,,,,,0,0,0,0,0,0,0,0,0
,,,,,,113,2026-02-12 12:51:02.282510,RTM1C48,1.5,1.5,1.52,1000000.0,,1000000.0,,,,,,0,0,0,0,0,0,0,0,0
,,,,,,113,2026-02-12 12:51:02.282510,RTM1P48,1.3,1.3,1.32,1000000.0,,1000000.0,,,,,,0,0,0,0,0,0,0,0,0
,,,,,,113,2026-02-12 12:51:02.282510,RTM1C49,1.17,1.17,1.19,1000000.0,,1000000.0,,,,,,0,0,0,0,0,0,0,0,0
,,,,,,113,2026-02-12 12:51:02.282510,RTM1P49,1.97,1.97,1.99,1000000.0,,1000000.0,,,,,,0,0,0,0,0,0,0,0,0
,,,,,,113,2026-02-12 12:51:02.282510,RTM1C50,0.7,0.7,0.72,1000000.0,,1000000.0,,,,,,0,0,0,0,0,0,0,0,0
,,,,,,113,2026-02-12 12:51:02.282510,RTM1P50,2.49,2.49,2.51,1000000.0,,1000000.0,,,,,,0,0,0,0,0,0,0,0,0
,,,,,,113,2026-02-12 12:51:02.282510,RTM1C51,0.44,0.44,0.46,1000000.0,,1000000.0,,,,,,0,0,0,0,0,0,0,0,0
,,,,,,113,2026-02-12 12:51:02.282510,RTM1P51,3.23,3.23,3.25,1000000.0,,1000000.0,,,,30.0,18.0,0,0,0,0,0,0,0,0,0
,,,,,,113,2026-02-12 12:51:02.282510,RTM1C52,0.32,0.3,0.32,1000000.0,,1000000.0,,,,,,0,0,0,0,0,0,0,0,0
,,,,,,113,2026-02-12 12:51:02.282510,RTM1P52,4.09,4.09,4.11,1000000.0,,1000000.0,,,,,24.0,0,0,0,0,0,0,0,0,0
,,,,,,113,2026-02-12 12:51:02.282510,RTM1C53,0.23,0.21,0.23,1000000.0,,1000000.0,,,,,,0,0,0,0,0,0,0,0,0
,,,,,,113,2026-02-12 12:51:02.282510,RTM1P53,5.0,5.0,5.02,1000000.0,,1000000.0,,,,,17.0,0,0,0,0,0,0,0,0,0
,,,,,,113,2026-02-12 12:51:02.282510,RTM1C54,0.1,0.1,0.12,1000000.0,,1000000.0,,,,,,0,0,0,0,0,0,0,0,0
,,,,,,113,2026-02-12 12:51:02.282510,RTM1P54,5.89,5.89,5.91,1000000.0,,1000000.0,,,,,,0,0,0,0,0,0,0,0,0
5.0,1.0,111.0,,News 2,The analysts have informed you that the realized volatility of RTM next week will be between 21% and 26%,114,2026-02-12 12:51:03.310793,RTM,48.01,47.99,48.01,100000000.0,50.0,100000000.0,80.0,100.0,,,,0,0,0,0,0,0,0,0,0
4.0,1.0,74.0,Week 2,Announcement 1,The analysts have informed you that the realized volatility of RTM this week will be 39%,114,2026-02-12 12:51:03.310793,RTM1C45,3.33,3.33,3.35,1000000.0,,1000000.0,,,,,,0,0,0,0,0,0,0,0,0
3.0,1.0,35.0,,News 1,The analysts have informed you that the realized volatility of RTM next week will be between 36% and 41%,114,2026-02-12 12:51:03.310793,RTM1P45,0.36,0.34,0.36,1000000.0,,1000000.0,,,,,,0,0,0,0,0,0,0,0,0
2.0,1.0,2.0,Week 1,Delta limit and penalty,The delta limit for this sub-heat is 12000 and the penalty percentage is 2%,114,2026-02-12 12:51:03.310793,RTM1C46,2.65,2.63,2.65,1000000.0,,1000000.0,,,,,,0,0,0,0,0,0,0,0,0
1.0,1.0,2.0,Week 1,Risk free rate and current annualized volatility of RTM,The current risk free rate is 0%. RTM is an ETF that mimics one of the major indices in the simulated world and its current annualized realized volatility is 22%. This simulation consists of 20 trading days that are each 15 ticks in length.,114,2026-02-12 12:51:03.310793,RTM1P46,0.63,0.63,0.65,1000000.0,,1000000.0,,,100.0,,,0,0,0,0,0,0,0,0,0
,,,,,,114,2026-02-12 12:51:03.310793,RTM1C47,1.88,1.88,1.9,1000000.0,,1000000.0,,,,,,0,0,0,0,0,0,0,0,0
,,,,,,114,2026-02-12 12:51:03.310793,RTM1P47,0.9,0.88,0.9,1000000.0,,1000000.0,,,,,,0,0,0,0,0,0,0,0,0
,,,,,,114,2026-02-12 12:51:03.310793,RTM1C48,1.48,1.48,1.5,1000000.0,,1000000.0,,,,,,0,0,0,0,0,0,0,0,0
,,,,,,114,2026-02-12 12:51:03.310793,RTM1P48,1.48,1.48,1.5,1000000.0,,1000000.0,,,,,,0,0,0,0,0,0,0,0,0
,,,,,,114,2026-02-12 12:51:03.310793,RTM1C49,0.97,0.97,0.99,1000000.0,,1000000.0,,,,,,0,0,0,0,0,0,0,0,0
,,,,,,114,2026-02-12 12:51:03.310793,RTM1P49,1.98,1.98,2.0,1000000.0,,1000000.0,,,,,,0,0,0,0,0,0,0,0,0
,,,,,,114,2026-02-12 12:51:03.310793,RTM1C50,0.7,0.68,0.7,1000000.0,,1000000.0,,,,,,0,0,0,0,0,0,0,0,0
,,,,,,114,2026-02-12 12:51:03.310793,RTM1P50,2.7,2.68,2.7,1000000.0,,1000000.0,,,,,,0,0,0,0,0,0,0,0,0
,,,,,,114,2026-02-12 12:51:03.310793,RTM1C51,0.47,0.47,0.49,1000000.0,,1000000.0,,,,,,0,0,0,0,0,0,0,0,0
,,,,,,114,2026-02-12 12:51:03.310793,RTM1P51,3.48,3.48,3.5,1000000.0,,1000000.0,,,,30.0,,0,0,0,0,0,0,0,0,0
,,,,,,114,2026-02-12 12:51:03.310793,RTM1C52,0.27,0.26,0.28,1000000.0,,1000000.0,,,,,,0,0,0,0,0,0,0,0,0
,,,,,,114,2026-02-12 12:51:03.310793,RTM1P52,4.27,4.26,4.28,1000000.0,,1000000.0,,,,,24.0,0,0,0,0,0,0,0,0,0
,,,,,,114,2026-02-12 12:51:03.310793,RTM1C53,0.16,0.15,0.17,1000000.0,,1000000.0,,,,,,0,0,0,0,0,0,0,0,0
,,,,,,114,2026-02-12 12:51:03.310793,RTM1P53,5.16,5.15,5.17,1000000.0,,1000000.0,,,,,17.0,0,0,0,0,0,0,0,0,0
,,,,,,114,2026-02-12 12:51:03.310793,RTM1C54,0.12,0.1,0.12,1000000.0,,1000000.0,,,,,,0,0,0,0,0,0,0,0,0
,,,,,,114,2026-02-12 12:51:03.310793,RTM1P54,6.11,6.11,6.13,1000000.0,,1000000.0,,,,,,0,0,0,0,0,0,0,0,0
5.0,1.0,111.0,,News 2,The analysts have informed you that the realized volatility of RTM next week will be between 21% and 26%,115,2026-02-12 12:51:04.339451,RTM,47.64,47.62,47.64,100000000.0,40.0,100000000.0,80.0,100.0,,,,0,0,0,0,0,0,0,0,0
4.0,1.0,74.0,Week 2,Announcement 1,The analysts have informed you that the realized volatility of RTM this week will be 39%,115,2026-02-12 12:51:04.339451,RTM1C45,3.09,3.09,3.11,1000000.0,,1000000.0,,,,,,0,0,0,0,0,0,0,0,0
3.0,1.0,35.0,,News 1,The analysts have informed you that the realized volatility of RTM next week will be between 36% and 41%,115,2026-02-12 12:51:04.339451,RTM1P45,0.48,0.46,0.48,1000000.0,,1000000.0,,,,,,0,0,0,0,0,0,0,0,0
2.0,1.0,2.0,Week 1,Delta limit and penalty,The delta limit for this sub-heat is 12000 and the penalty percentage is 2%,115,2026-02-12 12:51:04.339451,RTM1C46,2.42,2.42,2.44,1000000.0,,1000000.0,,,14.0,,,0,0,0,0,0,0,0,0,0
1.0,1.0,2.0,Week 1,Risk free rate and current annualized volatility of RTM,The current risk free rate is 0%. RTM is an ETF that mimics one of the major indices in the simulated world and its current annualized realized volatility is 22%. This simulation consists of 20 trading days that are each 15 ticks in length.,115,2026-02-12 12:51:04.339451,RTM1P46,0.78,0.78,0.8,1000000.0,,1000000.0,,,,100.0,,0,0,0,0,0,0,0,0,0
,,,,,,115,2026-02-12 12:51:04.339451,RTM1C47,1.72,1.72,1.74,1000000.0,,1000000.0,,,,,,0,0,0,0,0,0,0,0,0
,,,,,,115,2026-02-12 12:51:04.339451,RTM1P47,1.08,1.08,1.1,1000000.0,,1000000.0,,,,,,0,0,0,0,0,0,0,0,0
,,,,,,115,2026-02-12 12:51:04.339451,RTM1C48,1.3,1.3,1.32,1000000.0,,1000000.0,,,,,,0,0,0,0,0,0,0,0,0
,,,,,,115,2026-02-12 12:51:04.339451,RTM1P48,1.67,1.67,1.69,1000000.0,,1000000.0,,,,,,0,0,0,0,0,0,0,0,0
,,,,,,115,2026-02-12 12:51:04.339451,RTM1C49,0.83,0.81,0.83,1000000.0,,1000000.0,,,,,,0,0,0,0,0,0,0,0,0
,,,,,,115,2026-02-12 12:51:04.339451,RTM1P49,2.2,2.18,2.2,1000000.0,,1000000.0,,,,,,0,0,0,0,0,0,0,0,0
,,,,,,115,2026-02-12 12:51:04.339451,RTM1C50,0.63,0.63,0.65,1000000.0,,1000000.0,,,,,,0,0,0,0,0,0,0,0,0
,,,,,,115,2026-02-12 12:51:04.339451,RTM1P50,3.0,3.0,3.02,1000000.0,,1000000.0,,,,,,0,0,0,0,0,0,0,0,0
,,,,,,115,2026-02-12 12:51:04.339451,RTM1C51,0.41,0.39,0.41,1000000.0,,1000000.0,,,,,,0,0,0,0,0,0,0,0,0
,,,,,,115,2026-02-12 12:51:04.339451,RTM1P51,3.76,3.76,3.78,1000000.0,,1000000.0,,,,,30.0,0,0,0,0,0,0,0,0,0
,,,,,,115,2026-02-12 12:51:04.339451,RTM1C52,0.24,0.22,0.24,1000000.0,,1000000.0,,,,,,0,0,0,0,0,0,0,0,0
,,,,,,115,2026-02-12 12:51:04.339451,RTM1P52,4.59,4.58,4.6,1000000.0,,1000000.0,,,,,,0,0,0,0,0,0,0,0,0
,,,,,,115,2026-02-12 12:51:04.339451,RTM1C53,0.16,0.14,0.16,1000000.0,,1000000.0,,,,,,0,0,0,0,0,0,0,0,0
,,,,,,115,2026-02-12 12:51:04.339451,RTM1P53,5.52,5.51,5.53,1000000.0,,1000000.0,,,,,,0,0,0,0,0,0,0,0,0
,,,,,,115,2026-02-12 12:51:04.339451,RTM1C54,0.1,0.08,0.1,1000000.0,,1000000.0,,,,,,0,0,0,0,0,0,0,0,0
,,,,,,115,2026-02-12 12:51:04.339451,RTM1P54,6.46,6.44,6.46,1000000.0,,1000000.0,,,,,,0,0,0,0,0,0,0,0,0
5.0,1.0,111.0,,News 2,The analysts have informed you that the realized volatility of RTM next week will be between 21% and 26%,116,2026-02-12 12:51:05.366054,RTM,47.39,47.38,47.4,100000000.0,100000000.0,80.0,100.0,,,,0,0,0,0,0,0,0,0,0,0
4.0,1.0,74.0,Week 2,Announcement 1,The analysts have informed you that the realized volatility of RTM this week will be 39%,116,2026-02-12 12:51:05.366054,RTM1C45,2.78,2.78,2.8,1000000.0,1000000.0,,,,,,0,0,0,0,0,0,0,0,0,0
3.0,1.0,35.0,,News 1,The analysts have informed you that the realized volatility of RTM next week will be between 36% and 41%,116,2026-02-12 12:51:05.366054,RTM1P45,0.4,0.39,0.41,1000000.0,1000000.0,,,,,,0,0,0,0,0,0,0,0,0,0
2.0,1.0,2.0,Week 1,Delta limit and penalty,The delta limit for this sub-heat is 12000 and the penalty percentage is 2%,116,2026-02-12 12:51:05.366054,RTM1C46,2.17,2.16,2.18,1000000.0,1000000.0,,,14.0,,,0,0,0,0,0,0,0,0,0,0
1.0,1.0,2.0,Week 1,Risk free rate and current annualized volatility of RTM,The current risk free rate is 0%. RTM is an ETF that mimics one of the major indices in the simulated world and its current annualized realized volatility is 22%. This simulation consists of 20 trading days that are each 15 ticks in length.,116,2026-02-12 12:51:05.366054,RTM1P46,0.78,0.77,0.79,1000000.0,1000000.0,,,,100.0,,0,0,0,0,0,0,0,0,0,0
,,,,,,116,2026-02-12 12:51:05.366054,RTM1C47,1.54,1.53,1.55,1000000.0,1000000.0,,,,,,0,0,0,0,0,0,0,0,0,0
,,,,,,116,2026-02-12 12:51:05.366054,RTM1P47,1.15,1.14,1.16,1000000.0,1000000.0,,,,,,0,0,0,0,0,0,0,0,0,0
,,,,,,116,2026-02-12 12:51:05.366054,RTM1C48,1.16,1.15,1.17,1000000.0,1000000.0,,,,,,0,0,0,0,0,0,0,0,0,0
,,,,,,116,2026-02-12 12:51:05.366054,RTM1P48,1.77,1.76,1.78,1000000.0,1000000.0,,,,,,0,0,0,0,0,0,0,0,0,0
,,,,,,116,2026-02-12 12:51:05.366054,RTM1C49,0.77,0.76,0.78,1000000.0,1000000.0,,,,,,0,0,0,0,0,0,0,0,0,0
,,,,,,116,2026-02-12 12:51:05.366054,RTM1P49,2.39,2.38,2.4,1000000.0,1000000.0,,,,,,0,0,0,0,0,0,0,0,0,0
,,,,,,116,2026-02-12 12:51:05.366054,RTM1C50,0.5,0.49,0.51,1000000.0,1000000.0,,,,,,0,0,0,0,0,0,0,0,0,0
,,,,,,116,2026-02-12 12:51:05.366054,RTM1P50,3.11,3.1,3.12,1000000.0,1000000.0,,,,,,0,0,0,0,0,0,0,0,0,0
,,,,,,116,2026-02-12 12:51:05.366054,RTM1C51,0.38,0.37,0.39,1000000.0,1000000.0,,,,,,0,0,0,0,0,0,0,0,0,0
,,,,,,116,2026-02-12 12:51:05.366054,RTM1P51,3.99,3.98,4.0,1000000.0,1000000.0,,,,,30.0,0,0,0,0,0,0,0,0,0,0
,,,,,,116,2026-02-12 12:51:05.366054,RTM1C52,0.2,0.19,0.21,1000000.0,1000000.0,,,24.0,,,0,0,0,0,0,0,0,0,0,0
,,,,,,116,2026-02-12 12:51:05.366054,RTM1P52,4.81,4.8,4.82,1000000.0,1000000.0,,,,,,0,0,0,0,0,0,0,0,0,0
,,,,,,116,2026-02-12 12:51:05.366054,RTM1C53,0.14,0.13,0.15,1000000.0,1000000.0,,,,,,0,0,0,0,0,0,0,0,0,0
,,,,,,116,2026-02-12 12:51:05.366054,RTM1P53,5.76,5.75,5.77,1000000.0,1000000.0,,,,,,0,0,0,0,0,0,0,0,0,0
,,,,,,116,2026-02-12 12:51:05.366054,RTM1C54,0.06,0.05,0.07,1000000.0,1000000.0,,,,,,0,0,0,0,0,0,0,0,0,0
,,,,,,116,2026-02-12 12:51:05.366054,RTM1P54,6.67,6.66,6.68,1000000.0,1000000.0,,,,,,0,0,0,0,0,0,0,0,0,0
5.0,1.0,111.0,,News 2,The analysts have informed you that the realized volatility of RTM next week will be between 21% and 26%,117,2026-02-12 12:51:06.394755,RTM,47.33,47.31,47.33,100000000.0,100000000.0,10000.0,80.0,100.0,,,,0,0,0,0,0,0,0,0,0
4.0,1.0,74.0,Week 2,Announcement 1,The analysts have informed you that the realized volatility of RTM this week will be 39%,117,2026-02-12 12:51:06.394755,RTM1C45,2.77,2.75,2.77,1000000.0,1000000.0,19.0,,,,,,0,0,0,0,0,0,0,0,0
3.0,1.0,35.0,,News 1,The analysts have informed you that the realized volatility of RTM next week will be between 36% and 41%,117,2026-02-12 12:51:06.394755,RTM1P45,0.45,0.43,0.45,1000000.0,1000000.0,,,,,,,0,0,0,0,0,0,0,0,0
2.0,1.0,2.0,Week 1,Delta limit and penalty,The delta limit for this sub-heat is 12000 and the penalty percentage is 2%,117,2026-02-12 12:51:06.394755,RTM1C46,2.21,2.2,2.22,1000000.0,1000000.0,14.0,,,,,,0,0,0,0,0,0,0,0,0
1.0,1.0,2.0,Week 1,Risk free rate and current annualized volatility of RTM,The current risk free rate is 0%. RTM is an ETF that mimics one of the major indices in the simulated world and its current annualized realized volatility is 22%. This simulation consists of 20 trading days that are each 15 ticks in length.,117,2026-02-12 12:51:06.394755,RTM1P46,0.89,0.88,0.9,1000000.0,1000000.0,,,,100.0,,,0,0,0,0,0,0,0,0,0
,,,,,,117,2026-02-12 12:51:06.394755,RTM1C47,1.61,1.61,1.63,1000000.0,1000000.0,,,,,,,0,0,0,0,0,0,0,0,0
,,,,,,117,2026-02-12 12:51:06.394755,RTM1P47,1.31,1.29,1.31,1000000.0,1000000.0,,,,,,,0,0,0,0,0,0,0,0,0
,,,,,,117,2026-02-12 12:51:06.394755,RTM1C48,1.09,1.08,1.1,1000000.0,1000000.0,,,,,,,0,0,0,0,0,0,0,0,0
,,,,,,117,2026-02-12 12:51:06.394755,RTM1P48,1.76,1.76,1.78,1000000.0,1000000.0,,,,,,,0,0,0,0,0,0,0,0,0
,,,,,,117,2026-02-12 12:51:06.394755,RTM1C49,0.73,0.71,0.73,1000000.0,1000000.0,,,,,,,0,0,0,0,0,0,0,0,0
,,,,,,117,2026-02-12 12:51:06.394755,RTM1P49,2.39,2.39,2.41,1000000.0,1000000.0,,,,,,,0,0,0,0,0,0,0,0,0
,,,,,,117,2026-02-12 12:51:06.394755,RTM1C50,0.54,0.54,0.56,1000000.0,1000000.0,,,,,30.0,,0,0,0,0,0,0,0,0,0
,,,,,,117,2026-02-12 12:51:06.394755,RTM1P50,3.23,3.23,3.25,1000000.0,1000000.0,,,,,,,0,0,0,0,0,0,0,0,0
,,,,,,117,2026-02-12 12:51:06.394755,RTM1C51,0.31,0.3,0.32,1000000.0,1000000.0,,,,,30.0,,0,0,0,0,0,0,0,0,0
,,,,,,117,2026-02-12 12:51:06.394755,RTM1P51,3.98,3.98,4.0,1000000.0,1000000.0,,,,,,30.0,0,0,0,0,0,0,0,0,0
,,,,,,117,2026-02-12 12:51:06.394755,RTM1C52,0.19,0.18,0.2,1000000.0,1000000.0,24.0,,,,,,0,0,0,0,0,0,0,0,0
,,,,,,117,2026-02-12 12:51:06.394755,RTM1P52,4.87,4.86,4.88,1000000.0,1000000.0,,,,,,,0,0,0,0,0,0,0,0,0
,,,,,,117,2026-02-12 12:51:06.394755,RTM1C53,0.11,0.11,0.13,1000000.0,1000000.0,36.0,,,,,,0,0,0,0,0,0,0,0,0
,,,,,,117,2026-02-12 12:51:06.394755,RTM1P53,5.8,5.8,5.82,1000000.0,1000000.0,,,,,,,0,0,0,0,0,0,0,0,0
,,,,,,117,2026-02-12 12:51:06.394755,RTM1C54,0.07,0.05,0.07,1000000.0,1000000.0,58.0,,,,,,0,0,0,0,0,0,0,0,0
,,,,,,117,2026-02-12 12:51:06.394755,RTM1P54,6.76,6.74,6.76,1000000.0,1000000.0,,,,,,,0,0,0,0,0,0,0,0,0
5.0,1.0,111.0,,News 2,The analysts have informed you that the realized volatility of RTM next week will be between 21% and 26%,118,2026-02-12 12:51:07.420772,RTM,47.46,47.44,47.46,100000000.0,100000000.0,10000.0,80.0,100.0,,,,0,0,0,0,0,0,0,0,0
4.0,1.0,74.0,Week 2,Announcement 1,The analysts have informed you that the realized volatility of RTM this week will be 39%,118,2026-02-12 12:51:07.420772,RTM1C45,2.86,2.86,2.88,1000000.0,1000000.0,19.0,,,,,,0,0,0,0,0,0,0,0,0
3.0,1.0,35.0,,News 1,The analysts have informed you that the realized volatility of RTM next week will be between 36% and 41%,118,2026-02-12 12:51:07.420772,RTM1P45,0.41,0.41,0.43,1000000.0,1000000.0,,,,,,,0,0,0,0,0,0,0,0,0
2.0,1.0,2.0,Week 1,Delta limit and penalty,The delta limit for this sub-heat is 12000 and the penalty percentage is 2%,118,2026-02-12 12:51:07.420772,RTM1C46,2.22,2.2,2.22,1000000.0,1000000.0,14.0,,,,,,0,0,0,0,0,0,0,0,0
1.0,1.0,2.0,Week 1,Risk free rate and current annualized volatility of RTM,The current risk free rate is 0%. RTM is an ETF that mimics one of the major indices in the simulated world and its current annualized realized volatility is 22%. This simulation consists of 20 trading days that are each 15 ticks in length.,118,2026-02-12 12:51:07.420772,RTM1P46,0.75,0.75,0.77,1000000.0,1000000.0,,,,100.0,,,0,0,0,0,0,0,0,0,0
,,,,,,118,2026-02-12 12:51:07.420772,RTM1C47,1.67,1.67,1.69,1000000.0,1000000.0,,,,,,,0,0,0,0,0,0,0,0,0
,,,,,,118,2026-02-12 12:51:07.420772,RTM1P47,1.22,1.22,1.24,1000000.0,1000000.0,,,,,,,0,0,0,0,0,0,0,0,0
,,,,,,118,2026-02-12 12:51:07.420772,RTM1C48,1.13,1.11,1.13,1000000.0,1000000.0,,,,,,,0,0,0,0,0,0,0,0,0
,,,,,,118,2026-02-12 12:51:07.420772,RTM1P48,1.68,1.66,1.68,1000000.0,1000000.0,,,,,,,0,0,0,0,0,0,0,0,0
,,,,,,118,2026-02-12 12:51:07.420772,RTM1C49,0.86,0.86,0.88,1000000.0,1000000.0,,,,,,,0,0,0,0,0,0,0,0,0
,,,,,,118,2026-02-12 12:51:07.420772,RTM1P49,2.4,2.4,2.42,1000000.0,1000000.0,,,,,,,0,0,0,0,0,0,0,0,0
,,,,,,118,2026-02-12 12:51:07.420772,RTM1C50,0.56,0.56,0.58,1000000.0,1000000.0,,,,,30.0,,0,0,0,0,0,0,0,0,0
,,,,,,118,2026-02-12 12:51:07.420772,RTM1P50,3.11,3.11,3.13,1000000.0,1000000.0,,,,,30.0,,0,0,0,0,0,0,0,0,0
,,,,,,118,2026-02-12 12:51:07.420772,RTM1C51,0.33,0.33,0.35,1000000.0,1000000.0,,,,,30.0,,0,0,0,0,0,0,0,0,0
,,,,,,118,2026-02-12 12:51:07.420772,RTM1P51,3.89,3.88,3.9,1000000.0,1000000.0,20.0,,,,,30.0,0,0,0,0,0,0,0,0,0
,,,,,,118,2026-02-12 12:51:07.420772,RTM1C52,0.21,0.2,0.22,1000000.0,1000000.0,24.0,,,,,,0,0,0,0,0,0,0,0,0
,,,,,,118,2026-02-12 12:51:07.420772,RTM1P52,4.75,4.75,4.77,1000000.0,1000000.0,,,,,,,0,0,0,0,0,0,0,0,0
,,,,,,118,2026-02-12 12:51:07.420772,RTM1C53,0.15,0.14,0.16,1000000.0,1000000.0,,,,,,,0,0,0,0,0,0,0,0,0
,,,,,,118,2026-02-12 12:51:07.420772,RTM1P53,5.71,5.69,5.71,1000000.0,1000000.0,,,,,,,0,0,0,0,0,0,0,0,0
,,,,,,118,2026-02-12 12:51:07.420772,RTM1C54,0.08,0.06,0.08,1000000.0,1000000.0,58.0,,,,,,0,0,0,0,0,0,0,0,0
,,,,,,118,2026-02-12 12:51:07.420772,RTM1P54,6.61,6.61,6.63,1000000.0,1000000.0,,,,,,,0,0,0,0,0,0,0,0,0
5.0,1.0,111.0,,News 2,The analysts have informed you that the realized volatility of RTM next week will be between 21% and 26%,119,2026-02-12 12:51:08.452307,RTM,47.84,47.84,47.86,100000000.0,5000.0,100000000.0,10000.0,80.0,100.0,,,0,0,0,0,0,0,0,0,0
4.0,1.0,74.0,Week 2,Announcement 1,The analysts have informed you that the realized volatility of RTM this week will be 39%,119,2026-02-12 12:51:08.452307,RTM1C45,3.26,3.24,3.26,1000000.0,,1000000.0,19.0,,,,,0,0,0,0,0,0,0,0,0
3.0,1.0,35.0,,News 1,The analysts have informed you that the realized volatility of RTM next week will be between 36% and 41%,119,2026-02-12 12:51:08.452307,RTM1P45,0.39,0.39,0.41,1000000.0,,1000000.0,,,,,,0,0,0,0,0,0,0,0,0
2.0,1.0,2.0,Week 1,Delta limit and penalty,The delta limit for this sub-heat is 12000 and the penalty percentage is 2%,119,2026-02-12 12:51:08.452307,RTM1C46,2.46,2.44,2.46,1000000.0,,1000000.0,14.0,,,,,0,0,0,0,0,0,0,0,0
1.0,1.0,2.0,Week 1,Risk free rate and current annualized volatility of RTM,The current risk free rate is 0%. RTM is an ETF that mimics one of the major indices in the simulated world and its current annualized realized volatility is 22%. This simulation consists of 20 trading days that are each 15 ticks in length.,119,2026-02-12 12:51:08.452307,RTM1P46,0.59,0.59,0.61,1000000.0,,1000000.0,,,,,,0,0,0,0,0,0,0,0,0
,,,,,,119,2026-02-12 12:51:08.452307,RTM1C47,1.91,1.91,1.93,1000000.0,,1000000.0,,,,,,0,0,0,0,0,0,0,0,0
,,,,,,119,2026-02-12 12:51:08.452307,RTM1P47,1.06,1.06,1.08,1000000.0,,1000000.0,,,,,,0,0,0,0,0,0,0,0,0
,,,,,,119,2026-02-12 12:51:08.452307,RTM1C48,1.26,1.24,1.26,1000000.0,,1000000.0,,,,,,0,0,0,0,0,0,0,0,0
,,,,,,119,2026-02-12 12:51:08.452307,RTM1P48,1.41,1.39,1.41,1000000.0,,1000000.0,,,,,,0,0,0,0,0,0,0,0,0
,,,,,,119,2026-02-12 12:51:08.452307,RTM1C49,0.92,0.9,0.92,1000000.0,,1000000.0,,,,,,0,0,0,0,0,0,0,0,0
,,,,,,119,2026-02-12 12:51:08.452307,RTM1P49,2.05,2.05,2.07,1000000.0,,1000000.0,,,,,,0,0,0,0,0,0,0,0,0
,,,,,,119,2026-02-12 12:51:08.452307,RTM1C50,0.7,0.7,0.72,1000000.0,,1000000.0,,,,,,0,0,0,0,0,0,0,0,0
,,,,,,119,2026-02-12 12:51:08.452307,RTM1P50,2.85,2.85,2.87,1000000.0,,1000000.0,,,,30.0,,0,0,0,0,0,0,0,0,0
,,,,,,119,2026-02-12 12:51:08.452307,RTM1C51,0.47,0.47,0.49,1000000.0,,1000000.0,,,,,,0,0,0,0,0,0,0,0,0
,,,,,,119,2026-02-12 12:51:08.452307,RTM1P51,3.64,3.62,3.64,1000000.0,,1000000.0,20.0,,,,30.0,0,0,0,0,0,0,0,0,0
,,,,,,119,2026-02-12 12:51:08.452307,RTM1C52,0.23,0.22,0.24,1000000.0,,1000000.0,24.0,,,,,0,0,0,0,0,0,0,0,0
,,,,,,119,2026-02-12 12:51:08.452307,RTM1P52,4.39,4.37,4.39,1000000.0,,1000000.0,30.0,,,,,0,0,0,0,0,0,0,0,0
,,,,,,119,2026-02-12 12:51:08.452307,RTM1C53,0.17,0.15,0.17,1000000.0,,1000000.0,,,,,,0,0,0,0,0,0,0,0,0
,,,,,,119,2026-02-12 12:51:08.452307,RTM1P53,5.32,5.3,5.32,1000000.0,,1000000.0,49.0,,,,,0,0,0,0,0,0,0,0,0
,,,,,,119,2026-02-12 12:51:08.452307,RTM1C54,0.08,0.08,0.09,1000000.0,,1000000.0,58.0,,,,,0,0,0,0,0,0,0,0,0
,,,,,,119,2026-02-12 12:51:08.452307,RTM1P54,6.23,6.23,6.25,1000000.0,,1000000.0,88.0,,,,,0,0,0,0,0,0,0,0,0
5.0,1.0,111.0,,News 2,The analysts have informed you that the realized volatility of RTM next week will be between 21% and 26%,120,2026-02-12 12:51:09.482995,RTM,47.46,47.46,47.48,100000000.0,100000000.0,10000.0,80.0,100.0,,,0,0,0,0,0,0,0,0,0,0
4.0,1.0,74.0,Week 2,Announcement 1,The analysts have informed you that the realized volatility of RTM this week will be 39%,120,2026-02-12 12:51:09.482995,RTM1C45,2.91,2.91,2.93,1000000.0,1000000.0,19.0,,,,,0,0,0,0,0,0,0,0,0,0
3.0,1.0,35.0,,News 1,The analysts have informed you that the realized volatility of RTM next week will be between 36% and 41%,120,2026-02-12 12:51:09.482995,RTM1P45,0.44,0.44,0.46,1000000.0,1000000.0,,,,,,0,0,0,0,0,0,0,0,0,0
2.0,1.0,2.0,Week 1,Delta limit and penalty,The delta limit for this sub-heat is 12000 and the penalty percentage is 2%,120,2026-02-12 12:51:09.482995,RTM1C46,2.25,2.25,2.27,1000000.0,1000000.0,14.0,,,,,0,0,0,0,0,0,0,0,0,0
1.0,1.0,2.0,Week 1,Risk free rate and current annualized volatility of RTM,The current risk free rate is 0%. RTM is an ETF that mimics one of the major indices in the simulated world and its current annualized realized volatility is 22%. This simulation consists of 20 trading days that are each 15 ticks in length.,120,2026-02-12 12:51:09.482995,RTM1P46,0.8,0.78,0.8,1000000.0,1000000.0,,,,,,0,0,0,0,0,0,0,0,0,0
,,,,,,120,2026-02-12 12:51:09.482995,RTM1C47,1.61,1.61,1.63,1000000.0,1000000.0,,,,,,0,0,0,0,0,0,0,0,0,0
,,,,,,120,2026-02-12 12:51:09.482995,RTM1P47,1.14,1.14,1.16,1000000.0,1000000.0,,,,,,0,0,0,0,0,0,0,0,0,0
,,,,,,120,2026-02-12 12:51:09.482995,RTM1C48,1.15,1.15,1.17,1000000.0,1000000.0,,,,,,0,0,0,0,0,0,0,0,0,0
,,,,,,120,2026-02-12 12:51:09.482995,RTM1P48,1.68,1.68,1.7,1000000.0,1000000.0,,,,,,0,0,0,0,0,0,0,0,0,0
,,,,,,120,2026-02-12 12:51:09.482995,RTM1C49,0.79,0.79,0.81,1000000.0,1000000.0,,,,,,0,0,0,0,0,0,0,0,0,0
,,,,,,120,2026-02-12 12:51:09.482995,RTM1P49,2.32,2.32,2.34,1000000.0,1000000.0,,,,,,0,0,0,0,0,0,0,0,0,0
,,,,,,120,2026-02-12 12:51:09.482995,RTM1C50,0.59,0.59,0.61,1000000.0,1000000.0,12.0,,,,,0,0,0,0,0,0,0,0,0,0
,,,,,,120,2026-02-12 12:51:09.482995,RTM1P50,3.12,3.12,3.14,1000000.0,1000000.0,,,,30.0,,0,0,0,0,0,0,0,0,0,0
,,,,,,120,2026-02-12 12:51:09.482995,RTM1C51,0.32,0.32,0.34,1000000.0,1000000.0,16.0,,,,,0,0,0,0,0,0,0,0,0,0
,,,,,,120,2026-02-12 12:51:09.482995,RTM1P51,3.86,3.85,3.87,1000000.0,1000000.0,20.0,,,,30.0,0,0,0,0,0,0,0,0,0,0
,,,,,,120,2026-02-12 12:51:09.482995,RTM1C52,0.18,0.18,0.2,1000000.0,1000000.0,24.0,,,,,0,0,0,0,0,0,0,0,0,0
,,,,,,120,2026-02-12 12:51:09.482995,RTM1P52,4.72,4.71,4.73,1000000.0,1000000.0,30.0,,,,,0,0,0,0,0,0,0,0,0,0
,,,,,,120,2026-02-12 12:51:09.482995,RTM1C53,0.15,0.15,0.17,1000000.0,1000000.0,,,,,,0,0,0,0,0,0,0,0,0,0
,,,,,,120,2026-02-12 12:51:09.482995,RTM1P53,5.68,5.68,5.7,1000000.0,1000000.0,49.0,,,,,0,0,0,0,0,0,0,0,0,0
,,,,,,120,2026-02-12 12:51:09.482995,RTM1C54,0.07,0.05,0.07,1000000.0,1000000.0,58.0,,,,,0,0,0,0,0,0,0,0,0,0
,,,,,,120,2026-02-12 12:51:09.482995,RTM1P54,6.6,6.58,6.6,1000000.0,1000000.0,88.0,,,,,0,0,0,0,0,0,0,0,0,0
5.0,1.0,111.0,,News 2,The analysts have informed you that the realized volatility of RTM next week will be between 21% and 26%,121,2026-02-12 12:51:10.513252,RTM,47.38,47.36,47.38,100000000.0,100000000.0,10000.0,80.0,100.0,,,,0,0,0,0,0,0,0,0,0
4.0,1.0,74.0,Week 2,Announcement 1,The analysts have informed you that the realized volatility of RTM this week will be 39%,121,2026-02-12 12:51:10.513252,RTM1C45,2.86,2.84,2.86,1000000.0,1000000.0,35.0,,,,,,0,0,0,0,0,0,0,0,0
3.0,1.0,35.0,,News 1,The analysts have informed you that the realized volatility of RTM next week will be between 36% and 41%,121,2026-02-12 12:51:10.513252,RTM1P45,0.48,0.46,0.48,1000000.0,1000000.0,,,,,,,0,0,0,0,0,0,0,0,0
2.0,1.0,2.0,Week 1,Delta limit and penalty,The delta limit for this sub-heat is 12000 and the penalty percentage is 2%,121,2026-02-12 12:51:10.513252,RTM1C46,2.19,2.17,2.19,1000000.0,1000000.0,14.0,,,,,,0,0,0,0,0,0,0,0,0
1.0,1.0,2.0,Week 1,Risk free rate and current annualized volatility of RTM,The current risk free rate is 0%. RTM is an ETF that mimics one of the major indices in the simulated world and its current annualized realized volatility is 22%. This simulation consists of 20 trading days that are each 15 ticks in length.,121,2026-02-12 12:51:10.513252,RTM1P46,0.8,0.8,0.82,1000000.0,1000000.0,,,,,,,0,0,0,0,0,0,0,0,0
,,,,,,121,2026-02-12 12:51:10.513252,RTM1C47,1.66,1.66,1.68,1000000.0,1000000.0,,,,,,,0,0,0,0,0,0,0,0,0
,,,,,,121,2026-02-12 12:51:10.513252,RTM1P47,1.29,1.29,1.31,1000000.0,1000000.0,,,,,,,0,0,0,0,0,0,0,0,0
,,,,,,121,2026-02-12 12:51:10.513252,RTM1C48,1.08,1.06,1.08,1000000.0,1000000.0,,,,,,,0,0,0,0,0,0,0,0,0
,,,,,,121,2026-02-12 12:51:10.513252,RTM1P48,1.71,1.69,1.71,1000000.0,1000000.0,,,,,,,0,0,0,0,0,0,0,0,0
,,,,,,121,2026-02-12 12:51:10.513252,RTM1C49,0.86,0.86,0.88,1000000.0,1000000.0,,,,,,,0,0,0,0,0,0,0,0,0
,,,,,,121,2026-02-12 12:51:10.513252,RTM1P49,2.49,2.48,2.5,1000000.0,1000000.0,,,,,,,0,0,0,0,0,0,0,0,0
,,,,,,121,2026-02-12 12:51:10.513252,RTM1C50,0.52,0.52,0.54,1000000.0,1000000.0,12.0,,,30.0,30.0,,0,0,0,0,0,0,0,0,0
,,,,,,121,2026-02-12 12:51:10.513252,RTM1P50,3.17,3.15,3.17,1000000.0,1000000.0,,,,,30.0,,0,0,0,0,0,0,0,0,0
,,,,,,121,2026-02-12 12:51:10.513252,RTM1C51,0.33,0.31,0.33,1000000.0,1000000.0,16.0,,,,,,0,0,0,0,0,0,0,0,0
,,,,,,121,2026-02-12 12:51:10.513252,RTM1P51,3.95,3.93,3.95,1000000.0,1000000.0,20.0,,,,,30.0,0,0,0,0,0,0,0,0,0
,,,,,,121,2026-02-12 12:51:10.513252,RTM1C52,0.2,0.2,0.21,1000000.0,1000000.0,46.0,,,,,,0,0,0,0,0,0,0,0,0
,,,,,,121,2026-02-12 12:51:10.513252,RTM1P52,4.85,4.83,4.85,1000000.0,1000000.0,,,,,,,0,0,0,0,0,0,0,0,0
,,,,,,121,2026-02-12 12:51:10.513252,RTM1C53,0.13,0.11,0.13,1000000.0,1000000.0,12.0,,,,,,0,0,0,0,0,0,0,0,0
,,,,,,121,2026-02-12 12:51:10.513252,RTM1P53,5.76,5.74,5.76,1000000.0,1000000.0,49.0,,,,,,0,0,0,0,0,0,0,0,0
,,,,,,121,2026-02-12 12:51:10.513252,RTM1C54,0.06,0.06,0.08,1000000.0,1000000.0,58.0,,,,,,0,0,0,0,0,0,0,0,0
,,,,,,121,2026-02-12 12:51:10.513252,RTM1P54,6.69,6.69,6.71,1000000.0,1000000.0,88.0,,,,,,0,0,0,0,0,0,0,0,0
5.0,1.0,111.0,,News 2,The analysts have informed you that the realized volatility of RTM next week will be between 21% and 26%,122,2026-02-12 12:51:11.540906,RTM,47.55,47.53,47.55,100000000.0,100000000.0,10000.0,80.0,100.0,,,0,0,0,0,0,0,0,0,0,0
4.0,1.0,74.0,Week 2,Announcement 1,The analysts have informed you that the realized volatility of RTM this week will be 39%,122,2026-02-12 12:51:11.540906,RTM1C45,2.98,2.96,2.98,1000000.0,1000000.0,35.0,,,,,0,0,0,0,0,0,0,0,0,0
3.0,1.0,35.0,,News 1,The analysts have informed you that the realized volatility of RTM next week will be between 36% and 41%,122,2026-02-12 12:51:11.540906,RTM1P45,0.43,0.41,0.43,1000000.0,1000000.0,,,,,,0,0,0,0,0,0,0,0,0,0
2.0,1.0,2.0,Week 1,Delta limit and penalty,The delta limit for this sub-heat is 12000 and the penalty percentage is 2%,122,2026-02-12 12:51:11.540906,RTM1C46,2.3,2.3,2.32,1000000.0,1000000.0,14.0,,,,,0,0,0,0,0,0,0,0,0,0
1.0,1.0,2.0,Week 1,Risk free rate and current annualized volatility of RTM,The current risk free rate is 0%. RTM is an ETF that mimics one of the major indices in the simulated world and its current annualized realized volatility is 22%. This simulation consists of 20 trading days that are each 15 ticks in length.,122,2026-02-12 12:51:11.540906,RTM1P46,0.76,0.76,0.78,1000000.0,1000000.0,,,,,,0,0,0,0,0,0,0,0,0,0
,,,,,,122,2026-02-12 12:51:11.540906,RTM1C47,1.7,1.7,1.72,1000000.0,1000000.0,,,,,,0,0,0,0,0,0,0,0,0,0
,,,,,,122,2026-02-12 12:51:11.540906,RTM1P47,1.17,1.15,1.17,1000000.0,1000000.0,,,,,,0,0,0,0,0,0,0,0,0,0
,,,,,,122,2026-02-12 12:51:11.540906,RTM1C48,1.21,1.21,1.23,1000000.0,1000000.0,,,,,,0,0,0,0,0,0,0,0,0,0
,,,,,,122,2026-02-12 12:51:11.540906,RTM1P48,1.66,1.66,1.68,1000000.0,1000000.0,,,,,,0,0,0,0,0,0,0,0,0,0
,,,,,,122,2026-02-12 12:51:11.540906,RTM1C49,0.84,0.84,0.85,1000000.0,1000000.0,,,,30.0,,0,0,0,0,0,0,0,0,0,0
,,,,,,122,2026-02-12 12:51:11.540906,RTM1P49,2.29,2.29,2.31,1000000.0,1000000.0,,,,,,0,0,0,0,0,0,0,0,0,0
,,,,,,122,2026-02-12 12:51:11.540906,RTM1C50,0.58,0.58,0.6,1000000.0,1000000.0,12.0,,,,,0,0,0,0,0,0,0,0,0,0
,,,,,,122,2026-02-12 12:51:11.540906,RTM1P50,3.06,3.04,3.06,1000000.0,1000000.0,13.0,,,30.0,,0,0,0,0,0,0,0,0,0,0
,,,,,,122,2026-02-12 12:51:11.540906,RTM1C51,0.38,0.36,0.38,1000000.0,1000000.0,16.0,,,,,0,0,0,0,0,0,0,0,0,0
,,,,,,122,2026-02-12 12:51:11.540906,RTM1P51,3.84,3.82,3.84,1000000.0,1000000.0,38.0,,,,30.0,0,0,0,0,0,0,0,0,0,0
,,,,,,122,2026-02-12 12:51:11.540906,RTM1C52,0.24,0.23,0.25,1000000.0,1000000.0,24.0,,,,,0,0,0,0,0,0,0,0,0,0
,,,,,,122,2026-02-12 12:51:11.540906,RTM1P52,4.7,4.69,4.71,1000000.0,1000000.0,,,,,,0,0,0,0,0,0,0,0,0,0
,,,,,,122,2026-02-12 12:51:11.540906,RTM1C53,0.16,0.14,0.16,1000000.0,1000000.0,,,,,,0,0,0,0,0,0,0,0,0,0
,,,,,,122,2026-02-12 12:51:11.540906,RTM1P53,5.62,5.6,5.62,1000000.0,1000000.0,49.0,,,,,0,0,0,0,0,0,0,0,0,0
,,,,,,122,2026-02-12 12:51:11.540906,RTM1C54,0.11,0.09,0.11,1000000.0,1000000.0,,,,,,0,0,0,0,0,0,0,0,0,0
,,,,,,122,2026-02-12 12:51:11.540906,RTM1P54,6.56,6.54,6.56,1000000.0,1000000.0,88.0,,,,,0,0,0,0,0,0,0,0,0,0
5.0,1.0,111.0,,News 2,The analysts have informed you that the realized volatility of RTM next week will be between 21% and 26%,123,2026-02-12 12:51:12.569860,RTM,47.26,47.24,47.26,100000000.0,100000000.0,10000.0,80.0,100.0,,,,0,0,0,0,0,0,0,0,0
4.0,1.0,74.0,Week 2,Announcement 1,The analysts have informed you that the realized volatility of RTM this week will be 39%,123,2026-02-12 12:51:12.569860,RTM1C45,2.82,2.82,2.84,1000000.0,1000000.0,35.0,,,,,,0,0,0,0,0,0,0,0,0
3.0,1.0,35.0,,News 1,The analysts have informed you that the realized volatility of RTM next week will be between 36% and 41%,123,2026-02-12 12:51:12.569860,RTM1P45,0.57,0.57,0.59,1000000.0,1000000.0,,,,,,,0,0,0,0,0,0,0,0,0
2.0,1.0,2.0,Week 1,Delta limit and penalty,The delta limit for this sub-heat is 12000 and the penalty percentage is 2%,123,2026-02-12 12:51:12.569860,RTM1C46,2.09,2.07,2.09,1000000.0,1000000.0,14.0,,,,,,0,0,0,0,0,0,0,0,0
1.0,1.0,2.0,Week 1,Risk free rate and current annualized volatility of RTM,The current risk free rate is 0%. RTM is an ETF that mimics one of the major indices in the simulated world and its current annualized realized volatility is 22%. This simulation consists of 20 trading days that are each 15 ticks in length.,123,2026-02-12 12:51:12.569860,RTM1P46,0.84,0.82,0.84,1000000.0,1000000.0,,,,,,,0,0,0,0,0,0,0,0,0
,,,,,,123,2026-02-12 12:51:12.569860,RTM1C47,1.59,1.59,1.61,1000000.0,1000000.0,,,,,,,0,0,0,0,0,0,0,0,0
,,,,,,123,2026-02-12 12:51:12.569860,RTM1P47,1.34,1.34,1.36,1000000.0,1000000.0,,,,,,,0,0,0,0,0,0,0,0,0
,,,,,,123,2026-02-12 12:51:12.569860,RTM1C48,1.1,1.1,1.12,1000000.0,1000000.0,,,,,,,0,0,0,0,0,0,0,0,0
,,,,,,123,2026-02-12 12:51:12.569860,RTM1P48,1.85,1.85,1.87,1000000.0,1000000.0,,,,,,,0,0,0,0,0,0,0,0,0
,,,,,,123,2026-02-12 12:51:12.569860,RTM1C49,0.75,0.75,0.77,1000000.0,1000000.0,,,,30.0,30.0,,0,0,0,0,0,0,0,0,0
,,,,,,123,2026-02-12 12:51:12.569860,RTM1P49,2.51,2.5,2.52,1000000.0,1000000.0,,,,,,,0,0,0,0,0,0,0,0,0
,,,,,,123,2026-02-12 12:51:12.569860,RTM1C50,0.49,0.49,0.51,1000000.0,1000000.0,12.0,,,,30.0,,0,0,0,0,0,0,0,0,0
,,,,,,123,2026-02-12 12:51:12.569860,RTM1P50,3.25,3.25,3.27,1000000.0,1000000.0,,,,,,,0,0,0,0,0,0,0,0,0
,,,,,,123,2026-02-12 12:51:12.569860,RTM1C51,0.32,0.31,0.33,1000000.0,1000000.0,16.0,,,,,,0,0,0,0,0,0,0,0,0
,,,,,,123,2026-02-12 12:51:12.569860,RTM1P51,4.07,4.06,4.08,1000000.0,1000000.0,,,,,,30.0,0,0,0,0,0,0,0,0,0
,,,,,,123,2026-02-12 12:51:12.569860,RTM1C52,0.2,0.19,0.21,1000000.0,1000000.0,24.0,,,,,,0,0,0,0,0,0,0,0,0
,,,,,,123,2026-02-12 12:51:12.569860,RTM1P52,4.95,4.94,4.96,1000000.0,1000000.0,,,,,,,0,0,0,0,0,0,0,0,0
,,,,,,123,2026-02-12 12:51:12.569860,RTM1C53,0.11,0.1,0.12,1000000.0,1000000.0,,,,,,,0,0,0,0,0,0,0,0,0
,,,,,,123,2026-02-12 12:51:12.569860,RTM1P53,5.86,5.85,5.87,1000000.0,1000000.0,,,,,,,0,0,0,0,0,0,0,0,0
,,,,,,123,2026-02-12 12:51:12.569860,RTM1C54,0.05,0.04,0.05,1000000.0,1000000.0,1.0,,,,,,0,0,0,0,0,0,0,0,0
,,,,,,123,2026-02-12 12:51:12.569860,RTM1P54,6.8,6.79,6.81,1000000.0,1000000.0,,,,,,,0,0,0,0,0,0,0,0,0
5.0,1.0,111.0,,News 2,The analysts have informed you that the realized volatility of RTM next week will be between 21% and 26%,124,2026-02-12 12:51:13.596863,RTM,47.49,47.49,47.51,100000000.0,100000000.0,10000.0,80.0,100.0,,,0,0,0,0,0,0,0,0,0,0
4.0,1.0,74.0,Week 2,Announcement 1,The analysts have informed you that the realized volatility of RTM this week will be 39%,124,2026-02-12 12:51:13.596863,RTM1C45,3.02,3.02,3.04,1000000.0,1000000.0,35.0,,,,,0,0,0,0,0,0,0,0,0,0
3.0,1.0,35.0,,News 1,The analysts have informed you that the realized volatility of RTM next week will be between 36% and 41%,124,2026-02-12 12:51:13.596863,RTM1P45,0.51,0.51,0.53,1000000.0,1000000.0,,,,,,0,0,0,0,0,0,0,0,0,0
2.0,1.0,2.0,Week 1,Delta limit and penalty,The delta limit for this sub-heat is 12000 and the penalty percentage is 2%,124,2026-02-12 12:51:13.596863,RTM1C46,2.28,2.28,2.3,1000000.0,1000000.0,14.0,,,,,0,0,0,0,0,0,0,0,0,0
1.0,1.0,2.0,Week 1,Risk free rate and current annualized volatility of RTM,The current risk free rate is 0%. RTM is an ETF that mimics one of the major indices in the simulated world and its current annualized realized volatility is 22%. This simulation consists of 20 trading days that are each 15 ticks in length.,124,2026-02-12 12:51:13.596863,RTM1P46,0.78,0.78,0.8,1000000.0,1000000.0,,,,,,0,0,0,0,0,0,0,0,0,0
,,,,,,124,2026-02-12 12:51:13.596863,RTM1C47,1.7,1.7,1.72,1000000.0,1000000.0,,,,,,0,0,0,0,0,0,0,0,0,0
,,,,,,124,2026-02-12 12:51:13.596863,RTM1P47,1.2,1.2,1.22,1000000.0,1000000.0,,,,,,0,0,0,0,0,0,0,0,0,0
,,,,,,124,2026-02-12 12:51:13.596863,RTM1C48,1.21,1.19,1.21,1000000.0,1000000.0,,,,,,0,0,0,0,0,0,0,0,0,0
,,,,,,124,2026-02-12 12:51:13.596863,RTM1P48,1.68,1.68,1.7,1000000.0,1000000.0,,,,,,0,0,0,0,0,0,0,0,0,0
,,,,,,124,2026-02-12 12:51:13.596863,RTM1C49,0.9,0.88,0.9,1000000.0,1000000.0,,,,,,0,0,0,0,0,0,0,0,0,0
,,,,,,124,2026-02-12 12:51:13.596863,RTM1P49,2.38,2.38,2.4,1000000.0,1000000.0,,,,,,0,0,0,0,0,0,0,0,0,0
,,,,,,124,2026-02-12 12:51:13.596863,RTM1C50,0.52,0.52,0.54,1000000.0,1000000.0,12.0,,,30.0,,0,0,0,0,0,0,0,0,0,0
,,,,,,124,2026-02-12 12:51:13.596863,RTM1P50,3.04,3.02,3.04,1000000.0,1000000.0,,,,,,0,0,0,0,0,0,0,0,0,0
,,,,,,124,2026-02-12 12:51:13.596863,RTM1C51,0.35,0.35,0.37,1000000.0,1000000.0,16.0,,,,,0,0,0,0,0,0,0,0,0,0
,,,,,,124,2026-02-12 12:51:13.596863,RTM1P51,3.85,3.85,3.87,1000000.0,1000000.0,,,,,30.0,0,0,0,0,0,0,0,0,0,0
,,,,,,124,2026-02-12 12:51:13.596863,RTM1C52,0.21,0.19,0.21,1000000.0,1000000.0,24.0,,,,,0,0,0,0,0,0,0,0,0,0
,,,,,,124,2026-02-12 12:51:13.596863,RTM1P52,4.71,4.69,4.71,1000000.0,1000000.0,,,,,,0,0,0,0,0,0,0,0,0,0
,,,,,,124,2026-02-12 12:51:13.596863,RTM1C53,0.16,0.15,0.17,1000000.0,1000000.0,,,,,,0,0,0,0,0,0,0,0,0,0
,,,,,,124,2026-02-12 12:51:13.596863,RTM1P53,5.66,5.65,5.67,1000000.0,1000000.0,,,,,,0,0,0,0,0,0,0,0,0,0
,,,,,,124,2026-02-12 12:51:13.596863,RTM1C54,0.09,0.07,0.09,1000000.0,1000000.0,,,,,,0,0,0,0,0,0,0,0,0,0
,,,,,,124,2026-02-12 12:51:13.596863,RTM1P54,6.58,6.57,6.59,1000000.0,1000000.0,,,,,,0,0,0,0,0,0,0,0,0,0
5.0,1.0,111.0,,News 2,The analysts have informed you that the realized volatility of RTM next week will be between 21% and 26%,125,2026-02-12 12:51:14.624397,RTM,47.64,47.64,47.66,100000000.0,5000.0,100000000.0,10000.0,80.0,100.0,,0,0,0,0,0,0,0,0,0,0
4.0,1.0,74.0,Week 2,Announcement 1,The analysts have informed you that the realized volatility of RTM this week will be 39%,125,2026-02-12 12:51:14.624397,RTM1C45,3.09,3.07,3.09,1000000.0,,1000000.0,35.0,,,,0,0,0,0,0,0,0,0,0,0
3.0,1.0,35.0,,News 1,The analysts have informed you that the realized volatility of RTM next week will be between 36% and 41%,125,2026-02-12 12:51:14.624397,RTM1P45,0.44,0.42,0.44,1000000.0,,1000000.0,,,,,0,0,0,0,0,0,0,0,0,0
2.0,1.0,2.0,Week 1,Delta limit and penalty,The delta limit for this sub-heat is 12000 and the penalty percentage is 2%,125,2026-02-12 12:51:14.624397,RTM1C46,2.42,2.41,2.43,1000000.0,,1000000.0,14.0,,,,0,0,0,0,0,0,0,0,0,0
1.0,1.0,2.0,Week 1,Risk free rate and current annualized volatility of RTM,The current risk free rate is 0%. RTM is an ETF that mimics one of the major indices in the simulated world and its current annualized realized volatility is 22%. This simulation consists of 20 trading days that are each 15 ticks in length.,125,2026-02-12 12:51:14.624397,RTM1P46,0.77,0.76,0.78,1000000.0,,1000000.0,,,,,0,0,0,0,0,0,0,0,0,0
,,,,,,125,2026-02-12 12:51:14.624397,RTM1C47,1.79,1.77,1.79,1000000.0,,1000000.0,,,,,0,0,0,0,0,0,0,0,0,0
,,,,,,125,2026-02-12 12:51:14.624397,RTM1P47,1.14,1.12,1.14,1000000.0,,1000000.0,,,,,0,0,0,0,0,0,0,0,0,0
,,,,,,125,2026-02-12 12:51:14.624397,RTM1C48,1.3,1.3,1.32,1000000.0,,1000000.0,,,,,0,0,0,0,0,0,0,0,0,0
,,,,,,125,2026-02-12 12:51:14.624397,RTM1P48,1.65,1.65,1.67,1000000.0,,1000000.0,,,,,0,0,0,0,0,0,0,0,0,0
,,,,,,125,2026-02-12 12:51:14.624397,RTM1C49,0.88,0.88,0.9,1000000.0,,1000000.0,,,,,0,0,0,0,0,0,0,0,0,0
,,,,,,125,2026-02-12 12:51:14.624397,RTM1P49,2.24,2.23,2.25,1000000.0,,1000000.0,,,,,0,0,0,0,0,0,0,0,0,0
,,,,,,125,2026-02-12 12:51:14.624397,RTM1C50,0.59,0.58,0.6,1000000.0,,1000000.0,12.0,,,,0,0,0,0,0,0,0,0,0,0
,,,,,,125,2026-02-12 12:51:14.624397,RTM1P50,2.94,2.93,2.95,1000000.0,,1000000.0,,,,,0,0,0,0,0,0,0,0,0,0
,,,,,,125,2026-02-12 12:51:14.624397,RTM1C51,0.4,0.4,0.42,1000000.0,,1000000.0,16.0,,,,0,0,0,0,0,0,0,0,0,0
,,,,,,125,2026-02-12 12:51:14.624397,RTM1P51,3.77,3.75,3.77,1000000.0,,1000000.0,,,,30.0,0,0,0,0,0,0,0,0,0,0
,,,,,,125,2026-02-12 12:51:14.624397,RTM1C52,0.24,0.24,0.25,1000000.0,,1000000.0,24.0,,,,0,0,0,0,0,0,0,0,0,0
,,,,,,125,2026-02-12 12:51:14.624397,RTM1P52,4.6,4.59,4.61,1000000.0,,1000000.0,,,,,0,0,0,0,0,0,0,0,0,0
,,,,,,125,2026-02-12 12:51:14.624397,RTM1C53,0.13,0.13,0.15,1000000.0,,1000000.0,,,,,0,0,0,0,0,0,0,0,0,0
,,,,,,125,2026-02-12 12:51:14.624397,RTM1P53,5.49,5.48,5.5,1000000.0,,1000000.0,,,,,0,0,0,0,0,0,0,0,0,0
,,,,,,125,2026-02-12 12:51:14.624397,RTM1C54,0.11,0.09,0.11,1000000.0,,1000000.0,,,,,0,0,0,0,0,0,0,0,0,0
,,,,,,125,2026-02-12 12:51:14.624397,RTM1P54,6.45,6.44,6.46,1000000.0,,1000000.0,,,,,0,0,0,0,0,0,0,0,0,0
5.0,1.0,111.0,,News 2,The analysts have informed you that the realized volatility of RTM next week will be between 21% and 26%,126,2026-02-12 12:51:15.650591,RTM,47.66,47.64,47.66,100000000.0,5000.0,100000000.0,10000.0,80.0,100.0,,,0,0,0,0,0,0,0,0,0,0
4.0,1.0,74.0,Week 2,Announcement 1,The analysts have informed you that the realized volatility of RTM this week will be 39%,126,2026-02-12 12:51:15.650591,RTM1C45,3.13,3.11,3.13,1000000.0,,1000000.0,35.0,,,,,0,0,0,0,0,0,0,0,0,0
3.0,1.0,35.0,,News 1,The analysts have informed you that the realized volatility of RTM next week will be between 36% and 41%,126,2026-02-12 12:51:15.650591,RTM1P45,0.48,0.46,0.48,1000000.0,,1000000.0,,,,,,0,0,0,0,0,0,0,0,0,0
2.0,1.0,2.0,Week 1,Delta limit and penalty,The delta limit for this sub-heat is 12000 and the penalty percentage is 2%,126,2026-02-12 12:51:15.650591,RTM1C46,2.41,2.39,2.41,1000000.0,,1000000.0,14.0,,,,,0,0,0,0,0,0,0,0,0,0
1.0,1.0,2.0,Week 1,Risk free rate and current annualized volatility of RTM,The current risk free rate is 0%. RTM is an ETF that mimics one of the major indices in the simulated world and its current annualized realized volatility is 22%. This simulation consists of 20 trading days that are each 15 ticks in length.,126,2026-02-12 12:51:15.650591,RTM1P46,0.76,0.74,0.76,1000000.0,,1000000.0,,,,,,0,0,0,0,0,0,0,0,0,0
,,,,,,126,2026-02-12 12:51:15.650591,RTM1C47,1.82,1.82,1.84,1000000.0,,1000000.0,,,,97.0,,0,0,0,0,0,0,0,0,0,0
,,,,,,126,2026-02-12 12:51:15.650591,RTM1P47,1.18,1.18,1.2,1000000.0,,1000000.0,,,,,,0,0,0,0,0,0,0,0,0,0
,,,,,,126,2026-02-12 12:51:15.650591,RTM1C48,1.25,1.25,1.27,1000000.0,,1000000.0,,,,,,0,0,0,0,0,0,0,0,0,0
,,,,,,126,2026-02-12 12:51:15.650591,RTM1P48,1.63,1.61,1.63,1000000.0,,1000000.0,,,,,,0,0,0,0,0,0,0,0,0,0
,,,,,,126,2026-02-12 12:51:15.650591,RTM1C49,0.94,0.94,0.96,1000000.0,,1000000.0,,,,,,0,0,0,0,0,0,0,0,0,0
,,,,,,126,2026-02-12 12:51:15.650591,RTM1P49,2.29,2.29,2.31,1000000.0,,1000000.0,,,,,,0,0,0,0,0,0,0,0,0,0
,,,,,,126,2026-02-12 12:51:15.650591,RTM1C50,0.62,0.62,0.64,1000000.0,,1000000.0,12.0,,,,,0,0,0,0,0,0,0,0,0,0
,,,,,,126,2026-02-12 12:51:15.650591,RTM1P50,2.99,2.97,2.99,1000000.0,,1000000.0,,,,,,0,0,0,0,0,0,0,0,0,0
,,,,,,126,2026-02-12 12:51:15.650591,RTM1C51,0.42,0.4,0.42,1000000.0,,1000000.0,16.0,,,,,0,0,0,0,0,0,0,0,0,0
,,,,,,126,2026-02-12 12:51:15.650591,RTM1P51,3.76,3.76,3.78,1000000.0,,1000000.0,,,,,30.0,0,0,0,0,0,0,0,0,0,0
,,,,,,126,2026-02-12 12:51:15.650591,RTM1C52,0.25,0.23,0.25,1000000.0,,1000000.0,24.0,,,,,0,0,0,0,0,0,0,0,0,0
,,,,,,126,2026-02-12 12:51:15.650591,RTM1P52,4.61,4.59,4.61,1000000.0,,1000000.0,,,,,,0,0,0,0,0,0,0,0,0,0
,,,,,,126,2026-02-12 12:51:15.650591,RTM1C53,0.17,0.15,0.17,1000000.0,,1000000.0,,,,,,0,0,0,0,0,0,0,0,0,0
,,,,,,126,2026-02-12 12:51:15.650591,RTM1P53,5.52,5.5,5.52,1000000.0,,1000000.0,,,,,,0,0,0,0,0,0,0,0,0,0
,,,,,,126,2026-02-12 12:51:15.650591,RTM1C54,0.09,0.09,0.11,1000000.0,,1000000.0,,,,,,0,0,0,0,0,0,0,0,0,0
,,,,,,126,2026-02-12 12:51:15.650591,RTM1P54,6.44,6.44,6.46,1000000.0,,1000000.0,,,,,,0,0,0,0,0,0,0,0,0,0
5.0,1.0,111.0,,News 2,The analysts have informed you that the realized volatility of RTM next week will be between 21% and 26%,127,2026-02-12 12:51:16.678711,RTM,47.23,47.23,47.25,100000000.0,100000000.0,10000.0,80.0,100.0,,,0,0,0,0,0,0,0,0,0,0,0
4.0,1.0,74.0,Week 2,Announcement 1,The analysts have informed you that the realized volatility of RTM this week will be 39%,127,2026-02-12 12:51:16.678711,RTM1C45,2.8,2.8,2.82,1000000.0,1000000.0,35.0,,,,,0,0,0,0,0,0,0,0,0,0,0
3.0,1.0,35.0,,News 1,The analysts have informed you that the realized volatility of RTM next week will be between 36% and 41%,127,2026-02-12 12:51:16.678711,RTM1P45,0.55,0.55,0.57,1000000.0,1000000.0,,,,,,0,0,0,0,0,0,0,0,0,0,0
2.0,1.0,2.0,Week 1,Delta limit and penalty,The delta limit for this sub-heat is 12000 and the penalty percentage is 2%,127,2026-02-12 12:51:16.678711,RTM1C46,2.1,2.1,2.12,1000000.0,1000000.0,14.0,,,,,0,0,0,0,0,0,0,0,0,0,0
1.0,1.0,2.0,Week 1,Risk free rate and current annualized volatility of RTM,The current risk free rate is 0%. RTM is an ETF that mimics one of the major indices in the simulated world and its current annualized realized volatility is 22%. This simulation consists of 20 trading days that are each 15 ticks in length.,127,2026-02-12 12:51:16.678711,RTM1P46,0.86,0.86,0.88,1000000.0,1000000.0,,,,,,0,0,0,0,0,0,0,0,0,0,0
,,,,,,127,2026-02-12 12:51:16.678711,RTM1C47,1.6,1.58,1.6,1000000.0,1000000.0,,,,,,0,0,0,0,0,0,0,0,0,0,0
,,,,,,127,2026-02-12 12:51:16.678711,RTM1P47,1.34,1.34,1.36,1000000.0,1000000.0,,,,,,0,0,0,0,0,0,0,0,0,0,0
,,,,,,127,2026-02-12 12:51:16.678711,RTM1C48,1.08,1.06,1.08,1000000.0,1000000.0,,,,,,0,0,0,0,0,0,0,0,0,0,0
,,,,,,127,2026-02-12 12:51:16.678711,RTM1P48,1.82,1.82,1.84,1000000.0,1000000.0,,,,,,0,0,0,0,0,0,0,0,0,0,0
,,,,,,127,2026-02-12 12:51:16.678711,RTM1C49,0.75,0.75,0.77,1000000.0,1000000.0,,,,,,0,0,0,0,0,0,0,0,0,0,0
,,,,,,127,2026-02-12 12:51:16.678711,RTM1P49,2.51,2.5,2.52,1000000.0,1000000.0,,,,,,0,0,0,0,0,0,0,0,0,0,0
,,,,,,127,2026-02-12 12:51:16.678711,RTM1C50,0.49,0.48,0.5,1000000.0,1000000.0,12.0,,,30.0,,0,0,0,0,0,0,0,0,0,0,0
,,,,,,127,2026-02-12 12:51:16.678711,RTM1P50,3.25,3.24,3.26,1000000.0,1000000.0,,,,,,0,0,0,0,0,0,0,0,0,0,0
,,,,,,127,2026-02-12 12:51:16.678711,RTM1C51,0.34,0.33,0.35,1000000.0,1000000.0,16.0,,,,,0,0,0,0,0,0,0,0,0,0,0
,,,,,,127,2026-02-12 12:51:16.678711,RTM1P51,4.09,4.08,4.1,1000000.0,1000000.0,,,,,30.0,0,0,0,0,0,0,0,0,0,0,0
,,,,,,127,2026-02-12 12:51:16.678711,RTM1C52,0.18,0.17,0.19,1000000.0,1000000.0,24.0,,,,,0,0,0,0,0,0,0,0,0,0,0
,,,,,,127,2026-02-12 12:51:16.678711,RTM1P52,4.94,4.93,4.95,1000000.0,1000000.0,,,,,,0,0,0,0,0,0,0,0,0,0,0
,,,,,,127,2026-02-12 12:51:16.678711,RTM1C53,0.12,0.11,0.13,1000000.0,1000000.0,,,,,,0,0,0,0,0,0,0,0,0,0,0
,,,,,,127,2026-02-12 12:51:16.678711,RTM1P53,5.87,5.86,5.88,1000000.0,1000000.0,,,,,,0,0,0,0,0,0,0,0,0,0,0
,,,,,,127,2026-02-12 12:51:16.678711,RTM1C54,0.07,0.06,0.08,1000000.0,1000000.0,,,,,,0,0,0,0,0,0,0,0,0,0,0
,,,,,,127,2026-02-12 12:51:16.678711,RTM1P54,6.83,6.82,6.84,1000000.0,1000000.0,,,,,,0,0,0,0,0,0,0,0,0,0,0
5.0,1.0,111.0,,News 2,The analysts have informed you that the realized volatility of RTM next week will be between 21% and 26%,128,2026-02-12 12:51:17.704311,RTM,46.87,46.87,46.89,100000000.0,100000000.0,10000.0,80.0,100.0,,,,0,0,0,0,0,0,0,0,0,0
4.0,1.0,74.0,Week 2,Announcement 1,The analysts have informed you that the realized volatility of RTM this week will be 39%,128,2026-02-12 12:51:17.704311,RTM1C45,2.56,2.56,2.58,1000000.0,1000000.0,35.0,,,30.0,30.0,,0,0,0,0,0,0,0,0,0,0
3.0,1.0,35.0,,News 1,The analysts have informed you that the realized volatility of RTM next week will be between 36% and 41%,128,2026-02-12 12:51:17.704311,RTM1P45,0.71,0.69,0.71,1000000.0,1000000.0,,,,,,,0,0,0,0,0,0,0,0,0,0
2.0,1.0,2.0,Week 1,Delta limit and penalty,The delta limit for this sub-heat is 12000 and the penalty percentage is 2%,128,2026-02-12 12:51:17.704311,RTM1C46,1.89,1.89,1.91,1000000.0,1000000.0,14.0,,,,,,0,0,0,0,0,0,0,0,0,0
1.0,1.0,2.0,Week 1,Risk free rate and current annualized volatility of RTM,The current risk free rate is 0%. RTM is an ETF that mimics one of the major indices in the simulated world and its current annualized realized volatility is 22%. This simulation consists of 20 trading days that are each 15 ticks in length.,128,2026-02-12 12:51:17.704311,RTM1P46,1.02,1.02,1.04,1000000.0,1000000.0,,,,,,,0,0,0,0,0,0,0,0,0,0
,,,,,,128,2026-02-12 12:51:17.704311,RTM1C47,1.42,1.42,1.44,1000000.0,1000000.0,,,,,,,0,0,0,0,0,0,0,0,0,0
,,,,,,128,2026-02-12 12:51:17.704311,RTM1P47,1.54,1.54,1.56,1000000.0,1000000.0,,,,,,,0,0,0,0,0,0,0,0,0,0
,,,,,,128,2026-02-12 12:51:17.704311,RTM1C48,0.94,0.94,0.96,1000000.0,1000000.0,,,,,,,0,0,0,0,0,0,0,0,0,0
,,,,,,128,2026-02-12 12:51:17.704311,RTM1P48,2.06,2.06,2.08,1000000.0,1000000.0,,,,,,,0,0,0,0,0,0,0,0,0,0
,,,,,,128,2026-02-12 12:51:17.704311,RTM1C49,0.65,0.65,0.67,1000000.0,1000000.0,,,,,,,0,0,0,0,0,0,0,0,0,0
,,,,,,128,2026-02-12 12:51:17.704311,RTM1P49,2.78,2.78,2.8,1000000.0,1000000.0,,,,,,,0,0,0,0,0,0,0,0,0,0
,,,,,,128,2026-02-12 12:51:17.704311,RTM1C50,0.45,0.45,0.47,1000000.0,1000000.0,12.0,,,30.0,,,0,0,0,0,0,0,0,0,0,0
,,,,,,128,2026-02-12 12:51:17.704311,RTM1P50,3.58,3.58,3.6,1000000.0,1000000.0,,,,,,,0,0,0,0,0,0,0,0,0,0
,,,,,,128,2026-02-12 12:51:17.704311,RTM1C51,0.26,0.26,0.28,1000000.0,1000000.0,16.0,,,,,,0,0,0,0,0,0,0,0,0,0
,,,,,,128,2026-02-12 12:51:17.704311,RTM1P51,4.41,4.39,4.41,1000000.0,1000000.0,,,,,,30.0,0,0,0,0,0,0,0,0,0,0
,,,,,,128,2026-02-12 12:51:17.704311,RTM1C52,0.17,0.16,0.18,1000000.0,1000000.0,24.0,,,,,,0,0,0,0,0,0,0,0,0,0
,,,,,,128,2026-02-12 12:51:17.704311,RTM1P52,5.31,5.29,5.31,1000000.0,1000000.0,,,,,,,0,0,0,0,0,0,0,0,0,0
,,,,,,128,2026-02-12 12:51:17.704311,RTM1C53,0.08,0.08,0.1,1000000.0,1000000.0,,,,,,,0,0,0,0,0,0,0,0,0,0
,,,,,,128,2026-02-12 12:51:17.704311,RTM1P53,6.21,6.21,6.23,1000000.0,1000000.0,,,,,,,0,0,0,0,0,0,0,0,0,0
,,,,,,128,2026-02-12 12:51:17.704311,RTM1C54,0.04,0.04,0.06,1000000.0,1000000.0,,,,,,,0,0,0,0,0,0,0,0,0,0
,,,,,,128,2026-02-12 12:51:17.704311,RTM1P54,7.18,7.16,7.18,1000000.0,1000000.0,,,,,,,0,0,0,0,0,0,0,0,0,0
5.0,1.0,111.0,,News 2,The analysts have informed you that the realized volatility of RTM next week will be between 21% and 26%,129,2026-02-12 12:51:18.729918,RTM,46.91,46.91,46.93,100000000.0,100000000.0,10000.0,80.0,100.0,,,,0,0,0,0,0,0,0,0,0,0
4.0,1.0,74.0,Week 2,Announcement 1,The analysts have informed you that the realized volatility of RTM this week will be 39%,129,2026-02-12 12:51:18.729918,RTM1C45,2.57,2.55,2.57,1000000.0,1000000.0,35.0,,,30.0,30.0,,0,0,0,0,0,0,0,0,0,0
3.0,1.0,35.0,,News 1,The analysts have informed you that the realized volatility of RTM next week will be between 36% and 41%,129,2026-02-12 12:51:18.729918,RTM1P45,0.65,0.63,0.65,1000000.0,1000000.0,,,,,,,0,0,0,0,0,0,0,0,0,0
2.0,1.0,2.0,Week 1,Delta limit and penalty,The delta limit for this sub-heat is 12000 and the penalty percentage is 2%,129,2026-02-12 12:51:18.729918,RTM1C46,1.96,1.96,1.98,1000000.0,1000000.0,14.0,,,,,,0,0,0,0,0,0,0,0,0,0
1.0,1.0,2.0,Week 1,Risk free rate and current annualized volatility of RTM,The current risk free rate is 0%. RTM is an ETF that mimics one of the major indices in the simulated world and its current annualized realized volatility is 22%. This simulation consists of 20 trading days that are each 15 ticks in length.,129,2026-02-12 12:51:18.729918,RTM1P46,1.04,1.04,1.06,1000000.0,1000000.0,,,,,,,0,0,0,0,0,0,0,0,0,0
,,,,,,129,2026-02-12 12:51:18.729918,RTM1C47,1.42,1.4,1.42,1000000.0,1000000.0,,,,,,,0,0,0,0,0,0,0,0,0,0
,,,,,,129,2026-02-12 12:51:18.729918,RTM1P47,1.49,1.49,1.51,1000000.0,1000000.0,,,,,,,0,0,0,0,0,0,0,0,0,0
,,,,,,129,2026-02-12 12:51:18.729918,RTM1C48,1.0,1.0,1.02,1000000.0,1000000.0,,,,,,,0,0,0,0,0,0,0,0,0,0
,,,,,,129,2026-02-12 12:51:18.729918,RTM1P48,2.1,2.08,2.1,1000000.0,1000000.0,,,,,,,0,0,0,0,0,0,0,0,0,0
,,,,,,129,2026-02-12 12:51:18.729918,RTM1C49,0.66,0.64,0.66,1000000.0,1000000.0,,,,,,,0,0,0,0,0,0,0,0,0,0
,,,,,,129,2026-02-12 12:51:18.729918,RTM1P49,2.74,2.72,2.74,1000000.0,1000000.0,,,,,,,0,0,0,0,0,0,0,0,0,0
,,,,,,129,2026-02-12 12:51:18.729918,RTM1C50,0.48,0.46,0.48,1000000.0,1000000.0,12.0,,,30.0,,,0,0,0,0,0,0,0,0,0,0
,,,,,,129,2026-02-12 12:51:18.729918,RTM1P50,3.55,3.54,3.56,1000000.0,1000000.0,,,,30.0,30.0,,0,0,0,0,0,0,0,0,0,0
,,,,,,129,2026-02-12 12:51:18.729918,RTM1C51,0.29,0.29,0.31,1000000.0,1000000.0,16.0,,,,,,0,0,0,0,0,0,0,0,0,0
,,,,,,129,2026-02-12 12:51:18.729918,RTM1P51,4.39,4.37,4.39,1000000.0,1000000.0,,,,,,30.0,0,0,0,0,0,0,0,0,0,0
,,,,,,129,2026-02-12 12:51:18.729918,RTM1C52,0.16,0.15,0.17,1000000.0,1000000.0,24.0,,,,,,0,0,0,0,0,0,0,0,0,0
,,,,,,129,2026-02-12 12:51:18.729918,RTM1P52,5.25,5.24,5.26,1000000.0,1000000.0,,,,,,,0,0,0,0,0,0,0,0,0,0
,,,,,,129,2026-02-12 12:51:18.729918,RTM1C53,0.11,0.1,0.12,1000000.0,1000000.0,,,,,,,0,0,0,0,0,0,0,0,0,0
,,,,,,129,2026-02-12 12:51:18.729918,RTM1P53,6.19,6.18,6.2,1000000.0,1000000.0,,,,,,,0,0,0,0,0,0,0,0,0,0
,,,,,,129,2026-02-12 12:51:18.729918,RTM1C54,0.05,0.04,0.06,1000000.0,1000000.0,,,,,,,0,0,0,0,0,0,0,0,0,0
,,,,,,129,2026-02-12 12:51:18.729918,RTM1P54,7.14,7.12,7.14,1000000.0,1000000.0,,,,,,,0,0,0,0,0,0,0,0,0,0
5.0,1.0,111.0,,News 2,The analysts have informed you that the realized volatility of RTM next week will be between 21% and 26%,130,2026-02-12 12:51:19.757747,RTM,47.0,46.98,47.0,100000000.0,100000000.0,10000.0,80.0,100.0,,,,0,0,0,0,0,0,0,0,0,0
4.0,1.0,74.0,Week 2,Announcement 1,The analysts have informed you that the realized volatility of RTM this week will be 39%,130,2026-02-12 12:51:19.757747,RTM1C45,2.63,2.62,2.64,1000000.0,1000000.0,35.0,,,30.0,30.0,,0,0,0,0,0,0,0,0,0,0
3.0,1.0,35.0,,News 1,The analysts have informed you that the realized volatility of RTM next week will be between 36% and 41%,130,2026-02-12 12:51:19.757747,RTM1P45,0.64,0.63,0.65,1000000.0,1000000.0,,,,,,,0,0,0,0,0,0,0,0,0,0
2.0,1.0,2.0,Week 1,Delta limit and penalty,The delta limit for this sub-heat is 12000 and the penalty percentage is 2%,130,2026-02-12 12:51:19.757747,RTM1C46,1.99,1.99,2.01,1000000.0,1000000.0,14.0,,,,,,0,0,0,0,0,0,0,0,0,0
1.0,1.0,2.0,Week 1,Risk free rate and current annualized volatility of RTM,The current risk free rate is 0%. RTM is an ETF that mimics one of the major indices in the simulated world and its current annualized realized volatility is 22%. This simulation consists of 20 trading days that are each 15 ticks in length.,130,2026-02-12 12:51:19.757747,RTM1P46,0.99,0.99,1.01,1000000.0,1000000.0,,,,,,,0,0,0,0,0,0,0,0,0,0
,,,,,,130,2026-02-12 12:51:19.757747,RTM1C47,1.45,1.45,1.47,1000000.0,1000000.0,,,,,,,0,0,0,0,0,0,0,0,0,0
,,,,,,130,2026-02-12 12:51:19.757747,RTM1P47,1.45,1.45,1.47,1000000.0,1000000.0,,,,,,,0,0,0,0,0,0,0,0,0,0
,,,,,,130,2026-02-12 12:51:19.757747,RTM1C48,1.01,1.01,1.03,1000000.0,1000000.0,,,,,,,0,0,0,0,0,0,0,0,0,0
,,,,,,130,2026-02-12 12:51:19.757747,RTM1P48,2.02,2.01,2.03,1000000.0,1000000.0,,,,,,,0,0,0,0,0,0,0,0,0,0
,,,,,,130,2026-02-12 12:51:19.757747,RTM1C49,0.69,0.69,0.71,1000000.0,1000000.0,,,,,,,0,0,0,0,0,0,0,0,0,0
,,,,,,130,2026-02-12 12:51:19.757747,RTM1P49,2.7,2.7,2.72,1000000.0,1000000.0,,,,,,,0,0,0,0,0,0,0,0,0,0
,,,,,,130,2026-02-12 12:51:19.757747,RTM1C50,0.45,0.44,0.45,1000000.0,1000000.0,12.0,,,60.0,,,0,0,0,0,0,0,0,0,0,0
,,,,,,130,2026-02-12 12:51:19.757747,RTM1P50,3.46,3.44,3.46,1000000.0,1000000.0,,,,30.0,30.0,,0,0,0,0,0,0,0,0,0,0
,,,,,,130,2026-02-12 12:51:19.757747,RTM1C51,0.3,0.3,0.32,1000000.0,1000000.0,16.0,,,,,,0,0,0,0,0,0,0,0,0,0
,,,,,,130,2026-02-12 12:51:19.757747,RTM1P51,4.3,4.3,4.32,1000000.0,1000000.0,,,,,,30.0,0,0,0,0,0,0,0,0,0,0
,,,,,,130,2026-02-12 12:51:19.757747,RTM1C52,0.17,0.16,0.18,1000000.0,1000000.0,24.0,,,,,,0,0,0,0,0,0,0,0,0,0
,,,,,,130,2026-02-12 12:51:19.757747,RTM1P52,5.17,5.17,5.19,1000000.0,1000000.0,,,,,,,0,0,0,0,0,0,0,0,0,0
,,,,,,130,2026-02-12 12:51:19.757747,RTM1C53,0.11,0.11,0.13,1000000.0,1000000.0,,,,,,,0,0,0,0,0,0,0,0,0,0
,,,,,,130,2026-02-12 12:51:19.757747,RTM1P53,6.11,6.11,6.13,1000000.0,1000000.0,,,,,,,0,0,0,0,0,0,0,0,0,0
,,,,,,130,2026-02-12 12:51:19.757747,RTM1C54,0.07,0.05,0.07,1000000.0,1000000.0,,,,,,,0,0,0,0,0,0,0,0,0,0
,,,,,,130,2026-02-12 12:51:19.757747,RTM1P54,7.06,7.06,7.08,1000000.0,1000000.0,,,,,,,0,0,0,0,0,0,0,0,0,0
5.0,1.0,111.0,,News 2,The analysts have informed you that the realized volatility of RTM next week will be between 21% and 26%,131,2026-02-12 12:51:20.786524,RTM,46.84,46.82,46.84,100000000.0,100000000.0,10000.0,80.0,100.0,,,,0,0,0,0,0,0,0,0,0,0
4.0,1.0,74.0,Week 2,Announcement 1,The analysts have informed you that the realized volatility of RTM this week will be 39%,131,2026-02-12 12:51:20.786524,RTM1C45,2.54,2.54,2.56,1000000.0,1000000.0,35.0,,,30.0,30.0,,0,0,0,0,0,0,0,0,0,0
3.0,1.0,35.0,,News 1,The analysts have informed you that the realized volatility of RTM next week will be between 36% and 41%,131,2026-02-12 12:51:20.786524,RTM1P45,0.72,0.72,0.74,1000000.0,1000000.0,,,,,,,0,0,0,0,0,0,0,0,0,0
2.0,1.0,2.0,Week 1,Delta limit and penalty,The delta limit for this sub-heat is 12000 and the penalty percentage is 2%,131,2026-02-12 12:51:20.786524,RTM1C46,1.89,1.87,1.89,1000000.0,1000000.0,14.0,,,,,,0,0,0,0,0,0,0,0,0,0
1.0,1.0,2.0,Week 1,Risk free rate and current annualized volatility of RTM,The current risk free rate is 0%. RTM is an ETF that mimics one of the major indices in the simulated world and its current annualized realized volatility is 22%. This simulation consists of 20 trading days that are each 15 ticks in length.,131,2026-02-12 12:51:20.786524,RTM1P46,1.04,1.04,1.06,1000000.0,1000000.0,,,,,,,0,0,0,0,0,0,0,0,0,0
,,,,,,131,2026-02-12 12:51:20.786524,RTM1C47,1.38,1.36,1.38,1000000.0,1000000.0,,,,,,,0,0,0,0,0,0,0,0,0,0
,,,,,,131,2026-02-12 12:51:20.786524,RTM1P47,1.54,1.54,1.56,1000000.0,1000000.0,,,,,,,0,0,0,0,0,0,0,0,0,0
,,,,,,131,2026-02-12 12:51:20.786524,RTM1C48,0.97,0.97,0.99,1000000.0,1000000.0,,,,,,,0,0,0,0,0,0,0,0,0,0
,,,,,,131,2026-02-12 12:51:20.786524,RTM1P48,2.15,2.15,2.17,1000000.0,1000000.0,,,,,,,0,0,0,0,0,0,0,0,0,0
,,,,,,131,2026-02-12 12:51:20.786524,RTM1C49,0.64,0.62,0.64,1000000.0,1000000.0,,,,30.0,30.0,,0,0,0,0,0,0,0,0,0,0
,,,,,,131,2026-02-12 12:51:20.786524,RTM1P49,2.82,2.8,2.82,1000000.0,1000000.0,,,,,,,0,0,0,0,0,0,0,0,0,0
,,,,,,131,2026-02-12 12:51:20.786524,RTM1C50,0.39,0.39,0.41,1000000.0,1000000.0,12.0,,,60.0,,,0,0,0,0,0,0,0,0,0,0
,,,,,,131,2026-02-12 12:51:20.786524,RTM1P50,3.58,3.57,3.59,1000000.0,1000000.0,,,,,,,0,0,0,0,0,0,0,0,0,0
,,,,,,131,2026-02-12 12:51:20.786524,RTM1C51,0.29,0.28,0.3,1000000.0,1000000.0,16.0,,,,,,0,0,0,0,0,0,0,0,0,0
,,,,,,131,2026-02-12 12:51:20.786524,RTM1P51,4.46,4.45,4.47,1000000.0,1000000.0,,,,,,30.0,0,0,0,0,0,0,0,0,0,0
,,,,,,131,2026-02-12 12:51:20.786524,RTM1C52,0.15,0.14,0.16,1000000.0,1000000.0,24.0,,,,,,0,0,0,0,0,0,0,0,0,0
,,,,,,131,2026-02-12 12:51:20.786524,RTM1P52,5.31,5.31,5.33,1000000.0,1000000.0,,,,,,,0,0,0,0,0,0,0,0,0,0
,,,,,,131,2026-02-12 12:51:20.786524,RTM1C53,0.09,0.09,0.11,1000000.0,1000000.0,,,,,,,0,0,0,0,0,0,0,0,0,0
,,,,,,131,2026-02-12 12:51:20.786524,RTM1P53,6.26,6.26,6.28,1000000.0,1000000.0,,,,,,,0,0,0,0,0,0,0,0,0,0
,,,,,,131,2026-02-12 12:51:20.786524,RTM1C54,0.06,0.04,0.06,1000000.0,1000000.0,,,,,,,0,0,0,0,0,0,0,0,0,0
,,,,,,131,2026-02-12 12:51:20.786524,RTM1P54,7.22,7.22,7.24,1000000.0,1000000.0,,,,,,,0,0,0,0,0,0,0,0,0,0
5.0,1.0,111.0,,News 2,The analysts have informed you that the realized volatility of RTM next week will be between 21% and 26%,132,2026-02-12 12:51:21.811700,RTM,46.57,46.55,46.57,100000000.0,100000000.0,10000.0,80.0,100.0,,,,0,0,0,0,0,0,0,0,0,0
4.0,1.0,74.0,Week 2,Announcement 1,The analysts have informed you that the realized volatility of RTM this week will be 39%,132,2026-02-12 12:51:21.811700,RTM1C45,2.36,2.36,2.38,1000000.0,1000000.0,35.0,,,30.0,30.0,,0,0,0,0,0,0,0,0,0,0
3.0,1.0,35.0,,News 1,The analysts have informed you that the realized volatility of RTM next week will be between 36% and 41%,132,2026-02-12 12:51:21.811700,RTM1P45,0.82,0.8,0.82,1000000.0,1000000.0,,,,,,,0,0,0,0,0,0,0,0,0,0
2.0,1.0,2.0,Week 1,Delta limit and penalty,The delta limit for this sub-heat is 12000 and the penalty percentage is 2%,132,2026-02-12 12:51:21.811700,RTM1C46,1.72,1.72,1.74,1000000.0,1000000.0,14.0,,,,,,0,0,0,0,0,0,0,0,0,0
1.0,1.0,2.0,Week 1,Risk free rate and current annualized volatility of RTM,The current risk free rate is 0%. RTM is an ETF that mimics one of the major indices in the simulated world and its current annualized realized volatility is 22%. This simulation consists of 20 trading days that are each 15 ticks in length.,132,2026-02-12 12:51:21.811700,RTM1P46,1.16,1.16,1.18,1000000.0,1000000.0,,,,,,,0,0,0,0,0,0,0,0,0,0
,,,,,,132,2026-02-12 12:51:21.811700,RTM1C47,1.26,1.26,1.28,1000000.0,1000000.0,,,,,,,0,0,0,0,0,0,0,0,0,0
,,,,,,132,2026-02-12 12:51:21.811700,RTM1P47,1.7,1.7,1.72,1000000.0,1000000.0,,,,,,,0,0,0,0,0,0,0,0,0,0
,,,,,,132,2026-02-12 12:51:21.811700,RTM1C48,0.82,0.82,0.84,1000000.0,1000000.0,,,,,,,0,0,0,0,0,0,0,0,0,0
,,,,,,132,2026-02-12 12:51:21.811700,RTM1P48,2.26,2.26,2.28,1000000.0,1000000.0,,,,,,,0,0,0,0,0,0,0,0,0,0
,,,,,,132,2026-02-12 12:51:21.811700,RTM1C49,0.6,0.6,0.62,1000000.0,1000000.0,,,,30.0,30.0,,0,0,0,0,0,0,0,0,0,0
,,,,,,132,2026-02-12 12:51:21.811700,RTM1P49,3.06,3.04,3.06,1000000.0,1000000.0,,,,,,,0,0,0,0,0,0,0,0,0,0
,,,,,,132,2026-02-12 12:51:21.811700,RTM1C50,0.39,0.37,0.39,1000000.0,1000000.0,12.0,,,60.0,,,0,0,0,0,0,0,0,0,0,0
,,,,,,132,2026-02-12 12:51:21.811700,RTM1P50,3.83,3.81,3.83,1000000.0,1000000.0,,,,,,,0,0,0,0,0,0,0,0,0,0
,,,,,,132,2026-02-12 12:51:21.811700,RTM1C51,0.23,0.23,0.25,1000000.0,1000000.0,16.0,,,,,,0,0,0,0,0,0,0,0,0,0
,,,,,,132,2026-02-12 12:51:21.811700,RTM1P51,4.67,4.67,4.69,1000000.0,1000000.0,,,,,,30.0,0,0,0,0,0,0,0,0,0,0
,,,,,,132,2026-02-12 12:51:21.811700,RTM1C52,0.16,0.14,0.16,1000000.0,1000000.0,24.0,,,,,,0,0,0,0,0,0,0,0,0,0
,,,,,,132,2026-02-12 12:51:21.811700,RTM1P52,5.6,5.58,5.6,1000000.0,1000000.0,,,,,,,0,0,0,0,0,0,0,0,0,0
,,,,,,132,2026-02-12 12:51:21.811700,RTM1C53,0.08,0.06,0.08,1000000.0,1000000.0,,,,,,,0,0,0,0,0,0,0,0,0,0
,,,,,,132,2026-02-12 12:51:21.811700,RTM1P53,6.52,6.5,6.52,1000000.0,1000000.0,,,,,,,0,0,0,0,0,0,0,0,0,0
,,,,,,132,2026-02-12 12:51:21.811700,RTM1C54,0.06,0.04,0.06,1000000.0,1000000.0,,,,,,,0,0,0,0,0,0,0,0,0,0
,,,,,,132,2026-02-12 12:51:21.811700,RTM1P54,7.5,7.48,7.5,1000000.0,1000000.0,,,,,,,0,0,0,0,0,0,0,0,0,0
5.0,1.0,111.0,,News 2,The analysts have informed you that the realized volatility of RTM next week will be between 21% and 26%,133,2026-02-12 12:51:22.842862,RTM,46.49,46.49,46.51,100000000.0,100000000.0,10000.0,80.0,100.0,,,,0,0,0,0,0,0,0,0,0,0
4.0,1.0,74.0,Week 2,Announcement 1,The analysts have informed you that the realized volatility of RTM this week will be 39%,133,2026-02-12 12:51:22.842862,RTM1C45,2.33,2.33,2.35,1000000.0,1000000.0,35.0,,,30.0,30.0,,0,0,0,0,0,0,0,0,0,0
3.0,1.0,35.0,,News 1,The analysts have informed you that the realized volatility of RTM next week will be between 36% and 41%,133,2026-02-12 12:51:22.842862,RTM1P45,0.82,0.82,0.84,1000000.0,1000000.0,,,,,,,0,0,0,0,0,0,0,0,0,0
2.0,1.0,2.0,Week 1,Delta limit and penalty,The delta limit for this sub-heat is 12000 and the penalty percentage is 2%,133,2026-02-12 12:51:22.842862,RTM1C46,1.71,1.71,1.73,1000000.0,1000000.0,14.0,,,,,,0,0,0,0,0,0,0,0,0,0
1.0,1.0,2.0,Week 1,Risk free rate and current annualized volatility of RTM,The current risk free rate is 0%. RTM is an ETF that mimics one of the major indices in the simulated world and its current annualized realized volatility is 22%. This simulation consists of 20 trading days that are each 15 ticks in length.,133,2026-02-12 12:51:22.842862,RTM1P46,1.21,1.21,1.23,1000000.0,1000000.0,,,,,,,0,0,0,0,0,0,0,0,0,0
,,,,,,133,2026-02-12 12:51:22.842862,RTM1C47,1.19,1.19,1.21,1000000.0,1000000.0,,,,,,,0,0,0,0,0,0,0,0,0,0
,,,,,,133,2026-02-12 12:51:22.842862,RTM1P47,1.71,1.69,1.71,1000000.0,1000000.0,,,,,,,0,0,0,0,0,0,0,0,0,0
,,,,,,133,2026-02-12 12:51:22.842862,RTM1C48,0.83,0.81,0.83,1000000.0,1000000.0,,,,,,,0,0,0,0,0,0,0,0,0,0
,,,,,,133,2026-02-12 12:51:22.842862,RTM1P48,2.33,2.31,2.33,1000000.0,1000000.0,,,,,,,0,0,0,0,0,0,0,0,0,0
,,,,,,133,2026-02-12 12:51:22.842862,RTM1C49,0.58,0.58,0.6,1000000.0,1000000.0,,,,30.0,30.0,,0,0,0,0,0,0,0,0,0,0
,,,,,,133,2026-02-12 12:51:22.842862,RTM1P49,3.08,3.08,3.1,1000000.0,1000000.0,,,,,,,0,0,0,0,0,0,0,0,0,0
,,,,,,133,2026-02-12 12:51:22.842862,RTM1C50,0.35,0.33,0.35,1000000.0,1000000.0,12.0,,,60.0,,,0,0,0,0,0,0,0,0,0,0
,,,,,,133,2026-02-12 12:51:22.842862,RTM1P50,3.84,3.83,3.85,1000000.0,1000000.0,,,,,,,0,0,0,0,0,0,0,0,0,0
,,,,,,133,2026-02-12 12:51:22.842862,RTM1C51,0.22,0.21,0.23,1000000.0,1000000.0,16.0,,,,,,0,0,0,0,0,0,0,0,0,0
,,,,,,133,2026-02-12 12:51:22.842862,RTM1P51,4.73,4.71,4.73,1000000.0,1000000.0,,,,,,30.0,0,0,0,0,0,0,0,0,0,0
,,,,,,133,2026-02-12 12:51:22.842862,RTM1C52,0.12,0.12,0.14,1000000.0,1000000.0,24.0,,,,,,0,0,0,0,0,0,0,0,0,0
,,,,,,133,2026-02-12 12:51:22.842862,RTM1P52,5.61,5.61,5.63,1000000.0,1000000.0,,,,,,,0,0,0,0,0,0,0,0,0,0
,,,,,,133,2026-02-12 12:51:22.842862,RTM1C53,0.07,0.06,0.08,1000000.0,1000000.0,,,,,,,0,0,0,0,0,0,0,0,0,0
,,,,,,133,2026-02-12 12:51:22.842862,RTM1P53,6.58,6.56,6.58,1000000.0,1000000.0,,,,,,,0,0,0,0,0,0,0,0,0,0
,,,,,,133,2026-02-12 12:51:22.842862,RTM1C54,0.03,0.03,0.05,1000000.0,1000000.0,,,,,,,0,0,0,0,0,0,0,0,0,0
,,,,,,133,2026-02-12 12:51:22.842862,RTM1P54,7.55,7.53,7.55,1000000.0,1000000.0,,,,,,,0,0,0,0,0,0,0,0,0,0
5.0,1.0,111.0,,News 2,The analysts have informed you that the realized volatility of RTM next week will be between 21% and 26%,135,2026-02-12 12:51:23.897512,RTM,46.58,46.57,46.59,100000000.0,3628.0,100000000.0,10000.0,80.0,100.0,,,,0,0,0,0,0,0,0,0,0
4.0,1.0,74.0,Week 2,Announcement 1,The analysts have informed you that the realized volatility of RTM this week will be 39%,135,2026-02-12 12:51:23.897512,RTM1C45,2.35,2.34,2.36,1000000.0,,1000000.0,35.0,,,30.0,30.0,,0,0,0,0,0,0,0,0,0
3.0,1.0,35.0,,News 1,The analysts have informed you that the realized volatility of RTM next week will be between 36% and 41%,135,2026-02-12 12:51:23.897512,RTM1P45,0.77,0.76,0.78,1000000.0,,1000000.0,,,,,,,0,0,0,0,0,0,0,0,0
2.0,1.0,2.0,Week 1,Delta limit and penalty,The delta limit for this sub-heat is 12000 and the penalty percentage is 2%,135,2026-02-12 12:51:23.897512,RTM1C46,1.78,1.77,1.79,1000000.0,,1000000.0,14.0,,,,,,0,0,0,0,0,0,0,0,0
1.0,1.0,2.0,Week 1,Risk free rate and current annualized volatility of RTM,The current risk free rate is 0%. RTM is an ETF that mimics one of the major indices in the simulated world and its current annualized realized volatility is 22%. This simulation consists of 20 trading days that are each 15 ticks in length.,135,2026-02-12 12:51:23.897512,RTM1P46,1.2,1.19,1.21,1000000.0,,1000000.0,,,,,,,0,0,0,0,0,0,0,0,0
,,,,,,135,2026-02-12 12:51:23.897512,RTM1C47,1.27,1.26,1.28,1000000.0,,1000000.0,,,,,,,0,0,0,0,0,0,0,0,0
,,,,,,135,2026-02-12 12:51:23.897512,RTM1P47,1.69,1.68,1.7,1000000.0,,1000000.0,,,,,,,0,0,0,0,0,0,0,0,0
,,,,,,135,2026-02-12 12:51:23.897512,RTM1C48,0.88,0.87,0.89,1000000.0,,1000000.0,,,,,,,0,0,0,0,0,0,0,0,0
,,,,,,135,2026-02-12 12:51:23.897512,RTM1P48,2.3,2.29,2.31,1000000.0,,1000000.0,,,,,,,0,0,0,0,0,0,0,0,0
,,,,,,135,2026-02-12 12:51:23.897512,RTM1C49,0.58,0.57,0.59,1000000.0,,1000000.0,,,,30.0,30.0,,0,0,0,0,0,0,0,0,0
,,,,,,135,2026-02-12 12:51:23.897512,RTM1P49,3.0,2.99,3.01,1000000.0,,1000000.0,,,,,,,0,0,0,0,0,0,0,0,0
,,,,,,135,2026-02-12 12:51:23.897512,RTM1C50,0.4,0.39,0.41,1000000.0,,1000000.0,12.0,,,60.0,,,0,0,0,0,0,0,0,0,0
,,,,,,135,2026-02-12 12:51:23.897512,RTM1P50,3.82,3.81,3.83,1000000.0,,1000000.0,,,,,,,0,0,0,0,0,0,0,0,0
,,,,,,135,2026-02-12 12:51:23.897512,RTM1C51,0.25,0.24,0.26,1000000.0,,1000000.0,16.0,,,,,,0,0,0,0,0,0,0,0,0
,,,,,,135,2026-02-12 12:51:23.897512,RTM1P51,4.67,4.66,4.68,1000000.0,,1000000.0,,,,,,30.0,0,0,0,0,0,0,0,0,0
,,,,,,135,2026-02-12 12:51:23.897512,RTM1C52,0.13,0.12,0.14,1000000.0,,1000000.0,24.0,,,,,,0,0,0,0,0,0,0,0,0
,,,,,,135,2026-02-12 12:51:23.897512,RTM1P52,5.56,5.55,5.57,1000000.0,,1000000.0,,,,,,,0,0,0,0,0,0,0,0,0
,,,,,,135,2026-02-12 12:51:23.897512,RTM1C53,0.08,0.07,0.09,1000000.0,,1000000.0,,,,,,,0,0,0,0,0,0,0,0,0
,,,,,,135,2026-02-12 12:51:23.897512,RTM1P53,6.5,6.49,6.51,1000000.0,,1000000.0,,,,,,,0,0,0,0,0,0,0,0,0
,,,,,,135,2026-02-12 12:51:23.897512,RTM1C54,0.05,0.04,0.06,1000000.0,,1000000.0,,,,,,,0,0,0,0,0,0,0,0,0
,,,,,,135,2026-02-12 12:51:23.897512,RTM1P54,7.47,7.46,7.48,1000000.0,,1000000.0,,,,,,,0,0,0,0,0,0,0,0,0
5.0,1.0,111.0,,News 2,The analysts have informed you that the realized volatility of RTM next week will be between 21% and 26%,136,2026-02-12 12:51:24.928938,RTM,46.54,46.53,46.55,100000000.0,3628.0,100000000.0,3547.0,10000.0,80.0,100.0,,,,0,0,0,0,0,0,0,0,0
4.0,1.0,74.0,Week 2,Announcement 1,The analysts have informed you that the realized volatility of RTM this week will be 39%,136,2026-02-12 12:51:24.928938,RTM1C45,2.32,2.31,2.33,1000000.0,,1000000.0,,35.0,,,30.0,30.0,,0,0,0,0,0,0,0,0,0
3.0,1.0,35.0,,News 1,The analysts have informed you that the realized volatility of RTM next week will be between 36% and 41%,136,2026-02-12 12:51:24.928938,RTM1P45,0.78,0.77,0.79,1000000.0,,1000000.0,,,,,,,,0,0,0,0,0,0,0,0,0
2.0,1.0,2.0,Week 1,Delta limit and penalty,The delta limit for this sub-heat is 12000 and the penalty percentage is 2%,136,2026-02-12 12:51:24.928938,RTM1C46,1.76,1.75,1.77,1000000.0,,1000000.0,,14.0,,,,,,0,0,0,0,0,0,0,0,0
1.0,1.0,2.0,Week 1,Risk free rate and current annualized volatility of RTM,The current risk free rate is 0%. RTM is an ETF that mimics one of the major indices in the simulated world and its current annualized realized volatility is 22%. This simulation consists of 20 trading days that are each 15 ticks in length.,136,2026-02-12 12:51:24.928938,RTM1P46,1.22,1.21,1.23,1000000.0,,1000000.0,,,,,,,,0,0,0,0,0,0,0,0,0
,,,,,,136,2026-02-12 12:51:24.928938,RTM1C47,1.26,1.25,1.27,1000000.0,,1000000.0,,,,,,,,0,0,0,0,0,0,0,0,0
,,,,,,136,2026-02-12 12:51:24.928938,RTM1P47,1.72,1.71,1.73,1000000.0,,1000000.0,,,,,,,,0,0,0,0,0,0,0,0,0
,,,,,,136,2026-02-12 12:51:24.928938,RTM1C48,0.87,0.86,0.88,1000000.0,,1000000.0,,,,,,,,0,0,0,0,0,0,0,0,0
,,,,,,136,2026-02-12 12:51:24.928938,RTM1P48,2.33,2.32,2.34,1000000.0,,1000000.0,,,,,,,,0,0,0,0,0,0,0,0,0
,,,,,,136,2026-02-12 12:51:24.928938,RTM1C49,0.59,0.58,0.6,1000000.0,,1000000.0,,,,,60.0,30.0,,0,0,0,0,0,0,0,0,0
,,,,,,136,2026-02-12 12:51:24.928938,RTM1P49,3.05,3.04,3.06,1000000.0,,1000000.0,,,,,,,,0,0,0,0,0,0,0,0,0
,,,,,,136,2026-02-12 12:51:24.928938,RTM1C50,0.38,0.37,0.39,1000000.0,,1000000.0,,12.0,,,60.0,,,0,0,0,0,0,0,0,0,0
,,,,,,136,2026-02-12 12:51:24.928938,RTM1P50,3.84,3.83,3.85,1000000.0,,1000000.0,,,,,,,,0,0,0,0,0,0,0,0,0
,,,,,,136,2026-02-12 12:51:24.928938,RTM1C51,0.24,0.23,0.25,1000000.0,,1000000.0,,16.0,,,,,,0,0,0,0,0,0,0,0,0
,,,,,,136,2026-02-12 12:51:24.928938,RTM1P51,4.7,4.69,4.71,1000000.0,,1000000.0,,,,,,,30.0,0,0,0,0,0,0,0,0,0
,,,,,,136,2026-02-12 12:51:24.928938,RTM1C52,0.15,0.14,0.16,1000000.0,,1000000.0,,24.0,,,,,,0,0,0,0,0,0,0,0,0
,,,,,,136,2026-02-12 12:51:24.928938,RTM1P52,5.61,5.6,5.62,1000000.0,,1000000.0,,,,,,,,0,0,0,0,0,0,0,0,0
,,,,,,136,2026-02-12 12:51:24.928938,RTM1C53,0.08,0.07,0.09,1000000.0,,1000000.0,,,,,,,,0,0,0,0,0,0,0,0,0
,,,,,,136,2026-02-12 12:51:24.928938,RTM1P53,6.54,6.53,6.55,1000000.0,,1000000.0,,,,,,,,0,0,0,0,0,0,0,0,0
,,,,,,136,2026-02-12 12:51:24.928938,RTM1C54,0.04,0.03,0.05,1000000.0,,1000000.0,,,,,,,,0,0,0,0,0,0,0,0,0
,,,,,,136,2026-02-12 12:51:24.928938,RTM1P54,7.5,7.49,7.51,1000000.0,,1000000.0,,,,,,,,0,0,0,0,0,0,0,0,0
5.0,1.0,111.0,,News 2,The analysts have informed you that the realized volatility of RTM next week will be between 21% and 26%,137,2026-02-12 12:51:25.955454,RTM,46.76,46.75,46.77,100000000.0,3628.0,100000000.0,10000.0,80.0,100.0,,,,0,0,0,0,0,0,0,0,0,0
4.0,1.0,74.0,Week 2,Announcement 1,The analysts have informed you that the realized volatility of RTM this week will be 39%,137,2026-02-12 12:51:25.955454,RTM1C45,2.5,2.49,2.51,1000000.0,,1000000.0,35.0,,,30.0,30.0,,0,0,0,0,0,0,0,0,0,0
3.0,1.0,35.0,,News 1,The analysts have informed you that the realized volatility of RTM next week will be between 36% and 41%,137,2026-02-12 12:51:25.955454,RTM1P45,0.74,0.73,0.75,1000000.0,,1000000.0,,,,,,,0,0,0,0,0,0,0,0,0,0
2.0,1.0,2.0,Week 1,Delta limit and penalty,The delta limit for this sub-heat is 12000 and the penalty percentage is 2%,137,2026-02-12 12:51:25.955454,RTM1C46,1.88,1.87,1.89,1000000.0,,1000000.0,14.0,,,,,,0,0,0,0,0,0,0,0,0,0
1.0,1.0,2.0,Week 1,Risk free rate and current annualized volatility of RTM,The current risk free rate is 0%. RTM is an ETF that mimics one of the major indices in the simulated world and its current annualized realized volatility is 22%. This simulation consists of 20 trading days that are each 15 ticks in length.,137,2026-02-12 12:51:25.955454,RTM1P46,1.12,1.11,1.13,1000000.0,,1000000.0,,,,,,,0,0,0,0,0,0,0,0,0,0
,,,,,,137,2026-02-12 12:51:25.955454,RTM1C47,1.37,1.36,1.38,1000000.0,,1000000.0,,,,,,,0,0,0,0,0,0,0,0,0,0
,,,,,,137,2026-02-12 12:51:25.955454,RTM1P47,1.61,1.6,1.62,1000000.0,,1000000.0,,,,,,,0,0,0,0,0,0,0,0,0,0
,,,,,,137,2026-02-12 12:51:25.955454,RTM1C48,0.93,0.92,0.94,1000000.0,,1000000.0,,,,,,,0,0,0,0,0,0,0,0,0,0
,,,,,,137,2026-02-12 12:51:25.955454,RTM1P48,2.17,2.16,2.18,1000000.0,,1000000.0,,,,,,,0,0,0,0,0,0,0,0,0,0
,,,,,,137,2026-02-12 12:51:25.955454,RTM1C49,0.65,0.64,0.66,1000000.0,,1000000.0,,,,30.0,30.0,,0,0,0,0,0,0,0,0,0,0
,,,,,,137,2026-02-12 12:51:25.955454,RTM1P49,2.89,2.88,2.9,1000000.0,,1000000.0,,,,,,,0,0,0,0,0,0,0,0,0,0
,,,,,,137,2026-02-12 12:51:25.955454,RTM1C50,0.4,0.39,0.41,1000000.0,,1000000.0,12.0,,,60.0,,,0,0,0,0,0,0,0,0,0,0
,,,,,,137,2026-02-12 12:51:25.955454,RTM1P50,3.65,3.64,3.66,1000000.0,,1000000.0,,,,,,,0,0,0,0,0,0,0,0,0,0
,,,,,,137,2026-02-12 12:51:25.955454,RTM1C51,0.27,0.26,0.28,1000000.0,,1000000.0,16.0,,,,,,0,0,0,0,0,0,0,0,0,0
,,,,,,137,2026-02-12 12:51:25.955454,RTM1P51,4.51,4.5,4.52,1000000.0,,1000000.0,,,,,,30.0,0,0,0,0,0,0,0,0,0,0
,,,,,,137,2026-02-12 12:51:25.955454,RTM1C52,0.16,0.15,0.17,1000000.0,,1000000.0,24.0,,,,,,0,0,0,0,0,0,0,0,0,0
,,,,,,137,2026-02-12 12:51:25.955454,RTM1P52,5.4,5.39,5.41,1000000.0,,1000000.0,,,,,,,0,0,0,0,0,0,0,0,0,0
,,,,,,137,2026-02-12 12:51:25.955454,RTM1C53,0.1,0.09,0.11,1000000.0,,1000000.0,,,,,,,0,0,0,0,0,0,0,0,0,0
,,,,,,137,2026-02-12 12:51:25.955454,RTM1P53,6.34,6.33,6.35,1000000.0,,1000000.0,,,,,,,0,0,0,0,0,0,0,0,0,0
,,,,,,137,2026-02-12 12:51:25.955454,RTM1C54,0.05,0.04,0.06,1000000.0,,1000000.0,,,,,,,0,0,0,0,0,0,0,0,0,0
,,,,,,137,2026-02-12 12:51:25.955454,RTM1P54,7.29,7.28,7.3,1000000.0,,1000000.0,,,,,,,0,0,0,0,0,0,0,0,0,0
5.0,1.0,111.0,,News 2,The analysts have informed you that the realized volatility of RTM next week will be between 21% and 26%,138,2026-02-12 12:51:26.982651,RTM,46.57,46.56,46.58,100000000.0,10.0,3628.0,100000000.0,10000.0,80.0,100.0,,,,0,0,0,0,0,0,0,0,0
4.0,1.0,74.0,Week 2,Announcement 1,The analysts have informed you that the realized volatility of RTM this week will be 39%,138,2026-02-12 12:51:26.982651,RTM1C45,2.38,2.37,2.39,1000000.0,,,1000000.0,35.0,,,30.0,30.0,,0,0,0,0,0,0,0,0,0
3.0,1.0,35.0,,News 1,The analysts have informed you that the realized volatility of RTM next week will be between 36% and 41%,138,2026-02-12 12:51:26.982651,RTM1P45,0.81,0.8,0.82,1000000.0,,,1000000.0,,,,,,,0,0,0,0,0,0,0,0,0
2.0,1.0,2.0,Week 1,Delta limit and penalty,The delta limit for this sub-heat is 12000 and the penalty percentage is 2%,138,2026-02-12 12:51:26.982651,RTM1C46,1.76,1.75,1.77,1000000.0,,,1000000.0,14.0,,,,,,0,0,0,0,0,0,0,0,0
1.0,1.0,2.0,Week 1,Risk free rate and current annualized volatility of RTM,The current risk free rate is 0%. RTM is an ETF that mimics one of the major indices in the simulated world and its current annualized realized volatility is 22%. This simulation consists of 20 trading days that are each 15 ticks in length.,138,2026-02-12 12:51:26.982651,RTM1P46,1.19,1.18,1.2,1000000.0,,,1000000.0,,,,,,,0,0,0,0,0,0,0,0,0
,,,,,,138,2026-02-12 12:51:26.982651,RTM1C47,1.29,1.28,1.3,1000000.0,,,1000000.0,,,,,,,0,0,0,0,0,0,0,0,0
,,,,,,138,2026-02-12 12:51:26.982651,RTM1P47,1.72,1.71,1.73,1000000.0,,,1000000.0,,,,,,,0,0,0,0,0,0,0,0,0
,,,,,,138,2026-02-12 12:51:26.982651,RTM1C48,0.87,0.86,0.88,1000000.0,,,1000000.0,,,,,,,0,0,0,0,0,0,0,0,0
,,,,,,138,2026-02-12 12:51:26.982651,RTM1P48,2.3,2.29,2.31,1000000.0,,,1000000.0,,,,,,,0,0,0,0,0,0,0,0,0
,,,,,,138,2026-02-12 12:51:26.982651,RTM1C49,0.6,0.59,0.61,1000000.0,,,1000000.0,,,,30.0,30.0,,0,0,0,0,0,0,0,0,0
,,,,,,138,2026-02-12 12:51:26.982651,RTM1P49,3.03,3.02,3.03,1000000.0,,,1000000.0,,,,30.0,,,0,0,0,0,0,0,0,0,0
,,,,,,138,2026-02-12 12:51:26.982651,RTM1C50,0.38,0.37,0.39,1000000.0,,,1000000.0,12.0,,,60.0,,,0,0,0,0,0,0,0,0,0
,,,,,,138,2026-02-12 12:51:26.982651,RTM1P50,3.81,3.8,3.82,1000000.0,,,1000000.0,,,,,,,0,0,0,0,0,0,0,0,0
,,,,,,138,2026-02-12 12:51:26.982651,RTM1C51,0.23,0.22,0.24,1000000.0,,,1000000.0,16.0,,,,,,0,0,0,0,0,0,0,0,0
,,,,,,138,2026-02-12 12:51:26.982651,RTM1P51,4.66,4.65,4.67,1000000.0,,,1000000.0,,,,,,30.0,0,0,0,0,0,0,0,0,0
,,,,,,138,2026-02-12 12:51:26.982651,RTM1C52,0.14,0.13,0.15,1000000.0,,,1000000.0,24.0,,,,,,0,0,0,0,0,0,0,0,0
,,,,,,138,2026-02-12 12:51:26.982651,RTM1P52,5.57,5.56,5.58,1000000.0,,,1000000.0,,,,,,,0,0,0,0,0,0,0,0,0
,,,,,,138,2026-02-12 12:51:26.982651,RTM1C53,0.09,0.08,0.1,1000000.0,,,1000000.0,,,,,,,0,0,0,0,0,0,0,0,0
,,,,,,138,2026-02-12 12:51:26.982651,RTM1P53,6.52,6.51,6.53,1000000.0,,,1000000.0,,,,,,,0,0,0,0,0,0,0,0,0
,,,,,,138,2026-02-12 12:51:26.982651,RTM1C54,0.05,0.04,0.06,1000000.0,,,1000000.0,,,,,,,0,0,0,0,0,0,0,0,0
,,,,,,138,2026-02-12 12:51:26.982651,RTM1P54,7.47,7.46,7.48,1000000.0,,,1000000.0,,,,,,,0,0,0,0,0,0,0,0,0
5.0,1.0,111.0,,News 2,The analysts have informed you that the realized volatility of RTM next week will be between 21% and 26%,139,2026-02-12 12:51:28.009676,RTM,46.52,46.51,46.53,3628.0,100000000.0,100000000.0,10000.0,80.0,100.0,,,,0,0,0,0,0,0,0,0,0,0
4.0,1.0,74.0,Week 2,Announcement 1,The analysts have informed you that the realized volatility of RTM this week will be 39%,139,2026-02-12 12:51:28.009676,RTM1C45,2.34,2.33,2.35,,1000000.0,1000000.0,35.0,,,30.0,30.0,,0,0,0,0,0,0,0,0,0,0
3.0,1.0,35.0,,News 1,The analysts have informed you that the realized volatility of RTM next week will be between 36% and 41%,139,2026-02-12 12:51:28.009676,RTM1P45,0.82,0.81,0.83,,1000000.0,1000000.0,,,,,,,0,0,0,0,0,0,0,0,0,0
2.0,1.0,2.0,Week 1,Delta limit and penalty,The delta limit for this sub-heat is 12000 and the penalty percentage is 2%,139,2026-02-12 12:51:28.009676,RTM1C46,1.75,1.74,1.76,,1000000.0,1000000.0,14.0,,,,,,0,0,0,0,0,0,0,0,0,0
1.0,1.0,2.0,Week 1,Risk free rate and current annualized volatility of RTM,The current risk free rate is 0%. RTM is an ETF that mimics one of the major indices in the simulated world and its current annualized realized volatility is 22%. This simulation consists of 20 trading days that are each 15 ticks in length.,139,2026-02-12 12:51:28.009676,RTM1P46,1.23,1.22,1.24,,1000000.0,1000000.0,,,,,,,0,0,0,0,0,0,0,0,0,0
,,,,,,139,2026-02-12 12:51:28.009676,RTM1C47,1.24,1.23,1.25,,1000000.0,1000000.0,,,,,,,0,0,0,0,0,0,0,0,0,0
,,,,,,139,2026-02-12 12:51:28.009676,RTM1P47,1.72,1.71,1.73,,1000000.0,1000000.0,,,,,,,0,0,0,0,0,0,0,0,0,0
,,,,,,139,2026-02-12 12:51:28.009676,RTM1C48,0.85,0.84,0.86,,1000000.0,1000000.0,,,,,,,0,0,0,0,0,0,0,0,0,0
,,,,,,139,2026-02-12 12:51:28.009676,RTM1P48,2.33,2.32,2.34,,1000000.0,1000000.0,,,,,,,0,0,0,0,0,0,0,0,0,0
,,,,,,139,2026-02-12 12:51:28.009676,RTM1C49,0.57,0.56,0.58,,1000000.0,1000000.0,,,,30.0,30.0,,0,0,0,0,0,0,0,0,0,0
,,,,,,139,2026-02-12 12:51:28.009676,RTM1P49,3.05,3.04,3.06,,1000000.0,1000000.0,,,,,,,0,0,0,0,0,0,0,0,0,0
,,,,,,139,2026-02-12 12:51:28.009676,RTM1C50,0.37,0.36,0.38,,1000000.0,1000000.0,12.0,,,60.0,,,0,0,0,0,0,0,0,0,0,0
,,,,,,139,2026-02-12 12:51:28.009676,RTM1P50,3.85,3.84,3.86,,1000000.0,1000000.0,,,,,,,0,0,0,0,0,0,0,0,0,0
,,,,,,139,2026-02-12 12:51:28.009676,RTM1C51,0.23,0.22,0.24,,1000000.0,1000000.0,16.0,,,,,,0,0,0,0,0,0,0,0,0,0
,,,,,,139,2026-02-12 12:51:28.009676,RTM1P51,4.71,4.7,4.72,,1000000.0,1000000.0,,,,,,30.0,0,0,0,0,0,0,0,0,0,0
,,,,,,139,2026-02-12 12:51:28.009676,RTM1C52,0.14,0.13,0.15,,1000000.0,1000000.0,24.0,,,,,,0,0,0,0,0,0,0,0,0,0
,,,,,,139,2026-02-12 12:51:28.009676,RTM1P52,5.62,5.61,5.63,,1000000.0,1000000.0,,,,,,,0,0,0,0,0,0,0,0,0,0
,,,,,,139,2026-02-12 12:51:28.009676,RTM1C53,0.08,0.07,0.09,,1000000.0,1000000.0,,,,,,,0,0,0,0,0,0,0,0,0,0
,,,,,,139,2026-02-12 12:51:28.009676,RTM1P53,6.56,6.55,6.57,,1000000.0,1000000.0,,,,,,,0,0,0,0,0,0,0,0,0,0
,,,,,,139,2026-02-12 12:51:28.009676,RTM1C54,0.04,0.03,0.05,,1000000.0,1000000.0,,,,,,,0,0,0,0,0,0,0,0,0,0
,,,,,,139,2026-02-12 12:51:28.009676,RTM1P54,7.52,7.51,7.53,,1000000.0,1000000.0,,,,,,,0,0,0,0,0,0,0,0,0,0
5.0,1.0,111.0,,News 2,The analysts have informed you that the realized volatility of RTM next week will be between 21% and 26%,140,2026-02-12 12:51:29.036154,RTM,46.8,46.79,46.81,100000000.0,100000000.0,10000.0,80.0,100.0,,,,0,0,0,0,0,0,0,0,0,0,0
4.0,1.0,74.0,Week 2,Announcement 1,The analysts have informed you that the realized volatility of RTM this week will be 39%,140,2026-02-12 12:51:29.036154,RTM1C45,2.54,2.53,2.55,1000000.0,1000000.0,35.0,,,30.0,30.0,,0,0,0,0,0,0,0,0,0,0,0
3.0,1.0,35.0,,News 1,The analysts have informed you that the realized volatility of RTM next week will be between 36% and 41%,140,2026-02-12 12:51:29.036154,RTM1P45,0.74,0.73,0.75,1000000.0,1000000.0,,,,,,,0,0,0,0,0,0,0,0,0,0,0
2.0,1.0,2.0,Week 1,Delta limit and penalty,The delta limit for this sub-heat is 12000 and the penalty percentage is 2%,140,2026-02-12 12:51:29.036154,RTM1C46,1.9,1.89,1.91,1000000.0,1000000.0,14.0,,,,,,0,0,0,0,0,0,0,0,0,0,0
1.0,1.0,2.0,Week 1,Risk free rate and current annualized volatility of RTM,The current risk free rate is 0%. RTM is an ETF that mimics one of the major indices in the simulated world and its current annualized realized volatility is 22%. This simulation consists of 20 trading days that are each 15 ticks in length.,140,2026-02-12 12:51:29.036154,RTM1P46,1.09,1.08,1.1,1000000.0,1000000.0,,,,,,,0,0,0,0,0,0,0,0,0,0,0
,,,,,,140,2026-02-12 12:51:29.036154,RTM1C47,1.4,1.39,1.41,1000000.0,1000000.0,,,,,,,0,0,0,0,0,0,0,0,0,0,0
,,,,,,140,2026-02-12 12:51:29.036154,RTM1P47,1.6,1.59,1.61,1000000.0,1000000.0,,,,,,,0,0,0,0,0,0,0,0,0,0,0
,,,,,,140,2026-02-12 12:51:29.036154,RTM1C48,0.97,0.96,0.98,1000000.0,1000000.0,,,,,,,0,0,0,0,0,0,0,0,0,0,0
,,,,,,140,2026-02-12 12:51:29.036154,RTM1P48,2.17,2.16,2.18,1000000.0,1000000.0,,,,,,,0,0,0,0,0,0,0,0,0,0,0
,,,,,,140,2026-02-12 12:51:29.036154,RTM1C49,0.67,0.66,0.68,1000000.0,1000000.0,,,,30.0,30.0,,0,0,0,0,0,0,0,0,0,0,0
,,,,,,140,2026-02-12 12:51:29.036154,RTM1P49,2.87,2.86,2.88,1000000.0,1000000.0,,,,,,,0,0,0,0,0,0,0,0,0,0,0
,,,,,,140,2026-02-12 12:51:29.036154,RTM1C50,0.43,0.42,0.44,1000000.0,1000000.0,12.0,,,60.0,,,0,0,0,0,0,0,0,0,0,0,0
,,,,,,140,2026-02-12 12:51:29.036154,RTM1P50,3.63,3.62,3.64,1000000.0,1000000.0,,,,,,,0,0,0,0,0,0,0,0,0,0,0
,,,,,,140,2026-02-12 12:51:29.036154,RTM1C51,0.28,0.27,0.29,1000000.0,1000000.0,16.0,,,,,,0,0,0,0,0,0,0,0,0,0,0
,,,,,,140,2026-02-12 12:51:29.036154,RTM1P51,4.47,4.46,4.48,1000000.0,1000000.0,,,,,,30.0,0,0,0,0,0,0,0,0,0,0,0
,,,,,,140,2026-02-12 12:51:29.036154,RTM1C52,0.17,0.16,0.18,1000000.0,1000000.0,24.0,,,,,,0,0,0,0,0,0,0,0,0,0,0
,,,,,,140,2026-02-12 12:51:29.036154,RTM1P52,5.37,5.36,5.38,1000000.0,1000000.0,,,,,,,0,0,0,0,0,0,0,0,0,0,0
,,,,,,140,2026-02-12 12:51:29.036154,RTM1C53,0.1,0.09,0.11,1000000.0,1000000.0,,,,,,,0,0,0,0,0,0,0,0,0,0,0
,,,,,,140,2026-02-12 12:51:29.036154,RTM1P53,6.29,6.28,6.3,1000000.0,1000000.0,,,,,,,0,0,0,0,0,0,0,0,0,0,0
,,,,,,140,2026-02-12 12:51:29.036154,RTM1C54,0.06,0.05,0.07,1000000.0,1000000.0,,,,,,,0,0,0,0,0,0,0,0,0,0,0
,,,,,,140,2026-02-12 12:51:29.036154,RTM1P54,7.25,7.24,7.26,1000000.0,1000000.0,,,,,,,0,0,0,0,0,0,0,0,0,0,0
5.0,1.0,111.0,,News 2,The analysts have informed you that the realized volatility of RTM next week will be between 21% and 26%,141,2026-02-12 12:51:30.063052,RTM,46.81,46.8,46.82,100000000.0,100000000.0,10000.0,80.0,100.0,,,,0,0,0,0,0,0,0,0,0,0,0
4.0,1.0,74.0,Week 2,Announcement 1,The analysts have informed you that the realized volatility of RTM this week will be 39%,141,2026-02-12 12:51:30.063052,RTM1C45,2.53,2.52,2.54,1000000.0,1000000.0,35.0,,,30.0,30.0,,0,0,0,0,0,0,0,0,0,0,0
3.0,1.0,35.0,,News 1,The analysts have informed you that the realized volatility of RTM next week will be between 36% and 41%,141,2026-02-12 12:51:30.063052,RTM1P45,0.72,0.71,0.73,1000000.0,1000000.0,,,,,,,0,0,0,0,0,0,0,0,0,0,0
2.0,1.0,2.0,Week 1,Delta limit and penalty,The delta limit for this sub-heat is 12000 and the penalty percentage is 2%,141,2026-02-12 12:51:30.063052,RTM1C46,1.92,1.91,1.93,1000000.0,1000000.0,14.0,,,,,,0,0,0,0,0,0,0,0,0,0,0
1.0,1.0,2.0,Week 1,Risk free rate and current annualized volatility of RTM,The current risk free rate is 0%. RTM is an ETF that mimics one of the major indices in the simulated world and its current annualized realized volatility is 22%. This simulation consists of 20 trading days that are each 15 ticks in length.,141,2026-02-12 12:51:30.063052,RTM1P46,1.11,1.1,1.12,1000000.0,1000000.0,,,,,,,0,0,0,0,0,0,0,0,0,0,0
,,,,,,141,2026-02-12 12:51:30.063052,RTM1C47,1.39,1.38,1.4,1000000.0,1000000.0,,,,,,,0,0,0,0,0,0,0,0,0,0,0
,,,,,,141,2026-02-12 12:51:30.063052,RTM1P47,1.58,1.57,1.59,1000000.0,1000000.0,,,,,,,0,0,0,0,0,0,0,0,0,0,0
,,,,,,141,2026-02-12 12:51:30.063052,RTM1C48,0.97,0.96,0.98,1000000.0,1000000.0,,,,,,,0,0,0,0,0,0,0,0,0,0,0
,,,,,,141,2026-02-12 12:51:30.063052,RTM1P48,2.16,2.15,2.17,1000000.0,1000000.0,,,,,,,0,0,0,0,0,0,0,0,0,0,0
,,,,,,141,2026-02-12 12:51:30.063052,RTM1C49,0.67,0.66,0.68,1000000.0,1000000.0,,,,30.0,30.0,,0,0,0,0,0,0,0,0,0,0,0
,,,,,,141,2026-02-12 12:51:30.063052,RTM1P49,2.87,2.86,2.88,1000000.0,1000000.0,,,,,,,0,0,0,0,0,0,0,0,0,0,0
,,,,,,141,2026-02-12 12:51:30.063052,RTM1C50,0.44,0.43,0.45,1000000.0,1000000.0,12.0,,,60.0,,,0,0,0,0,0,0,0,0,0,0,0
,,,,,,141,2026-02-12 12:51:30.063052,RTM1P50,3.63,3.62,3.64,1000000.0,1000000.0,,,,,,,0,0,0,0,0,0,0,0,0,0,0
,,,,,,141,2026-02-12 12:51:30.063052,RTM1C51,0.27,0.26,0.28,1000000.0,1000000.0,16.0,,,,,,0,0,0,0,0,0,0,0,0,0,0
,,,,,,141,2026-02-12 12:51:30.063052,RTM1P51,4.47,4.46,4.48,1000000.0,1000000.0,,,,,,30.0,0,0,0,0,0,0,0,0,0,0,0
,,,,,,141,2026-02-12 12:51:30.063052,RTM1C52,0.16,0.15,0.17,1000000.0,1000000.0,24.0,,,,,,0,0,0,0,0,0,0,0,0,0,0
,,,,,,141,2026-02-12 12:51:30.063052,RTM1P52,5.35,5.34,5.36,1000000.0,1000000.0,,,,,,,0,0,0,0,0,0,0,0,0,0,0
,,,,,,141,2026-02-12 12:51:30.063052,RTM1C53,0.1,0.09,0.11,1000000.0,1000000.0,,,,,,,0,0,0,0,0,0,0,0,0,0,0
,,,,,,141,2026-02-12 12:51:30.063052,RTM1P53,6.29,6.28,6.3,1000000.0,1000000.0,,,,,,,0,0,0,0,0,0,0,0,0,0,0
,,,,,,141,2026-02-12 12:51:30.063052,RTM1C54,0.06,0.05,0.07,1000000.0,1000000.0,,,,,,,0,0,0,0,0,0,0,0,0,0,0
,,,,,,141,2026-02-12 12:51:30.063052,RTM1P54,7.25,7.24,7.26,1000000.0,1000000.0,,,,,,,0,0,0,0,0,0,0,0,0,0,0
5.0,1.0,111.0,,News 2,The analysts have informed you that the realized volatility of RTM next week will be between 21% and 26%,142,2026-02-12 12:51:31.089818,RTM,47.15,47.14,47.16,100000000.0,100000000.0,10000.0,80.0,100.0,,,,0,0,0,0,0,0,0,0,0,0,0
4.0,1.0,74.0,Week 2,Announcement 1,The analysts have informed you that the realized volatility of RTM this week will be 39%,142,2026-02-12 12:51:31.089818,RTM1C45,2.77,2.76,2.78,1000000.0,1000000.0,35.0,,,30.0,30.0,,0,0,0,0,0,0,0,0,0,0,0
3.0,1.0,35.0,,News 1,The analysts have informed you that the realized volatility of RTM next week will be between 36% and 41%,142,2026-02-12 12:51:31.089818,RTM1P45,0.62,0.61,0.63,1000000.0,1000000.0,,,,,,,0,0,0,0,0,0,0,0,0,0,0
2.0,1.0,2.0,Week 1,Delta limit and penalty,The delta limit for this sub-heat is 12000 and the penalty percentage is 2%,142,2026-02-12 12:51:31.089818,RTM1C46,2.12,2.11,2.13,1000000.0,1000000.0,14.0,,,,,,0,0,0,0,0,0,0,0,0,0,0
1.0,1.0,2.0,Week 1,Risk free rate and current annualized volatility of RTM,The current risk free rate is 0%. RTM is an ETF that mimics one of the major indices in the simulated world and its current annualized realized volatility is 22%. This simulation consists of 20 trading days that are each 15 ticks in length.,142,2026-02-12 12:51:31.089818,RTM1P46,0.97,0.96,0.98,1000000.0,1000000.0,,,,,,,0,0,0,0,0,0,0,0,0,0,0
,,,,,,142,2026-02-12 12:51:31.089818,RTM1C47,1.57,1.56,1.58,1000000.0,1000000.0,,,,,,,0,0,0,0,0,0,0,0,0,0,0
,,,,,,142,2026-02-12 12:51:31.089818,RTM1P47,1.43,1.42,1.44,1000000.0,1000000.0,,,,,,,0,0,0,0,0,0,0,0,0,0,0
,,,,,,142,2026-02-12 12:51:31.089818,RTM1C48,1.11,1.1,1.12,1000000.0,1000000.0,,,,,,,0,0,0,0,0,0,0,0,0,0,0
,,,,,,142,2026-02-12 12:51:31.089818,RTM1P48,1.96,1.95,1.97,1000000.0,1000000.0,,,,,,,0,0,0,0,0,0,0,0,0,0,0
,,,,,,142,2026-02-12 12:51:31.089818,RTM1C49,0.76,0.75,0.77,1000000.0,1000000.0,,,,,,,0,0,0,0,0,0,0,0,0,0,0
,,,,,,142,2026-02-12 12:51:31.089818,RTM1P49,2.62,2.61,2.63,1000000.0,1000000.0,,,,,,,0,0,0,0,0,0,0,0,0,0,0
,,,,,,142,2026-02-12 12:51:31.089818,RTM1C50,0.52,0.51,0.53,1000000.0,1000000.0,12.0,,,30.0,,,0,0,0,0,0,0,0,0,0,0,0
,,,,,,142,2026-02-12 12:51:31.089818,RTM1P50,3.37,3.36,3.38,1000000.0,1000000.0,,,,,,,0,0,0,0,0,0,0,0,0,0,0
,,,,,,142,2026-02-12 12:51:31.089818,RTM1C51,0.33,0.32,0.34,1000000.0,1000000.0,16.0,,,,,,0,0,0,0,0,0,0,0,0,0,0
,,,,,,142,2026-02-12 12:51:31.089818,RTM1P51,4.18,4.17,4.19,1000000.0,1000000.0,,,,,,30.0,0,0,0,0,0,0,0,0,0,0,0
,,,,,,142,2026-02-12 12:51:31.089818,RTM1C52,0.21,0.2,0.22,1000000.0,1000000.0,24.0,,,,,,0,0,0,0,0,0,0,0,0,0,0
,,,,,,142,2026-02-12 12:51:31.089818,RTM1P52,5.06,5.05,5.07,1000000.0,1000000.0,,,,,,,0,0,0,0,0,0,0,0,0,0,0
,,,,,,142,2026-02-12 12:51:31.089818,RTM1C53,0.13,0.12,0.14,1000000.0,1000000.0,,,,,,,0,0,0,0,0,0,0,0,0,0,0
,,,,,,142,2026-02-12 12:51:31.089818,RTM1P53,5.98,5.97,5.99,1000000.0,1000000.0,,,,,,,0,0,0,0,0,0,0,0,0,0,0
,,,,,,142,2026-02-12 12:51:31.089818,RTM1C54,0.07,0.06,0.08,1000000.0,1000000.0,,,,,,,0,0,0,0,0,0,0,0,0,0,0
,,,,,,142,2026-02-12 12:51:31.089818,RTM1P54,6.92,6.91,6.93,1000000.0,1000000.0,,,,,,,0,0,0,0,0,0,0,0,0,0,0
5.0,1.0,111.0,,News 2,The analysts have informed you that the realized volatility of RTM next week will be between 21% and 26%,143,2026-02-12 12:51:32.118554,RTM,47.12,47.11,47.13,100000000.0,100000000.0,10000.0,80.0,100.0,,,,0,0,0,0,0,0,0,0,0,0,0
4.0,1.0,74.0,Week 2,Announcement 1,The analysts have informed you that the realized volatility of RTM this week will be 39%,143,2026-02-12 12:51:32.118554,RTM1C45,2.76,2.75,2.77,1000000.0,1000000.0,35.0,,,30.0,30.0,,0,0,0,0,0,0,0,0,0,0,0
3.0,1.0,35.0,,News 1,The analysts have informed you that the realized volatility of RTM next week will be between 36% and 41%,143,2026-02-12 12:51:32.118554,RTM1P45,0.64,0.63,0.65,1000000.0,1000000.0,,,,,,,0,0,0,0,0,0,0,0,0,0,0
2.0,1.0,2.0,Week 1,Delta limit and penalty,The delta limit for this sub-heat is 12000 and the penalty percentage is 2%,143,2026-02-12 12:51:32.118554,RTM1C46,2.1,2.09,2.11,1000000.0,1000000.0,14.0,,,,,,0,0,0,0,0,0,0,0,0,0,0
1.0,1.0,2.0,Week 1,Risk free rate and current annualized volatility of RTM,The current risk free rate is 0%. RTM is an ETF that mimics one of the major indices in the simulated world and its current annualized realized volatility is 22%. This simulation consists of 20 trading days that are each 15 ticks in length.,143,2026-02-12 12:51:32.118554,RTM1P46,0.97,0.96,0.98,1000000.0,1000000.0,,,,,,,0,0,0,0,0,0,0,0,0,0,0
,,,,,,143,2026-02-12 12:51:32.118554,RTM1C47,1.55,1.54,1.56,1000000.0,1000000.0,,,,,,,0,0,0,0,0,0,0,0,0,0,0
,,,,,,143,2026-02-12 12:51:32.118554,RTM1P47,1.42,1.42,1.44,1000000.0,1000000.0,,,,,,,0,0,0,0,0,0,0,0,0,0,0
,,,,,,143,2026-02-12 12:51:32.118554,RTM1C48,1.11,1.1,1.12,1000000.0,1000000.0,,,,,,,0,0,0,0,0,0,0,0,0,0,0
,,,,,,143,2026-02-12 12:51:32.118554,RTM1P48,1.99,1.98,2.0,1000000.0,1000000.0,,,,,,,0,0,0,0,0,0,0,0,0,0,0
,,,,,,143,2026-02-12 12:51:32.118554,RTM1C49,0.77,0.76,0.78,1000000.0,1000000.0,,,,,,,0,0,0,0,0,0,0,0,0,0,0
,,,,,,143,2026-02-12 12:51:32.118554,RTM1P49,2.64,2.63,2.65,1000000.0,1000000.0,,,,,,,0,0,0,0,0,0,0,0,0,0,0
,,,,,,143,2026-02-12 12:51:32.118554,RTM1C50,0.5,0.49,0.51,1000000.0,1000000.0,12.0,,,30.0,,,0,0,0,0,0,0,0,0,0,0,0
,,,,,,143,2026-02-12 12:51:32.118554,RTM1P50,3.38,3.37,3.39,1000000.0,1000000.0,,,,,,,0,0,0,0,0,0,0,0,0,0,0
,,,,,,143,2026-02-12 12:51:32.118554,RTM1C51,0.33,0.32,0.34,1000000.0,1000000.0,16.0,,,,,,0,0,0,0,0,0,0,0,0,0,0
,,,,,,143,2026-02-12 12:51:32.118554,RTM1P51,4.21,4.2,4.22,1000000.0,1000000.0,,,,,,30.0,0,0,0,0,0,0,0,0,0,0,0
,,,,,,143,2026-02-12 12:51:32.118554,RTM1C52,0.2,0.19,0.21,1000000.0,1000000.0,24.0,,,,,,0,0,0,0,0,0,0,0,0,0,0
,,,,,,143,2026-02-12 12:51:32.118554,RTM1P52,5.08,5.07,5.09,1000000.0,1000000.0,,,,,,,0,0,0,0,0,0,0,0,0,0,0
,,,,,,143,2026-02-12 12:51:32.118554,RTM1C53,0.13,0.12,0.14,1000000.0,1000000.0,,,,,,,0,0,0,0,0,0,0,0,0,0,0
,,,,,,143,2026-02-12 12:51:32.118554,RTM1P53,6.0,5.99,6.01,1000000.0,1000000.0,,,,,,,0,0,0,0,0,0,0,0,0,0,0
,,,,,,143,2026-02-12 12:51:32.118554,RTM1C54,0.07,0.06,0.08,1000000.0,1000000.0,,,,,,,0,0,0,0,0,0,0,0,0,0,0
,,,,,,143,2026-02-12 12:51:32.118554,RTM1P54,6.95,6.94,6.96,1000000.0,1000000.0,,,,,,,0,0,0,0,0,0,0,0,0,0,0
5.0,1.0,111.0,,News 2,The analysts have informed you that the realized volatility of RTM next week will be between 21% and 26%,144,2026-02-12 12:51:33.145412,RTM,47.2,47.19,47.21,100000000.0,100000000.0,10000.0,80.0,100.0,,,0,0,0,0,0,0,0,0,0,0,0,0
4.0,1.0,74.0,Week 2,Announcement 1,The analysts have informed you that the realized volatility of RTM this week will be 39%,144,2026-02-12 12:51:33.145412,RTM1C45,2.83,2.82,2.84,1000000.0,1000000.0,35.0,,,,,0,0,0,0,0,0,0,0,0,0,0,0
3.0,1.0,35.0,,News 1,The analysts have informed you that the realized volatility of RTM next week will be between 36% and 41%,144,2026-02-12 12:51:33.145412,RTM1P45,0.62,0.61,0.63,1000000.0,1000000.0,,,,,,0,0,0,0,0,0,0,0,0,0,0,0
2.0,1.0,2.0,Week 1,Delta limit and penalty,The delta limit for this sub-heat is 12000 and the penalty percentage is 2%,144,2026-02-12 12:51:33.145412,RTM1C46,2.16,2.15,2.17,1000000.0,1000000.0,14.0,,,,,0,0,0,0,0,0,0,0,0,0,0,0
1.0,1.0,2.0,Week 1,Risk free rate and current annualized volatility of RTM,The current risk free rate is 0%. RTM is an ETF that mimics one of the major indices in the simulated world and its current annualized realized volatility is 22%. This simulation consists of 20 trading days that are each 15 ticks in length.,144,2026-02-12 12:51:33.145412,RTM1P46,0.94,0.94,0.96,1000000.0,1000000.0,,,,,,0,0,0,0,0,0,0,0,0,0,0,0
,,,,,,144,2026-02-12 12:51:33.145412,RTM1C47,1.6,1.59,1.61,1000000.0,1000000.0,,,,,,0,0,0,0,0,0,0,0,0,0,0,0
,,,,,,144,2026-02-12 12:51:33.145412,RTM1P47,1.39,1.38,1.4,1000000.0,1000000.0,,,,,,0,0,0,0,0,0,0,0,0,0,0,0
,,,,,,144,2026-02-12 12:51:33.145412,RTM1C48,1.14,1.13,1.15,1000000.0,1000000.0,,,,,,0,0,0,0,0,0,0,0,0,0,0,0
,,,,,,144,2026-02-12 12:51:33.145412,RTM1P48,1.93,1.92,1.94,1000000.0,1000000.0,,,,,,0,0,0,0,0,0,0,0,0,0,0,0
,,,,,,144,2026-02-12 12:51:33.145412,RTM1C49,0.8,0.79,0.81,1000000.0,1000000.0,,,,,,0,0,0,0,0,0,0,0,0,0,0,0
,,,,,,144,2026-02-12 12:51:33.145412,RTM1P49,2.59,2.58,2.6,1000000.0,1000000.0,,,,,,0,0,0,0,0,0,0,0,0,0,0,0
,,,,,,144,2026-02-12 12:51:33.145412,RTM1C50,0.53,0.52,0.54,1000000.0,1000000.0,12.0,,,30.0,,0,0,0,0,0,0,0,0,0,0,0,0
,,,,,,144,2026-02-12 12:51:33.145412,RTM1P50,3.33,3.32,3.34,1000000.0,1000000.0,,,,,,0,0,0,0,0,0,0,0,0,0,0,0
,,,,,,144,2026-02-12 12:51:33.145412,RTM1C51,0.34,0.33,0.35,1000000.0,1000000.0,16.0,,,,,0,0,0,0,0,0,0,0,0,0,0,0
,,,,,,144,2026-02-12 12:51:33.145412,RTM1P51,4.14,4.13,4.15,1000000.0,1000000.0,,,,,30.0,0,0,0,0,0,0,0,0,0,0,0,0
,,,,,,144,2026-02-12 12:51:33.145412,RTM1C52,0.22,0.21,0.23,1000000.0,1000000.0,24.0,,,,,0,0,0,0,0,0,0,0,0,0,0,0
,,,,,,144,2026-02-12 12:51:33.145412,RTM1P52,5.01,5.0,5.02,1000000.0,1000000.0,,,,,,0,0,0,0,0,0,0,0,0,0,0,0
,,,,,,144,2026-02-12 12:51:33.145412,RTM1C53,0.13,0.12,0.14,1000000.0,1000000.0,,,,,,0,0,0,0,0,0,0,0,0,0,0,0
,,,,,,144,2026-02-12 12:51:33.145412,RTM1P53,5.92,5.91,5.93,1000000.0,1000000.0,,,,,,0,0,0,0,0,0,0,0,0,0,0,0
,,,,,,144,2026-02-12 12:51:33.145412,RTM1C54,0.07,0.06,0.08,1000000.0,1000000.0,,,,,,0,0,0,0,0,0,0,0,0,0,0,0
,,,,,,144,2026-02-12 12:51:33.145412,RTM1P54,6.87,6.86,6.88,1000000.0,1000000.0,,,,,,0,0,0,0,0,0,0,0,0,0,0,0
5.0,1.0,111.0,,News 2,The analysts have informed you that the realized volatility of RTM next week will be between 21% and 26%,145,2026-02-12 12:51:34.173874,RTM,47.33,47.33,47.35,100000000.0,100000000.0,10000.0,80.0,100.0,,,0,0,0,0,0,0,0,0,0,0,0,0
4.0,1.0,74.0,Week 2,Announcement 1,The analysts have informed you that the realized volatility of RTM this week will be 39%,145,2026-02-12 12:51:34.173874,RTM1C45,2.93,2.92,2.94,1000000.0,1000000.0,35.0,,,,,0,0,0,0,0,0,0,0,0,0,0,0
3.0,1.0,35.0,,News 1,The analysts have informed you that the realized volatility of RTM next week will be between 36% and 41%,145,2026-02-12 12:51:34.173874,RTM1P45,0.58,0.57,0.59,1000000.0,1000000.0,,,,,,0,0,0,0,0,0,0,0,0,0,0,0
2.0,1.0,2.0,Week 1,Delta limit and penalty,The delta limit for this sub-heat is 12000 and the penalty percentage is 2%,145,2026-02-12 12:51:34.173874,RTM1C46,2.25,2.23,2.25,1000000.0,1000000.0,14.0,,,,,0,0,0,0,0,0,0,0,0,0,0,0
1.0,1.0,2.0,Week 1,Risk free rate and current annualized volatility of RTM,The current risk free rate is 0%. RTM is an ETF that mimics one of the major indices in the simulated world and its current annualized realized volatility is 22%. This simulation consists of 20 trading days that are each 15 ticks in length.,145,2026-02-12 12:51:34.173874,RTM1P46,0.9,0.89,0.91,1000000.0,1000000.0,,,,,,0,0,0,0,0,0,0,0,0,0,0,0
,,,,,,145,2026-02-12 12:51:34.173874,RTM1C47,1.68,1.67,1.69,1000000.0,1000000.0,,,,,,0,0,0,0,0,0,0,0,0,0,0,0
,,,,,,145,2026-02-12 12:51:34.173874,RTM1P47,1.35,1.33,1.35,1000000.0,1000000.0,,,,,,0,0,0,0,0,0,0,0,0,0,0,0
,,,,,,145,2026-02-12 12:51:34.173874,RTM1C48,1.2,1.2,1.22,1000000.0,1000000.0,,,,,,0,0,0,0,0,0,0,0,0,0,0,0
,,,,,,145,2026-02-12 12:51:34.173874,RTM1P48,1.86,1.85,1.87,1000000.0,1000000.0,,,,,,0,0,0,0,0,0,0,0,0,0,0,0
,,,,,,145,2026-02-12 12:51:34.173874,RTM1C49,0.83,0.83,0.85,1000000.0,1000000.0,,,,,,0,0,0,0,0,0,0,0,0,0,0,0
,,,,,,145,2026-02-12 12:51:34.173874,RTM1P49,2.5,2.49,2.51,1000000.0,1000000.0,,,,,,0,0,0,0,0,0,0,0,0,0,0,0
,,,,,,145,2026-02-12 12:51:34.173874,RTM1C50,0.57,0.56,0.58,1000000.0,1000000.0,12.0,,,30.0,,0,0,0,0,0,0,0,0,0,0,0,0
,,,,,,145,2026-02-12 12:51:34.173874,RTM1P50,3.22,3.21,3.23,1000000.0,1000000.0,,,,,,0,0,0,0,0,0,0,0,0,0,0,0
,,,,,,145,2026-02-12 12:51:34.173874,RTM1C51,0.37,0.36,0.38,1000000.0,1000000.0,16.0,,,,,0,0,0,0,0,0,0,0,0,0,0,0
,,,,,,145,2026-02-12 12:51:34.173874,RTM1P51,4.03,4.02,4.04,1000000.0,1000000.0,,,,,30.0,0,0,0,0,0,0,0,0,0,0,0,0
,,,,,,145,2026-02-12 12:51:34.173874,RTM1C52,0.23,0.22,0.24,1000000.0,1000000.0,24.0,,,,,0,0,0,0,0,0,0,0,0,0,0,0
,,,,,,145,2026-02-12 12:51:34.173874,RTM1P52,4.89,4.88,4.9,1000000.0,1000000.0,,,,,,0,0,0,0,0,0,0,0,0,0,0,0
,,,,,,145,2026-02-12 12:51:34.173874,RTM1C53,0.14,0.13,0.15,1000000.0,1000000.0,,,,,,0,0,0,0,0,0,0,0,0,0,0,0
,,,,,,145,2026-02-12 12:51:34.173874,RTM1P53,5.79,5.78,5.8,1000000.0,1000000.0,,,,,,0,0,0,0,0,0,0,0,0,0,0,0
,,,,,,145,2026-02-12 12:51:34.173874,RTM1C54,0.08,0.07,0.09,1000000.0,1000000.0,,,,,,0,0,0,0,0,0,0,0,0,0,0,0
,,,,,,145,2026-02-12 12:51:34.173874,RTM1P54,6.74,6.73,6.75,1000000.0,1000000.0,,,,,,0,0,0,0,0,0,0,0,0,0,0,0
5.0,1.0,111.0,,News 2,The analysts have informed you that the realized volatility of RTM next week will be between 21% and 26%,146,2026-02-12 12:51:35.201499,RTM,47.53,47.51,47.53,100000000.0,100000000.0,10000.0,80.0,100.0,,,0,0,0,0,0,0,0,0,0,0,0,0
4.0,1.0,74.0,Week 2,Announcement 1,The analysts have informed you that the realized volatility of RTM this week will be 39%,146,2026-02-12 12:51:35.201499,RTM1C45,3.06,3.05,3.07,1000000.0,1000000.0,35.0,,,,,0,0,0,0,0,0,0,0,0,0,0,0
3.0,1.0,35.0,,News 1,The analysts have informed you that the realized volatility of RTM next week will be between 36% and 41%,146,2026-02-12 12:51:35.201499,RTM1P45,0.54,0.53,0.55,1000000.0,1000000.0,,,,,,0,0,0,0,0,0,0,0,0,0,0,0
2.0,1.0,2.0,Week 1,Delta limit and penalty,The delta limit for this sub-heat is 12000 and the penalty percentage is 2%,146,2026-02-12 12:51:35.201499,RTM1C46,2.37,2.36,2.38,1000000.0,1000000.0,14.0,,,,,0,0,0,0,0,0,0,0,0,0,0,0
1.0,1.0,2.0,Week 1,Risk free rate and current annualized volatility of RTM,The current risk free rate is 0%. RTM is an ETF that mimics one of the major indices in the simulated world and its current annualized realized volatility is 22%. This simulation consists of 20 trading days that are each 15 ticks in length.,146,2026-02-12 12:51:35.201499,RTM1P46,0.84,0.84,0.86,1000000.0,1000000.0,,,,,,0,0,0,0,0,0,0,0,0,0,0,0
,,,,,,146,2026-02-12 12:51:35.201499,RTM1C47,1.77,1.76,1.78,1000000.0,1000000.0,,,,,,0,0,0,0,0,0,0,0,0,0,0,0
,,,,,,146,2026-02-12 12:51:35.201499,RTM1P47,1.26,1.25,1.27,1000000.0,1000000.0,,,,,,0,0,0,0,0,0,0,0,0,0,0,0
,,,,,,146,2026-02-12 12:51:35.201499,RTM1C48,1.29,1.28,1.3,1000000.0,1000000.0,,,,,,0,0,0,0,0,0,0,0,0,0,0,0
,,,,,,146,2026-02-12 12:51:35.201499,RTM1P48,1.78,1.77,1.79,1000000.0,1000000.0,,,,,,0,0,0,0,0,0,0,0,0,0,0,0
,,,,,,146,2026-02-12 12:51:35.201499,RTM1C49,0.91,0.9,0.92,1000000.0,1000000.0,,,,,,0,0,0,0,0,0,0,0,0,0,0,0
,,,,,,146,2026-02-12 12:51:35.201499,RTM1P49,2.39,2.38,2.4,1000000.0,1000000.0,,,,,,0,0,0,0,0,0,0,0,0,0,0,0
,,,,,,146,2026-02-12 12:51:35.201499,RTM1C50,0.61,0.6,0.61,1000000.0,1000000.0,12.0,,,30.0,,0,0,0,0,0,0,0,0,0,0,0,0
,,,,,,146,2026-02-12 12:51:35.201499,RTM1P50,3.1,3.09,3.11,1000000.0,1000000.0,,,,,,0,0,0,0,0,0,0,0,0,0,0,0
,,,,,,146,2026-02-12 12:51:35.201499,RTM1C51,0.4,0.39,0.41,1000000.0,1000000.0,16.0,,,,,0,0,0,0,0,0,0,0,0,0,0,0
,,,,,,146,2026-02-12 12:51:35.201499,RTM1P51,3.89,3.88,3.9,1000000.0,1000000.0,,,,,30.0,0,0,0,0,0,0,0,0,0,0,0,0
,,,,,,146,2026-02-12 12:51:35.201499,RTM1C52,0.25,0.24,0.25,1000000.0,1000000.0,24.0,,,,,0,0,0,0,0,0,0,0,0,0,0,0
,,,,,,146,2026-02-12 12:51:35.201499,RTM1P52,4.73,4.72,4.74,1000000.0,1000000.0,,,,,,0,0,0,0,0,0,0,0,0,0,0,0
,,,,,,146,2026-02-12 12:51:35.201499,RTM1C53,0.16,0.15,0.17,1000000.0,1000000.0,,,,,,0,0,0,0,0,0,0,0,0,0,0,0
,,,,,,146,2026-02-12 12:51:35.201499,RTM1P53,5.64,5.63,5.65,1000000.0,1000000.0,,,,,,0,0,0,0,0,0,0,0,0,0,0,0
,,,,,,146,2026-02-12 12:51:35.201499,RTM1C54,0.08,0.08,0.1,1000000.0,1000000.0,,,,,,0,0,0,0,0,0,0,0,0,0,0,0
,,,,,,146,2026-02-12 12:51:35.201499,RTM1P54,6.58,6.56,6.58,1000000.0,1000000.0,,,,,,0,0,0,0,0,0,0,0,0,0,0,0
5.0,1.0,111.0,,News 2,The analysts have informed you that the realized volatility of RTM next week will be between 21% and 26%,147,2026-02-12 12:51:36.228565,RTM,47.31,47.29,47.31,100000000.0,100000000.0,10000.0,80.0,100.0,,,0,0,0,0,0,0,0,0,0,0,0,0
4.0,1.0,74.0,Week 2,Announcement 1,The analysts have informed you that the realized volatility of RTM this week will be 39%,147,2026-02-12 12:51:36.228565,RTM1C45,2.88,2.86,2.88,1000000.0,1000000.0,35.0,,,,,0,0,0,0,0,0,0,0,0,0,0,0
3.0,1.0,35.0,,News 1,The analysts have informed you that the realized volatility of RTM next week will be between 36% and 41%,147,2026-02-12 12:51:36.228565,RTM1P45,0.58,0.56,0.58,1000000.0,1000000.0,,,,,,0,0,0,0,0,0,0,0,0,0,0,0
2.0,1.0,2.0,Week 1,Delta limit and penalty,The delta limit for this sub-heat is 12000 and the penalty percentage is 2%,147,2026-02-12 12:51:36.228565,RTM1C46,2.23,2.21,2.23,1000000.0,1000000.0,14.0,,,,,0,0,0,0,0,0,0,0,0,0,0,0
1.0,1.0,2.0,Week 1,Risk free rate and current annualized volatility of RTM,The current risk free rate is 0%. RTM is an ETF that mimics one of the major indices in the simulated world and its current annualized realized volatility is 22%. This simulation consists of 20 trading days that are each 15 ticks in length.,147,2026-02-12 12:51:36.228565,RTM1P46,0.92,0.91,0.93,1000000.0,1000000.0,,,,,,0,0,0,0,0,0,0,0,0,0,0,0
,,,,,,147,2026-02-12 12:51:36.228565,RTM1C47,1.64,1.64,1.66,1000000.0,1000000.0,,,,,,0,0,0,0,0,0,0,0,0,0,0,0
,,,,,,147,2026-02-12 12:51:36.228565,RTM1P47,1.35,1.34,1.36,1000000.0,1000000.0,,,,,,0,0,0,0,0,0,0,0,0,0,0,0
,,,,,,147,2026-02-12 12:51:36.228565,RTM1C48,1.19,1.18,1.2,1000000.0,1000000.0,,,,,,0,0,0,0,0,0,0,0,0,0,0,0
,,,,,,147,2026-02-12 12:51:36.228565,RTM1P48,1.88,1.88,1.9,1000000.0,1000000.0,,,,,,0,0,0,0,0,0,0,0,0,0,0,0
,,,,,,147,2026-02-12 12:51:36.228565,RTM1C49,0.82,0.82,0.84,1000000.0,1000000.0,,,,,,0,0,0,0,0,0,0,0,0,0,0,0
,,,,,,147,2026-02-12 12:51:36.228565,RTM1P49,2.52,2.52,2.54,1000000.0,1000000.0,,,,,,0,0,0,0,0,0,0,0,0,0,0,0
,,,,,,147,2026-02-12 12:51:36.228565,RTM1C50,0.57,0.57,0.59,1000000.0,1000000.0,12.0,,,30.0,,0,0,0,0,0,0,0,0,0,0,0,0
,,,,,,147,2026-02-12 12:51:36.228565,RTM1P50,3.28,3.27,3.29,1000000.0,1000000.0,,,,,,0,0,0,0,0,0,0,0,0,0,0,0
,,,,,,147,2026-02-12 12:51:36.228565,RTM1C51,0.36,0.35,0.37,1000000.0,1000000.0,16.0,,,,,0,0,0,0,0,0,0,0,0,0,0,0
,,,,,,147,2026-02-12 12:51:36.228565,RTM1P51,4.06,4.05,4.07,1000000.0,1000000.0,,,,,30.0,0,0,0,0,0,0,0,0,0,0,0,0
,,,,,,147,2026-02-12 12:51:36.228565,RTM1C52,0.23,0.22,0.24,1000000.0,1000000.0,24.0,,,,,0,0,0,0,0,0,0,0,0,0,0,0
,,,,,,147,2026-02-12 12:51:36.228565,RTM1P52,4.92,4.91,4.93,1000000.0,1000000.0,,,,,,0,0,0,0,0,0,0,0,0,0,0,0
,,,,,,147,2026-02-12 12:51:36.228565,RTM1C53,0.14,0.13,0.15,1000000.0,1000000.0,,,,,,0,0,0,0,0,0,0,0,0,0,0,0
,,,,,,147,2026-02-12 12:51:36.228565,RTM1P53,5.83,5.82,5.84,1000000.0,1000000.0,,,,,,0,0,0,0,0,0,0,0,0,0,0,0
,,,,,,147,2026-02-12 12:51:36.228565,RTM1C54,0.08,0.07,0.09,1000000.0,1000000.0,,,,,,0,0,0,0,0,0,0,0,0,0,0,0
,,,,,,147,2026-02-12 12:51:36.228565,RTM1P54,6.78,6.77,6.79,1000000.0,1000000.0,,,,,,0,0,0,0,0,0,0,0,0,0,0,0
5.0,1.0,111.0,,News 2,The analysts have informed you that the realized volatility of RTM next week will be between 21% and 26%,148,2026-02-12 12:51:37.261036,RTM,47.64,47.62,47.64,100000000.0,100000000.0,10000.0,80.0,100.0,,0,0,0,0,0,0,0,0,0,0,0,0,0
4.0,1.0,74.0,Week 2,Announcement 1,The analysts have informed you that the realized volatility of RTM this week will be 39%,148,2026-02-12 12:51:37.261036,RTM1C45,3.15,3.15,3.17,1000000.0,1000000.0,35.0,,,,0,0,0,0,0,0,0,0,0,0,0,0,0
3.0,1.0,35.0,,News 1,The analysts have informed you that the realized volatility of RTM next week will be between 36% and 41%,148,2026-02-12 12:51:37.261036,RTM1P45,0.52,0.52,0.54,1000000.0,1000000.0,,,,,0,0,0,0,0,0,0,0,0,0,0,0,0
2.0,1.0,2.0,Week 1,Delta limit and penalty,The delta limit for this sub-heat is 12000 and the penalty percentage is 2%,148,2026-02-12 12:51:37.261036,RTM1C46,2.44,2.44,2.46,1000000.0,1000000.0,14.0,,,,0,0,0,0,0,0,0,0,0,0,0,0,0
1.0,1.0,2.0,Week 1,Risk free rate and current annualized volatility of RTM,The current risk free rate is 0%. RTM is an ETF that mimics one of the major indices in the simulated world and its current annualized realized volatility is 22%. This simulation consists of 20 trading days that are each 15 ticks in length.,148,2026-02-12 12:51:37.261036,RTM1P46,0.82,0.81,0.83,1000000.0,1000000.0,,,,,0,0,0,0,0,0,0,0,0,0,0,0,0
,,,,,,148,2026-02-12 12:51:37.261036,RTM1C47,1.85,1.84,1.86,1000000.0,1000000.0,,,,,0,0,0,0,0,0,0,0,0,0,0,0,0
,,,,,,148,2026-02-12 12:51:37.261036,RTM1P47,1.22,1.21,1.23,1000000.0,1000000.0,,,,,0,0,0,0,0,0,0,0,0,0,0,0,0
,,,,,,148,2026-02-12 12:51:37.261036,RTM1C48,1.38,1.37,1.39,1000000.0,1000000.0,,,,,0,0,0,0,0,0,0,0,0,0,0,0,0
,,,,,,148,2026-02-12 12:51:37.261036,RTM1P48,1.74,1.73,1.75,1000000.0,1000000.0,,,,,0,0,0,0,0,0,0,0,0,0,0,0,0
,,,,,,148,2026-02-12 12:51:37.261036,RTM1C49,0.92,0.92,0.94,1000000.0,1000000.0,,,,,0,0,0,0,0,0,0,0,0,0,0,0,0
,,,,,,148,2026-02-12 12:51:37.261036,RTM1P49,2.3,2.29,2.31,1000000.0,1000000.0,,,,,0,0,0,0,0,0,0,0,0,0,0,0,0
,,,,,,148,2026-02-12 12:51:37.261036,RTM1C50,0.63,0.62,0.64,1000000.0,1000000.0,12.0,,,,0,0,0,0,0,0,0,0,0,0,0,0,0
,,,,,,148,2026-02-12 12:51:37.261036,RTM1P50,2.99,2.98,3.0,1000000.0,1000000.0,,,,,0,0,0,0,0,0,0,0,0,0,0,0,0
,,,,,,148,2026-02-12 12:51:37.261036,RTM1C51,0.41,0.4,0.42,1000000.0,1000000.0,16.0,,,,0,0,0,0,0,0,0,0,0,0,0,0,0
,,,,,,148,2026-02-12 12:51:37.261036,RTM1P51,3.78,3.77,3.79,1000000.0,1000000.0,,,,30.0,0,0,0,0,0,0,0,0,0,0,0,0,0
,,,,,,148,2026-02-12 12:51:37.261036,RTM1C52,0.26,0.24,0.26,1000000.0,1000000.0,,,,,0,0,0,0,0,0,0,0,0,0,0,0,0
,,,,,,148,2026-02-12 12:51:37.261036,RTM1P52,4.62,4.61,4.63,1000000.0,1000000.0,,,,,0,0,0,0,0,0,0,0,0,0,0,0,0
,,,,,,148,2026-02-12 12:51:37.261036,RTM1C53,0.17,0.16,0.18,1000000.0,1000000.0,,,,,0,0,0,0,0,0,0,0,0,0,0,0,0
,,,,,,148,2026-02-12 12:51:37.261036,RTM1P53,5.53,5.52,5.54,1000000.0,1000000.0,,,,,0,0,0,0,0,0,0,0,0,0,0,0,0
,,,,,,148,2026-02-12 12:51:37.261036,RTM1C54,0.1,0.09,0.11,1000000.0,1000000.0,,,,,0,0,0,0,0,0,0,0,0,0,0,0,0
,,,,,,148,2026-02-12 12:51:37.261036,RTM1P54,6.47,6.46,6.48,1000000.0,1000000.0,,,,,0,0,0,0,0,0,0,0,0,0,0,0,0
5.0,1.0,111.0,,News 2,The analysts have informed you that the realized volatility of RTM next week will be between 21% and 26%,149,2026-02-12 12:51:38.288482,RTM,47.85,47.85,47.87,100000000.0,100000000.0,10000.0,80.0,100.0,,,0,0,0,0,0,0,0,0,0,0,0,0,0
4.0,1.0,74.0,Week 2,Announcement 1,The analysts have informed you that the realized volatility of RTM this week will be 39%,149,2026-02-12 12:51:38.288482,RTM1C45,3.31,3.3,3.32,1000000.0,1000000.0,19.0,,,,,0,0,0,0,0,0,0,0,0,0,0,0,0
3.0,1.0,35.0,,News 1,The analysts have informed you that the realized volatility of RTM next week will be between 36% and 41%,149,2026-02-12 12:51:38.288482,RTM1P45,0.46,0.44,0.46,1000000.0,1000000.0,,,,,,0,0,0,0,0,0,0,0,0,0,0,0,0
2.0,1.0,2.0,Week 1,Delta limit and penalty,The delta limit for this sub-heat is 12000 and the penalty percentage is 2%,149,2026-02-12 12:51:38.288482,RTM1C46,2.62,2.61,2.62,1000000.0,1000000.0,14.0,,,,,0,0,0,0,0,0,0,0,0,0,0,0,0
1.0,1.0,2.0,Week 1,Risk free rate and current annualized volatility of RTM,The current risk free rate is 0%. RTM is an ETF that mimics one of the major indices in the simulated world and its current annualized realized volatility is 22%. This simulation consists of 20 trading days that are each 15 ticks in length.,149,2026-02-12 12:51:38.288482,RTM1P46,0.76,0.75,0.77,1000000.0,1000000.0,,,,,,0,0,0,0,0,0,0,0,0,0,0,0,0
,,,,,,149,2026-02-12 12:51:38.288482,RTM1C47,1.97,1.96,1.98,1000000.0,1000000.0,,,,,,0,0,0,0,0,0,0,0,0,0,0,0,0
,,,,,,149,2026-02-12 12:51:38.288482,RTM1P47,1.11,1.1,1.12,1000000.0,1000000.0,,,,,,0,0,0,0,0,0,0,0,0,0,0,0,0
,,,,,,149,2026-02-12 12:51:38.288482,RTM1C48,1.4,1.4,1.42,1000000.0,1000000.0,,,,,,0,0,0,0,0,0,0,0,0,0,0,0,0
,,,,,,149,2026-02-12 12:51:38.288482,RTM1P48,1.54,1.54,1.56,1000000.0,1000000.0,,,,1.0,,0,0,0,0,0,0,0,0,0,0,0,0,0
,,,,,,149,2026-02-12 12:51:38.288482,RTM1C49,1.04,1.03,1.05,1000000.0,1000000.0,,,,,,0,0,0,0,0,0,0,0,0,0,0,0,0
,,,,,,149,2026-02-12 12:51:38.288482,RTM1P49,2.18,2.18,2.2,1000000.0,1000000.0,,,,,,0,0,0,0,0,0,0,0,0,0,0,0,0
,,,,,,149,2026-02-12 12:51:38.288482,RTM1C50,0.67,0.67,0.69,1000000.0,1000000.0,12.0,,,,,0,0,0,0,0,0,0,0,0,0,0,0,0
,,,,,,149,2026-02-12 12:51:38.288482,RTM1P50,2.81,2.81,2.83,1000000.0,1000000.0,,,,,,0,0,0,0,0,0,0,0,0,0,0,0,0
,,,,,,149,2026-02-12 12:51:38.288482,RTM1C51,0.48,0.47,0.49,1000000.0,1000000.0,,,,,,0,0,0,0,0,0,0,0,0,0,0,0,0
,,,,,,149,2026-02-12 12:51:38.288482,RTM1P51,3.63,3.62,3.64,1000000.0,1000000.0,,,,,30.0,0,0,0,0,0,0,0,0,0,0,0,0,0
,,,,,,149,2026-02-12 12:51:38.288482,RTM1C52,0.27,0.26,0.28,1000000.0,1000000.0,,,,,,0,0,0,0,0,0,0,0,0,0,0,0,0
,,,,,,149,2026-02-12 12:51:38.288482,RTM1P52,4.42,4.41,4.43,1000000.0,1000000.0,,,,,,0,0,0,0,0,0,0,0,0,0,0,0,0
,,,,,,149,2026-02-12 12:51:38.288482,RTM1C53,0.17,0.16,0.18,1000000.0,1000000.0,,,,,,0,0,0,0,0,0,0,0,0,0,0,0,0
,,,,,,149,2026-02-12 12:51:38.288482,RTM1P53,5.32,5.31,5.33,1000000.0,1000000.0,,,,,,0,0,0,0,0,0,0,0,0,0,0,0,0
,,,,,,149,2026-02-12 12:51:38.288482,RTM1C54,0.12,0.11,0.13,1000000.0,1000000.0,,,,,,0,0,0,0,0,0,0,0,0,0,0,0,0
,,,,,,149,2026-02-12 12:51:38.288482,RTM1P54,6.26,6.25,6.27,1000000.0,1000000.0,,,,,,0,0,0,0,0,0,0,0,0,0,0,0,0
6.0,1.0,149.0,Week 3,Announcement 2,The analysts have informed you that the realized volatility of RTM this week will be 25%,150,2026-02-12 12:51:39.319053,RTM,47.46,47.44,47.46,100000000.0,100000000.0,10000.0,80.0,100.0,,0,0,0,0,0,0,0,0,0,0,0,0,0,0
5.0,1.0,111.0,,News 2,The analysts have informed you that the realized volatility of RTM next week will be between 21% and 26%,150,2026-02-12 12:51:39.319053,RTM1C45,2.99,2.98,3.0,1000000.0,1000000.0,,,,,0,0,0,0,0,0,0,0,0,0,0,0,0,0
4.0,1.0,74.0,Week 2,Announcement 1,The analysts have informed you that the realized volatility of RTM this week will be 39%,150,2026-02-12 12:51:39.319053,RTM1P45,0.54,0.53,0.55,1000000.0,1000000.0,,,,,0,0,0,0,0,0,0,0,0,0,0,0,0,0
3.0,1.0,35.0,,News 1,The analysts have informed you that the realized volatility of RTM next week will be between 36% and 41%,150,2026-02-12 12:51:39.319053,RTM1C46,2.28,2.27,2.29,1000000.0,1000000.0,,,,,0,0,0,0,0,0,0,0,0,0,0,0,0,0
2.0,1.0,2.0,Week 1,Delta limit and penalty,The delta limit for this sub-heat is 12000 and the penalty percentage is 2%,150,2026-02-12 12:51:39.319053,RTM1P46,0.83,0.82,0.84,1000000.0,1000000.0,,,,,0,0,0,0,0,0,0,0,0,0,0,0,0,0
1.0,1.0,2.0,Week 1,Risk free rate and current annualized volatility of RTM,The current risk free rate is 0%. RTM is an ETF that mimics one of the major indices in the simulated world and its current annualized realized volatility is 22%. This simulation consists of 20 trading days that are each 15 ticks in length.,150,2026-02-12 12:51:39.319053,RTM1C47,1.74,1.73,1.75,1000000.0,1000000.0,,,,,0,0,0,0,0,0,0,0,0,0,0,0,0,0
,,,,,,150,2026-02-12 12:51:39.319053,RTM1P47,1.29,1.29,1.31,1000000.0,1000000.0,,,,,0,0,0,0,0,0,0,0,0,0,0,0,0,0
,,,,,,150,2026-02-12 12:51:39.319053,RTM1C48,1.23,1.23,1.25,1000000.0,1000000.0,,,,,0,0,0,0,0,0,0,0,0,0,0,0,0,0
,,,,,,150,2026-02-12 12:51:39.319053,RTM1P48,1.78,1.78,1.8,1000000.0,1000000.0,,,,,0,0,0,0,0,0,0,0,0,0,0,0,0,0
,,,,,,150,2026-02-12 12:51:39.319053,RTM1C49,0.83,0.83,0.85,1000000.0,1000000.0,,,,,0,0,0,0,0,0,0,0,0,0,0,0,0,0
,,,,,,150,2026-02-12 12:51:39.319053,RTM1P49,2.4,2.39,2.41,1000000.0,1000000.0,,,,,0,0,0,0,0,0,0,0,0,0,0,0,0,0
,,,,,,150,2026-02-12 12:51:39.319053,RTM1C50,0.54,0.53,0.55,1000000.0,1000000.0,,,,,0,0,0,0,0,0,0,0,0,0,0,0,0,0
,,,,,,150,2026-02-12 12:51:39.319053,RTM1P50,3.11,3.09,3.11,1000000.0,1000000.0,,,,,0,0,0,0,0,0,0,0,0,0,0,0,0,0
,,,,,,150,2026-02-12 12:51:39.319053,RTM1C51,0.38,0.37,0.39,1000000.0,1000000.0,,,,,0,0,0,0,0,0,0,0,0,0,0,0,0,0
,,,,,,150,2026-02-12 12:51:39.319053,RTM1P51,3.94,3.93,3.95,1000000.0,1000000.0,,,,30.0,0,0,0,0,0,0,0,0,0,0,0,0,0,0
,,,,,,150,2026-02-12 12:51:39.319053,RTM1C52,0.22,0.21,0.23,1000000.0,1000000.0,,,,,0,0,0,0,0,0,0,0,0,0,0,0,0,0
,,,,,,150,2026-02-12 12:51:39.319053,RTM1P52,4.78,4.77,4.79,1000000.0,1000000.0,,,,,0,0,0,0,0,0,0,0,0,0,0,0,0,0
,,,,,,150,2026-02-12 12:51:39.319053,RTM1C53,0.16,0.15,0.17,1000000.0,1000000.0,,,,,0,0,0,0,0,0,0,0,0,0,0,0,0,0
,,,,,,150,2026-02-12 12:51:39.319053,RTM1P53,5.72,5.71,5.73,1000000.0,1000000.0,,,,,0,0,0,0,0,0,0,0,0,0,0,0,0,0
,,,,,,150,2026-02-12 12:51:39.319053,RTM1C54,0.09,0.08,0.1,1000000.0,1000000.0,,,,,0,0,0,0,0,0,0,0,0,0,0,0,0,0
,,,,,,150,2026-02-12 12:51:39.319053,RTM1P54,6.65,6.63,6.65,1000000.0,1000000.0,,,,,0,0,0,0,0,0,0,0,0,0,0,0,0,0
6.0,1.0,149.0,Week 3,Announcement 2,The analysts have informed you that the realized volatility of RTM this week will be 25%,151,2026-02-12 12:51:40.351337,RTM,47.49,47.47,47.49,100000000.0,1049.0,100000000.0,10000.0,80.0,100.0,,,0,0,0,0,0,0,0,0,0,0,0,0,0
5.0,1.0,111.0,,News 2,The analysts have informed you that the realized volatility of RTM next week will be between 21% and 26%,151,2026-02-12 12:51:40.351337,RTM1C45,2.64,2.62,2.64,1000000.0,,1000000.0,,,,100.0,,0,0,0,0,0,0,0,0,0,0,0,0,0
4.0,1.0,74.0,Week 2,Announcement 1,The analysts have informed you that the realized volatility of RTM this week will be 39%,151,2026-02-12 12:51:40.351337,RTM1P45,0.16,0.14,0.16,1000000.0,,1000000.0,,,,,,0,0,0,0,0,0,0,0,0,0,0,0,0
3.0,1.0,35.0,,News 1,The analysts have informed you that the realized volatility of RTM next week will be between 36% and 41%,151,2026-02-12 12:51:40.351337,RTM1C46,2.04,2.02,2.04,1000000.0,,1000000.0,,,,,,0,0,0,0,0,0,0,0,0,0,0,0,0
2.0,1.0,2.0,Week 1,Delta limit and penalty,The delta limit for this sub-heat is 12000 and the penalty percentage is 2%,151,2026-02-12 12:51:40.351337,RTM1P46,0.56,0.54,0.56,1000000.0,,1000000.0,,,,,,0,0,0,0,0,0,0,0,0,0,0,0,0
1.0,1.0,2.0,Week 1,Risk free rate and current annualized volatility of RTM,The current risk free rate is 0%. RTM is an ETF that mimics one of the major indices in the simulated world and its current annualized realized volatility is 22%. This simulation consists of 20 trading days that are each 15 ticks in length.,151,2026-02-12 12:51:40.351337,RTM1C47,1.39,1.37,1.39,1000000.0,,1000000.0,,,,,,0,0,0,0,0,0,0,0,0,0,0,0,0
,,,,,,151,2026-02-12 12:51:40.351337,RTM1P47,0.89,0.89,0.91,1000000.0,,1000000.0,,,,,,0,0,0,0,0,0,0,0,0,0,0,0,0
,,,,,,151,2026-02-12 12:51:40.351337,RTM1C48,0.73,0.71,0.73,1000000.0,,1000000.0,,,,,,0,0,0,0,0,0,0,0,0,0,0,0,0
,,,,,,151,2026-02-12 12:51:40.351337,RTM1P48,1.25,1.23,1.25,1000000.0,,1000000.0,,,,,,0,0,0,0,0,0,0,0,0,0,0,0,0
,,,,,,151,2026-02-12 12:51:40.351337,RTM1C49,0.53,0.53,0.55,1000000.0,,1000000.0,,,,,,0,0,0,0,0,0,0,0,0,0,0,0,0
,,,,,,151,2026-02-12 12:51:40.351337,RTM1P49,2.05,2.05,2.07,1000000.0,,1000000.0,,,,,,0,0,0,0,0,0,0,0,0,0,0,0,0
,,,,,,151,2026-02-12 12:51:40.351337,RTM1C50,0.28,0.28,0.3,1000000.0,,1000000.0,,,,100.0,,0,0,0,0,0,0,0,0,0,0,0,0,0
,,,,,,151,2026-02-12 12:51:40.351337,RTM1P50,2.79,2.79,2.81,1000000.0,,1000000.0,,,,,,0,0,0,0,0,0,0,0,0,0,0,0,0
,,,,,,151,2026-02-12 12:51:40.351337,RTM1C51,0.07,0.07,0.09,1000000.0,,1000000.0,,,,,,0,0,0,0,0,0,0,0,0,0,0,0,0
,,,,,,151,2026-02-12 12:51:40.351337,RTM1P51,3.61,3.59,3.61,1000000.0,,1000000.0,,,,100.0,30.0,0,0,0,0,0,0,0,0,0,0,0,0,0
,,,,,,151,2026-02-12 12:51:40.351337,RTM1C52,0.01,0.01,0.03,1000000.0,,1000000.0,,,,,,0,0,0,0,0,0,0,0,0,0,0,0,0
,,,,,,151,2026-02-12 12:51:40.351337,RTM1P52,4.55,4.53,4.55,1000000.0,,1000000.0,,,,,,0,0,0,0,0,0,0,0,0,0,0,0,0
,,,,,,151,2026-02-12 12:51:40.351337,RTM1C53,0.02,0.02,0.04,1000000.0,,1000000.0,,,,,,0,0,0,0,0,0,0,0,0,0,0,0,0
,,,,,,151,2026-02-12 12:51:40.351337,RTM1P53,5.55,5.53,5.55,1000000.0,,1000000.0,,,,,,0,0,0,0,0,0,0,0,0,0,0,0,0
,,,,,,151,2026-02-12 12:51:40.351337,RTM1C54,0.03,0.01,0.03,1000000.0,,1000000.0,,,,,,0,0,0,0,0,0,0,0,0,0,0,0,0
,,,,,,151,2026-02-12 12:51:40.351337,RTM1P54,6.53,6.51,6.53,1000000.0,,1000000.0,,,,,,0,0,0,0,0,0,0,0,0,0,0,0,0
6.0,1.0,149.0,Week 3,Announcement 2,The analysts have informed you that the realized volatility of RTM this week will be 25%,152,2026-02-12 12:51:41.380047,RTM,47.49,47.47,47.48,100000000.0,2098.0,3249.0,100000000.0,10000.0,80.0,100.0,,,0,0,0,0,0,0,0,0,0,0,0,0,0
5.0,1.0,111.0,,News 2,The analysts have informed you that the realized volatility of RTM next week will be between 21% and 26%,152,2026-02-12 12:51:41.380047,RTM1C45,2.72,2.71,2.73,1000000.0,,100.0,1000000.0,,,,100.0,,0,0,0,0,0,0,0,0,0,0,0,0,0
4.0,1.0,74.0,Week 2,Announcement 1,The analysts have informed you that the realized volatility of RTM this week will be 39%,152,2026-02-12 12:51:41.380047,RTM1P45,0.25,0.24,0.26,1000000.0,,,1000000.0,,,,,,0,0,0,0,0,0,0,0,0,0,0,0,0
3.0,1.0,35.0,,News 1,The analysts have informed you that the realized volatility of RTM next week will be between 36% and 41%,152,2026-02-12 12:51:41.380047,RTM1C46,1.59,1.58,1.6,1000000.0,,,1000000.0,,,,,,0,0,0,0,0,0,0,0,0,0,0,0,0
2.0,1.0,2.0,Week 1,Delta limit and penalty,The delta limit for this sub-heat is 12000 and the penalty percentage is 2%,152,2026-02-12 12:51:41.380047,RTM1P46,0.12,0.1,0.12,1000000.0,,,1000000.0,,,,,,0,0,0,0,0,0,0,0,0,0,0,0,0
1.0,1.0,2.0,Week 1,Risk free rate and current annualized volatility of RTM,The current risk free rate is 0%. RTM is an ETF that mimics one of the major indices in the simulated world and its current annualized realized volatility is 22%. This simulation consists of 20 trading days that are each 15 ticks in length.,152,2026-02-12 12:51:41.380047,RTM1C47,1.31,1.29,1.31,1000000.0,,,1000000.0,,,,,,0,0,0,0,0,0,0,0,0,0,0,0,0
,,,,,,152,2026-02-12 12:51:41.380047,RTM1P47,0.83,0.81,0.83,1000000.0,,,1000000.0,,,,,,0,0,0,0,0,0,0,0,0,0,0,0,0
,,,,,,152,2026-02-12 12:51:41.380047,RTM1C48,0.84,0.82,0.84,1000000.0,,,1000000.0,,,,,,0,0,0,0,0,0,0,0,0,0,0,0,0
,,,,,,152,2026-02-12 12:51:41.380047,RTM1P48,1.34,1.34,1.36,1000000.0,,,1000000.0,,,,,,0,0,0,0,0,0,0,0,0,0,0,0,0
,,,,,,152,2026-02-12 12:51:41.380047,RTM1C49,0.42,0.41,0.43,1000000.0,,100.0,1000000.0,,,,,,0,0,0,0,0,0,0,0,0,0,0,0,0
,,,,,,152,2026-02-12 12:51:41.380047,RTM1P49,1.94,1.93,1.95,1000000.0,,100.0,1000000.0,,,,,,0,0,0,0,0,0,0,0,0,0,0,0,0
,,,,,,152,2026-02-12 12:51:41.380047,RTM1C50,0.18,0.18,0.2,1000000.0,,100.0,1000000.0,,,,100.0,,0,0,0,0,0,0,0,0,0,0,0,0,0
,,,,,,152,2026-02-12 12:51:41.380047,RTM1P50,2.72,2.71,2.73,1000000.0,,40.0,1000000.0,,,,,,0,0,0,0,0,0,0,0,0,0,0,0,0
,,,,,,152,2026-02-12 12:51:41.380047,RTM1C51,0.08,0.07,0.09,1000000.0,,5.0,1000000.0,,,,,,0,0,0,0,0,0,0,0,0,0,0,0,0
,,,,,,152,2026-02-12 12:51:41.380047,RTM1P51,3.6,3.59,3.61,1000000.0,,100.0,1000000.0,,,,100.0,30.0,0,0,0,0,0,0,0,0,0,0,0,0,0
,,,,,,152,2026-02-12 12:51:41.380047,RTM1C52,0.02,0.01,0.03,1000000.0,,100.0,1000000.0,,,,,,0,0,0,0,0,0,0,0,0,0,0,0,0
,,,,,,152,2026-02-12 12:51:41.380047,RTM1P52,4.53,4.52,4.54,1000000.0,,75.0,1000000.0,,,,,,0,0,0,0,0,0,0,0,0,0,0,0,0
,,,,,,152,2026-02-12 12:51:41.380047,RTM1C53,0.03,0.02,0.04,1000000.0,,,1000000.0,,,,,,0,0,0,0,0,0,0,0,0,0,0,0,0
,,,,,,152,2026-02-12 12:51:41.380047,RTM1P53,5.56,5.55,5.57,1000000.0,,,1000000.0,,,,,,0,0,0,0,0,0,0,0,0,0,0,0,0
,,,,,,152,2026-02-12 12:51:41.380047,RTM1C54,0.03,0.01,0.03,1000000.0,,,1000000.0,,,,,,0,0,0,0,0,0,0,0,0,0,0,0,0
,,,,,,152,2026-02-12 12:51:41.380047,RTM1P54,6.53,6.52,6.54,1000000.0,,,1000000.0,,,,,,0,0,0,0,0,0,0,0,0,0,0,0,0
6.0,1.0,149.0,Week 3,Announcement 2,The analysts have informed you that the realized volatility of RTM this week will be 25%,153,2026-02-12 12:51:42.407427,RTM,47.32,47.3,47.32,100000000.0,100000000.0,10000.0,80.0,100.0,,,,,,0,0,0,0,0,0,0,0,0,0,0,0
5.0,1.0,111.0,,News 2,The analysts have informed you that the realized volatility of RTM next week will be between 21% and 26%,153,2026-02-12 12:51:42.407427,RTM1C45,2.57,2.57,2.59,1000000.0,1000000.0,,,,140.0,100.0,,,,0,0,0,0,0,0,0,0,0,0,0,0
4.0,1.0,74.0,Week 2,Announcement 1,The analysts have informed you that the realized volatility of RTM this week will be 39%,153,2026-02-12 12:51:42.407427,RTM1P45,0.25,0.25,0.27,1000000.0,1000000.0,,,,,,100.0,,,0,0,0,0,0,0,0,0,0,0,0,0
3.0,1.0,35.0,,News 1,The analysts have informed you that the realized volatility of RTM next week will be between 36% and 41%,153,2026-02-12 12:51:42.407427,RTM1C46,1.63,1.61,1.63,1000000.0,1000000.0,,,,,,,,,0,0,0,0,0,0,0,0,0,0,0,0
2.0,1.0,2.0,Week 1,Delta limit and penalty,The delta limit for this sub-heat is 12000 and the penalty percentage is 2%,153,2026-02-12 12:51:42.407427,RTM1P46,0.32,0.3,0.32,1000000.0,1000000.0,,,,,,,30.0,16.0,0,0,0,0,0,0,0,0,0,0,0,0
1.0,1.0,2.0,Week 1,Risk free rate and current annualized volatility of RTM,The current risk free rate is 0%. RTM is an ETF that mimics one of the major indices in the simulated world and its current annualized realized volatility is 22%. This simulation consists of 20 trading days that are each 15 ticks in length.,153,2026-02-12 12:51:42.407427,RTM1C47,1.2,1.18,1.2,1000000.0,1000000.0,,,,,,,,,0,0,0,0,0,0,0,0,0,0,0,0
,,,,,,153,2026-02-12 12:51:42.407427,RTM1P47,0.87,0.87,0.89,1000000.0,1000000.0,,,,,,,,,0,0,0,0,0,0,0,0,0,0,0,0
,,,,,,153,2026-02-12 12:51:42.407427,RTM1C48,0.65,0.65,0.67,1000000.0,1000000.0,,,,,,,,,0,0,0,0,0,0,0,0,0,0,0,0
,,,,,,153,2026-02-12 12:51:42.407427,RTM1P48,1.33,1.33,1.35,1000000.0,1000000.0,,,,,,,,,0,0,0,0,0,0,0,0,0,0,0,0
,,,,,,153,2026-02-12 12:51:42.407427,RTM1C49,0.28,0.28,0.3,1000000.0,1000000.0,,,,140.0,,,,,0,0,0,0,0,0,0,0,0,0,0,0
,,,,,,153,2026-02-12 12:51:42.407427,RTM1P49,1.97,1.97,1.99,1000000.0,1000000.0,,,,100.0,,,,,0,0,0,0,0,0,0,0,0,0,0,0
,,,,,,153,2026-02-12 12:51:42.407427,RTM1C50,0.05,0.03,0.05,1000000.0,1000000.0,,,,200.0,100.0,,,,0,0,0,0,0,0,0,0,0,0,0,0
,,,,,,153,2026-02-12 12:51:42.407427,RTM1P50,2.73,2.72,2.74,1000000.0,1000000.0,,,,40.0,,,,,0,0,0,0,0,0,0,0,0,0,0,0
,,,,,,153,2026-02-12 12:51:42.407427,RTM1C51,0.1,0.09,0.11,1000000.0,1000000.0,,,,5.0,,,,,0,0,0,0,0,0,0,0,0,0,0,0
,,,,,,153,2026-02-12 12:51:42.407427,RTM1P51,3.79,3.77,3.79,1000000.0,1000000.0,,,,100.0,100.0,,30.0,,0,0,0,0,0,0,0,0,0,0,0,0
,,,,,,153,2026-02-12 12:51:42.407427,RTM1C52,0.02,0.01,0.03,1000000.0,1000000.0,,,,100.0,,,,,0,0,0,0,0,0,0,0,0,0,0,0
,,,,,,153,2026-02-12 12:51:42.407427,RTM1P52,4.71,4.7,4.72,1000000.0,1000000.0,,,,75.0,,,,,0,0,0,0,0,0,0,0,0,0,0,0
,,,,,,153,2026-02-12 12:51:42.407427,RTM1C53,0.02,0.01,0.03,1000000.0,1000000.0,,,,,,,,,0,0,0,0,0,0,0,0,0,0,0,0
,,,,,,153,2026-02-12 12:51:42.407427,RTM1P53,5.7,5.69,5.71,1000000.0,1000000.0,,,,,,,,,0,0,0,0,0,0,0,0,0,0,0,0
,,,,,,153,2026-02-12 12:51:42.407427,RTM1C54,0.02,0.01,0.03,1000000.0,1000000.0,,,,,,,,,0,0,0,0,0,0,0,0,0,0,0,0
,,,,,,153,2026-02-12 12:51:42.407427,RTM1P54,6.68,6.68,6.7,1000000.0,1000000.0,,,,,,,,,0,0,0,0,0,0,0,0,0,0,0,0
6.0,1.0,149.0,Week 3,Announcement 2,The analysts have informed you that the realized volatility of RTM this week will be 25%,154,2026-02-12 12:51:43.435385,RTM,47.09,47.09,47.11,100000000.0,100000000.0,6240.0,10000.0,80.0,100.0,,,,,,,0,0,0,0,0,0,0,0,0,0
5.0,1.0,111.0,,News 2,The analysts have informed you that the realized volatility of RTM next week will be between 21% and 26%,154,2026-02-12 12:51:43.435385,RTM1C45,2.25,2.24,2.26,1000000.0,1000000.0,140.0,,,,100.0,,,,,,0,0,0,0,0,0,0,0,0,0
4.0,1.0,74.0,Week 2,Announcement 1,The analysts have informed you that the realized volatility of RTM this week will be 39%,154,2026-02-12 12:51:43.435385,RTM1P45,0.15,0.14,0.16,1000000.0,1000000.0,,,,,,,,,,,0,0,0,0,0,0,0,0,0,0
3.0,1.0,35.0,,News 1,The analysts have informed you that the realized volatility of RTM next week will be between 36% and 41%,154,2026-02-12 12:51:43.435385,RTM1C46,1.43,1.41,1.43,1000000.0,1000000.0,,,,,,,,,,,0,0,0,0,0,0,0,0,0,0
2.0,1.0,2.0,Week 1,Delta limit and penalty,The delta limit for this sub-heat is 12000 and the penalty percentage is 2%,154,2026-02-12 12:51:43.435385,RTM1P46,0.32,0.3,0.32,1000000.0,1000000.0,,,,,,30.0,16.0,30.0,,,0,0,0,0,0,0,0,0,0,0
1.0,1.0,2.0,Week 1,Risk free rate and current annualized volatility of RTM,The current risk free rate is 0%. RTM is an ETF that mimics one of the major indices in the simulated world and its current annualized realized volatility is 22%. This simulation consists of 20 trading days that are each 15 ticks in length.,154,2026-02-12 12:51:43.435385,RTM1C47,1.05,1.03,1.05,1000000.0,1000000.0,,,,,,,,,,,0,0,0,0,0,0,0,0,0,0
,,,,,,154,2026-02-12 12:51:43.435385,RTM1P47,0.93,0.92,0.94,1000000.0,1000000.0,,,,,,,13.0,,,,0,0,0,0,0,0,0,0,0,0
,,,,,,154,2026-02-12 12:51:43.435385,RTM1C48,0.51,0.49,0.51,1000000.0,1000000.0,,,,,,,,,,,0,0,0,0,0,0,0,0,0,0
,,,,,,154,2026-02-12 12:51:43.435385,RTM1P48,1.41,1.39,1.41,1000000.0,1000000.0,,,,,,,,,,,0,0,0,0,0,0,0,0,0,0
,,,,,,154,2026-02-12 12:51:43.435385,RTM1C49,0.38,0.37,0.39,1000000.0,1000000.0,140.0,,,,,,,,,,0,0,0,0,0,0,0,0,0,0
,,,,,,154,2026-02-12 12:51:43.435385,RTM1P49,2.27,2.26,2.28,1000000.0,1000000.0,,,,,,,,,,,0,0,0,0,0,0,0,0,0,0
,,,,,,154,2026-02-12 12:51:43.435385,RTM1C50,0.07,0.05,0.07,1000000.0,1000000.0,200.0,,,,100.0,,,,,,0,0,0,0,0,0,0,0,0,0
,,,,,,154,2026-02-12 12:51:43.435385,RTM1P50,2.97,2.95,2.97,1000000.0,1000000.0,,,,,,30.0,,30.0,100.0,93.0,0,0,0,0,0,0,0,0,0,0
,,,,,,154,2026-02-12 12:51:43.435385,RTM1C51,0.03,0.02,0.04,1000000.0,1000000.0,35.0,,,,100.0,,,,,,0,0,0,0,0,0,0,0,0,0
,,,,,,154,2026-02-12 12:51:43.435385,RTM1P51,3.93,3.92,3.93,1000000.0,1000000.0,,,,,100.0,30.0,,,,,0,0,0,0,0,0,0,0,0,0
,,,,,,154,2026-02-12 12:51:43.435385,RTM1C52,0.02,0.01,0.03,1000000.0,1000000.0,100.0,,,,100.0,,,,,,0,0,0,0,0,0,0,0,0,0
,,,,,,154,2026-02-12 12:51:43.435385,RTM1P52,4.91,4.9,4.92,1000000.0,1000000.0,,,,,,,62.0,,,,0,0,0,0,0,0,0,0,0,0
,,,,,,154,2026-02-12 12:51:43.435385,RTM1C53,0.02,0.01,0.03,1000000.0,1000000.0,,,,,,,,,,,0,0,0,0,0,0,0,0,0,0
,,,,,,154,2026-02-12 12:51:43.435385,RTM1P53,5.91,5.9,5.92,1000000.0,1000000.0,,,,,,,,,,,0,0,0,0,0,0,0,0,0,0
,,,,,,154,2026-02-12 12:51:43.435385,RTM1C54,0.01,0.01,0.03,1000000.0,1000000.0,,,,,,,,,,,0,0,0,0,0,0,0,0,0,0
,,,,,,154,2026-02-12 12:51:43.435385,RTM1P54,6.9,6.89,6.91,1000000.0,1000000.0,,,,,,,,,,,0,0,0,0,0,0,0,0,0,0
6.0,1.0,149.0,Week 3,Announcement 2,The analysts have informed you that the realized volatility of RTM this week will be 25%,155,2026-02-12 12:51:44.486881,RTM,47.12,47.12,47.14,100000000.0,100000000.0,6240.0,10000.0,80.0,100.0,,,,,,,,0,0,0,0,0,0,0,0,0
5.0,1.0,111.0,,News 2,The analysts have informed you that the realized volatility of RTM next week will be between 21% and 26%,155,2026-02-12 12:51:44.486881,RTM1C45,2.41,2.39,2.41,1000000.0,1000000.0,140.0,,,,100.0,,,,,,,0,0,0,0,0,0,0,0,0
4.0,1.0,74.0,Week 2,Announcement 1,The analysts have informed you that the realized volatility of RTM this week will be 39%,155,2026-02-12 12:51:44.486881,RTM1P45,0.25,0.25,0.27,1000000.0,1000000.0,,,,,,100.0,,,,,,0,0,0,0,0,0,0,0,0
3.0,1.0,35.0,,News 1,The analysts have informed you that the realized volatility of RTM next week will be between 36% and 41%,155,2026-02-12 12:51:44.486881,RTM1C46,1.45,1.45,1.47,1000000.0,1000000.0,,,,,,100.0,14.0,,,,,0,0,0,0,0,0,0,0,0
2.0,1.0,2.0,Week 1,Delta limit and penalty,The delta limit for this sub-heat is 12000 and the penalty percentage is 2%,155,2026-02-12 12:51:44.486881,RTM1P46,0.34,0.32,0.34,1000000.0,1000000.0,,,,,,100.0,16.0,30.0,30.0,,,0,0,0,0,0,0,0,0,0
1.0,1.0,2.0,Week 1,Risk free rate and current annualized volatility of RTM,The current risk free rate is 0%. RTM is an ETF that mimics one of the major indices in the simulated world and its current annualized realized volatility is 22%. This simulation consists of 20 trading days that are each 15 ticks in length.,155,2026-02-12 12:51:44.486881,RTM1C47,0.94,0.92,0.94,1000000.0,1000000.0,,,,,,,,,,,,0,0,0,0,0,0,0,0,0
,,,,,,155,2026-02-12 12:51:44.486881,RTM1P47,0.81,0.79,0.81,1000000.0,1000000.0,,,,,,,,,,,,0,0,0,0,0,0,0,0,0
,,,,,,155,2026-02-12 12:51:44.486881,RTM1C48,0.56,0.56,0.58,1000000.0,1000000.0,,,,,,100.0,13.0,,,,,0,0,0,0,0,0,0,0,0
,,,,,,155,2026-02-12 12:51:44.486881,RTM1P48,1.43,1.43,1.45,1000000.0,1000000.0,,,,,,75.0,13.0,,,,,0,0,0,0,0,0,0,0,0
,,,,,,155,2026-02-12 12:51:44.486881,RTM1C49,0.25,0.23,0.25,1000000.0,1000000.0,140.0,,,,100.0,,,,,,,0,0,0,0,0,0,0,0,0
,,,,,,155,2026-02-12 12:51:44.486881,RTM1P49,2.09,2.09,2.11,1000000.0,1000000.0,,,,,,,,,,,,0,0,0,0,0,0,0,0,0
,,,,,,155,2026-02-12 12:51:44.486881,RTM1C50,0.11,0.09,0.11,1000000.0,1000000.0,200.0,,,,100.0,,,,,,,0,0,0,0,0,0,0,0,0
,,,,,,155,2026-02-12 12:51:44.486881,RTM1P50,2.98,2.96,2.98,1000000.0,1000000.0,,,,,,,,30.0,30.0,100.0,93.0,0,0,0,0,0,0,0,0,0
,,,,,,155,2026-02-12 12:51:44.486881,RTM1C51,0.06,0.04,0.06,1000000.0,1000000.0,35.0,,,,100.0,,,,,,,0,0,0,0,0,0,0,0,0
,,,,,,155,2026-02-12 12:51:44.486881,RTM1P51,3.92,3.9,3.92,1000000.0,1000000.0,,,,,100.0,,,30.0,,,,0,0,0,0,0,0,0,0,0
,,,,,,155,2026-02-12 12:51:44.486881,RTM1C52,0.01,0.01,0.03,1000000.0,1000000.0,100.0,,,,100.0,,,,,,,0,0,0,0,0,0,0,0,0
,,,,,,155,2026-02-12 12:51:44.486881,RTM1P52,4.87,4.87,4.89,1000000.0,1000000.0,,,,,,,62.0,,,,,0,0,0,0,0,0,0,0,0
,,,,,,155,2026-02-12 12:51:44.486881,RTM1C53,0.03,0.01,0.03,1000000.0,1000000.0,,,,,,,,,,,,0,0,0,0,0,0,0,0,0
,,,,,,155,2026-02-12 12:51:44.486881,RTM1P53,5.89,5.87,5.89,1000000.0,1000000.0,,,,,,,,,,,,0,0,0,0,0,0,0,0,0
,,,,,,155,2026-02-12 12:51:44.486881,RTM1C54,0.03,0.01,0.03,1000000.0,1000000.0,,,,,,,,,,,,0,0,0,0,0,0,0,0,0
,,,,,,155,2026-02-12 12:51:44.486881,RTM1P54,6.87,6.86,6.88,1000000.0,1000000.0,,,,,,,,,,,,0,0,0,0,0,0,0,0,0
6.0,1.0,149.0,Week 3,Announcement 2,The analysts have informed you that the realized volatility of RTM this week will be 25%,156,2026-02-12 12:51:45.518598,RTM,47.25,47.23,47.25,100000000.0,100000000.0,6240.0,10000.0,80.0,100.0,,,,,,,,0,0,0,0,0,0,0,0,0
5.0,1.0,111.0,,News 2,The analysts have informed you that the realized volatility of RTM next week will be between 21% and 26%,156,2026-02-12 12:51:45.518598,RTM1C45,2.42,2.42,2.44,1000000.0,1000000.0,140.0,,,,19.0,40.0,100.0,,,,,0,0,0,0,0,0,0,0,0
4.0,1.0,74.0,Week 2,Announcement 1,The analysts have informed you that the realized volatility of RTM this week will be 39%,156,2026-02-12 12:51:45.518598,RTM1P45,0.19,0.18,0.2,1000000.0,1000000.0,,,,,19.0,100.0,,,,,,0,0,0,0,0,0,0,0,0
3.0,1.0,35.0,,News 1,The analysts have informed you that the realized volatility of RTM next week will be between 36% and 41%,156,2026-02-12 12:51:45.518598,RTM1C46,1.52,1.5,1.52,1000000.0,1000000.0,,,,,14.0,200.0,,,,,,0,0,0,0,0,0,0,0,0
2.0,1.0,2.0,Week 1,Delta limit and penalty,The delta limit for this sub-heat is 12000 and the penalty percentage is 2%,156,2026-02-12 12:51:45.518598,RTM1P46,0.29,0.27,0.29,1000000.0,1000000.0,,,,,16.0,,,30.0,30.0,,,0,0,0,0,0,0,0,0,0
1.0,1.0,2.0,Week 1,Risk free rate and current annualized volatility of RTM,The current risk free rate is 0%. RTM is an ETF that mimics one of the major indices in the simulated world and its current annualized realized volatility is 22%. This simulation consists of 20 trading days that are each 15 ticks in length.,156,2026-02-12 12:51:45.518598,RTM1C47,1.02,1.0,1.02,1000000.0,1000000.0,,,,,,,,30.0,,,,0,0,0,0,0,0,0,0,0
,,,,,,156,2026-02-12 12:51:45.518598,RTM1P47,0.78,0.76,0.78,1000000.0,1000000.0,,,,,,,8.0,,,,,0,0,0,0,0,0,0,0,0
,,,,,,156,2026-02-12 12:51:45.518598,RTM1C48,0.6,0.58,0.6,1000000.0,1000000.0,,,,,13.0,100.0,,,,,,0,0,0,0,0,0,0,0,0
,,,,,,156,2026-02-12 12:51:45.518598,RTM1P48,1.36,1.34,1.36,1000000.0,1000000.0,,,,,,,,,,,,0,0,0,0,0,0,0,0,0
,,,,,,156,2026-02-12 12:51:45.518598,RTM1C49,0.24,0.22,0.24,1000000.0,1000000.0,140.0,,,,,,100.0,,,,,0,0,0,0,0,0,0,0,0
,,,,,,156,2026-02-12 12:51:45.518598,RTM1P49,2.0,1.98,2.0,1000000.0,1000000.0,,,,,,,40.0,,,,,0,0,0,0,0,0,0,0,0
,,,,,,156,2026-02-12 12:51:45.518598,RTM1C50,0.05,0.04,0.06,1000000.0,1000000.0,200.0,,,,,,100.0,,,,,0,0,0,0,0,0,0,0,0
,,,,,,156,2026-02-12 12:51:45.518598,RTM1P50,2.82,2.8,2.82,1000000.0,1000000.0,,,,,,,,30.0,30.0,100.0,93.0,0,0,0,0,0,0,0,0,0
,,,,,,156,2026-02-12 12:51:45.518598,RTM1C51,0.07,0.07,0.09,1000000.0,1000000.0,35.0,,,,,,100.0,,,,,0,0,0,0,0,0,0,0,0
,,,,,,156,2026-02-12 12:51:45.518598,RTM1P51,3.83,3.83,3.85,1000000.0,1000000.0,,,,,,,100.0,30.0,,,,0,0,0,0,0,0,0,0,0
,,,,,,156,2026-02-12 12:51:45.518598,RTM1C52,0.01,0.01,0.03,1000000.0,1000000.0,100.0,,,,,,100.0,,,,,0,0,0,0,0,0,0,0,0
,,,,,,156,2026-02-12 12:51:45.518598,RTM1P52,4.76,4.76,4.78,1000000.0,1000000.0,,,,,62.0,,,,,,,0,0,0,0,0,0,0,0,0
,,,,,,156,2026-02-12 12:51:45.518598,RTM1C53,0.01,0.01,0.03,1000000.0,1000000.0,,,,,,,,,,,,0,0,0,0,0,0,0,0,0
,,,,,,156,2026-02-12 12:51:45.518598,RTM1P53,5.76,5.76,5.78,1000000.0,1000000.0,,,,,,,,,,,,0,0,0,0,0,0,0,0,0
,,,,,,156,2026-02-12 12:51:45.518598,RTM1C54,0.02,0.01,0.03,1000000.0,1000000.0,,,,,,,,,,,,0,0,0,0,0,0,0,0,0
,,,,,,156,2026-02-12 12:51:45.518598,RTM1P54,6.76,6.75,6.77,1000000.0,1000000.0,,,,,,,,,,,,0,0,0,0,0,0,0,0,0
6.0,1.0,149.0,Week 3,Announcement 2,The analysts have informed you that the realized volatility of RTM this week will be 25%,157,2026-02-12 12:51:46.550336,RTM,47.45,47.45,47.47,100000000.0,100000000.0,10000.0,80.0,100.0,,,,,,,0,0,0,0,0,0,0,0,0,0,0
5.0,1.0,111.0,,News 2,The analysts have informed you that the realized volatility of RTM next week will be between 21% and 26%,157,2026-02-12 12:51:46.550336,RTM1C45,2.59,2.59,2.61,1000000.0,1000000.0,,,,19.0,40.0,140.0,100.0,,,0,0,0,0,0,0,0,0,0,0,0
4.0,1.0,74.0,Week 2,Announcement 1,The analysts have informed you that the realized volatility of RTM this week will be 39%,157,2026-02-12 12:51:46.550336,RTM1P45,0.15,0.13,0.15,1000000.0,1000000.0,,,,,,,,,,0,0,0,0,0,0,0,0,0,0,0
3.0,1.0,35.0,,News 1,The analysts have informed you that the realized volatility of RTM next week will be between 36% and 41%,157,2026-02-12 12:51:46.550336,RTM1C46,1.73,1.73,1.75,1000000.0,1000000.0,,,,27.0,200.0,,,,,0,0,0,0,0,0,0,0,0,0,0
2.0,1.0,2.0,Week 1,Delta limit and penalty,The delta limit for this sub-heat is 12000 and the penalty percentage is 2%,157,2026-02-12 12:51:46.550336,RTM1P46,0.29,0.27,0.29,1000000.0,1000000.0,,,,16.0,,,,30.0,30.0,0,0,0,0,0,0,0,0,0,0,0
1.0,1.0,2.0,Week 1,Risk free rate and current annualized volatility of RTM,The current risk free rate is 0%. RTM is an ETF that mimics one of the major indices in the simulated world and its current annualized realized volatility is 22%. This simulation consists of 20 trading days that are each 15 ticks in length.,157,2026-02-12 12:51:46.550336,RTM1C47,1.23,1.21,1.23,1000000.0,1000000.0,,,,,100.0,,,30.0,30.0,0,0,0,0,0,0,0,0,0,0,0
,,,,,,157,2026-02-12 12:51:46.550336,RTM1P47,0.77,0.75,0.77,1000000.0,1000000.0,,,,,,,8.0,,,0,0,0,0,0,0,0,0,0,0,0
,,,,,,157,2026-02-12 12:51:46.550336,RTM1C48,0.72,0.72,0.74,1000000.0,1000000.0,,,,25.0,100.0,,,,,0,0,0,0,0,0,0,0,0,0,0
,,,,,,157,2026-02-12 12:51:46.550336,RTM1P48,1.25,1.25,1.27,1000000.0,1000000.0,,,,,,,,,,0,0,0,0,0,0,0,0,0,0,0
,,,,,,157,2026-02-12 12:51:46.550336,RTM1C49,0.36,0.34,0.36,1000000.0,1000000.0,,,,,,140.0,100.0,,,0,0,0,0,0,0,0,0,0,0,0
,,,,,,157,2026-02-12 12:51:46.550336,RTM1P49,1.9,1.88,1.9,1000000.0,1000000.0,,,,,,,40.0,,,0,0,0,0,0,0,0,0,0,0,0
,,,,,,157,2026-02-12 12:51:46.550336,RTM1C50,0.15,0.13,0.15,1000000.0,1000000.0,,,,,,200.0,100.0,,,0,0,0,0,0,0,0,0,0,0,0
,,,,,,157,2026-02-12 12:51:46.550336,RTM1P50,2.69,2.67,2.69,1000000.0,1000000.0,,,,,,,,,,0,0,0,0,0,0,0,0,0,0,0
,,,,,,157,2026-02-12 12:51:46.550336,RTM1C51,0.07,0.05,0.07,1000000.0,1000000.0,,,,41.0,,35.0,100.0,,,0,0,0,0,0,0,0,0,0,0,0
,,,,,,157,2026-02-12 12:51:46.550336,RTM1P51,3.58,3.58,3.6,1000000.0,1000000.0,,,,,,,100.0,30.0,,0,0,0,0,0,0,0,0,0,0,0
,,,,,,157,2026-02-12 12:51:46.550336,RTM1C52,0.03,0.01,0.03,1000000.0,1000000.0,,,,,,100.0,100.0,,,0,0,0,0,0,0,0,0,0,0,0
,,,,,,157,2026-02-12 12:51:46.550336,RTM1P52,4.56,4.55,4.56,1000000.0,1000000.0,,,,62.0,,,,,,0,0,0,0,0,0,0,0,0,0,0
,,,,,,157,2026-02-12 12:51:46.550336,RTM1C53,0.03,0.01,0.03,1000000.0,1000000.0,,,,,,,,,,0,0,0,0,0,0,0,0,0,0,0
,,,,,,157,2026-02-12 12:51:46.550336,RTM1P53,5.55,5.53,5.55,1000000.0,1000000.0,,,,,,,,,,0,0,0,0,0,0,0,0,0,0,0
,,,,,,157,2026-02-12 12:51:46.550336,RTM1C54,0.03,0.01,0.03,1000000.0,1000000.0,,,,,,,,,,0,0,0,0,0,0,0,0,0,0,0
,,,,,,157,2026-02-12 12:51:46.550336,RTM1P54,6.53,6.53,6.55,1000000.0,1000000.0,,,,,,,,,,0,0,0,0,0,0,0,0,0,0,0
6.0,1.0,149.0,Week 3,Announcement 2,The analysts have informed you that the realized volatility of RTM this week will be 25%,158,2026-02-12 12:51:47.583777,RTM,47.36,47.36,47.38,100000000.0,267.0,100000000.0,10000.0,80.0,100.0,,,,,,0,0,0,0,0,0,0,0,0,0,0
5.0,1.0,111.0,,News 2,The analysts have informed you that the realized volatility of RTM next week will be between 21% and 26%,158,2026-02-12 12:51:47.583777,RTM1C45,2.45,2.43,2.45,1000000.0,19.0,1000000.0,,,,40.0,140.0,100.0,,,0,0,0,0,0,0,0,0,0,0,0
4.0,1.0,74.0,Week 2,Announcement 1,The analysts have informed you that the realized volatility of RTM this week will be 39%,158,2026-02-12 12:51:47.583777,RTM1P45,0.08,0.06,0.08,1000000.0,,1000000.0,,,,,,,,,0,0,0,0,0,0,0,0,0,0,0
3.0,1.0,35.0,,News 1,The analysts have informed you that the realized volatility of RTM next week will be between 36% and 41%,158,2026-02-12 12:51:47.583777,RTM1C46,1.56,1.54,1.56,1000000.0,27.0,1000000.0,,,,200.0,,,,,0,0,0,0,0,0,0,0,0,0,0
2.0,1.0,2.0,Week 1,Delta limit and penalty,The delta limit for this sub-heat is 12000 and the penalty percentage is 2%,158,2026-02-12 12:51:47.583777,RTM1P46,0.2,0.18,0.2,1000000.0,16.0,1000000.0,,,,,,,30.0,30.0,0,0,0,0,0,0,0,0,0,0,0
1.0,1.0,2.0,Week 1,Risk free rate and current annualized volatility of RTM,The current risk free rate is 0%. RTM is an ETF that mimics one of the major indices in the simulated world and its current annualized realized volatility is 22%. This simulation consists of 20 trading days that are each 15 ticks in length.,158,2026-02-12 12:51:47.583777,RTM1C47,1.12,1.1,1.12,1000000.0,,1000000.0,,,,100.0,,,30.0,30.0,0,0,0,0,0,0,0,0,0,0,0
,,,,,,158,2026-02-12 12:51:47.583777,RTM1P47,0.75,0.73,0.75,1000000.0,,1000000.0,,,,,,8.0,,,0,0,0,0,0,0,0,0,0,0,0
,,,,,,158,2026-02-12 12:51:47.583777,RTM1C48,0.6,0.58,0.6,1000000.0,13.0,1000000.0,,,,100.0,,,,,0,0,0,0,0,0,0,0,0,0,0
,,,,,,158,2026-02-12 12:51:47.583777,RTM1P48,1.23,1.21,1.23,1000000.0,,1000000.0,,,,,,,,,0,0,0,0,0,0,0,0,0,0,0
,,,,,,158,2026-02-12 12:51:47.583777,RTM1C49,0.28,0.27,0.29,1000000.0,15.0,1000000.0,,,,,140.0,100.0,,,0,0,0,0,0,0,0,0,0,0,0
,,,,,,158,2026-02-12 12:51:47.583777,RTM1P49,1.93,1.91,1.93,1000000.0,,1000000.0,,,,,,40.0,,,0,0,0,0,0,0,0,0,0,0,0
,,,,,,158,2026-02-12 12:51:47.583777,RTM1C50,0.05,0.04,0.06,1000000.0,,1000000.0,,,,,200.0,100.0,,,0,0,0,0,0,0,0,0,0,0,0
,,,,,,158,2026-02-12 12:51:47.583777,RTM1P50,2.69,2.67,2.69,1000000.0,,1000000.0,,,,,,,,,0,0,0,0,0,0,0,0,0,0,0
,,,,,,158,2026-02-12 12:51:47.583777,RTM1C51,0.04,0.03,0.05,1000000.0,,1000000.0,,,,,35.0,100.0,,,0,0,0,0,0,0,0,0,0,0,0
,,,,,,158,2026-02-12 12:51:47.583777,RTM1P51,3.68,3.67,3.69,1000000.0,,1000000.0,,,,,,100.0,30.0,,0,0,0,0,0,0,0,0,0,0,0
,,,,,,158,2026-02-12 12:51:47.583777,RTM1C52,0.01,0.01,0.03,1000000.0,,1000000.0,,,,,100.0,100.0,,,0,0,0,0,0,0,0,0,0,0,0
,,,,,,158,2026-02-12 12:51:47.583777,RTM1P52,4.63,4.63,4.65,1000000.0,62.0,1000000.0,,,,,,,,,0,0,0,0,0,0,0,0,0,0,0
,,,,,,158,2026-02-12 12:51:47.583777,RTM1C53,0.03,0.01,0.03,1000000.0,,1000000.0,,,,,,,,,0,0,0,0,0,0,0,0,0,0,0
,,,,,,158,2026-02-12 12:51:47.583777,RTM1P53,5.64,5.63,5.65,1000000.0,,1000000.0,,,,,,,,,0,0,0,0,0,0,0,0,0,0,0
,,,,,,158,2026-02-12 12:51:47.583777,RTM1C54,0.01,0.01,0.03,1000000.0,,1000000.0,,,,,,,,,0,0,0,0,0,0,0,0,0,0,0
,,,,,,158,2026-02-12 12:51:47.583777,RTM1P54,6.63,6.62,6.64,1000000.0,,1000000.0,,,,,,,,,0,0,0,0,0,0,0,0,0,0,0
6.0,1.0,149.0,Week 3,Announcement 2,The analysts have informed you that the realized volatility of RTM this week will be 25%,159,2026-02-12 12:51:48.611739,RTM,47.35,47.35,47.37,100000000.0,267.0,100000000.0,10000.0,80.0,100.0,,,,,,0,0,0,0,0,0,0,0,0,0,0
5.0,1.0,111.0,,News 2,The analysts have informed you that the realized volatility of RTM next week will be between 21% and 26%,159,2026-02-12 12:51:48.611739,RTM1C45,2.43,2.42,2.44,1000000.0,19.0,1000000.0,,,,40.0,140.0,100.0,,,0,0,0,0,0,0,0,0,0,0,0
4.0,1.0,74.0,Week 2,Announcement 1,The analysts have informed you that the realized volatility of RTM this week will be 39%,159,2026-02-12 12:51:48.611739,RTM1P45,0.08,0.06,0.08,1000000.0,,1000000.0,,,,,,,,,0,0,0,0,0,0,0,0,0,0,0
3.0,1.0,35.0,,News 1,The analysts have informed you that the realized volatility of RTM next week will be between 36% and 41%,159,2026-02-12 12:51:48.611739,RTM1C46,1.56,1.54,1.56,1000000.0,27.0,1000000.0,,,,200.0,,,,,0,0,0,0,0,0,0,0,0,0,0
2.0,1.0,2.0,Week 1,Delta limit and penalty,The delta limit for this sub-heat is 12000 and the penalty percentage is 2%,159,2026-02-12 12:51:48.611739,RTM1P46,0.2,0.18,0.2,1000000.0,16.0,1000000.0,,,,,,,30.0,30.0,0,0,0,0,0,0,0,0,0,0,0
1.0,1.0,2.0,Week 1,Risk free rate and current annualized volatility of RTM,The current risk free rate is 0%. RTM is an ETF that mimics one of the major indices in the simulated world and its current annualized realized volatility is 22%. This simulation consists of 20 trading days that are each 15 ticks in length.,159,2026-02-12 12:51:48.611739,RTM1C47,1.02,1.0,1.02,1000000.0,,1000000.0,,,,100.0,,,30.0,,0,0,0,0,0,0,0,0,0,0,0
,,,,,,159,2026-02-12 12:51:48.611739,RTM1P47,0.66,0.64,0.66,1000000.0,,1000000.0,,,,,,8.0,,,0,0,0,0,0,0,0,0,0,0,0
,,,,,,159,2026-02-12 12:51:48.611739,RTM1C48,0.51,0.49,0.51,1000000.0,,1000000.0,,,,,,,,,0,0,0,0,0,0,0,0,0,0,0
,,,,,,159,2026-02-12 12:51:48.611739,RTM1P48,1.15,1.13,1.15,1000000.0,,1000000.0,,,,,,,,,0,0,0,0,0,0,0,0,0,0,0
,,,,,,159,2026-02-12 12:51:48.611739,RTM1C49,0.19,0.19,0.21,1000000.0,,1000000.0,,,,,140.0,100.0,,,0,0,0,0,0,0,0,0,0,0,0
,,,,,,159,2026-02-12 12:51:48.611739,RTM1P49,1.86,1.84,1.86,1000000.0,,1000000.0,,,,,,40.0,,,0,0,0,0,0,0,0,0,0,0,0
,,,,,,159,2026-02-12 12:51:48.611739,RTM1C50,0.04,0.04,0.06,1000000.0,,1000000.0,,,,,200.0,100.0,,,0,0,0,0,0,0,0,0,0,0,0
,,,,,,159,2026-02-12 12:51:48.611739,RTM1P50,2.69,2.69,2.71,1000000.0,,1000000.0,,,,,,,,,0,0,0,0,0,0,0,0,0,0,0
,,,,,,159,2026-02-12 12:51:48.611739,RTM1C51,0.03,0.01,0.03,1000000.0,,1000000.0,,,,,35.0,100.0,,,0,0,0,0,0,0,0,0,0,0,0
,,,,,,159,2026-02-12 12:51:48.611739,RTM1P51,3.67,3.65,3.67,1000000.0,,1000000.0,,,,,,100.0,30.0,,0,0,0,0,0,0,0,0,0,0,0
,,,,,,159,2026-02-12 12:51:48.611739,RTM1C52,0.01,0.01,0.03,1000000.0,,1000000.0,,,,,100.0,100.0,,,0,0,0,0,0,0,0,0,0,0,0
,,,,,,159,2026-02-12 12:51:48.611739,RTM1P52,4.65,4.65,4.67,1000000.0,62.0,1000000.0,,,,,,,,,0,0,0,0,0,0,0,0,0,0,0
,,,,,,159,2026-02-12 12:51:48.611739,RTM1C53,0.01,0.01,0.03,1000000.0,,1000000.0,,,,,,,,,0,0,0,0,0,0,0,0,0,0,0
,,,,,,159,2026-02-12 12:51:48.611739,RTM1P53,5.64,5.64,5.66,1000000.0,,1000000.0,,,,,,,,,0,0,0,0,0,0,0,0,0,0,0
,,,,,,159,2026-02-12 12:51:48.611739,RTM1C54,0.03,0.01,0.03,1000000.0,,1000000.0,,,,,,,,,0,0,0,0,0,0,0,0,0,0,0
,,,,,,159,2026-02-12 12:51:48.611739,RTM1P54,6.63,6.63,6.65,1000000.0,,1000000.0,,,,,,,,,0,0,0,0,0,0,0,0,0,0,0
6.0,1.0,149.0,Week 3,Announcement 2,The analysts have informed you that the realized volatility of RTM this week will be 25%,160,2026-02-12 12:51:49.640233,RTM,47.09,47.09,47.11,100000000.0,100000000.0,5000.0,10000.0,80.0,100.0,,,,,,0,0,0,0,0,0,0,0,0,0,0
5.0,1.0,111.0,,News 2,The analysts have informed you that the realized volatility of RTM next week will be between 21% and 26%,160,2026-02-12 12:51:49.640233,RTM1C45,2.27,2.25,2.27,1000000.0,1000000.0,,,,,140.0,100.0,,,,0,0,0,0,0,0,0,0,0,0,0
4.0,1.0,74.0,Week 2,Announcement 1,The analysts have informed you that the realized volatility of RTM this week will be 39%,160,2026-02-12 12:51:49.640233,RTM1P45,0.17,0.15,0.17,1000000.0,1000000.0,,,,,,,,,,0,0,0,0,0,0,0,0,0,0,0
3.0,1.0,35.0,,News 1,The analysts have informed you that the realized volatility of RTM next week will be between 36% and 41%,160,2026-02-12 12:51:49.640233,RTM1C46,1.43,1.43,1.45,1000000.0,1000000.0,,,,,,,,,,0,0,0,0,0,0,0,0,0,0,0
2.0,1.0,2.0,Week 1,Delta limit and penalty,The delta limit for this sub-heat is 12000 and the penalty percentage is 2%,160,2026-02-12 12:51:49.640233,RTM1P46,0.33,0.33,0.35,1000000.0,1000000.0,,,,,,,30.0,16.0,30.0,0,0,0,0,0,0,0,0,0,0,0
1.0,1.0,2.0,Week 1,Risk free rate and current annualized volatility of RTM,The current risk free rate is 0%. RTM is an ETF that mimics one of the major indices in the simulated world and its current annualized realized volatility is 22%. This simulation consists of 20 trading days that are each 15 ticks in length.,160,2026-02-12 12:51:49.640233,RTM1C47,0.8,0.78,0.8,1000000.0,1000000.0,,,,,,,,,,0,0,0,0,0,0,0,0,0,0,0
,,,,,,160,2026-02-12 12:51:49.640233,RTM1P47,0.7,0.68,0.7,1000000.0,1000000.0,,,,,,8.0,,,,0,0,0,0,0,0,0,0,0,0,0
,,,,,,160,2026-02-12 12:51:49.640233,RTM1C48,0.47,0.45,0.47,1000000.0,1000000.0,,,,,,,,,,0,0,0,0,0,0,0,0,0,0,0
,,,,,,160,2026-02-12 12:51:49.640233,RTM1P48,1.35,1.35,1.37,1000000.0,1000000.0,,,,,,,,,,0,0,0,0,0,0,0,0,0,0,0
,,,,,,160,2026-02-12 12:51:49.640233,RTM1C49,0.2,0.18,0.2,1000000.0,1000000.0,,,,,140.0,100.0,,,,0,0,0,0,0,0,0,0,0,0,0
,,,,,,160,2026-02-12 12:51:49.640233,RTM1P49,2.1,2.08,2.1,1000000.0,1000000.0,,,,,,40.0,,,,0,0,0,0,0,0,0,0,0,0,0
,,,,,,160,2026-02-12 12:51:49.640233,RTM1C50,0.05,0.05,0.07,1000000.0,1000000.0,,,,,200.0,100.0,,,,0,0,0,0,0,0,0,0,0,0,0
,,,,,,160,2026-02-12 12:51:49.640233,RTM1P50,2.95,2.95,2.97,1000000.0,1000000.0,,,,,,,,,,0,0,0,0,0,0,0,0,0,0,0
,,,,,,160,2026-02-12 12:51:49.640233,RTM1C51,0.03,0.02,0.04,1000000.0,1000000.0,,,,,35.0,200.0,,,,0,0,0,0,0,0,0,0,0,0,0
,,,,,,160,2026-02-12 12:51:49.640233,RTM1P51,3.93,3.92,3.93,1000000.0,1000000.0,,,,,,100.0,30.0,,,0,0,0,0,0,0,0,0,0,0,0
,,,,,,160,2026-02-12 12:51:49.640233,RTM1C52,0.02,0.01,0.03,1000000.0,1000000.0,,,,,100.0,100.0,,,,0,0,0,0,0,0,0,0,0,0,0
,,,,,,160,2026-02-12 12:51:49.640233,RTM1P52,4.91,4.9,4.92,1000000.0,1000000.0,,,,,,,,62.0,,0,0,0,0,0,0,0,0,0,0,0
,,,,,,160,2026-02-12 12:51:49.640233,RTM1C53,0.02,0.01,0.03,1000000.0,1000000.0,,,,,,,,,,0,0,0,0,0,0,0,0,0,0,0
,,,,,,160,2026-02-12 12:51:49.640233,RTM1P53,5.9,5.89,5.91,1000000.0,1000000.0,,,,,,,,,,0,0,0,0,0,0,0,0,0,0,0
,,,,,,160,2026-02-12 12:51:49.640233,RTM1C54,0.03,0.01,0.03,1000000.0,1000000.0,,,,,,,,,,0,0,0,0,0,0,0,0,0,0,0
,,,,,,160,2026-02-12 12:51:49.640233,RTM1P54,6.9,6.89,6.91,1000000.0,1000000.0,,,,,,,,,,0,0,0,0,0,0,0,0,0,0,0
6.0,1.0,149.0,Week 3,Announcement 2,The analysts have informed you that the realized volatility of RTM this week will be 25%,161,2026-02-12 12:51:50.672497,RTM,47.36,47.36,47.38,100000000.0,100000000.0,10000.0,80.0,100.0,,,,,,0,0,0,0,0,0,0,0,0,0,0,0
5.0,1.0,111.0,,News 2,The analysts have informed you that the realized volatility of RTM next week will be between 21% and 26%,161,2026-02-12 12:51:50.672497,RTM1C45,2.49,2.49,2.51,1000000.0,1000000.0,,,,140.0,100.0,,,,0,0,0,0,0,0,0,0,0,0,0,0
4.0,1.0,74.0,Week 2,Announcement 1,The analysts have informed you that the realized volatility of RTM this week will be 39%,161,2026-02-12 12:51:50.672497,RTM1P45,0.14,0.12,0.14,1000000.0,1000000.0,,,,,,,,,0,0,0,0,0,0,0,0,0,0,0,0
3.0,1.0,35.0,,News 1,The analysts have informed you that the realized volatility of RTM next week will be between 36% and 41%,161,2026-02-12 12:51:50.672497,RTM1C46,1.63,1.63,1.65,1000000.0,1000000.0,,,,,,,,,0,0,0,0,0,0,0,0,0,0,0,0
2.0,1.0,2.0,Week 1,Delta limit and penalty,The delta limit for this sub-heat is 12000 and the penalty percentage is 2%,161,2026-02-12 12:51:50.672497,RTM1P46,0.27,0.27,0.29,1000000.0,1000000.0,,,,,,30.0,16.0,30.0,0,0,0,0,0,0,0,0,0,0,0,0
1.0,1.0,2.0,Week 1,Risk free rate and current annualized volatility of RTM,The current risk free rate is 0%. RTM is an ETF that mimics one of the major indices in the simulated world and its current annualized realized volatility is 22%. This simulation consists of 20 trading days that are each 15 ticks in length.,161,2026-02-12 12:51:50.672497,RTM1C47,1.0,1.0,1.02,1000000.0,1000000.0,,,,,,,,,0,0,0,0,0,0,0,0,0,0,0,0
,,,,,,161,2026-02-12 12:51:50.672497,RTM1P47,0.65,0.63,0.65,1000000.0,1000000.0,,,,,8.0,,,,0,0,0,0,0,0,0,0,0,0,0,0
,,,,,,161,2026-02-12 12:51:50.672497,RTM1C48,0.44,0.42,0.44,1000000.0,1000000.0,,,,,,,,,0,0,0,0,0,0,0,0,0,0,0,0
,,,,,,161,2026-02-12 12:51:50.672497,RTM1P48,1.07,1.05,1.07,1000000.0,1000000.0,,,,,,,,,0,0,0,0,0,0,0,0,0,0,0,0
,,,,,,161,2026-02-12 12:51:50.672497,RTM1C49,0.25,0.25,0.27,1000000.0,1000000.0,,,,140.0,100.0,,,,0,0,0,0,0,0,0,0,0,0,0,0
,,,,,,161,2026-02-12 12:51:50.672497,RTM1P49,1.89,1.89,1.91,1000000.0,1000000.0,,,,,40.0,,,,0,0,0,0,0,0,0,0,0,0,0,0
,,,,,,161,2026-02-12 12:51:50.672497,RTM1C50,0.06,0.06,0.08,1000000.0,1000000.0,,,,200.0,100.0,,,,0,0,0,0,0,0,0,0,0,0,0,0
,,,,,,161,2026-02-12 12:51:50.672497,RTM1P50,2.7,2.7,2.72,1000000.0,1000000.0,,,,,,,,,0,0,0,0,0,0,0,0,0,0,0,0
,,,,,,161,2026-02-12 12:51:50.672497,RTM1C51,0.03,0.03,0.05,1000000.0,1000000.0,,,,35.0,200.0,,,,0,0,0,0,0,0,0,0,0,0,0,0
,,,,,,161,2026-02-12 12:51:50.672497,RTM1P51,3.66,3.66,3.68,1000000.0,1000000.0,,,,,100.0,30.0,,,0,0,0,0,0,0,0,0,0,0,0,0
,,,,,,161,2026-02-12 12:51:50.672497,RTM1C52,0.01,0.01,0.03,1000000.0,1000000.0,,,,100.0,100.0,,,,0,0,0,0,0,0,0,0,0,0,0,0
,,,,,,161,2026-02-12 12:51:50.672497,RTM1P52,4.63,4.63,4.65,1000000.0,1000000.0,,,,,,,62.0,,0,0,0,0,0,0,0,0,0,0,0,0
,,,,,,161,2026-02-12 12:51:50.672497,RTM1C53,0.03,0.01,0.03,1000000.0,1000000.0,,,,,,,,,0,0,0,0,0,0,0,0,0,0,0,0
,,,,,,161,2026-02-12 12:51:50.672497,RTM1P53,5.63,5.63,5.65,1000000.0,1000000.0,,,,,,,,,0,0,0,0,0,0,0,0,0,0,0,0
,,,,,,161,2026-02-12 12:51:50.672497,RTM1C54,0.01,0.01,0.03,1000000.0,1000000.0,,,,,,,,,0,0,0,0,0,0,0,0,0,0,0,0
,,,,,,161,2026-02-12 12:51:50.672497,RTM1P54,6.62,6.62,6.64,1000000.0,1000000.0,,,,,,,,,0,0,0,0,0,0,0,0,0,0,0,0
6.0,1.0,149.0,Week 3,Announcement 2,The analysts have informed you that the realized volatility of RTM this week will be 25%,162,2026-02-12 12:51:51.702032,RTM,47.37,47.37,47.39,100000000.0,100000000.0,10000.0,80.0,100.0,,,,,,0,0,0,0,0,0,0,0,0,0,0,0
5.0,1.0,111.0,,News 2,The analysts have informed you that the realized volatility of RTM next week will be between 21% and 26%,162,2026-02-12 12:51:51.702032,RTM1C45,2.47,2.45,2.47,1000000.0,1000000.0,,,,140.0,100.0,,,,0,0,0,0,0,0,0,0,0,0,0,0
4.0,1.0,74.0,Week 2,Announcement 1,The analysts have informed you that the realized volatility of RTM this week will be 39%,162,2026-02-12 12:51:51.702032,RTM1P45,0.09,0.07,0.09,1000000.0,1000000.0,,,,,,,,,0,0,0,0,0,0,0,0,0,0,0,0
3.0,1.0,35.0,,News 1,The analysts have informed you that the realized volatility of RTM next week will be between 36% and 41%,162,2026-02-12 12:51:51.702032,RTM1C46,1.6,1.6,1.62,1000000.0,1000000.0,,,,,,,,,0,0,0,0,0,0,0,0,0,0,0,0
2.0,1.0,2.0,Week 1,Delta limit and penalty,The delta limit for this sub-heat is 12000 and the penalty percentage is 2%,162,2026-02-12 12:51:51.702032,RTM1P46,0.24,0.22,0.24,1000000.0,1000000.0,,,,,,30.0,16.0,30.0,0,0,0,0,0,0,0,0,0,0,0,0
1.0,1.0,2.0,Week 1,Risk free rate and current annualized volatility of RTM,The current risk free rate is 0%. RTM is an ETF that mimics one of the major indices in the simulated world and its current annualized realized volatility is 22%. This simulation consists of 20 trading days that are each 15 ticks in length.,162,2026-02-12 12:51:51.702032,RTM1C47,0.97,0.95,0.97,1000000.0,1000000.0,,,,,,,,,0,0,0,0,0,0,0,0,0,0,0,0
,,,,,,162,2026-02-12 12:51:51.702032,RTM1P47,0.59,0.57,0.59,1000000.0,1000000.0,,,,,8.0,,,,0,0,0,0,0,0,0,0,0,0,0,0
,,,,,,162,2026-02-12 12:51:51.702032,RTM1C48,0.43,0.41,0.43,1000000.0,1000000.0,,,,,,,,,0,0,0,0,0,0,0,0,0,0,0,0
,,,,,,162,2026-02-12 12:51:51.702032,RTM1P48,1.05,1.03,1.05,1000000.0,1000000.0,,,,,,,,,0,0,0,0,0,0,0,0,0,0,0,0
,,,,,,162,2026-02-12 12:51:51.702032,RTM1C49,0.21,0.19,0.21,1000000.0,1000000.0,,,,140.0,100.0,,,,0,0,0,0,0,0,0,0,0,0,0,0
,,,,,,162,2026-02-12 12:51:51.702032,RTM1P49,1.83,1.81,1.83,1000000.0,1000000.0,,,,,40.0,,,,0,0,0,0,0,0,0,0,0,0,0,0
,,,,,,162,2026-02-12 12:51:51.702032,RTM1C50,0.1,0.08,0.1,1000000.0,1000000.0,,,,200.0,100.0,,,,0,0,0,0,0,0,0,0,0,0,0,0
,,,,,,162,2026-02-12 12:51:51.702032,RTM1P50,2.72,2.7,2.72,1000000.0,1000000.0,,,,,,,,,0,0,0,0,0,0,0,0,0,0,0,0
,,,,,,162,2026-02-12 12:51:51.702032,RTM1C51,0.03,0.01,0.03,1000000.0,1000000.0,,,,35.0,200.0,,,,0,0,0,0,0,0,0,0,0,0,0,0
,,,,,,162,2026-02-12 12:51:51.702032,RTM1P51,3.65,3.63,3.65,1000000.0,1000000.0,,,,,100.0,30.0,,,0,0,0,0,0,0,0,0,0,0,0,0
,,,,,,162,2026-02-12 12:51:51.702032,RTM1C52,0.03,0.01,0.03,1000000.0,1000000.0,,,,100.0,100.0,,,,0,0,0,0,0,0,0,0,0,0,0,0
,,,,,,162,2026-02-12 12:51:51.702032,RTM1P52,4.62,4.62,4.64,1000000.0,1000000.0,,,,,,,62.0,,0,0,0,0,0,0,0,0,0,0,0,0
,,,,,,162,2026-02-12 12:51:51.702032,RTM1C53,0.01,0.01,0.03,1000000.0,1000000.0,,,,,,,,,0,0,0,0,0,0,0,0,0,0,0,0
,,,,,,162,2026-02-12 12:51:51.702032,RTM1P53,5.61,5.61,5.63,1000000.0,1000000.0,,,,,,,,,0,0,0,0,0,0,0,0,0,0,0,0
,,,,,,162,2026-02-12 12:51:51.702032,RTM1C54,0.01,0.01,0.03,1000000.0,1000000.0,,,,,,,,,0,0,0,0,0,0,0,0,0,0,0,0
,,,,,,162,2026-02-12 12:51:51.702032,RTM1P54,6.61,6.61,6.63,1000000.0,1000000.0,,,,,,,,,0,0,0,0,0,0,0,0,0,0,0,0
6.0,1.0,149.0,Week 3,Announcement 2,The analysts have informed you that the realized volatility of RTM this week will be 25%,163,2026-02-12 12:51:52.740906,RTM,47.39,47.39,47.41,100000000.0,100000000.0,10000.0,80.0,100.0,,,,,,0,0,0,0,0,0,0,0,0,0,0,0
5.0,1.0,111.0,,News 2,The analysts have informed you that the realized volatility of RTM next week will be between 21% and 26%,163,2026-02-12 12:51:52.740906,RTM1C45,2.47,2.46,2.48,1000000.0,1000000.0,,,,140.0,100.0,,,,0,0,0,0,0,0,0,0,0,0,0,0
4.0,1.0,74.0,Week 2,Announcement 1,The analysts have informed you that the realized volatility of RTM this week will be 39%,163,2026-02-12 12:51:52.740906,RTM1P45,0.08,0.06,0.08,1000000.0,1000000.0,,,,,,,,,0,0,0,0,0,0,0,0,0,0,0,0
3.0,1.0,35.0,,News 1,The analysts have informed you that the realized volatility of RTM next week will be between 36% and 41%,163,2026-02-12 12:51:52.740906,RTM1C46,1.6,1.58,1.6,1000000.0,1000000.0,,,,,,,,,0,0,0,0,0,0,0,0,0,0,0,0
2.0,1.0,2.0,Week 1,Delta limit and penalty,The delta limit for this sub-heat is 12000 and the penalty percentage is 2%,163,2026-02-12 12:51:52.740906,RTM1P46,0.19,0.18,0.2,1000000.0,1000000.0,,,,,,30.0,16.0,30.0,0,0,0,0,0,0,0,0,0,0,0,0
1.0,1.0,2.0,Week 1,Risk free rate and current annualized volatility of RTM,The current risk free rate is 0%. RTM is an ETF that mimics one of the major indices in the simulated world and its current annualized realized volatility is 22%. This simulation consists of 20 trading days that are each 15 ticks in length.,163,2026-02-12 12:51:52.740906,RTM1C47,1.04,1.02,1.04,1000000.0,1000000.0,,,,,,,,,0,0,0,0,0,0,0,0,0,0,0,0
,,,,,,163,2026-02-12 12:51:52.740906,RTM1P47,0.63,0.61,0.63,1000000.0,1000000.0,,,,,8.0,,,,0,0,0,0,0,0,0,0,0,0,0,0
,,,,,,163,2026-02-12 12:51:52.740906,RTM1C48,0.48,0.46,0.48,1000000.0,1000000.0,,,,,,,,,0,0,0,0,0,0,0,0,0,0,0,0
,,,,,,163,2026-02-12 12:51:52.740906,RTM1P48,1.07,1.05,1.07,1000000.0,1000000.0,,,,,,,,,0,0,0,0,0,0,0,0,0,0,0,0
,,,,,,163,2026-02-12 12:51:52.740906,RTM1C49,0.22,0.2,0.22,1000000.0,1000000.0,,,,140.0,100.0,,,,0,0,0,0,0,0,0,0,0,0,0,0
,,,,,,163,2026-02-12 12:51:52.740906,RTM1P49,1.81,1.79,1.81,1000000.0,1000000.0,,,,,40.0,,,,0,0,0,0,0,0,0,0,0,0,0,0
,,,,,,163,2026-02-12 12:51:52.740906,RTM1C50,0.04,0.04,0.06,1000000.0,1000000.0,,,,200.0,100.0,,,,0,0,0,0,0,0,0,0,0,0,0,0
,,,,,,163,2026-02-12 12:51:52.740906,RTM1P50,2.63,2.63,2.65,1000000.0,1000000.0,,,,,,,,,0,0,0,0,0,0,0,0,0,0,0,0
,,,,,,163,2026-02-12 12:51:52.740906,RTM1C51,0.03,0.01,0.03,1000000.0,1000000.0,,,,35.0,200.0,,,,0,0,0,0,0,0,0,0,0,0,0,0
,,,,,,163,2026-02-12 12:51:52.740906,RTM1P51,3.63,3.61,3.63,1000000.0,1000000.0,,,,,100.0,30.0,,,0,0,0,0,0,0,0,0,0,0,0,0
,,,,,,163,2026-02-12 12:51:52.740906,RTM1C52,0.01,0.01,0.03,1000000.0,1000000.0,,,,100.0,100.0,,,,0,0,0,0,0,0,0,0,0,0,0,0
,,,,,,163,2026-02-12 12:51:52.740906,RTM1P52,4.61,4.59,4.61,1000000.0,1000000.0,,,,,,,62.0,,0,0,0,0,0,0,0,0,0,0,0,0
,,,,,,163,2026-02-12 12:51:52.740906,RTM1C53,0.03,0.01,0.03,1000000.0,1000000.0,,,,,,,,,0,0,0,0,0,0,0,0,0,0,0,0
,,,,,,163,2026-02-12 12:51:52.740906,RTM1P53,5.59,5.59,5.61,1000000.0,1000000.0,,,,,,,,,0,0,0,0,0,0,0,0,0,0,0,0
,,,,,,163,2026-02-12 12:51:52.740906,RTM1C54,0.03,0.01,0.03,1000000.0,1000000.0,,,,,,,,,0,0,0,0,0,0,0,0,0,0,0,0
,,,,,,163,2026-02-12 12:51:52.740906,RTM1P54,6.61,6.59,6.61,1000000.0,1000000.0,,,,,,,,,0,0,0,0,0,0,0,0,0,0,0,0
6.0,1.0,149.0,Week 3,Announcement 2,The analysts have informed you that the realized volatility of RTM this week will be 25%,164,2026-02-12 12:51:53.769990,RTM,47.5,47.5,47.52,100000000.0,100000000.0,10000.0,80.0,100.0,,,,,,,0,0,0,0,0,0,0,0,0,0,0
5.0,1.0,111.0,,News 2,The analysts have informed you that the realized volatility of RTM next week will be between 21% and 26%,164,2026-02-12 12:51:53.769990,RTM1C45,2.58,2.57,2.59,1000000.0,1000000.0,,,,140.0,100.0,,,,,0,0,0,0,0,0,0,0,0,0,0
4.0,1.0,74.0,Week 2,Announcement 1,The analysts have informed you that the realized volatility of RTM this week will be 39%,164,2026-02-12 12:51:53.769990,RTM1P45,0.06,0.06,0.08,1000000.0,1000000.0,,,,,,,,,,0,0,0,0,0,0,0,0,0,0,0
3.0,1.0,35.0,,News 1,The analysts have informed you that the realized volatility of RTM next week will be between 36% and 41%,164,2026-02-12 12:51:53.769990,RTM1C46,1.7,1.68,1.7,1000000.0,1000000.0,,,,,,,,,,0,0,0,0,0,0,0,0,0,0,0
2.0,1.0,2.0,Week 1,Delta limit and penalty,The delta limit for this sub-heat is 12000 and the penalty percentage is 2%,164,2026-02-12 12:51:53.769990,RTM1P46,0.18,0.17,0.19,1000000.0,1000000.0,,,,,,30.0,16.0,30.0,,0,0,0,0,0,0,0,0,0,0,0
1.0,1.0,2.0,Week 1,Risk free rate and current annualized volatility of RTM,The current risk free rate is 0%. RTM is an ETF that mimics one of the major indices in the simulated world and its current annualized realized volatility is 22%. This simulation consists of 20 trading days that are each 15 ticks in length.,164,2026-02-12 12:51:53.769990,RTM1C47,1.01,0.99,1.01,1000000.0,1000000.0,,,,,,,,,,0,0,0,0,0,0,0,0,0,0,0
,,,,,,164,2026-02-12 12:51:53.769990,RTM1P47,0.5,0.48,0.5,1000000.0,1000000.0,,,,,8.0,,,,,0,0,0,0,0,0,0,0,0,0,0
,,,,,,164,2026-02-12 12:51:53.769990,RTM1C48,0.51,0.49,0.51,1000000.0,1000000.0,,,,,,,,,71.0,0,0,0,0,0,0,0,0,0,0,0
,,,,,,164,2026-02-12 12:51:53.769990,RTM1P48,1.0,0.98,1.0,1000000.0,1000000.0,,,,,,,,,,0,0,0,0,0,0,0,0,0,0,0
,,,,,,164,2026-02-12 12:51:53.769990,RTM1C49,0.27,0.25,0.27,1000000.0,1000000.0,,,,140.0,100.0,,,,,0,0,0,0,0,0,0,0,0,0,0
,,,,,,164,2026-02-12 12:51:53.769990,RTM1P49,1.75,1.74,1.76,1000000.0,1000000.0,,,,,40.0,,,,,0,0,0,0,0,0,0,0,0,0,0
,,,,,,164,2026-02-12 12:51:53.769990,RTM1C50,0.07,0.05,0.07,1000000.0,1000000.0,,,,200.0,100.0,,,,,0,0,0,0,0,0,0,0,0,0,0
,,,,,,164,2026-02-12 12:51:53.769990,RTM1P50,2.56,2.54,2.56,1000000.0,1000000.0,,,,,,,,,,0,0,0,0,0,0,0,0,0,0,0
,,,,,,164,2026-02-12 12:51:53.769990,RTM1C51,0.04,0.03,0.05,1000000.0,1000000.0,,,,35.0,200.0,,,,,0,0,0,0,0,0,0,0,0,0,0
,,,,,,164,2026-02-12 12:51:53.769990,RTM1P51,3.53,3.52,3.54,1000000.0,1000000.0,,,,,100.0,30.0,,,,0,0,0,0,0,0,0,0,0,0,0
,,,,,,164,2026-02-12 12:51:53.769990,RTM1C52,0.02,0.01,0.03,1000000.0,1000000.0,,,,100.0,100.0,,,,,0,0,0,0,0,0,0,0,0,0,0
,,,,,,164,2026-02-12 12:51:53.769990,RTM1P52,4.5,4.49,4.51,1000000.0,1000000.0,,,,,,,,,,0,0,0,0,0,0,0,0,0,0,0
,,,,,,164,2026-02-12 12:51:53.769990,RTM1C53,0.01,0.01,0.03,1000000.0,1000000.0,,,,,,,,,,0,0,0,0,0,0,0,0,0,0,0
,,,,,,164,2026-02-12 12:51:53.769990,RTM1P53,5.48,5.48,5.5,1000000.0,1000000.0,,,,,,,,,,0,0,0,0,0,0,0,0,0,0,0
,,,,,,164,2026-02-12 12:51:53.769990,RTM1C54,0.01,0.01,0.03,1000000.0,1000000.0,,,,,,,,,,0,0,0,0,0,0,0,0,0,0,0
,,,,,,164,2026-02-12 12:51:53.769990,RTM1P54,6.48,6.48,6.5,1000000.0,1000000.0,,,,,,,,,,0,0,0,0,0,0,0,0,0,0,0
6.0,1.0,149.0,Week 3,Announcement 2,The analysts have informed you that the realized volatility of RTM this week will be 25%,165,2026-02-12 12:51:54.795207,RTM,47.71,47.71,47.73,100000000.0,100000000.0,10000.0,80.0,100.0,,,,,,0,0,0,0,0,0,0,0,0,0,0,0
5.0,1.0,111.0,,News 2,The analysts have informed you that the realized volatility of RTM next week will be between 21% and 26%,165,2026-02-12 12:51:54.795207,RTM1C45,2.77,2.75,2.77,1000000.0,1000000.0,,,,8.0,100.0,100.0,,,0,0,0,0,0,0,0,0,0,0,0,0
4.0,1.0,74.0,Week 2,Announcement 1,The analysts have informed you that the realized volatility of RTM this week will be 39%,165,2026-02-12 12:51:54.795207,RTM1P45,0.04,0.02,0.04,1000000.0,1000000.0,,,,,,,,,0,0,0,0,0,0,0,0,0,0,0,0
3.0,1.0,35.0,,News 1,The analysts have informed you that the realized volatility of RTM next week will be between 36% and 41%,165,2026-02-12 12:51:54.795207,RTM1C46,1.85,1.83,1.85,1000000.0,1000000.0,,,,,,,,,0,0,0,0,0,0,0,0,0,0,0,0
2.0,1.0,2.0,Week 1,Delta limit and penalty,The delta limit for this sub-heat is 12000 and the penalty percentage is 2%,165,2026-02-12 12:51:54.795207,RTM1P46,0.12,0.1,0.12,1000000.0,1000000.0,,,,,,,,,0,0,0,0,0,0,0,0,0,0,0,0
1.0,1.0,2.0,Week 1,Risk free rate and current annualized volatility of RTM,The current risk free rate is 0%. RTM is an ETF that mimics one of the major indices in the simulated world and its current annualized realized volatility is 22%. This simulation consists of 20 trading days that are each 15 ticks in length.,165,2026-02-12 12:51:54.795207,RTM1C47,1.13,1.11,1.13,1000000.0,1000000.0,,,,3.0,,,,,0,0,0,0,0,0,0,0,0,0,0,0
,,,,,,165,2026-02-12 12:51:54.795207,RTM1P47,0.4,0.38,0.4,1000000.0,1000000.0,,,,,,8.0,,,0,0,0,0,0,0,0,0,0,0,0,0
,,,,,,165,2026-02-12 12:51:54.795207,RTM1C48,0.66,0.64,0.66,1000000.0,1000000.0,,,,,,,71.0,,0,0,0,0,0,0,0,0,0,0,0,0
,,,,,,165,2026-02-12 12:51:54.795207,RTM1P48,0.94,0.92,0.94,1000000.0,1000000.0,,,,,,,,,0,0,0,0,0,0,0,0,0,0,0,0
,,,,,,165,2026-02-12 12:51:54.795207,RTM1C49,0.29,0.27,0.29,1000000.0,1000000.0,,,,,140.0,100.0,,,0,0,0,0,0,0,0,0,0,0,0,0
,,,,,,165,2026-02-12 12:51:54.795207,RTM1P49,1.57,1.55,1.57,1000000.0,1000000.0,,,,,,40.0,,,0,0,0,0,0,0,0,0,0,0,0,0
,,,,,,165,2026-02-12 12:51:54.795207,RTM1C50,0.11,0.09,0.11,1000000.0,1000000.0,,,,,200.0,100.0,,,0,0,0,0,0,0,0,0,0,0,0,0
,,,,,,165,2026-02-12 12:51:54.795207,RTM1P50,2.39,2.37,2.39,1000000.0,1000000.0,,,,,,,,,0,0,0,0,0,0,0,0,0,0,0,0
,,,,,,165,2026-02-12 12:51:54.795207,RTM1C51,0.03,0.03,0.05,1000000.0,1000000.0,,,,,35.0,200.0,,,0,0,0,0,0,0,0,0,0,0,0,0
,,,,,,165,2026-02-12 12:51:54.795207,RTM1P51,3.32,3.3,3.32,1000000.0,1000000.0,,,,,,100.0,,30.0,0,0,0,0,0,0,0,0,0,0,0,0
,,,,,,165,2026-02-12 12:51:54.795207,RTM1C52,0.03,0.01,0.03,1000000.0,1000000.0,,,,,100.0,100.0,,,0,0,0,0,0,0,0,0,0,0,0,0
,,,,,,165,2026-02-12 12:51:54.795207,RTM1P52,4.27,4.27,4.29,1000000.0,1000000.0,,,,,,,,,0,0,0,0,0,0,0,0,0,0,0,0
,,,,,,165,2026-02-12 12:51:54.795207,RTM1C53,0.03,0.01,0.03,1000000.0,1000000.0,,,,,,,,,0,0,0,0,0,0,0,0,0,0,0,0
,,,,,,165,2026-02-12 12:51:54.795207,RTM1P53,5.29,5.27,5.29,1000000.0,1000000.0,,,,,,,,,0,0,0,0,0,0,0,0,0,0,0,0
,,,,,,165,2026-02-12 12:51:54.795207,RTM1C54,0.01,0.01,0.03,1000000.0,1000000.0,,,,,,,,,0,0,0,0,0,0,0,0,0,0,0,0
,,,,,,165,2026-02-12 12:51:54.795207,RTM1P54,6.28,6.27,6.29,1000000.0,1000000.0,,,,,,,,,0,0,0,0,0,0,0,0,0,0,0,0
6.0,1.0,149.0,Week 3,Announcement 2,The analysts have informed you that the realized volatility of RTM this week will be 25%,166,2026-02-12 12:51:55.822398,RTM,47.82,47.82,47.84,100000000.0,100000000.0,10000.0,80.0,100.0,,,,,,0,0,0,0,0,0,0,0,0,0,0,0
5.0,1.0,111.0,,News 2,The analysts have informed you that the realized volatility of RTM next week will be between 21% and 26%,166,2026-02-12 12:51:55.822398,RTM1C45,2.87,2.87,2.89,1000000.0,1000000.0,,,,8.0,100.0,100.0,,,0,0,0,0,0,0,0,0,0,0,0,0
4.0,1.0,74.0,Week 2,Announcement 1,The analysts have informed you that the realized volatility of RTM this week will be 39%,166,2026-02-12 12:51:55.822398,RTM1P45,0.06,0.04,0.06,1000000.0,1000000.0,,,,,,,,,0,0,0,0,0,0,0,0,0,0,0,0
3.0,1.0,35.0,,News 1,The analysts have informed you that the realized volatility of RTM next week will be between 36% and 41%,166,2026-02-12 12:51:55.822398,RTM1C46,1.95,1.95,1.97,1000000.0,1000000.0,,,,,,,,,0,0,0,0,0,0,0,0,0,0,0,0
2.0,1.0,2.0,Week 1,Delta limit and penalty,The delta limit for this sub-heat is 12000 and the penalty percentage is 2%,166,2026-02-12 12:51:55.822398,RTM1P46,0.12,0.12,0.14,1000000.0,1000000.0,,,,,,,,,0,0,0,0,0,0,0,0,0,0,0,0
1.0,1.0,2.0,Week 1,Risk free rate and current annualized volatility of RTM,The current risk free rate is 0%. RTM is an ETF that mimics one of the major indices in the simulated world and its current annualized realized volatility is 22%. This simulation consists of 20 trading days that are each 15 ticks in length.,166,2026-02-12 12:51:55.822398,RTM1C47,1.21,1.21,1.23,1000000.0,1000000.0,,,,3.0,,,,,0,0,0,0,0,0,0,0,0,0,0,0
,,,,,,166,2026-02-12 12:51:55.822398,RTM1P47,0.38,0.38,0.4,1000000.0,1000000.0,,,,,,8.0,,,0,0,0,0,0,0,0,0,0,0,0,0
,,,,,,166,2026-02-12 12:51:55.822398,RTM1C48,0.65,0.65,0.67,1000000.0,1000000.0,,,,,,,71.0,,0,0,0,0,0,0,0,0,0,0,0,0
,,,,,,166,2026-02-12 12:51:55.822398,RTM1P48,0.84,0.82,0.84,1000000.0,1000000.0,,,,,,,,,0,0,0,0,0,0,0,0,0,0,0,0
,,,,,,166,2026-02-12 12:51:55.822398,RTM1C49,0.25,0.23,0.25,1000000.0,1000000.0,,,,,140.0,100.0,,,0,0,0,0,0,0,0,0,0,0,0,0
,,,,,,166,2026-02-12 12:51:55.822398,RTM1P49,1.42,1.4,1.42,1000000.0,1000000.0,,,,,,40.0,,,0,0,0,0,0,0,0,0,0,0,0,0
,,,,,,166,2026-02-12 12:51:55.822398,RTM1C50,0.11,0.09,0.11,1000000.0,1000000.0,,,,,200.0,100.0,,,0,0,0,0,0,0,0,0,0,0,0,0
,,,,,,166,2026-02-12 12:51:55.822398,RTM1P50,2.29,2.27,2.29,1000000.0,1000000.0,,,,,,,,,0,0,0,0,0,0,0,0,0,0,0,0
,,,,,,166,2026-02-12 12:51:55.822398,RTM1C51,0.05,0.04,0.06,1000000.0,1000000.0,,,,,35.0,200.0,,,0,0,0,0,0,0,0,0,0,0,0,0
,,,,,,166,2026-02-12 12:51:55.822398,RTM1P51,3.22,3.21,3.23,1000000.0,1000000.0,,,,,,100.0,,30.0,0,0,0,0,0,0,0,0,0,0,0,0
,,,,,,166,2026-02-12 12:51:55.822398,RTM1C52,0.02,0.01,0.03,1000000.0,1000000.0,,,,,100.0,100.0,,,0,0,0,0,0,0,0,0,0,0,0,0
,,,,,,166,2026-02-12 12:51:55.822398,RTM1P52,4.19,4.18,4.2,1000000.0,1000000.0,,,,,,,,,0,0,0,0,0,0,0,0,0,0,0,0
,,,,,,166,2026-02-12 12:51:55.822398,RTM1C53,0.02,0.01,0.03,1000000.0,1000000.0,,,,,,,,,0,0,0,0,0,0,0,0,0,0,0,0
,,,,,,166,2026-02-12 12:51:55.822398,RTM1P53,5.16,5.16,5.18,1000000.0,1000000.0,,,,,,,,,0,0,0,0,0,0,0,0,0,0,0,0
,,,,,,166,2026-02-12 12:51:55.822398,RTM1C54,0.02,0.01,0.03,1000000.0,1000000.0,,,,,,,,,0,0,0,0,0,0,0,0,0,0,0,0
,,,,,,166,2026-02-12 12:51:55.822398,RTM1P54,6.17,6.16,6.18,1000000.0,1000000.0,,,,,,,,,0,0,0,0,0,0,0,0,0,0,0,0
6.0,1.0,149.0,Week 3,Announcement 2,The analysts have informed you that the realized volatility of RTM this week will be 25%,167,2026-02-12 12:51:56.852018,RTM,48.11,48.11,48.13,100000000.0,100000000.0,80.0,100.0,,,,,,,0,0,0,0,0,0,0,0,0,0,0,0
5.0,1.0,111.0,,News 2,The analysts have informed you that the realized volatility of RTM next week will be between 21% and 26%,167,2026-02-12 12:51:56.852018,RTM1C45,3.14,3.13,3.15,1000000.0,1000000.0,,,28.0,10.0,,,,,0,0,0,0,0,0,0,0,0,0,0,0
4.0,1.0,74.0,Week 2,Announcement 1,The analysts have informed you that the realized volatility of RTM this week will be 39%,167,2026-02-12 12:51:56.852018,RTM1P45,0.03,0.01,0.03,1000000.0,1000000.0,,,,,,,,,0,0,0,0,0,0,0,0,0,0,0,0
3.0,1.0,35.0,,News 1,The analysts have informed you that the realized volatility of RTM next week will be between 36% and 41%,167,2026-02-12 12:51:56.852018,RTM1C46,2.25,2.23,2.25,1000000.0,1000000.0,,,,,,,,,0,0,0,0,0,0,0,0,0,0,0,0
2.0,1.0,2.0,Week 1,Delta limit and penalty,The delta limit for this sub-heat is 12000 and the penalty percentage is 2%,167,2026-02-12 12:51:56.852018,RTM1P46,0.11,0.11,0.13,1000000.0,1000000.0,,,,,,,,,0,0,0,0,0,0,0,0,0,0,0,0
1.0,1.0,2.0,Week 1,Risk free rate and current annualized volatility of RTM,The current risk free rate is 0%. RTM is an ETF that mimics one of the major indices in the simulated world and its current annualized realized volatility is 22%. This simulation consists of 20 trading days that are each 15 ticks in length.,167,2026-02-12 12:51:56.852018,RTM1C47,1.39,1.37,1.39,1000000.0,1000000.0,,,43.0,,,,,,0,0,0,0,0,0,0,0,0,0,0,0
,,,,,,167,2026-02-12 12:51:56.852018,RTM1P47,0.28,0.26,0.28,1000000.0,1000000.0,,,,,8.0,,,,0,0,0,0,0,0,0,0,0,0,0,0
,,,,,,167,2026-02-12 12:51:56.852018,RTM1C48,0.76,0.74,0.76,1000000.0,1000000.0,,,,50.0,,71.0,,,0,0,0,0,0,0,0,0,0,0,0,0
,,,,,,167,2026-02-12 12:51:56.852018,RTM1P48,0.64,0.62,0.64,1000000.0,1000000.0,,,,,,,,,0,0,0,0,0,0,0,0,0,0,0,0
,,,,,,167,2026-02-12 12:51:56.852018,RTM1C49,0.37,0.35,0.37,1000000.0,1000000.0,,,,,100.0,,140.0,,0,0,0,0,0,0,0,0,0,0,0,0
,,,,,,167,2026-02-12 12:51:56.852018,RTM1P49,1.25,1.23,1.25,1000000.0,1000000.0,,,,,40.0,,,,0,0,0,0,0,0,0,0,0,0,0,0
,,,,,,167,2026-02-12 12:51:56.852018,RTM1C50,0.13,0.12,0.14,1000000.0,1000000.0,,,,,100.0,,200.0,,0,0,0,0,0,0,0,0,0,0,0,0
,,,,,,167,2026-02-12 12:51:56.852018,RTM1P50,2.02,2.01,2.03,1000000.0,1000000.0,,,,,,,,,0,0,0,0,0,0,0,0,0,0,0,0
,,,,,,167,2026-02-12 12:51:56.852018,RTM1C51,0.07,0.06,0.07,1000000.0,1000000.0,,,,,200.0,,35.0,,0,0,0,0,0,0,0,0,0,0,0,0
,,,,,,167,2026-02-12 12:51:56.852018,RTM1P51,2.96,2.94,2.96,1000000.0,1000000.0,,,,,100.0,,,30.0,0,0,0,0,0,0,0,0,0,0,0,0
,,,,,,167,2026-02-12 12:51:56.852018,RTM1C52,0.02,0.01,0.03,1000000.0,1000000.0,,,,,100.0,,100.0,,0,0,0,0,0,0,0,0,0,0,0,0
,,,,,,167,2026-02-12 12:51:56.852018,RTM1P52,3.89,3.89,3.91,1000000.0,1000000.0,,,,,,,,,0,0,0,0,0,0,0,0,0,0,0,0
,,,,,,167,2026-02-12 12:51:56.852018,RTM1C53,0.01,0.01,0.03,1000000.0,1000000.0,,,,,,,,,0,0,0,0,0,0,0,0,0,0,0,0
,,,,,,167,2026-02-12 12:51:56.852018,RTM1P53,4.88,4.88,4.9,1000000.0,1000000.0,,,,,,,,,0,0,0,0,0,0,0,0,0,0,0,0
,,,,,,167,2026-02-12 12:51:56.852018,RTM1C54,0.01,0.01,0.03,1000000.0,1000000.0,,,,,,,,,0,0,0,0,0,0,0,0,0,0,0,0
,,,,,,167,2026-02-12 12:51:56.852018,RTM1P54,5.87,5.87,5.89,1000000.0,1000000.0,,,,,,,,,0,0,0,0,0,0,0,0,0,0,0,0
6.0,1.0,149.0,Week 3,Announcement 2,The analysts have informed you that the realized volatility of RTM this week will be 25%,168,2026-02-12 12:51:57.879583,RTM,48.3,48.3,48.32,100000000.0,19056.0,100000000.0,80.0,100.0,,,,,,,0,0,0,0,0,0,0,0,0,0,0
5.0,1.0,111.0,,News 2,The analysts have informed you that the realized volatility of RTM next week will be between 21% and 26%,168,2026-02-12 12:51:57.879583,RTM1C45,3.33,3.33,3.35,1000000.0,28.0,1000000.0,,,10.0,,,,,,0,0,0,0,0,0,0,0,0,0,0
4.0,1.0,74.0,Week 2,Announcement 1,The analysts have informed you that the realized volatility of RTM this week will be 39%,168,2026-02-12 12:51:57.879583,RTM1P45,0.04,0.02,0.04,1000000.0,,1000000.0,,,,,,,,,0,0,0,0,0,0,0,0,0,0,0
3.0,1.0,35.0,,News 1,The analysts have informed you that the realized volatility of RTM next week will be between 36% and 41%,168,2026-02-12 12:51:57.879583,RTM1C46,2.43,2.41,2.43,1000000.0,,1000000.0,,,,,,,,,0,0,0,0,0,0,0,0,0,0,0
2.0,1.0,2.0,Week 1,Delta limit and penalty,The delta limit for this sub-heat is 12000 and the penalty percentage is 2%,168,2026-02-12 12:51:57.879583,RTM1P46,0.09,0.09,0.11,1000000.0,,1000000.0,,,,,,,,,0,0,0,0,0,0,0,0,0,0,0
1.0,1.0,2.0,Week 1,Risk free rate and current annualized volatility of RTM,The current risk free rate is 0%. RTM is an ETF that mimics one of the major indices in the simulated world and its current annualized realized volatility is 22%. This simulation consists of 20 trading days that are each 15 ticks in length.,168,2026-02-12 12:51:57.879583,RTM1C47,1.54,1.52,1.54,1000000.0,43.0,1000000.0,,,,,,,,,0,0,0,0,0,0,0,0,0,0,0
,,,,,,168,2026-02-12 12:51:57.879583,RTM1P47,0.22,0.2,0.22,1000000.0,,1000000.0,,,,8.0,,,,,0,0,0,0,0,0,0,0,0,0,0
,,,,,,168,2026-02-12 12:51:57.879583,RTM1C48,0.97,0.95,0.97,1000000.0,40.0,1000000.0,,,50.0,,1.0,71.0,,,0,0,0,0,0,0,0,0,0,0,0
,,,,,,168,2026-02-12 12:51:57.879583,RTM1P48,0.63,0.63,0.65,1000000.0,,1000000.0,,,,,,,,,0,0,0,0,0,0,0,0,0,0,0
,,,,,,168,2026-02-12 12:51:57.879583,RTM1C49,0.43,0.41,0.43,1000000.0,,1000000.0,,,,,,,100.0,,0,0,0,0,0,0,0,0,0,0,0
,,,,,,168,2026-02-12 12:51:57.879583,RTM1P49,1.11,1.09,1.11,1000000.0,,1000000.0,,,,40.0,,,,,0,0,0,0,0,0,0,0,0,0,0
,,,,,,168,2026-02-12 12:51:57.879583,RTM1C50,0.22,0.2,0.22,1000000.0,,1000000.0,,,,100.0,,,200.0,,0,0,0,0,0,0,0,0,0,0,0
,,,,,,168,2026-02-12 12:51:57.879583,RTM1P50,1.9,1.88,1.9,1000000.0,,1000000.0,,,,,,,,,0,0,0,0,0,0,0,0,0,0,0
,,,,,,168,2026-02-12 12:51:57.879583,RTM1C51,0.05,0.03,0.05,1000000.0,,1000000.0,,,,200.0,,,35.0,,0,0,0,0,0,0,0,0,0,0,0
,,,,,,168,2026-02-12 12:51:57.879583,RTM1P51,2.74,2.72,2.74,1000000.0,,1000000.0,,,,100.0,,,,30.0,0,0,0,0,0,0,0,0,0,0,0
,,,,,,168,2026-02-12 12:51:57.879583,RTM1C52,0.01,0.01,0.03,1000000.0,,1000000.0,,,,100.0,,,100.0,,0,0,0,0,0,0,0,0,0,0,0
,,,,,,168,2026-02-12 12:51:57.879583,RTM1P52,3.69,3.69,3.71,1000000.0,,1000000.0,,,,,,,,,0,0,0,0,0,0,0,0,0,0,0
,,,,,,168,2026-02-12 12:51:57.879583,RTM1C53,0.03,0.01,0.03,1000000.0,,1000000.0,,,,,,,,,0,0,0,0,0,0,0,0,0,0,0
,,,,,,168,2026-02-12 12:51:57.879583,RTM1P53,4.69,4.68,4.7,1000000.0,,1000000.0,,,,,,,,,0,0,0,0,0,0,0,0,0,0,0
,,,,,,168,2026-02-12 12:51:57.879583,RTM1C54,0.01,0.01,0.03,1000000.0,,1000000.0,,,,,,,,,0,0,0,0,0,0,0,0,0,0,0
,,,,,,168,2026-02-12 12:51:57.879583,RTM1P54,5.68,5.68,5.7,1000000.0,,1000000.0,,,,,,,,,0,0,0,0,0,0,0,0,0,0,0
6.0,1.0,149.0,Week 3,Announcement 2,The analysts have informed you that the realized volatility of RTM this week will be 25%,169,2026-02-12 12:51:58.906633,RTM,48.55,48.55,48.57,100000000.0,19056.0,100000000.0,80.0,100.0,,,,,,0,0,0,0,0,0,0,0,0,0,0,0
5.0,1.0,111.0,,News 2,The analysts have informed you that the realized volatility of RTM next week will be between 21% and 26%,169,2026-02-12 12:51:58.906633,RTM1C45,3.58,3.56,3.58,1000000.0,68.0,1000000.0,,,10.0,,,,,0,0,0,0,0,0,0,0,0,0,0,0
4.0,1.0,74.0,Week 2,Announcement 1,The analysts have informed you that the realized volatility of RTM this week will be 39%,169,2026-02-12 12:51:58.906633,RTM1P45,0.03,0.01,0.03,1000000.0,,1000000.0,,,,,,,,0,0,0,0,0,0,0,0,0,0,0,0
3.0,1.0,35.0,,News 1,The analysts have informed you that the realized volatility of RTM next week will be between 36% and 41%,169,2026-02-12 12:51:58.906633,RTM1C46,2.65,2.63,2.65,1000000.0,,1000000.0,,,,,,,,0,0,0,0,0,0,0,0,0,0,0,0
2.0,1.0,2.0,Week 1,Delta limit and penalty,The delta limit for this sub-heat is 12000 and the penalty percentage is 2%,169,2026-02-12 12:51:58.906633,RTM1P46,0.07,0.07,0.09,1000000.0,,1000000.0,,,,,,,,0,0,0,0,0,0,0,0,0,0,0,0
1.0,1.0,2.0,Week 1,Risk free rate and current annualized volatility of RTM,The current risk free rate is 0%. RTM is an ETF that mimics one of the major indices in the simulated world and its current annualized realized volatility is 22%. This simulation consists of 20 trading days that are each 15 ticks in length.,169,2026-02-12 12:51:58.906633,RTM1C47,1.73,1.71,1.73,1000000.0,43.0,1000000.0,,,,,,,,0,0,0,0,0,0,0,0,0,0,0,0
,,,,,,169,2026-02-12 12:51:58.906633,RTM1P47,0.17,0.15,0.17,1000000.0,,1000000.0,,,,8.0,,,,0,0,0,0,0,0,0,0,0,0,0,0
,,,,,,169,2026-02-12 12:51:58.906633,RTM1C48,1.05,1.03,1.05,1000000.0,40.0,1000000.0,,,50.0,,71.0,,,0,0,0,0,0,0,0,0,0,0,0,0
,,,,,,169,2026-02-12 12:51:58.906633,RTM1P48,0.48,0.46,0.48,1000000.0,,1000000.0,,,,,,,,0,0,0,0,0,0,0,0,0,0,0,0
,,,,,,169,2026-02-12 12:51:58.906633,RTM1C49,0.61,0.59,0.61,1000000.0,,1000000.0,,,,,,,,0,0,0,0,0,0,0,0,0,0,0,0
,,,,,,169,2026-02-12 12:51:58.906633,RTM1P49,1.04,1.02,1.04,1000000.0,,1000000.0,,,,40.0,,,,0,0,0,0,0,0,0,0,0,0,0,0
,,,,,,169,2026-02-12 12:51:58.906633,RTM1C50,0.26,0.25,0.27,1000000.0,,1000000.0,,,,100.0,,200.0,,0,0,0,0,0,0,0,0,0,0,0,0
,,,,,,169,2026-02-12 12:51:58.906633,RTM1P50,1.7,1.68,1.7,1000000.0,,1000000.0,,,,,,,,0,0,0,0,0,0,0,0,0,0,0,0
,,,,,,169,2026-02-12 12:51:58.906633,RTM1C51,0.13,0.11,0.13,1000000.0,,1000000.0,,,,100.0,,5.0,,0,0,0,0,0,0,0,0,0,0,0,0
,,,,,,169,2026-02-12 12:51:58.906633,RTM1P51,2.55,2.54,2.56,1000000.0,,1000000.0,,,,100.0,,,30.0,0,0,0,0,0,0,0,0,0,0,0,0
,,,,,,169,2026-02-12 12:51:58.906633,RTM1C52,0.03,0.02,0.04,1000000.0,,1000000.0,,,,100.0,,100.0,,0,0,0,0,0,0,0,0,0,0,0,0
,,,,,,169,2026-02-12 12:51:58.906633,RTM1P52,3.47,3.45,3.47,1000000.0,,1000000.0,,,,,,,,0,0,0,0,0,0,0,0,0,0,0,0
,,,,,,169,2026-02-12 12:51:58.906633,RTM1C53,0.01,0.01,0.03,1000000.0,,1000000.0,,,,,,,,0,0,0,0,0,0,0,0,0,0,0,0
,,,,,,169,2026-02-12 12:51:58.906633,RTM1P53,4.45,4.43,4.45,1000000.0,,1000000.0,,,,,,,,0,0,0,0,0,0,0,0,0,0,0,0
,,,,,,169,2026-02-12 12:51:58.906633,RTM1C54,0.01,0.01,0.03,1000000.0,,1000000.0,,,,,,,,0,0,0,0,0,0,0,0,0,0,0,0
,,,,,,169,2026-02-12 12:51:58.906633,RTM1P54,5.45,5.43,5.45,1000000.0,,1000000.0,,,,,,,,0,0,0,0,0,0,0,0,0,0,0,0
6.0,1.0,149.0,Week 3,Announcement 2,The analysts have informed you that the realized volatility of RTM this week will be 25%,170,2026-02-12 12:51:59.937525,RTM,48.72,48.72,48.74,100000000.0,19056.0,100000000.0,80.0,100.0,,,,,,0,0,0,0,0,0,0,0,0,0,0,0
5.0,1.0,111.0,,News 2,The analysts have informed you that the realized volatility of RTM next week will be between 21% and 26%,170,2026-02-12 12:51:59.937525,RTM1C45,3.73,3.73,3.75,1000000.0,68.0,1000000.0,,,10.0,,,,,0,0,0,0,0,0,0,0,0,0,0,0
4.0,1.0,74.0,Week 2,Announcement 1,The analysts have informed you that the realized volatility of RTM this week will be 39%,170,2026-02-12 12:51:59.937525,RTM1P45,0.01,0.01,0.03,1000000.0,,1000000.0,,,,,,,,0,0,0,0,0,0,0,0,0,0,0,0
3.0,1.0,35.0,,News 1,The analysts have informed you that the realized volatility of RTM next week will be between 36% and 41%,170,2026-02-12 12:51:59.937525,RTM1C46,2.78,2.78,2.8,1000000.0,,1000000.0,,,,,,,,0,0,0,0,0,0,0,0,0,0,0,0
2.0,1.0,2.0,Week 1,Delta limit and penalty,The delta limit for this sub-heat is 12000 and the penalty percentage is 2%,170,2026-02-12 12:51:59.937525,RTM1P46,0.05,0.05,0.07,1000000.0,,1000000.0,,,,,,,,0,0,0,0,0,0,0,0,0,0,0,0
1.0,1.0,2.0,Week 1,Risk free rate and current annualized volatility of RTM,The current risk free rate is 0%. RTM is an ETF that mimics one of the major indices in the simulated world and its current annualized realized volatility is 22%. This simulation consists of 20 trading days that are each 15 ticks in length.,170,2026-02-12 12:51:59.937525,RTM1C47,1.88,1.88,1.9,1000000.0,43.0,1000000.0,,,,,,,,0,0,0,0,0,0,0,0,0,0,0,0
,,,,,,170,2026-02-12 12:51:59.937525,RTM1P47,0.15,0.15,0.17,1000000.0,,1000000.0,,,,8.0,,,,0,0,0,0,0,0,0,0,0,0,0,0
,,,,,,170,2026-02-12 12:51:59.937525,RTM1C48,1.17,1.15,1.17,1000000.0,40.0,1000000.0,,,100.0,,71.0,,,0,0,0,0,0,0,0,0,0,0,0,0
,,,,,,170,2026-02-12 12:51:59.937525,RTM1P48,0.44,0.42,0.44,1000000.0,,1000000.0,,,,,,,,0,0,0,0,0,0,0,0,0,0,0,0
,,,,,,170,2026-02-12 12:51:59.937525,RTM1C49,0.58,0.56,0.58,1000000.0,,1000000.0,,,8.0,,,,,0,0,0,0,0,0,0,0,0,0,0,0
,,,,,,170,2026-02-12 12:51:59.937525,RTM1P49,0.85,0.83,0.85,1000000.0,,1000000.0,,,,40.0,,,,0,0,0,0,0,0,0,0,0,0,0,0
,,,,,,170,2026-02-12 12:51:59.937525,RTM1C50,0.26,0.26,0.28,1000000.0,,1000000.0,,,,100.0,,200.0,,0,0,0,0,0,0,0,0,0,0,0,0
,,,,,,170,2026-02-12 12:51:59.937525,RTM1P50,1.52,1.52,1.54,1000000.0,,1000000.0,,,,,,,,0,0,0,0,0,0,0,0,0,0,0,0
,,,,,,170,2026-02-12 12:51:59.937525,RTM1C51,0.1,0.08,0.1,1000000.0,,1000000.0,,,,100.0,,5.0,,0,0,0,0,0,0,0,0,0,0,0,0
,,,,,,170,2026-02-12 12:51:59.937525,RTM1P51,2.37,2.35,2.37,1000000.0,,1000000.0,,,,100.0,,,30.0,0,0,0,0,0,0,0,0,0,0,0,0
,,,,,,170,2026-02-12 12:51:59.937525,RTM1C52,0.04,0.04,0.06,1000000.0,,1000000.0,,,,100.0,,100.0,,0,0,0,0,0,0,0,0,0,0,0,0
,,,,,,170,2026-02-12 12:51:59.937525,RTM1P52,3.33,3.31,3.33,1000000.0,,1000000.0,,,,,,,,0,0,0,0,0,0,0,0,0,0,0,0
,,,,,,170,2026-02-12 12:51:59.937525,RTM1C53,0.03,0.01,0.03,1000000.0,,1000000.0,,,,,,,,0,0,0,0,0,0,0,0,0,0,0,0
,,,,,,170,2026-02-12 12:51:59.937525,RTM1P53,4.28,4.27,4.29,1000000.0,,1000000.0,,,,,,,,0,0,0,0,0,0,0,0,0,0,0,0
,,,,,,170,2026-02-12 12:51:59.937525,RTM1C54,0.01,0.01,0.03,1000000.0,,1000000.0,,,,,,,,0,0,0,0,0,0,0,0,0,0,0,0
,,,,,,170,2026-02-12 12:51:59.937525,RTM1P54,5.27,5.26,5.28,1000000.0,,1000000.0,,,,,,,,0,0,0,0,0,0,0,0,0,0,0,0
6.0,1.0,149.0,Week 3,Announcement 2,The analysts have informed you that the realized volatility of RTM this week will be 25%,171,2026-02-12 12:52:00.966304,RTM,48.59,48.57,48.59,100000000.0,19056.0,100000000.0,80.0,100.0,,,,,,0,0,0,0,0,0,0,0,0,0,0,0
5.0,1.0,111.0,,News 2,The analysts have informed you that the realized volatility of RTM next week will be between 21% and 26%,171,2026-02-12 12:52:00.966304,RTM1C45,3.59,3.58,3.6,1000000.0,68.0,1000000.0,,,50.0,,,,,0,0,0,0,0,0,0,0,0,0,0,0
4.0,1.0,74.0,Week 2,Announcement 1,The analysts have informed you that the realized volatility of RTM this week will be 39%,171,2026-02-12 12:52:00.966304,RTM1P45,0.01,0.01,0.03,1000000.0,,1000000.0,,,,,,,,0,0,0,0,0,0,0,0,0,0,0,0
3.0,1.0,35.0,,News 1,The analysts have informed you that the realized volatility of RTM next week will be between 36% and 41%,171,2026-02-12 12:52:00.966304,RTM1C46,2.64,2.63,2.65,1000000.0,,1000000.0,,,,,,,,0,0,0,0,0,0,0,0,0,0,0,0
2.0,1.0,2.0,Week 1,Delta limit and penalty,The delta limit for this sub-heat is 12000 and the penalty percentage is 2%,171,2026-02-12 12:52:00.966304,RTM1P46,0.06,0.05,0.07,1000000.0,,1000000.0,,,,,,,,0,0,0,0,0,0,0,0,0,0,0,0
1.0,1.0,2.0,Week 1,Risk free rate and current annualized volatility of RTM,The current risk free rate is 0%. RTM is an ETF that mimics one of the major indices in the simulated world and its current annualized realized volatility is 22%. This simulation consists of 20 trading days that are each 15 ticks in length.,171,2026-02-12 12:52:00.966304,RTM1C47,1.78,1.76,1.78,1000000.0,43.0,1000000.0,,,100.0,,,,,0,0,0,0,0,0,0,0,0,0,0,0
,,,,,,171,2026-02-12 12:52:00.966304,RTM1P47,0.2,0.18,0.2,1000000.0,,1000000.0,,,,8.0,,,,0,0,0,0,0,0,0,0,0,0,0,0
,,,,,,171,2026-02-12 12:52:00.966304,RTM1C48,1.03,1.01,1.03,1000000.0,40.0,1000000.0,,,100.0,,,,,0,0,0,0,0,0,0,0,0,0,0,0
,,,,,,171,2026-02-12 12:52:00.966304,RTM1P48,0.45,0.43,0.45,1000000.0,,1000000.0,,,,,,,,0,0,0,0,0,0,0,0,0,0,0,0
,,,,,,171,2026-02-12 12:52:00.966304,RTM1C49,0.58,0.56,0.58,1000000.0,,1000000.0,,,8.0,,,,,0,0,0,0,0,0,0,0,0,0,0,0
,,,,,,171,2026-02-12 12:52:00.966304,RTM1P49,1.0,0.98,1.0,1000000.0,,1000000.0,,,,40.0,34.0,,,0,0,0,0,0,0,0,0,0,0,0,0
,,,,,,171,2026-02-12 12:52:00.966304,RTM1C50,0.27,0.25,0.27,1000000.0,,1000000.0,,,,100.0,,200.0,,0,0,0,0,0,0,0,0,0,0,0,0
,,,,,,171,2026-02-12 12:52:00.966304,RTM1P50,1.69,1.67,1.69,1000000.0,,1000000.0,,,,,,,,0,0,0,0,0,0,0,0,0,0,0,0
,,,,,,171,2026-02-12 12:52:00.966304,RTM1C51,0.1,0.1,0.12,1000000.0,,1000000.0,,,,100.0,,5.0,,0,0,0,0,0,0,0,0,0,0,0,0
,,,,,,171,2026-02-12 12:52:00.966304,RTM1P51,2.52,2.52,2.54,1000000.0,,1000000.0,,,,100.0,,,30.0,0,0,0,0,0,0,0,0,0,0,0,0
,,,,,,171,2026-02-12 12:52:00.966304,RTM1C52,0.05,0.03,0.05,1000000.0,,1000000.0,,,,100.0,,100.0,,0,0,0,0,0,0,0,0,0,0,0,0
,,,,,,171,2026-02-12 12:52:00.966304,RTM1P52,3.47,3.45,3.47,1000000.0,,1000000.0,,,,,,,,0,0,0,0,0,0,0,0,0,0,0,0
,,,,,,171,2026-02-12 12:52:00.966304,RTM1C53,0.03,0.01,0.03,1000000.0,,1000000.0,,,,,,,,0,0,0,0,0,0,0,0,0,0,0,0
,,,,,,171,2026-02-12 12:52:00.966304,RTM1P53,4.43,4.42,4.44,1000000.0,,1000000.0,,,,,,,,0,0,0,0,0,0,0,0,0,0,0,0
,,,,,,171,2026-02-12 12:52:00.966304,RTM1C54,0.01,0.01,0.03,1000000.0,,1000000.0,,,,,,,,0,0,0,0,0,0,0,0,0,0,0,0
,,,,,,171,2026-02-12 12:52:00.966304,RTM1P54,5.41,5.41,5.43,1000000.0,,1000000.0,,,,,,,,0,0,0,0,0,0,0,0,0,0,0,0
6.0,1.0,149.0,Week 3,Announcement 2,The analysts have informed you that the realized volatility of RTM this week will be 25%,172,2026-02-12 12:52:01.995599,RTM,48.73,48.71,48.73,100000000.0,19056.0,100000000.0,80.0,100.0,,,,,,,,0,0,0,0,0,0,0,0,0,0,0
5.0,1.0,111.0,,News 2,The analysts have informed you that the realized volatility of RTM next week will be between 21% and 26%,172,2026-02-12 12:52:01.995599,RTM1C45,3.73,3.73,3.75,1000000.0,68.0,1000000.0,,,50.0,,,,,,,0,0,0,0,0,0,0,0,0,0,0
4.0,1.0,74.0,Week 2,Announcement 1,The analysts have informed you that the realized volatility of RTM this week will be 39%,172,2026-02-12 12:52:01.995599,RTM1P45,0.01,0.01,0.03,1000000.0,,1000000.0,,,,,,,,,,0,0,0,0,0,0,0,0,0,0,0
3.0,1.0,35.0,,News 1,The analysts have informed you that the realized volatility of RTM next week will be between 36% and 41%,172,2026-02-12 12:52:01.995599,RTM1C46,2.78,2.78,2.8,1000000.0,,1000000.0,,,,,,,,,,0,0,0,0,0,0,0,0,0,0,0
2.0,1.0,2.0,Week 1,Delta limit and penalty,The delta limit for this sub-heat is 12000 and the penalty percentage is 2%,172,2026-02-12 12:52:01.995599,RTM1P46,0.05,0.05,0.07,1000000.0,,1000000.0,,,,,,,,,,0,0,0,0,0,0,0,0,0,0,0
1.0,1.0,2.0,Week 1,Risk free rate and current annualized volatility of RTM,The current risk free rate is 0%. RTM is an ETF that mimics one of the major indices in the simulated world and its current annualized realized volatility is 22%. This simulation consists of 20 trading days that are each 15 ticks in length.,172,2026-02-12 12:52:01.995599,RTM1C47,1.88,1.88,1.9,1000000.0,43.0,1000000.0,,,100.0,,,,,,,0,0,0,0,0,0,0,0,0,0,0
,,,,,,172,2026-02-12 12:52:01.995599,RTM1P47,0.15,0.15,0.17,1000000.0,,1000000.0,,,,8.0,,,,,,0,0,0,0,0,0,0,0,0,0,0
,,,,,,172,2026-02-12 12:52:01.995599,RTM1C48,1.19,1.19,1.21,1000000.0,40.0,1000000.0,,,100.0,,20.0,,,,,0,0,0,0,0,0,0,0,0,0,0
,,,,,,172,2026-02-12 12:52:01.995599,RTM1P48,0.48,0.46,0.48,1000000.0,,1000000.0,,,,,,,,,,0,0,0,0,0,0,0,0,0,0,0
,,,,,,172,2026-02-12 12:52:01.995599,RTM1C49,0.63,0.61,0.63,1000000.0,,1000000.0,,,8.0,,,1.0,,,,0,0,0,0,0,0,0,0,0,0,0
,,,,,,172,2026-02-12 12:52:01.995599,RTM1P49,0.9,0.88,0.9,1000000.0,,1000000.0,,,,40.0,,,34.0,,,0,0,0,0,0,0,0,0,0,0,0
,,,,,,172,2026-02-12 12:52:01.995599,RTM1C50,0.28,0.26,0.28,1000000.0,,1000000.0,,,,100.0,,,,200.0,,0,0,0,0,0,0,0,0,0,0,0
,,,,,,172,2026-02-12 12:52:01.995599,RTM1P50,1.55,1.53,1.55,1000000.0,,1000000.0,,,,,,,,,,0,0,0,0,0,0,0,0,0,0,0
,,,,,,172,2026-02-12 12:52:01.995599,RTM1C51,0.09,0.07,0.09,1000000.0,,1000000.0,,,,100.0,,,,5.0,,0,0,0,0,0,0,0,0,0,0,0
,,,,,,172,2026-02-12 12:52:01.995599,RTM1P51,2.36,2.35,2.37,1000000.0,,1000000.0,,,,100.0,,,,,30.0,0,0,0,0,0,0,0,0,0,0,0
,,,,,,172,2026-02-12 12:52:01.995599,RTM1C52,0.03,0.02,0.04,1000000.0,,1000000.0,,,,100.0,,,,100.0,,0,0,0,0,0,0,0,0,0,0,0
,,,,,,172,2026-02-12 12:52:01.995599,RTM1P52,3.31,3.3,3.32,1000000.0,,1000000.0,,,,,,,,,,0,0,0,0,0,0,0,0,0,0,0
,,,,,,172,2026-02-12 12:52:01.995599,RTM1C53,0.02,0.01,0.03,1000000.0,,1000000.0,,,,,,,,,,0,0,0,0,0,0,0,0,0,0,0
,,,,,,172,2026-02-12 12:52:01.995599,RTM1P53,4.29,4.28,4.3,1000000.0,,1000000.0,,,,,,,,,,0,0,0,0,0,0,0,0,0,0,0
,,,,,,172,2026-02-12 12:52:01.995599,RTM1C54,0.02,0.01,0.03,1000000.0,,1000000.0,,,,,,,,,,0,0,0,0,0,0,0,0,0,0,0
,,,,,,172,2026-02-12 12:52:01.995599,RTM1P54,5.28,5.27,5.29,1000000.0,,1000000.0,,,,,,,,,,0,0,0,0,0,0,0,0,0,0,0
6.0,1.0,149.0,Week 3,Announcement 2,The analysts have informed you that the realized volatility of RTM this week will be 25%,173,2026-02-12 12:52:03.024727,RTM,48.96,48.96,48.98,100000000.0,3553.0,19056.0,100000000.0,80.0,100.0,,,,,,,0,0,0,0,0,0,0,0,0,0,0
5.0,1.0,111.0,,News 2,The analysts have informed you that the realized volatility of RTM next week will be between 21% and 26%,173,2026-02-12 12:52:03.024727,RTM1C45,3.97,3.96,3.98,1000000.0,,68.0,1000000.0,,,50.0,,,,,,0,0,0,0,0,0,0,0,0,0,0
4.0,1.0,74.0,Week 2,Announcement 1,The analysts have informed you that the realized volatility of RTM this week will be 39%,173,2026-02-12 12:52:03.024727,RTM1P45,0.01,0.01,0.03,1000000.0,,,1000000.0,,,,,,,,,0,0,0,0,0,0,0,0,0,0,0
3.0,1.0,35.0,,News 1,The analysts have informed you that the realized volatility of RTM next week will be between 36% and 41%,173,2026-02-12 12:52:03.024727,RTM1C46,3.02,3.01,3.03,1000000.0,,,1000000.0,,,,,,,,,0,0,0,0,0,0,0,0,0,0,0
2.0,1.0,2.0,Week 1,Delta limit and penalty,The delta limit for this sub-heat is 12000 and the penalty percentage is 2%,173,2026-02-12 12:52:03.024727,RTM1P46,0.05,0.04,0.06,1000000.0,,,1000000.0,,,,,,,,,0,0,0,0,0,0,0,0,0,0,0
1.0,1.0,2.0,Week 1,Risk free rate and current annualized volatility of RTM,The current risk free rate is 0%. RTM is an ETF that mimics one of the major indices in the simulated world and its current annualized realized volatility is 22%. This simulation consists of 20 trading days that are each 15 ticks in length.,173,2026-02-12 12:52:03.024727,RTM1C47,2.08,2.06,2.08,1000000.0,,43.0,1000000.0,,,100.0,,,,,,0,0,0,0,0,0,0,0,0,0,0
,,,,,,173,2026-02-12 12:52:03.024727,RTM1P47,0.11,0.1,0.12,1000000.0,,,1000000.0,,,,8.0,,,,,0,0,0,0,0,0,0,0,0,0,0
,,,,,,173,2026-02-12 12:52:03.024727,RTM1C48,1.3,1.28,1.3,1000000.0,,40.0,1000000.0,,,150.0,,20.0,,,,0,0,0,0,0,0,0,0,0,0,0
,,,,,,173,2026-02-12 12:52:03.024727,RTM1P48,0.33,0.31,0.33,1000000.0,,,1000000.0,,,,,,,,,0,0,0,0,0,0,0,0,0,0,0
,,,,,,173,2026-02-12 12:52:03.024727,RTM1C49,0.73,0.71,0.73,1000000.0,,,1000000.0,,,8.0,,,1.0,,,0,0,0,0,0,0,0,0,0,0,0
,,,,,,173,2026-02-12 12:52:03.024727,RTM1P49,0.77,0.75,0.77,1000000.0,,,1000000.0,,,,40.0,,,,,0,0,0,0,0,0,0,0,0,0,0
,,,,,,173,2026-02-12 12:52:03.024727,RTM1C50,0.35,0.33,0.35,1000000.0,,,1000000.0,,,,100.0,,,100.0,,0,0,0,0,0,0,0,0,0,0,0
,,,,,,173,2026-02-12 12:52:03.024727,RTM1P50,1.38,1.36,1.38,1000000.0,,,1000000.0,,,,,,,,,0,0,0,0,0,0,0,0,0,0,0
,,,,,,173,2026-02-12 12:52:03.024727,RTM1C51,0.16,0.14,0.16,1000000.0,,,1000000.0,,,,100.0,,,5.0,,0,0,0,0,0,0,0,0,0,0,0
,,,,,,173,2026-02-12 12:52:03.024727,RTM1P51,2.2,2.18,2.2,1000000.0,,,1000000.0,,,,100.0,,,,30.0,0,0,0,0,0,0,0,0,0,0,0
,,,,,,173,2026-02-12 12:52:03.024727,RTM1C52,0.04,0.03,0.05,1000000.0,,,1000000.0,,,,100.0,,,100.0,,0,0,0,0,0,0,0,0,0,0,0
,,,,,,173,2026-02-12 12:52:03.024727,RTM1P52,3.09,3.07,3.09,1000000.0,,,1000000.0,,,,,,,,,0,0,0,0,0,0,0,0,0,0,0
,,,,,,173,2026-02-12 12:52:03.024727,RTM1C53,0.01,0.01,0.03,1000000.0,,,1000000.0,,,,,,,,,0,0,0,0,0,0,0,0,0,0,0
,,,,,,173,2026-02-12 12:52:03.024727,RTM1P53,4.06,4.04,4.06,1000000.0,,,1000000.0,,,,,,,,,0,0,0,0,0,0,0,0,0,0,0
,,,,,,173,2026-02-12 12:52:03.024727,RTM1C54,0.01,0.01,0.03,1000000.0,,,1000000.0,,,,,,,,,0,0,0,0,0,0,0,0,0,0,0
,,,,,,173,2026-02-12 12:52:03.024727,RTM1P54,5.05,5.03,5.05,1000000.0,,,1000000.0,,,,,,,,,0,0,0,0,0,0,0,0,0,0,0
6.0,1.0,149.0,Week 3,Announcement 2,The analysts have informed you that the realized volatility of RTM this week will be 25%,174,2026-02-12 12:52:04.053827,RTM,49.16,49.16,49.18,100000000.0,3553.0,19056.0,100000000.0,80.0,100.0,,,,,,,0,0,0,0,0,0,0,0,0,0,0
5.0,1.0,111.0,,News 2,The analysts have informed you that the realized volatility of RTM next week will be between 21% and 26%,174,2026-02-12 12:52:04.053827,RTM1C45,4.17,4.17,4.19,1000000.0,,68.0,1000000.0,,,50.0,,,,,,0,0,0,0,0,0,0,0,0,0,0
4.0,1.0,74.0,Week 2,Announcement 1,The analysts have informed you that the realized volatility of RTM this week will be 39%,174,2026-02-12 12:52:04.053827,RTM1P45,0.01,0.01,0.03,1000000.0,,,1000000.0,,,,,,,,,0,0,0,0,0,0,0,0,0,0,0
3.0,1.0,35.0,,News 1,The analysts have informed you that the realized volatility of RTM next week will be between 36% and 41%,174,2026-02-12 12:52:04.053827,RTM1C46,3.19,3.19,3.21,1000000.0,,,1000000.0,,,,,,,,,0,0,0,0,0,0,0,0,0,0,0
2.0,1.0,2.0,Week 1,Delta limit and penalty,The delta limit for this sub-heat is 12000 and the penalty percentage is 2%,174,2026-02-12 12:52:04.053827,RTM1P46,0.02,0.02,0.04,1000000.0,,,1000000.0,,,,,,,,,0,0,0,0,0,0,0,0,0,0,0
1.0,1.0,2.0,Week 1,Risk free rate and current annualized volatility of RTM,The current risk free rate is 0%. RTM is an ETF that mimics one of the major indices in the simulated world and its current annualized realized volatility is 22%. This simulation consists of 20 trading days that are each 15 ticks in length.,174,2026-02-12 12:52:04.053827,RTM1C47,2.24,2.22,2.24,1000000.0,,43.0,1000000.0,,,200.0,,,,,,0,0,0,0,0,0,0,0,0,0,0
,,,,,,174,2026-02-12 12:52:04.053827,RTM1P47,0.06,0.06,0.08,1000000.0,,,1000000.0,,,,8.0,,,,,0,0,0,0,0,0,0,0,0,0,0
,,,,,,174,2026-02-12 12:52:04.053827,RTM1C48,1.5,1.5,1.52,1000000.0,,40.0,1000000.0,,,150.0,,20.0,,,,0,0,0,0,0,0,0,0,0,0,0
,,,,,,174,2026-02-12 12:52:04.053827,RTM1P48,0.33,0.33,0.35,1000000.0,,,1000000.0,,,,,,,,,0,0,0,0,0,0,0,0,0,0,0
,,,,,,174,2026-02-12 12:52:04.053827,RTM1C49,0.81,0.79,0.81,1000000.0,,,1000000.0,,,108.0,,,30.0,,,0,0,0,0,0,0,0,0,0,0,0
,,,,,,174,2026-02-12 12:52:04.053827,RTM1P49,0.64,0.62,0.64,1000000.0,,,1000000.0,,,,40.0,,,,,0,0,0,0,0,0,0,0,0,0,0
,,,,,,174,2026-02-12 12:52:04.053827,RTM1C50,0.39,0.37,0.39,1000000.0,,,1000000.0,,,,100.0,,,100.0,,0,0,0,0,0,0,0,0,0,0,0
,,,,,,174,2026-02-12 12:52:04.053827,RTM1P50,1.22,1.2,1.22,1000000.0,,,1000000.0,,,,,,,,,0,0,0,0,0,0,0,0,0,0,0
,,,,,,174,2026-02-12 12:52:04.053827,RTM1C51,0.19,0.19,0.21,1000000.0,,,1000000.0,,,,100.0,,,5.0,,0,0,0,0,0,0,0,0,0,0,0
,,,,,,174,2026-02-12 12:52:04.053827,RTM1P51,2.02,2.02,2.04,1000000.0,,,1000000.0,,,,100.0,,,,30.0,0,0,0,0,0,0,0,0,0,0,0
,,,,,,174,2026-02-12 12:52:04.053827,RTM1C52,0.06,0.05,0.07,1000000.0,,,1000000.0,,,,100.0,,,100.0,,0,0,0,0,0,0,0,0,0,0,0
,,,,,,174,2026-02-12 12:52:04.053827,RTM1P52,2.9,2.89,2.91,1000000.0,,,1000000.0,,,,,,,,,0,0,0,0,0,0,0,0,0,0,0
,,,,,,174,2026-02-12 12:52:04.053827,RTM1C53,0.01,0.01,0.03,1000000.0,,,1000000.0,,,,,,,,,0,0,0,0,0,0,0,0,0,0,0
,,,,,,174,2026-02-12 12:52:04.053827,RTM1P53,3.85,3.84,3.86,1000000.0,,,1000000.0,,,,,,,,,0,0,0,0,0,0,0,0,0,0,0
,,,,,,174,2026-02-12 12:52:04.053827,RTM1C54,0.03,0.01,0.03,1000000.0,,,1000000.0,,,,,,,,,0,0,0,0,0,0,0,0,0,0,0
,,,,,,174,2026-02-12 12:52:04.053827,RTM1P54,4.82,4.82,4.84,1000000.0,,,1000000.0,,,,,,,,,0,0,0,0,0,0,0,0,0,0,0
6.0,1.0,149.0,Week 3,Announcement 2,The analysts have informed you that the realized volatility of RTM this week will be 25%,176,2026-02-12 12:52:05.102403,RTM,49.69,49.68,49.7,100000000.0,3553.0,19056.0,100000000.0,70.0,100.0,,,,,,,0,0,0,0,0,0,0,0,0,0,0
5.0,1.0,111.0,,News 2,The analysts have informed you that the realized volatility of RTM next week will be between 21% and 26%,176,2026-02-12 12:52:05.102403,RTM1C45,4.69,4.68,4.7,1000000.0,,68.0,1000000.0,,,50.0,,,,,,0,0,0,0,0,0,0,0,0,0,0
4.0,1.0,74.0,Week 2,Announcement 1,The analysts have informed you that the realized volatility of RTM this week will be 39%,176,2026-02-12 12:52:05.102403,RTM1P45,0.02,0.01,0.03,1000000.0,,,1000000.0,,,,,,,,,0,0,0,0,0,0,0,0,0,0,0
3.0,1.0,35.0,,News 1,The analysts have informed you that the realized volatility of RTM next week will be between 36% and 41%,176,2026-02-12 12:52:05.102403,RTM1C46,3.71,3.7,3.72,1000000.0,,,1000000.0,,,,,,,,,0,0,0,0,0,0,0,0,0,0,0
2.0,1.0,2.0,Week 1,Delta limit and penalty,The delta limit for this sub-heat is 12000 and the penalty percentage is 2%,176,2026-02-12 12:52:05.102403,RTM1P46,0.02,0.01,0.03,1000000.0,,,1000000.0,,,,,,,,,0,0,0,0,0,0,0,0,0,0,0
1.0,1.0,2.0,Week 1,Risk free rate and current annualized volatility of RTM,The current risk free rate is 0%. RTM is an ETF that mimics one of the major indices in the simulated world and its current annualized realized volatility is 22%. This simulation consists of 20 trading days that are each 15 ticks in length.,176,2026-02-12 12:52:05.102403,RTM1C47,2.74,2.73,2.75,1000000.0,,43.0,1000000.0,,,200.0,,,,,,0,0,0,0,0,0,0,0,0,0,0
,,,,,,176,2026-02-12 12:52:05.102403,RTM1P47,0.05,0.04,0.06,1000000.0,,,1000000.0,,,,8.0,,,,,0,0,0,0,0,0,0,0,0,0,0
,,,,,,176,2026-02-12 12:52:05.102403,RTM1C48,1.88,1.87,1.89,1000000.0,,40.0,1000000.0,,,150.0,,20.0,,,,0,0,0,0,0,0,0,0,0,0,0
,,,,,,176,2026-02-12 12:52:05.102403,RTM1P48,0.19,0.18,0.2,1000000.0,,,1000000.0,,,,,,,,,0,0,0,0,0,0,0,0,0,0,0
,,,,,,176,2026-02-12 12:52:05.102403,RTM1C49,1.11,1.1,1.12,1000000.0,,,1000000.0,,,108.0,,,60.0,30.0,,0,0,0,0,0,0,0,0,0,0,0
,,,,,,176,2026-02-12 12:52:05.102403,RTM1P49,0.42,0.41,0.43,1000000.0,,,1000000.0,,,,40.0,,,,,0,0,0,0,0,0,0,0,0,0,0
,,,,,,176,2026-02-12 12:52:05.102403,RTM1C50,0.66,0.65,0.67,1000000.0,,,1000000.0,,,,,,,,,0,0,0,0,0,0,0,0,0,0,0
,,,,,,176,2026-02-12 12:52:05.102403,RTM1P50,0.97,0.96,0.98,1000000.0,,,1000000.0,,,,,,,,,0,0,0,0,0,0,0,0,0,0,0
,,,,,,176,2026-02-12 12:52:05.102403,RTM1C51,0.29,0.28,0.3,1000000.0,,,1000000.0,,,,100.0,,,,5.0,0,0,0,0,0,0,0,0,0,0,0
,,,,,,176,2026-02-12 12:52:05.102403,RTM1P51,1.6,1.59,1.61,1000000.0,,,1000000.0,,,,100.0,,,30.0,,0,0,0,0,0,0,0,0,0,0,0
,,,,,,176,2026-02-12 12:52:05.102403,RTM1C52,0.14,0.13,0.15,1000000.0,,,1000000.0,,,,100.0,,,,100.0,0,0,0,0,0,0,0,0,0,0,0
,,,,,,176,2026-02-12 12:52:05.102403,RTM1P52,2.45,2.44,2.46,1000000.0,,,1000000.0,,,,,,,,,0,0,0,0,0,0,0,0,0,0,0
,,,,,,176,2026-02-12 12:52:05.102403,RTM1C53,0.03,0.02,0.04,1000000.0,,,1000000.0,,,,,,,,,0,0,0,0,0,0,0,0,0,0,0
,,,,,,176,2026-02-12 12:52:05.102403,RTM1P53,3.34,3.33,3.35,1000000.0,,,1000000.0,,,,,,,,,0,0,0,0,0,0,0,0,0,0,0
,,,,,,176,2026-02-12 12:52:05.102403,RTM1C54,0.02,0.01,0.03,1000000.0,,,1000000.0,,,,,,,,,0,0,0,0,0,0,0,0,0,0,0
,,,,,,176,2026-02-12 12:52:05.102403,RTM1P54,4.32,4.31,4.33,1000000.0,,,1000000.0,,,,,,,,,0,0,0,0,0,0,0,0,0,0,0
6.0,1.0,149.0,Week 3,Announcement 2,The analysts have informed you that the realized volatility of RTM this week will be 25%,177,2026-02-12 12:52:06.128291,RTM,49.68,49.67,49.69,100000000.0,3553.0,19056.0,100000000.0,70.0,100.0,,,,,,,,0,0,0,0,0,0,0,0,0,0
5.0,1.0,111.0,,News 2,The analysts have informed you that the realized volatility of RTM next week will be between 21% and 26%,177,2026-02-12 12:52:06.128291,RTM1C45,4.68,4.67,4.69,1000000.0,,68.0,1000000.0,,,2.0,50.0,,,,,,0,0,0,0,0,0,0,0,0,0
4.0,1.0,74.0,Week 2,Announcement 1,The analysts have informed you that the realized volatility of RTM this week will be 39%,177,2026-02-12 12:52:06.128291,RTM1P45,0.02,0.01,0.03,1000000.0,,,1000000.0,,,,,,,,,,0,0,0,0,0,0,0,0,0,0
3.0,1.0,35.0,,News 1,The analysts have informed you that the realized volatility of RTM next week will be between 36% and 41%,177,2026-02-12 12:52:06.128291,RTM1C46,3.69,3.68,3.7,1000000.0,,,1000000.0,,,,,,,,,,0,0,0,0,0,0,0,0,0,0
2.0,1.0,2.0,Week 1,Delta limit and penalty,The delta limit for this sub-heat is 12000 and the penalty percentage is 2%,177,2026-02-12 12:52:06.128291,RTM1P46,0.02,0.01,0.03,1000000.0,,,1000000.0,,,,,,,,,,0,0,0,0,0,0,0,0,0,0
1.0,1.0,2.0,Week 1,Risk free rate and current annualized volatility of RTM,The current risk free rate is 0%. RTM is an ETF that mimics one of the major indices in the simulated world and its current annualized realized volatility is 22%. This simulation consists of 20 trading days that are each 15 ticks in length.,177,2026-02-12 12:52:06.128291,RTM1C47,2.74,2.73,2.75,1000000.0,,43.0,1000000.0,,,15.0,200.0,,,,,,0,0,0,0,0,0,0,0,0,0
,,,,,,177,2026-02-12 12:52:06.128291,RTM1P47,0.05,0.04,0.06,1000000.0,,,1000000.0,,,,,8.0,,,,,0,0,0,0,0,0,0,0,0,0
,,,,,,177,2026-02-12 12:52:06.128291,RTM1C48,1.85,1.84,1.86,1000000.0,,40.0,1000000.0,,,10.0,150.0,,20.0,,,,0,0,0,0,0,0,0,0,0,0
,,,,,,177,2026-02-12 12:52:06.128291,RTM1P48,0.16,0.15,0.17,1000000.0,,,1000000.0,,,,,,,,,,0,0,0,0,0,0,0,0,0,0
,,,,,,177,2026-02-12 12:52:06.128291,RTM1C49,1.15,1.14,1.16,1000000.0,,,1000000.0,,,,108.0,,,60.0,30.0,,0,0,0,0,0,0,0,0,0,0
,,,,,,177,2026-02-12 12:52:06.128291,RTM1P49,0.47,0.46,0.48,1000000.0,,,1000000.0,,,,,40.0,,,,,0,0,0,0,0,0,0,0,0,0
,,,,,,177,2026-02-12 12:52:06.128291,RTM1C50,0.59,0.58,0.6,1000000.0,,,1000000.0,,,,,,,30.0,30.0,,0,0,0,0,0,0,0,0,0,0
,,,,,,177,2026-02-12 12:52:06.128291,RTM1P50,0.91,0.9,0.92,1000000.0,,,1000000.0,,,,,,,,,,0,0,0,0,0,0,0,0,0,0
,,,,,,177,2026-02-12 12:52:06.128291,RTM1C51,0.3,0.29,0.31,1000000.0,,,1000000.0,,,,,100.0,,,,5.0,0,0,0,0,0,0,0,0,0,0
,,,,,,177,2026-02-12 12:52:06.128291,RTM1P51,1.62,1.61,1.63,1000000.0,,,1000000.0,,,,,100.0,,,30.0,,0,0,0,0,0,0,0,0,0,0
,,,,,,177,2026-02-12 12:52:06.128291,RTM1C52,0.12,0.11,0.13,1000000.0,,,1000000.0,,,,,100.0,,,,100.0,0,0,0,0,0,0,0,0,0,0
,,,,,,177,2026-02-12 12:52:06.128291,RTM1P52,2.44,2.43,2.45,1000000.0,,,1000000.0,,,,,,,,,,0,0,0,0,0,0,0,0,0,0
,,,,,,177,2026-02-12 12:52:06.128291,RTM1C53,0.02,0.01,0.03,1000000.0,,,1000000.0,,,,,,,,,,0,0,0,0,0,0,0,0,0,0
,,,,,,177,2026-02-12 12:52:06.128291,RTM1P53,3.34,3.33,3.35,1000000.0,,,1000000.0,,,,,,,,,,0,0,0,0,0,0,0,0,0,0
,,,,,,177,2026-02-12 12:52:06.128291,RTM1C54,0.02,0.01,0.03,1000000.0,,,1000000.0,,,,,,,,,,0,0,0,0,0,0,0,0,0,0
,,,,,,177,2026-02-12 12:52:06.128291,RTM1P54,4.33,4.32,4.34,1000000.0,,,1000000.0,,,,,,,,,,0,0,0,0,0,0,0,0,0,0
6.0,1.0,149.0,Week 3,Announcement 2,The analysts have informed you that the realized volatility of RTM this week will be 25%,178,2026-02-12 12:52:07.157717,RTM,49.52,49.51,49.53,100000000.0,3553.0,19056.0,100000000.0,70.0,100.0,,,,,,,,,0,0,0,0,0,0,0,0,0
5.0,1.0,111.0,,News 2,The analysts have informed you that the realized volatility of RTM next week will be between 21% and 26%,178,2026-02-12 12:52:07.157717,RTM1C45,4.53,4.52,4.54,1000000.0,,68.0,1000000.0,,,2.0,50.0,,,,,,,0,0,0,0,0,0,0,0,0
4.0,1.0,74.0,Week 2,Announcement 1,The analysts have informed you that the realized volatility of RTM this week will be 39%,178,2026-02-12 12:52:07.157717,RTM1P45,0.02,0.01,0.03,1000000.0,,,1000000.0,,,,,,,,,,,0,0,0,0,0,0,0,0,0
3.0,1.0,35.0,,News 1,The analysts have informed you that the realized volatility of RTM next week will be between 36% and 41%,178,2026-02-12 12:52:07.157717,RTM1C46,3.54,3.53,3.55,1000000.0,,,1000000.0,,,,,,,,,,,0,0,0,0,0,0,0,0,0
2.0,1.0,2.0,Week 1,Delta limit and penalty,The delta limit for this sub-heat is 12000 and the penalty percentage is 2%,178,2026-02-12 12:52:07.157717,RTM1P46,0.02,0.01,0.03,1000000.0,,,1000000.0,,,,,,,,,,,0,0,0,0,0,0,0,0,0
1.0,1.0,2.0,Week 1,Risk free rate and current annualized volatility of RTM,The current risk free rate is 0%. RTM is an ETF that mimics one of the major indices in the simulated world and its current annualized realized volatility is 22%. This simulation consists of 20 trading days that are each 15 ticks in length.,178,2026-02-12 12:52:07.157717,RTM1C47,2.59,2.58,2.6,1000000.0,,43.0,1000000.0,,,15.0,200.0,,,,,,,0,0,0,0,0,0,0,0,0
,,,,,,178,2026-02-12 12:52:07.157717,RTM1P47,0.06,0.05,0.07,1000000.0,,,1000000.0,,,,,8.0,,,,,,0,0,0,0,0,0,0,0,0
,,,,,,178,2026-02-12 12:52:07.157717,RTM1C48,1.72,1.71,1.73,1000000.0,,40.0,1000000.0,,,10.0,150.0,,20.0,100.0,,,,0,0,0,0,0,0,0,0,0
,,,,,,178,2026-02-12 12:52:07.157717,RTM1P48,0.2,0.19,0.21,1000000.0,,,1000000.0,,,,,,,,,,,0,0,0,0,0,0,0,0,0
,,,,,,178,2026-02-12 12:52:07.157717,RTM1C49,1.08,1.07,1.09,1000000.0,,,1000000.0,,,,108.0,,,,60.0,30.0,,0,0,0,0,0,0,0,0,0
,,,,,,178,2026-02-12 12:52:07.157717,RTM1P49,0.56,0.55,0.57,1000000.0,,,1000000.0,,,,,40.0,,,,,,0,0,0,0,0,0,0,0,0
,,,,,,178,2026-02-12 12:52:07.157717,RTM1C50,0.52,0.51,0.53,1000000.0,,,1000000.0,,,,,,,,30.0,30.0,,0,0,0,0,0,0,0,0,0
,,,,,,178,2026-02-12 12:52:07.157717,RTM1P50,0.99,0.98,1.0,1000000.0,,,1000000.0,,,,,,,,,,,0,0,0,0,0,0,0,0,0
,,,,,,178,2026-02-12 12:52:07.157717,RTM1C51,0.26,0.25,0.27,1000000.0,,,1000000.0,,,,,100.0,,,,,5.0,0,0,0,0,0,0,0,0,0
,,,,,,178,2026-02-12 12:52:07.157717,RTM1P51,1.74,1.73,1.75,1000000.0,,,1000000.0,,,,4.0,100.0,,,,30.0,,0,0,0,0,0,0,0,0,0
,,,,,,178,2026-02-12 12:52:07.157717,RTM1C52,0.09,0.08,0.1,1000000.0,,,1000000.0,,,,,100.0,,,,,100.0,0,0,0,0,0,0,0,0,0
,,,,,,178,2026-02-12 12:52:07.157717,RTM1P52,2.57,2.56,2.58,1000000.0,,,1000000.0,,,,,,,,,,,0,0,0,0,0,0,0,0,0
,,,,,,178,2026-02-12 12:52:07.157717,RTM1C53,0.02,0.01,0.03,1000000.0,,,1000000.0,,,,,,,,,,,0,0,0,0,0,0,0,0,0
,,,,,,178,2026-02-12 12:52:07.157717,RTM1P53,3.5,3.49,3.51,1000000.0,,,1000000.0,,,,,,,,,,,0,0,0,0,0,0,0,0,0
,,,,,,178,2026-02-12 12:52:07.157717,RTM1C54,0.02,0.01,0.03,1000000.0,,,1000000.0,,,,,,,,,,,0,0,0,0,0,0,0,0,0
,,,,,,178,2026-02-12 12:52:07.157717,RTM1P54,4.49,4.48,4.5,1000000.0,,,1000000.0,,,,,,,,,,,0,0,0,0,0,0,0,0,0
6.0,1.0,149.0,Week 3,Announcement 2,The analysts have informed you that the realized volatility of RTM this week will be 25%,179,2026-02-12 12:52:08.187067,RTM,49.29,49.28,49.3,100000000.0,3553.0,19056.0,100000000.0,70.0,100.0,,,,,,,,0,0,0,0,0,0,0,0,0,0
5.0,1.0,111.0,,News 2,The analysts have informed you that the realized volatility of RTM next week will be between 21% and 26%,179,2026-02-12 12:52:08.187067,RTM1C45,4.3,4.29,4.31,1000000.0,,68.0,1000000.0,,,50.0,,,,,,,0,0,0,0,0,0,0,0,0,0
4.0,1.0,74.0,Week 2,Announcement 1,The analysts have informed you that the realized volatility of RTM this week will be 39%,179,2026-02-12 12:52:08.187067,RTM1P45,0.02,0.01,0.03,1000000.0,,,1000000.0,,,,,,,,,,0,0,0,0,0,0,0,0,0,0
3.0,1.0,35.0,,News 1,The analysts have informed you that the realized volatility of RTM next week will be between 36% and 41%,179,2026-02-12 12:52:08.187067,RTM1C46,3.32,3.31,3.33,1000000.0,,,1000000.0,,,,,,,,,,0,0,0,0,0,0,0,0,0,0
2.0,1.0,2.0,Week 1,Delta limit and penalty,The delta limit for this sub-heat is 12000 and the penalty percentage is 2%,179,2026-02-12 12:52:08.187067,RTM1P46,0.02,0.01,0.03,1000000.0,,,1000000.0,,,,,,,,,,0,0,0,0,0,0,0,0,0,0
1.0,1.0,2.0,Week 1,Risk free rate and current annualized volatility of RTM,The current risk free rate is 0%. RTM is an ETF that mimics one of the major indices in the simulated world and its current annualized realized volatility is 22%. This simulation consists of 20 trading days that are each 15 ticks in length.,179,2026-02-12 12:52:08.187067,RTM1C47,2.41,2.4,2.42,1000000.0,,43.0,1000000.0,,,200.0,,,,,,,0,0,0,0,0,0,0,0,0,0
,,,,,,179,2026-02-12 12:52:08.187067,RTM1P47,0.11,0.1,0.12,1000000.0,,,1000000.0,,,,8.0,,,,,,0,0,0,0,0,0,0,0,0,0
,,,,,,179,2026-02-12 12:52:08.187067,RTM1C48,1.55,1.54,1.56,1000000.0,,40.0,1000000.0,,,150.0,,100.0,,,,,0,0,0,0,0,0,0,0,0,0
,,,,,,179,2026-02-12 12:52:08.187067,RTM1P48,0.25,0.24,0.26,1000000.0,,,1000000.0,,,,,,10.0,,,,0,0,0,0,0,0,0,0,0,0
,,,,,,179,2026-02-12 12:52:08.187067,RTM1C49,0.9,0.89,0.91,1000000.0,,,1000000.0,,,108.0,,,,60.0,30.0,,0,0,0,0,0,0,0,0,0,0
,,,,,,179,2026-02-12 12:52:08.187067,RTM1P49,0.61,0.6,0.62,1000000.0,,,1000000.0,,,,40.0,,8.0,,,,0,0,0,0,0,0,0,0,0,0
,,,,,,179,2026-02-12 12:52:08.187067,RTM1C50,0.5,0.49,0.51,1000000.0,,,1000000.0,,,,,,,30.0,30.0,,0,0,0,0,0,0,0,0,0,0
,,,,,,179,2026-02-12 12:52:08.187067,RTM1P50,1.2,1.19,1.21,1000000.0,,,1000000.0,,,10.0,,,,,,,0,0,0,0,0,0,0,0,0,0
,,,,,,179,2026-02-12 12:52:08.187067,RTM1C51,0.22,0.21,0.23,1000000.0,,,1000000.0,,,,100.0,,,,,5.0,0,0,0,0,0,0,0,0,0,0
,,,,,,179,2026-02-12 12:52:08.187067,RTM1P51,1.92,1.91,1.93,1000000.0,,,1000000.0,,,4.0,100.0,,,,30.0,,0,0,0,0,0,0,0,0,0,0
,,,,,,179,2026-02-12 12:52:08.187067,RTM1C52,0.09,0.08,0.1,1000000.0,,,1000000.0,,,,100.0,,,,,100.0,0,0,0,0,0,0,0,0,0,0
,,,,,,179,2026-02-12 12:52:08.187067,RTM1P52,2.8,2.79,2.81,1000000.0,,,1000000.0,,,,,,,,,,0,0,0,0,0,0,0,0,0,0
,,,,,,179,2026-02-12 12:52:08.187067,RTM1C53,0.03,0.02,0.04,1000000.0,,,1000000.0,,,,,,,,,,0,0,0,0,0,0,0,0,0,0
,,,,,,179,2026-02-12 12:52:08.187067,RTM1P53,3.73,3.72,3.74,1000000.0,,,1000000.0,,,,,,,,,,0,0,0,0,0,0,0,0,0,0
,,,,,,179,2026-02-12 12:52:08.187067,RTM1C54,0.02,0.01,0.03,1000000.0,,,1000000.0,,,,,,,,,,0,0,0,0,0,0,0,0,0,0
,,,,,,179,2026-02-12 12:52:08.187067,RTM1P54,4.71,4.7,4.72,1000000.0,,,1000000.0,,,,,,,,,,0,0,0,0,0,0,0,0,0,0
6.0,1.0,149.0,Week 3,Announcement 2,The analysts have informed you that the realized volatility of RTM this week will be 25%,180,2026-02-12 12:52:09.214485,RTM,49.48,49.47,49.49,100000000.0,19056.0,100000000.0,70.0,100.0,,,,,,,,0,0,0,0,0,0,0,0,0,0,0
5.0,1.0,111.0,,News 2,The analysts have informed you that the realized volatility of RTM next week will be between 21% and 26%,180,2026-02-12 12:52:09.214485,RTM1C45,4.48,4.47,4.49,1000000.0,68.0,1000000.0,,,50.0,,,,,,,0,0,0,0,0,0,0,0,0,0,0
4.0,1.0,74.0,Week 2,Announcement 1,The analysts have informed you that the realized volatility of RTM this week will be 39%,180,2026-02-12 12:52:09.214485,RTM1P45,0.02,0.01,0.03,1000000.0,,1000000.0,,,,,,,,,,0,0,0,0,0,0,0,0,0,0,0
3.0,1.0,35.0,,News 1,The analysts have informed you that the realized volatility of RTM next week will be between 36% and 41%,180,2026-02-12 12:52:09.214485,RTM1C46,3.5,3.49,3.51,1000000.0,,1000000.0,,,,,,,,,,0,0,0,0,0,0,0,0,0,0,0
2.0,1.0,2.0,Week 1,Delta limit and penalty,The delta limit for this sub-heat is 12000 and the penalty percentage is 2%,180,2026-02-12 12:52:09.214485,RTM1P46,0.02,0.01,0.03,1000000.0,,1000000.0,,,,,,,,,,0,0,0,0,0,0,0,0,0,0,0
1.0,1.0,2.0,Week 1,Risk free rate and current annualized volatility of RTM,The current risk free rate is 0%. RTM is an ETF that mimics one of the major indices in the simulated world and its current annualized realized volatility is 22%. This simulation consists of 20 trading days that are each 15 ticks in length.,180,2026-02-12 12:52:09.214485,RTM1C47,2.55,2.54,2.56,1000000.0,43.0,1000000.0,,,200.0,,,,,,,0,0,0,0,0,0,0,0,0,0,0
,,,,,,180,2026-02-12 12:52:09.214485,RTM1P47,0.07,0.07,0.08,1000000.0,,1000000.0,,,,1.0,8.0,,,,,0,0,0,0,0,0,0,0,0,0,0
,,,,,,180,2026-02-12 12:52:09.214485,RTM1C48,1.74,1.73,1.75,1000000.0,40.0,1000000.0,,,150.0,,,100.0,,,,0,0,0,0,0,0,0,0,0,0,0
,,,,,,180,2026-02-12 12:52:09.214485,RTM1P48,0.26,0.25,0.27,1000000.0,,1000000.0,,,,10.0,,,,,,0,0,0,0,0,0,0,0,0,0,0
,,,,,,180,2026-02-12 12:52:09.214485,RTM1C49,1.05,1.04,1.06,1000000.0,,1000000.0,,,108.0,,,,60.0,60.0,,0,0,0,0,0,0,0,0,0,0,0
,,,,,,180,2026-02-12 12:52:09.214485,RTM1P49,0.57,0.56,0.58,1000000.0,,1000000.0,,,,8.0,40.0,,,,,0,0,0,0,0,0,0,0,0,0,0
,,,,,,180,2026-02-12 12:52:09.214485,RTM1C50,0.5,0.49,0.51,1000000.0,,1000000.0,,,,,,,,,,0,0,0,0,0,0,0,0,0,0,0
,,,,,,180,2026-02-12 12:52:09.214485,RTM1P50,1.02,1.01,1.03,1000000.0,,1000000.0,,,10.0,,,,30.0,,,0,0,0,0,0,0,0,0,0,0,0
,,,,,,180,2026-02-12 12:52:09.214485,RTM1C51,0.22,0.21,0.23,1000000.0,,1000000.0,,,,,100.0,,,,5.0,0,0,0,0,0,0,0,0,0,0,0
,,,,,,180,2026-02-12 12:52:09.214485,RTM1P51,1.74,1.73,1.75,1000000.0,,1000000.0,,,4.0,9.0,100.0,,30.0,,,0,0,0,0,0,0,0,0,0,0,0
,,,,,,180,2026-02-12 12:52:09.214485,RTM1C52,0.1,0.09,0.11,1000000.0,,1000000.0,,,,,100.0,,,,100.0,0,0,0,0,0,0,0,0,0,0,0
,,,,,,180,2026-02-12 12:52:09.214485,RTM1P52,2.62,2.61,2.63,1000000.0,,1000000.0,,,,,,,,,,0,0,0,0,0,0,0,0,0,0,0
,,,,,,180,2026-02-12 12:52:09.214485,RTM1C53,0.02,0.01,0.03,1000000.0,,1000000.0,,,,,,,,,,0,0,0,0,0,0,0,0,0,0,0
,,,,,,180,2026-02-12 12:52:09.214485,RTM1P53,3.54,3.53,3.55,1000000.0,,1000000.0,,,,20.0,,,,,,0,0,0,0,0,0,0,0,0,0,0
,,,,,,180,2026-02-12 12:52:09.214485,RTM1C54,0.02,0.01,0.03,1000000.0,,1000000.0,,,,,,,,,,0,0,0,0,0,0,0,0,0,0,0
,,,,,,180,2026-02-12 12:52:09.214485,RTM1P54,4.53,4.52,4.54,1000000.0,,1000000.0,,,,,,,,,,0,0,0,0,0,0,0,0,0,0,0
6.0,1.0,149.0,Week 3,Announcement 2,The analysts have informed you that the realized volatility of RTM this week will be 25%,181,2026-02-12 12:52:10.243348,RTM,49.55,49.55,49.57,100000000.0,19056.0,100000000.0,70.0,100.0,,,,,,,,0,0,0,0,0,0,0,0,0,0,0
5.0,1.0,111.0,,News 2,The analysts have informed you that the realized volatility of RTM next week will be between 21% and 26%,181,2026-02-12 12:52:10.243348,RTM1C45,4.57,4.56,4.58,1000000.0,68.0,1000000.0,,,50.0,,,,,,,0,0,0,0,0,0,0,0,0,0,0
4.0,1.0,74.0,Week 2,Announcement 1,The analysts have informed you that the realized volatility of RTM this week will be 39%,181,2026-02-12 12:52:10.243348,RTM1P45,0.02,0.01,0.03,1000000.0,,1000000.0,,,,,,,,,,0,0,0,0,0,0,0,0,0,0,0
3.0,1.0,35.0,,News 1,The analysts have informed you that the realized volatility of RTM next week will be between 36% and 41%,181,2026-02-12 12:52:10.243348,RTM1C46,3.58,3.57,3.59,1000000.0,,1000000.0,,,,,,,,,,0,0,0,0,0,0,0,0,0,0,0
2.0,1.0,2.0,Week 1,Delta limit and penalty,The delta limit for this sub-heat is 12000 and the penalty percentage is 2%,181,2026-02-12 12:52:10.243348,RTM1P46,0.02,0.01,0.03,1000000.0,,1000000.0,,,,,,,,,,0,0,0,0,0,0,0,0,0,0,0
1.0,1.0,2.0,Week 1,Risk free rate and current annualized volatility of RTM,The current risk free rate is 0%. RTM is an ETF that mimics one of the major indices in the simulated world and its current annualized realized volatility is 22%. This simulation consists of 20 trading days that are each 15 ticks in length.,181,2026-02-12 12:52:10.243348,RTM1C47,2.64,2.63,2.65,1000000.0,43.0,1000000.0,,,200.0,,,,,,,0,0,0,0,0,0,0,0,0,0,0
,,,,,,181,2026-02-12 12:52:10.243348,RTM1P47,0.07,0.06,0.08,1000000.0,,1000000.0,,,,8.0,,,,,,0,0,0,0,0,0,0,0,0,0,0
,,,,,,181,2026-02-12 12:52:10.243348,RTM1C48,1.8,1.79,1.81,1000000.0,40.0,1000000.0,,,150.0,,100.0,,,,,0,0,0,0,0,0,0,0,0,0,0
,,,,,,181,2026-02-12 12:52:10.243348,RTM1P48,0.23,0.22,0.24,1000000.0,,1000000.0,,,,,,10.0,,,,0,0,0,0,0,0,0,0,0,0,0
,,,,,,181,2026-02-12 12:52:10.243348,RTM1C49,1.06,1.05,1.07,1000000.0,,1000000.0,,,108.0,,,,60.0,90.0,,0,0,0,0,0,0,0,0,0,0,0
,,,,,,181,2026-02-12 12:52:10.243348,RTM1P49,0.5,0.49,0.51,1000000.0,,1000000.0,,,,40.0,,8.0,,,,0,0,0,0,0,0,0,0,0,0,0
,,,,,,181,2026-02-12 12:52:10.243348,RTM1C50,0.58,0.57,0.59,1000000.0,,1000000.0,,,,,,,,30.0,,0,0,0,0,0,0,0,0,0,0,0
,,,,,,181,2026-02-12 12:52:10.243348,RTM1P50,1.01,1.01,1.03,1000000.0,,1000000.0,,,10.0,,,,30.0,,,0,0,0,0,0,0,0,0,0,0,0
,,,,,,181,2026-02-12 12:52:10.243348,RTM1C51,0.27,0.26,0.28,1000000.0,,1000000.0,,,,100.0,,,,,5.0,0,0,0,0,0,0,0,0,0,0,0
,,,,,,181,2026-02-12 12:52:10.243348,RTM1P51,1.7,1.69,1.71,1000000.0,,1000000.0,,,4.0,100.0,,9.0,30.0,,,0,0,0,0,0,0,0,0,0,0,0
,,,,,,181,2026-02-12 12:52:10.243348,RTM1C52,0.1,0.09,0.11,1000000.0,,1000000.0,,,,100.0,,,,,100.0,0,0,0,0,0,0,0,0,0,0,0
,,,,,,181,2026-02-12 12:52:10.243348,RTM1P52,2.54,2.53,2.55,1000000.0,,1000000.0,,,,,,,,,,0,0,0,0,0,0,0,0,0,0,0
,,,,,,181,2026-02-12 12:52:10.243348,RTM1C53,0.04,0.03,0.05,1000000.0,,1000000.0,,,,,,,,,,0,0,0,0,0,0,0,0,0,0,0
,,,,,,181,2026-02-12 12:52:10.243348,RTM1P53,3.47,3.46,3.48,1000000.0,,1000000.0,,,,,,20.0,,,,0,0,0,0,0,0,0,0,0,0,0
,,,,,,181,2026-02-12 12:52:10.243348,RTM1C54,0.02,0.01,0.03,1000000.0,,1000000.0,,,,,,,,,,0,0,0,0,0,0,0,0,0,0,0
,,,,,,181,2026-02-12 12:52:10.243348,RTM1P54,4.45,4.44,4.46,1000000.0,,1000000.0,,,,,,,,,,0,0,0,0,0,0,0,0,0,0,0
6.0,1.0,149.0,Week 3,Announcement 2,The analysts have informed you that the realized volatility of RTM this week will be 25%,182,2026-02-12 12:52:11.272655,RTM,49.82,49.82,49.84,100000000.0,19056.0,100000000.0,70.0,100.0,,,,,,,0,0,0,0,0,0,0,0,0,0,0,0,0
5.0,1.0,111.0,,News 2,The analysts have informed you that the realized volatility of RTM next week will be between 21% and 26%,182,2026-02-12 12:52:11.272655,RTM1C45,4.82,4.82,4.84,1000000.0,68.0,1000000.0,,,50.0,,,,,,0,0,0,0,0,0,0,0,0,0,0,0,0
4.0,1.0,74.0,Week 2,Announcement 1,The analysts have informed you that the realized volatility of RTM this week will be 39%,182,2026-02-12 12:52:11.272655,RTM1P45,0.02,0.01,0.03,1000000.0,,1000000.0,,,,,,,,,0,0,0,0,0,0,0,0,0,0,0,0,0
3.0,1.0,35.0,,News 1,The analysts have informed you that the realized volatility of RTM next week will be between 36% and 41%,182,2026-02-12 12:52:11.272655,RTM1C46,3.84,3.83,3.85,1000000.0,,1000000.0,,,,,,,,,0,0,0,0,0,0,0,0,0,0,0,0,0
2.0,1.0,2.0,Week 1,Delta limit and penalty,The delta limit for this sub-heat is 12000 and the penalty percentage is 2%,182,2026-02-12 12:52:11.272655,RTM1P46,0.02,0.01,0.03,1000000.0,,1000000.0,,,,,,,,,0,0,0,0,0,0,0,0,0,0,0,0,0
1.0,1.0,2.0,Week 1,Risk free rate and current annualized volatility of RTM,The current risk free rate is 0%. RTM is an ETF that mimics one of the major indices in the simulated world and its current annualized realized volatility is 22%. This simulation consists of 20 trading days that are each 15 ticks in length.,182,2026-02-12 12:52:11.272655,RTM1C47,2.88,2.87,2.89,1000000.0,43.0,1000000.0,,,200.0,,,,,,0,0,0,0,0,0,0,0,0,0,0,0,0
,,,,,,182,2026-02-12 12:52:11.272655,RTM1P47,0.04,0.04,0.06,1000000.0,,1000000.0,,,,8.0,,,,,0,0,0,0,0,0,0,0,0,0,0,0,0
,,,,,,182,2026-02-12 12:52:11.272655,RTM1C48,1.98,1.97,1.99,1000000.0,40.0,1000000.0,,,150.0,,1.0,,,,0,0,0,0,0,0,0,0,0,0,0,0,0
,,,,,,182,2026-02-12 12:52:11.272655,RTM1P48,0.15,0.14,0.16,1000000.0,,1000000.0,,,,,,,,,0,0,0,0,0,0,0,0,0,0,0,0,0
,,,,,,182,2026-02-12 12:52:11.272655,RTM1C49,1.25,1.24,1.26,1000000.0,,1000000.0,,,108.0,,,60.0,90.0,,0,0,0,0,0,0,0,0,0,0,0,0,0
,,,,,,182,2026-02-12 12:52:11.272655,RTM1P49,0.42,0.41,0.43,1000000.0,,1000000.0,,,,40.0,,,,,0,0,0,0,0,0,0,0,0,0,0,0,0
,,,,,,182,2026-02-12 12:52:11.272655,RTM1C50,0.68,0.66,0.68,1000000.0,,1000000.0,,,,,,30.0,30.0,,0,0,0,0,0,0,0,0,0,0,0,0,0
,,,,,,182,2026-02-12 12:52:11.272655,RTM1P50,0.83,0.83,0.85,1000000.0,,1000000.0,,,,,,,,,0,0,0,0,0,0,0,0,0,0,0,0,0
,,,,,,182,2026-02-12 12:52:11.272655,RTM1C51,0.32,0.31,0.33,1000000.0,,1000000.0,,,,100.0,,,,5.0,0,0,0,0,0,0,0,0,0,0,0,0,0
,,,,,,182,2026-02-12 12:52:11.272655,RTM1P51,1.49,1.48,1.5,1000000.0,,1000000.0,,,,100.0,,30.0,,,0,0,0,0,0,0,0,0,0,0,0,0,0
,,,,,,182,2026-02-12 12:52:11.272655,RTM1C52,0.12,0.11,0.13,1000000.0,,1000000.0,,,,100.0,,,,100.0,0,0,0,0,0,0,0,0,0,0,0,0,0
,,,,,,182,2026-02-12 12:52:11.272655,RTM1P52,2.29,2.28,2.3,1000000.0,,1000000.0,,,,,,,,,0,0,0,0,0,0,0,0,0,0,0,0,0
,,,,,,182,2026-02-12 12:52:11.272655,RTM1C53,0.05,0.04,0.06,1000000.0,,1000000.0,,,,,,,,,0,0,0,0,0,0,0,0,0,0,0,0,0
,,,,,,182,2026-02-12 12:52:11.272655,RTM1P53,3.22,3.21,3.23,1000000.0,,1000000.0,,,,,,,,,0,0,0,0,0,0,0,0,0,0,0,0,0
,,,,,,182,2026-02-12 12:52:11.272655,RTM1C54,0.02,0.01,0.03,1000000.0,,1000000.0,,,,,,,,,0,0,0,0,0,0,0,0,0,0,0,0,0
,,,,,,182,2026-02-12 12:52:11.272655,RTM1P54,4.18,4.17,4.19,1000000.0,,1000000.0,,,,,,,,,0,0,0,0,0,0,0,0,0,0,0,0,0
6.0,1.0,149.0,Week 3,Announcement 2,The analysts have informed you that the realized volatility of RTM this week will be 25%,183,2026-02-12 12:52:12.298821,RTM,49.81,49.8,49.82,100000000.0,19056.0,100000000.0,383.0,70.0,100.0,,,,,,0,0,0,0,0,0,0,0,0,0,0,0,0
5.0,1.0,111.0,,News 2,The analysts have informed you that the realized volatility of RTM next week will be between 21% and 26%,183,2026-02-12 12:52:12.298821,RTM1C45,4.81,4.8,4.82,1000000.0,68.0,1000000.0,,,,50.0,,,,,0,0,0,0,0,0,0,0,0,0,0,0,0
4.0,1.0,74.0,Week 2,Announcement 1,The analysts have informed you that the realized volatility of RTM this week will be 39%,183,2026-02-12 12:52:12.298821,RTM1P45,0.02,0.01,0.03,1000000.0,,1000000.0,,,,,,,,,0,0,0,0,0,0,0,0,0,0,0,0,0
3.0,1.0,35.0,,News 1,The analysts have informed you that the realized volatility of RTM next week will be between 36% and 41%,183,2026-02-12 12:52:12.298821,RTM1C46,3.82,3.81,3.83,1000000.0,,1000000.0,,,,,,,,,0,0,0,0,0,0,0,0,0,0,0,0,0
2.0,1.0,2.0,Week 1,Delta limit and penalty,The delta limit for this sub-heat is 12000 and the penalty percentage is 2%,183,2026-02-12 12:52:12.298821,RTM1P46,0.02,0.01,0.03,1000000.0,,1000000.0,,,,,,,,,0,0,0,0,0,0,0,0,0,0,0,0,0
1.0,1.0,2.0,Week 1,Risk free rate and current annualized volatility of RTM,The current risk free rate is 0%. RTM is an ETF that mimics one of the major indices in the simulated world and its current annualized realized volatility is 22%. This simulation consists of 20 trading days that are each 15 ticks in length.,183,2026-02-12 12:52:12.298821,RTM1C47,2.86,2.85,2.87,1000000.0,43.0,1000000.0,,,,200.0,,,,,0,0,0,0,0,0,0,0,0,0,0,0,0
,,,,,,183,2026-02-12 12:52:12.298821,RTM1P47,0.05,0.04,0.06,1000000.0,,1000000.0,8.0,,,,,,,,0,0,0,0,0,0,0,0,0,0,0,0,0
,,,,,,183,2026-02-12 12:52:12.298821,RTM1C48,1.99,1.98,2.0,1000000.0,40.0,1000000.0,,,,150.0,1.0,,,,0,0,0,0,0,0,0,0,0,0,0,0,0
,,,,,,183,2026-02-12 12:52:12.298821,RTM1P48,0.18,0.17,0.19,1000000.0,,1000000.0,,,,,,,,,0,0,0,0,0,0,0,0,0,0,0,0,0
,,,,,,183,2026-02-12 12:52:12.298821,RTM1C49,1.22,1.21,1.23,1000000.0,,1000000.0,,,,108.0,,60.0,90.0,,0,0,0,0,0,0,0,0,0,0,0,0,0
,,,,,,183,2026-02-12 12:52:12.298821,RTM1P49,0.41,0.41,0.43,1000000.0,,1000000.0,40.0,,,,,,,,0,0,0,0,0,0,0,0,0,0,0,0,0
,,,,,,183,2026-02-12 12:52:12.298821,RTM1C50,0.69,0.68,0.7,1000000.0,,1000000.0,,,,,,30.0,30.0,,0,0,0,0,0,0,0,0,0,0,0,0,0
,,,,,,183,2026-02-12 12:52:12.298821,RTM1P50,0.87,0.87,0.89,1000000.0,,1000000.0,,,,,,,,,0,0,0,0,0,0,0,0,0,0,0,0,0
,,,,,,183,2026-02-12 12:52:12.298821,RTM1C51,0.29,0.29,0.31,1000000.0,,1000000.0,100.0,,,,,,,5.0,0,0,0,0,0,0,0,0,0,0,0,0,0
,,,,,,183,2026-02-12 12:52:12.298821,RTM1P51,1.48,1.48,1.5,1000000.0,,1000000.0,100.0,,,,,30.0,,,0,0,0,0,0,0,0,0,0,0,0,0,0
,,,,,,183,2026-02-12 12:52:12.298821,RTM1C52,0.12,0.11,0.13,1000000.0,,1000000.0,100.0,,,,,,,100.0,0,0,0,0,0,0,0,0,0,0,0,0,0
,,,,,,183,2026-02-12 12:52:12.298821,RTM1P52,2.32,2.31,2.33,1000000.0,,1000000.0,,,,,,,,,0,0,0,0,0,0,0,0,0,0,0,0,0
,,,,,,183,2026-02-12 12:52:12.298821,RTM1C53,0.05,0.04,0.06,1000000.0,,1000000.0,,,,,,,,,0,0,0,0,0,0,0,0,0,0,0,0,0
,,,,,,183,2026-02-12 12:52:12.298821,RTM1P53,3.24,3.23,3.25,1000000.0,,1000000.0,,,,,,,,,0,0,0,0,0,0,0,0,0,0,0,0,0
,,,,,,183,2026-02-12 12:52:12.298821,RTM1C54,0.02,0.01,0.03,1000000.0,,1000000.0,,,,,,,,,0,0,0,0,0,0,0,0,0,0,0,0,0
,,,,,,183,2026-02-12 12:52:12.298821,RTM1P54,4.2,4.19,4.21,1000000.0,,1000000.0,,,,,,,,,0,0,0,0,0,0,0,0,0,0,0,0,0
6.0,1.0,149.0,Week 3,Announcement 2,The analysts have informed you that the realized volatility of RTM this week will be 25%,184,2026-02-12 12:52:13.325819,RTM,49.69,49.68,49.7,100000000.0,19056.0,100000000.0,383.0,70.0,100.0,,,,,,0,0,0,0,0,0,0,0,0,0,0,0,0
5.0,1.0,111.0,,News 2,The analysts have informed you that the realized volatility of RTM next week will be between 21% and 26%,184,2026-02-12 12:52:13.325819,RTM1C45,4.69,4.68,4.7,1000000.0,68.0,1000000.0,,,,50.0,,,,,0,0,0,0,0,0,0,0,0,0,0,0,0
4.0,1.0,74.0,Week 2,Announcement 1,The analysts have informed you that the realized volatility of RTM this week will be 39%,184,2026-02-12 12:52:13.325819,RTM1P45,0.02,0.01,0.03,1000000.0,,1000000.0,,,,,,,,,0,0,0,0,0,0,0,0,0,0,0,0,0
3.0,1.0,35.0,,News 1,The analysts have informed you that the realized volatility of RTM next week will be between 36% and 41%,184,2026-02-12 12:52:13.325819,RTM1C46,3.71,3.7,3.72,1000000.0,,1000000.0,,,,,,,,,0,0,0,0,0,0,0,0,0,0,0,0,0
2.0,1.0,2.0,Week 1,Delta limit and penalty,The delta limit for this sub-heat is 12000 and the penalty percentage is 2%,184,2026-02-12 12:52:13.325819,RTM1P46,0.02,0.01,0.03,1000000.0,,1000000.0,,,,,,,,,0,0,0,0,0,0,0,0,0,0,0,0,0
1.0,1.0,2.0,Week 1,Risk free rate and current annualized volatility of RTM,The current risk free rate is 0%. RTM is an ETF that mimics one of the major indices in the simulated world and its current annualized realized volatility is 22%. This simulation consists of 20 trading days that are each 15 ticks in length.,184,2026-02-12 12:52:13.325819,RTM1C47,2.76,2.75,2.77,1000000.0,43.0,1000000.0,,,,200.0,,,,,0,0,0,0,0,0,0,0,0,0,0,0,0
,,,,,,184,2026-02-12 12:52:13.325819,RTM1P47,0.07,0.06,0.08,1000000.0,,1000000.0,8.0,,,,,,,,0,0,0,0,0,0,0,0,0,0,0,0,0
,,,,,,184,2026-02-12 12:52:13.325819,RTM1C48,1.87,1.86,1.88,1000000.0,40.0,1000000.0,,,,150.0,1.0,,,,0,0,0,0,0,0,0,0,0,0,0,0,0
,,,,,,184,2026-02-12 12:52:13.325819,RTM1P48,0.18,0.17,0.19,1000000.0,,1000000.0,,,,,,,,,0,0,0,0,0,0,0,0,0,0,0,0,0
,,,,,,184,2026-02-12 12:52:13.325819,RTM1C49,1.15,1.14,1.16,1000000.0,,1000000.0,,,,108.0,,60.0,90.0,,0,0,0,0,0,0,0,0,0,0,0,0,0
,,,,,,184,2026-02-12 12:52:13.325819,RTM1P49,0.46,0.45,0.47,1000000.0,,1000000.0,40.0,,,,,,,,0,0,0,0,0,0,0,0,0,0,0,0,0
,,,,,,184,2026-02-12 12:52:13.325819,RTM1C50,0.64,0.62,0.64,1000000.0,,1000000.0,,,,,,30.0,30.0,,0,0,0,0,0,0,0,0,0,0,0,0,0
,,,,,,184,2026-02-12 12:52:13.325819,RTM1P50,0.94,0.93,0.95,1000000.0,,1000000.0,,,,,,,,,0,0,0,0,0,0,0,0,0,0,0,0,0
,,,,,,184,2026-02-12 12:52:13.325819,RTM1C51,0.3,0.3,0.32,1000000.0,,1000000.0,100.0,,,,,,,5.0,0,0,0,0,0,0,0,0,0,0,0,0,0
,,,,,,184,2026-02-12 12:52:13.325819,RTM1P51,1.61,1.61,1.63,1000000.0,,1000000.0,100.0,,,,,30.0,,,0,0,0,0,0,0,0,0,0,0,0,0,0
,,,,,,184,2026-02-12 12:52:13.325819,RTM1C52,0.1,0.09,0.11,1000000.0,,1000000.0,100.0,,,,,,,100.0,0,0,0,0,0,0,0,0,0,0,0,0,0
,,,,,,184,2026-02-12 12:52:13.325819,RTM1P52,2.41,2.4,2.42,1000000.0,,1000000.0,,,,,,,,,0,0,0,0,0,0,0,0,0,0,0,0,0
,,,,,,184,2026-02-12 12:52:13.325819,RTM1C53,0.03,0.02,0.04,1000000.0,,1000000.0,,,,,,,,,0,0,0,0,0,0,0,0,0,0,0,0,0
,,,,,,184,2026-02-12 12:52:13.325819,RTM1P53,3.34,3.33,3.35,1000000.0,,1000000.0,,,,,,,,,0,0,0,0,0,0,0,0,0,0,0,0,0
,,,,,,184,2026-02-12 12:52:13.325819,RTM1C54,0.02,0.01,0.03,1000000.0,,1000000.0,,,,,,,,,0,0,0,0,0,0,0,0,0,0,0,0,0
,,,,,,184,2026-02-12 12:52:13.325819,RTM1P54,4.32,4.31,4.33,1000000.0,,1000000.0,,,,,,,,,0,0,0,0,0,0,0,0,0,0,0,0,0
6.0,1.0,149.0,Week 3,Announcement 2,The analysts have informed you that the realized volatility of RTM this week will be 25%,185,2026-02-12 12:52:14.353209,RTM,49.73,49.71,49.73,100000000.0,19056.0,100000000.0,383.0,70.0,100.0,,,,,,0,0,0,0,0,0,0,0,0,0,0,0,0
5.0,1.0,111.0,,News 2,The analysts have informed you that the realized volatility of RTM next week will be between 21% and 26%,185,2026-02-12 12:52:14.353209,RTM1C45,4.73,4.72,4.74,1000000.0,68.0,1000000.0,,,,50.0,,,,,0,0,0,0,0,0,0,0,0,0,0,0,0
4.0,1.0,74.0,Week 2,Announcement 1,The analysts have informed you that the realized volatility of RTM this week will be 39%,185,2026-02-12 12:52:14.353209,RTM1P45,0.03,0.01,0.03,1000000.0,,1000000.0,,,,,,,,,0,0,0,0,0,0,0,0,0,0,0,0,0
3.0,1.0,35.0,,News 1,The analysts have informed you that the realized volatility of RTM next week will be between 36% and 41%,185,2026-02-12 12:52:14.353209,RTM1C46,3.74,3.73,3.75,1000000.0,,1000000.0,,,,,,,,,0,0,0,0,0,0,0,0,0,0,0,0,0
2.0,1.0,2.0,Week 1,Delta limit and penalty,The delta limit for this sub-heat is 12000 and the penalty percentage is 2%,185,2026-02-12 12:52:14.353209,RTM1P46,0.02,0.01,0.03,1000000.0,,1000000.0,,,,,,,,,0,0,0,0,0,0,0,0,0,0,0,0,0
1.0,1.0,2.0,Week 1,Risk free rate and current annualized volatility of RTM,The current risk free rate is 0%. RTM is an ETF that mimics one of the major indices in the simulated world and its current annualized realized volatility is 22%. This simulation consists of 20 trading days that are each 15 ticks in length.,185,2026-02-12 12:52:14.353209,RTM1C47,2.78,2.77,2.79,1000000.0,43.0,1000000.0,,,,200.0,,,,,0,0,0,0,0,0,0,0,0,0,0,0,0
,,,,,,185,2026-02-12 12:52:14.353209,RTM1P47,0.06,0.05,0.07,1000000.0,,1000000.0,8.0,,,,,,,,0,0,0,0,0,0,0,0,0,0,0,0,0
,,,,,,185,2026-02-12 12:52:14.353209,RTM1C48,1.93,1.92,1.94,1000000.0,40.0,1000000.0,,,,150.0,1.0,,,,0,0,0,0,0,0,0,0,0,0,0,0,0
,,,,,,185,2026-02-12 12:52:14.353209,RTM1P48,0.2,0.19,0.21,1000000.0,,1000000.0,,,,,,,,,0,0,0,0,0,0,0,0,0,0,0,0,0
,,,,,,185,2026-02-12 12:52:14.353209,RTM1C49,1.19,1.19,1.21,1000000.0,,1000000.0,,,,108.0,,60.0,90.0,,0,0,0,0,0,0,0,0,0,0,0,0,0
,,,,,,185,2026-02-12 12:52:14.353209,RTM1P49,0.47,0.47,0.49,1000000.0,,1000000.0,40.0,,,,,,,,0,0,0,0,0,0,0,0,0,0,0,0,0
,,,,,,185,2026-02-12 12:52:14.353209,RTM1C50,0.63,0.62,0.64,1000000.0,,1000000.0,,,,,,30.0,30.0,,0,0,0,0,0,0,0,0,0,0,0,0,0
,,,,,,185,2026-02-12 12:52:14.353209,RTM1P50,0.9,0.9,0.92,1000000.0,,1000000.0,,,,,,,,,0,0,0,0,0,0,0,0,0,0,0,0,0
,,,,,,185,2026-02-12 12:52:14.353209,RTM1C51,0.27,0.27,0.29,1000000.0,,1000000.0,100.0,,,,,,,5.0,0,0,0,0,0,0,0,0,0,0,0,0,0
,,,,,,185,2026-02-12 12:52:14.353209,RTM1P51,1.55,1.55,1.57,1000000.0,,1000000.0,100.0,,,,,30.0,,,0,0,0,0,0,0,0,0,0,0,0,0,0
,,,,,,185,2026-02-12 12:52:14.353209,RTM1C52,0.12,0.1,0.12,1000000.0,,1000000.0,100.0,,,,,,,100.0,0,0,0,0,0,0,0,0,0,0,0,0,0
,,,,,,185,2026-02-12 12:52:14.353209,RTM1P52,2.39,2.38,2.4,1000000.0,,1000000.0,,,,,,,,,0,0,0,0,0,0,0,0,0,0,0,0,0
,,,,,,185,2026-02-12 12:52:14.353209,RTM1C53,0.04,0.03,0.05,1000000.0,,1000000.0,,,,,,,,,0,0,0,0,0,0,0,0,0,0,0,0,0
,,,,,,185,2026-02-12 12:52:14.353209,RTM1P53,3.31,3.3,3.32,1000000.0,,1000000.0,,,,,,,,,0,0,0,0,0,0,0,0,0,0,0,0,0
,,,,,,185,2026-02-12 12:52:14.353209,RTM1C54,0.02,0.01,0.03,1000000.0,,1000000.0,,,,,,,,,0,0,0,0,0,0,0,0,0,0,0,0,0
,,,,,,185,2026-02-12 12:52:14.353209,RTM1P54,4.29,4.28,4.3,1000000.0,,1000000.0,,,,,,,,,0,0,0,0,0,0,0,0,0,0,0,0,0
6.0,1.0,149.0,Week 3,Announcement 2,The analysts have informed you that the realized volatility of RTM this week will be 25%,186,2026-02-12 12:52:15.383801,RTM,49.67,49.67,49.69,100000000.0,19056.0,100000000.0,383.0,70.0,100.0,,,,,,0,0,0,0,0,0,0,0,0,0,0,0,0
5.0,1.0,111.0,,News 2,The analysts have informed you that the realized volatility of RTM next week will be between 21% and 26%,186,2026-02-12 12:52:15.383801,RTM1C45,4.69,4.68,4.7,1000000.0,68.0,1000000.0,,,,50.0,,,,,0,0,0,0,0,0,0,0,0,0,0,0,0
4.0,1.0,74.0,Week 2,Announcement 1,The analysts have informed you that the realized volatility of RTM this week will be 39%,186,2026-02-12 12:52:15.383801,RTM1P45,0.02,0.01,0.03,1000000.0,,1000000.0,,,,,,,,,0,0,0,0,0,0,0,0,0,0,0,0,0
3.0,1.0,35.0,,News 1,The analysts have informed you that the realized volatility of RTM next week will be between 36% and 41%,186,2026-02-12 12:52:15.383801,RTM1C46,3.7,3.69,3.71,1000000.0,,1000000.0,,,,,,,,,0,0,0,0,0,0,0,0,0,0,0,0,0
2.0,1.0,2.0,Week 1,Delta limit and penalty,The delta limit for this sub-heat is 12000 and the penalty percentage is 2%,186,2026-02-12 12:52:15.383801,RTM1P46,0.02,0.01,0.03,1000000.0,,1000000.0,,,,,,,,,0,0,0,0,0,0,0,0,0,0,0,0,0
1.0,1.0,2.0,Week 1,Risk free rate and current annualized volatility of RTM,The current risk free rate is 0%. RTM is an ETF that mimics one of the major indices in the simulated world and its current annualized realized volatility is 22%. This simulation consists of 20 trading days that are each 15 ticks in length.,186,2026-02-12 12:52:15.383801,RTM1C47,2.76,2.75,2.77,1000000.0,43.0,1000000.0,,,,200.0,,,,,0,0,0,0,0,0,0,0,0,0,0,0,0
,,,,,,186,2026-02-12 12:52:15.383801,RTM1P47,0.09,0.07,0.09,1000000.0,,1000000.0,8.0,,,,,,,,0,0,0,0,0,0,0,0,0,0,0,0,0
,,,,,,186,2026-02-12 12:52:15.383801,RTM1C48,1.9,1.89,1.91,1000000.0,40.0,1000000.0,,,,150.0,1.0,,,,0,0,0,0,0,0,0,0,0,0,0,0,0
,,,,,,186,2026-02-12 12:52:15.383801,RTM1P48,0.22,0.21,0.23,1000000.0,,1000000.0,,,,,,,,,0,0,0,0,0,0,0,0,0,0,0,0,0
,,,,,,186,2026-02-12 12:52:15.383801,RTM1C49,1.13,1.12,1.14,1000000.0,,1000000.0,,,,108.0,,60.0,90.0,,0,0,0,0,0,0,0,0,0,0,0,0,0
,,,,,,186,2026-02-12 12:52:15.383801,RTM1P49,0.45,0.44,0.46,1000000.0,,1000000.0,40.0,,,,,,,,0,0,0,0,0,0,0,0,0,0,0,0,0
,,,,,,186,2026-02-12 12:52:15.383801,RTM1C50,0.66,0.66,0.68,1000000.0,,1000000.0,,,,,,30.0,30.0,,0,0,0,0,0,0,0,0,0,0,0,0,0
,,,,,,186,2026-02-12 12:52:15.383801,RTM1P50,0.97,0.97,0.99,1000000.0,,1000000.0,,,,,,,,,0,0,0,0,0,0,0,0,0,0,0,0,0
,,,,,,186,2026-02-12 12:52:15.383801,RTM1C51,0.29,0.28,0.3,1000000.0,,1000000.0,100.0,,,,,,,5.0,0,0,0,0,0,0,0,0,0,0,0,0,0
,,,,,,186,2026-02-12 12:52:15.383801,RTM1P51,1.61,1.6,1.62,1000000.0,,1000000.0,100.0,,,,,30.0,,,0,0,0,0,0,0,0,0,0,0,0,0,0
,,,,,,186,2026-02-12 12:52:15.383801,RTM1C52,0.11,0.1,0.12,1000000.0,,1000000.0,100.0,,,,,,,100.0,0,0,0,0,0,0,0,0,0,0,0,0,0
,,,,,,186,2026-02-12 12:52:15.383801,RTM1P52,2.43,2.42,2.44,1000000.0,,1000000.0,,,,,,,,,0,0,0,0,0,0,0,0,0,0,0,0,0
,,,,,,186,2026-02-12 12:52:15.383801,RTM1C53,0.05,0.04,0.06,1000000.0,,1000000.0,,,,,,,,,0,0,0,0,0,0,0,0,0,0,0,0,0
,,,,,,186,2026-02-12 12:52:15.383801,RTM1P53,3.37,3.36,3.38,1000000.0,,1000000.0,,,,,,,,,0,0,0,0,0,0,0,0,0,0,0,0,0
,,,,,,186,2026-02-12 12:52:15.383801,RTM1C54,0.02,0.01,0.03,1000000.0,,1000000.0,,,,,,,,,0,0,0,0,0,0,0,0,0,0,0,0,0
,,,,,,186,2026-02-12 12:52:15.383801,RTM1P54,4.33,4.32,4.34,1000000.0,,1000000.0,,,,,,,,,0,0,0,0,0,0,0,0,0,0,0,0,0
7.0,1.0,186.0,,News 3,The analysts have informed you that the realized volatility of RTM next week will be between 34% and 39%,187,2026-02-12 12:52:16.411908,RTM,49.85,49.84,49.86,100000000.0,19056.0,100000000.0,70.0,100.0,,,,,,,0,0,0,0,0,0,0,0,0,0,0,0,0
6.0,1.0,149.0,Week 3,Announcement 2,The analysts have informed you that the realized volatility of RTM this week will be 25%,187,2026-02-12 12:52:16.411908,RTM1C45,4.85,4.84,4.86,1000000.0,68.0,1000000.0,,,50.0,,,,,,0,0,0,0,0,0,0,0,0,0,0,0,0
5.0,1.0,111.0,,News 2,The analysts have informed you that the realized volatility of RTM next week will be between 21% and 26%,187,2026-02-12 12:52:16.411908,RTM1P45,0.02,0.01,0.03,1000000.0,,1000000.0,,,,,,,,,0,0,0,0,0,0,0,0,0,0,0,0,0
4.0,1.0,74.0,Week 2,Announcement 1,The analysts have informed you that the realized volatility of RTM this week will be 39%,187,2026-02-12 12:52:16.411908,RTM1C46,3.86,3.85,3.87,1000000.0,,1000000.0,,,,,,,,,0,0,0,0,0,0,0,0,0,0,0,0,0
3.0,1.0,35.0,,News 1,The analysts have informed you that the realized volatility of RTM next week will be between 36% and 41%,187,2026-02-12 12:52:16.411908,RTM1P46,0.02,0.01,0.03,1000000.0,,1000000.0,,,,,,,,,0,0,0,0,0,0,0,0,0,0,0,0,0
2.0,1.0,2.0,Week 1,Delta limit and penalty,The delta limit for this sub-heat is 12000 and the penalty percentage is 2%,187,2026-02-12 12:52:16.411908,RTM1C47,2.91,2.9,2.92,1000000.0,43.0,1000000.0,,,200.0,,,,,,0,0,0,0,0,0,0,0,0,0,0,0,0
1.0,1.0,2.0,Week 1,Risk free rate and current annualized volatility of RTM,The current risk free rate is 0%. RTM is an ETF that mimics one of the major indices in the simulated world and its current annualized realized volatility is 22%. This simulation consists of 20 trading days that are each 15 ticks in length.,187,2026-02-12 12:52:16.411908,RTM1P47,0.07,0.05,0.07,1000000.0,,1000000.0,,,,8.0,,,,,0,0,0,0,0,0,0,0,0,0,0,0,0
,,,,,,187,2026-02-12 12:52:16.411908,RTM1C48,2.03,2.02,2.04,1000000.0,40.0,1000000.0,,,150.0,,1.0,,,,0,0,0,0,0,0,0,0,0,0,0,0,0
,,,,,,187,2026-02-12 12:52:16.411908,RTM1P48,0.17,0.17,0.19,1000000.0,,1000000.0,,,,,,,,,0,0,0,0,0,0,0,0,0,0,0,0,0
,,,,,,187,2026-02-12 12:52:16.411908,RTM1C49,1.31,1.29,1.31,1000000.0,,1000000.0,,,108.0,,,60.0,90.0,,0,0,0,0,0,0,0,0,0,0,0,0,0
,,,,,,187,2026-02-12 12:52:16.411908,RTM1P49,0.46,0.44,0.46,1000000.0,,1000000.0,,,,40.0,,,,,0,0,0,0,0,0,0,0,0,0,0,0,0
,,,,,,187,2026-02-12 12:52:16.411908,RTM1C50,0.73,0.73,0.75,1000000.0,,1000000.0,,,,,,30.0,30.0,,0,0,0,0,0,0,0,0,0,0,0,0,0
,,,,,,187,2026-02-12 12:52:16.411908,RTM1P50,0.89,0.88,0.9,1000000.0,,1000000.0,,,,,,,,,0,0,0,0,0,0,0,0,0,0,0,0,0
,,,,,,187,2026-02-12 12:52:16.411908,RTM1C51,0.33,0.32,0.34,1000000.0,,1000000.0,,,,100.0,,,,5.0,0,0,0,0,0,0,0,0,0,0,0,0,0
,,,,,,187,2026-02-12 12:52:16.411908,RTM1P51,1.47,1.47,1.49,1000000.0,,1000000.0,,,,100.0,,30.0,,,0,0,0,0,0,0,0,0,0,0,0,0,0
,,,,,,187,2026-02-12 12:52:16.411908,RTM1C52,0.13,0.12,0.14,1000000.0,,1000000.0,,,,100.0,,,,100.0,0,0,0,0,0,0,0,0,0,0,0,0,0
,,,,,,187,2026-02-12 12:52:16.411908,RTM1P52,2.28,2.27,2.29,1000000.0,,1000000.0,,,,,,,,,0,0,0,0,0,0,0,0,0,0,0,0,0
,,,,,,187,2026-02-12 12:52:16.411908,RTM1C53,0.05,0.04,0.06,1000000.0,,1000000.0,,,,,,,,,0,0,0,0,0,0,0,0,0,0,0,0,0
,,,,,,187,2026-02-12 12:52:16.411908,RTM1P53,3.2,3.19,3.21,1000000.0,,1000000.0,,,,,,,,,0,0,0,0,0,0,0,0,0,0,0,0,0
,,,,,,187,2026-02-12 12:52:16.411908,RTM1C54,0.03,0.01,0.03,1000000.0,,1000000.0,,,,,,,,,0,0,0,0,0,0,0,0,0,0,0,0,0
,,,,,,187,2026-02-12 12:52:16.411908,RTM1P54,4.17,4.16,4.18,1000000.0,,1000000.0,,,,,,,,,0,0,0,0,0,0,0,0,0,0,0,0,0
7.0,1.0,186.0,,News 3,The analysts have informed you that the realized volatility of RTM next week will be between 34% and 39%,188,2026-02-12 12:52:17.444040,RTM,49.84,49.82,49.84,100000000.0,19056.0,100000000.0,70.0,100.0,,,,,,,0,0,0,0,0,0,0,0,0,0,0,0,0
6.0,1.0,149.0,Week 3,Announcement 2,The analysts have informed you that the realized volatility of RTM this week will be 25%,188,2026-02-12 12:52:17.444040,RTM1C45,4.83,4.82,4.84,1000000.0,68.0,1000000.0,,,50.0,,,,,,0,0,0,0,0,0,0,0,0,0,0,0,0
5.0,1.0,111.0,,News 2,The analysts have informed you that the realized volatility of RTM next week will be between 21% and 26%,188,2026-02-12 12:52:17.444040,RTM1P45,0.02,0.01,0.03,1000000.0,,1000000.0,,,,,,,,,0,0,0,0,0,0,0,0,0,0,0,0,0
4.0,1.0,74.0,Week 2,Announcement 1,The analysts have informed you that the realized volatility of RTM this week will be 39%,188,2026-02-12 12:52:17.444040,RTM1C46,3.85,3.84,3.86,1000000.0,,1000000.0,,,,,,,,,0,0,0,0,0,0,0,0,0,0,0,0,0
3.0,1.0,35.0,,News 1,The analysts have informed you that the realized volatility of RTM next week will be between 36% and 41%,188,2026-02-12 12:52:17.444040,RTM1P46,0.01,0.01,0.03,1000000.0,,1000000.0,,,,,,,,,0,0,0,0,0,0,0,0,0,0,0,0,0
2.0,1.0,2.0,Week 1,Delta limit and penalty,The delta limit for this sub-heat is 12000 and the penalty percentage is 2%,188,2026-02-12 12:52:17.444040,RTM1C47,2.89,2.88,2.9,1000000.0,43.0,1000000.0,,,200.0,,,,,,0,0,0,0,0,0,0,0,0,0,0,0,0
1.0,1.0,2.0,Week 1,Risk free rate and current annualized volatility of RTM,The current risk free rate is 0%. RTM is an ETF that mimics one of the major indices in the simulated world and its current annualized realized volatility is 22%. This simulation consists of 20 trading days that are each 15 ticks in length.,188,2026-02-12 12:52:17.444040,RTM1P47,0.06,0.05,0.07,1000000.0,,1000000.0,,,,8.0,,,,,0,0,0,0,0,0,0,0,0,0,0,0,0
,,,,,,188,2026-02-12 12:52:17.444040,RTM1C48,2.02,2.01,2.03,1000000.0,40.0,1000000.0,,,150.0,,1.0,,,,0,0,0,0,0,0,0,0,0,0,0,0,0
,,,,,,188,2026-02-12 12:52:17.444040,RTM1P48,0.18,0.17,0.19,1000000.0,,1000000.0,,,,,,,,,0,0,0,0,0,0,0,0,0,0,0,0,0
,,,,,,188,2026-02-12 12:52:17.444040,RTM1C49,1.25,1.24,1.26,1000000.0,,1000000.0,,,108.0,,,60.0,90.0,,0,0,0,0,0,0,0,0,0,0,0,0,0
,,,,,,188,2026-02-12 12:52:17.444040,RTM1P49,0.42,0.41,0.43,1000000.0,,1000000.0,,,,40.0,,,,,0,0,0,0,0,0,0,0,0,0,0,0,0
,,,,,,188,2026-02-12 12:52:17.444040,RTM1C50,0.72,0.7,0.72,1000000.0,,1000000.0,,,,,,30.0,30.0,,0,0,0,0,0,0,0,0,0,0,0,0,0
,,,,,,188,2026-02-12 12:52:17.444040,RTM1P50,0.88,0.86,0.88,1000000.0,,1000000.0,,,,,,,,,0,0,0,0,0,0,0,0,0,0,0,0,0
,,,,,,188,2026-02-12 12:52:17.444040,RTM1C51,0.35,0.35,0.37,1000000.0,,1000000.0,,,,100.0,,,,,0,0,0,0,0,0,0,0,0,0,0,0,0
,,,,,,188,2026-02-12 12:52:17.444040,RTM1P51,1.52,1.52,1.54,1000000.0,,1000000.0,,,,100.0,,30.0,,,0,0,0,0,0,0,0,0,0,0,0,0,0
,,,,,,188,2026-02-12 12:52:17.444040,RTM1C52,0.13,0.12,0.14,1000000.0,,1000000.0,,,,100.0,,,,100.0,0,0,0,0,0,0,0,0,0,0,0,0,0
,,,,,,188,2026-02-12 12:52:17.444040,RTM1P52,2.3,2.29,2.31,1000000.0,,1000000.0,,,,,,,,,0,0,0,0,0,0,0,0,0,0,0,0,0
,,,,,,188,2026-02-12 12:52:17.444040,RTM1C53,0.06,0.05,0.07,1000000.0,,1000000.0,,,,,,,,,0,0,0,0,0,0,0,0,0,0,0,0,0
,,,,,,188,2026-02-12 12:52:17.444040,RTM1P53,3.23,3.22,3.24,1000000.0,,1000000.0,,,,,,,,,0,0,0,0,0,0,0,0,0,0,0,0,0
,,,,,,188,2026-02-12 12:52:17.444040,RTM1C54,0.02,0.01,0.03,1000000.0,,1000000.0,,,,,,,,,0,0,0,0,0,0,0,0,0,0,0,0,0
,,,,,,188,2026-02-12 12:52:17.444040,RTM1P54,4.18,4.17,4.19,1000000.0,,1000000.0,,,,,,,,,0,0,0,0,0,0,0,0,0,0,0,0,0
7.0,1.0,186.0,,News 3,The analysts have informed you that the realized volatility of RTM next week will be between 34% and 39%,189,2026-02-12 12:52:18.473102,RTM,49.56,49.56,49.58,100000000.0,19056.0,100000000.0,70.0,100.0,,,,,,0,0,0,0,0,0,0,0,0,0,0,0,0,0
6.0,1.0,149.0,Week 3,Announcement 2,The analysts have informed you that the realized volatility of RTM this week will be 25%,189,2026-02-12 12:52:18.473102,RTM1C45,4.57,4.56,4.58,1000000.0,68.0,1000000.0,,,50.0,,,,,0,0,0,0,0,0,0,0,0,0,0,0,0,0
5.0,1.0,111.0,,News 2,The analysts have informed you that the realized volatility of RTM next week will be between 21% and 26%,189,2026-02-12 12:52:18.473102,RTM1P45,0.02,0.01,0.03,1000000.0,,1000000.0,,,,,,,,0,0,0,0,0,0,0,0,0,0,0,0,0,0
4.0,1.0,74.0,Week 2,Announcement 1,The analysts have informed you that the realized volatility of RTM this week will be 39%,189,2026-02-12 12:52:18.473102,RTM1C46,3.59,3.58,3.6,1000000.0,,1000000.0,,,,,,,,0,0,0,0,0,0,0,0,0,0,0,0,0,0
3.0,1.0,35.0,,News 1,The analysts have informed you that the realized volatility of RTM next week will be between 36% and 41%,189,2026-02-12 12:52:18.473102,RTM1P46,0.01,0.01,0.03,1000000.0,,1000000.0,,,,,,,,0,0,0,0,0,0,0,0,0,0,0,0,0,0
2.0,1.0,2.0,Week 1,Delta limit and penalty,The delta limit for this sub-heat is 12000 and the penalty percentage is 2%,189,2026-02-12 12:52:18.473102,RTM1C47,2.65,2.64,2.66,1000000.0,43.0,1000000.0,,,200.0,,,,,0,0,0,0,0,0,0,0,0,0,0,0,0,0
1.0,1.0,2.0,Week 1,Risk free rate and current annualized volatility of RTM,The current risk free rate is 0%. RTM is an ETF that mimics one of the major indices in the simulated world and its current annualized realized volatility is 22%. This simulation consists of 20 trading days that are each 15 ticks in length.,189,2026-02-12 12:52:18.473102,RTM1P47,0.09,0.07,0.09,1000000.0,,1000000.0,,,,8.0,,,,0,0,0,0,0,0,0,0,0,0,0,0,0,0
,,,,,,189,2026-02-12 12:52:18.473102,RTM1C48,1.79,1.79,1.81,1000000.0,40.0,1000000.0,,,150.0,,,,,0,0,0,0,0,0,0,0,0,0,0,0,0,0
,,,,,,189,2026-02-12 12:52:18.473102,RTM1P48,0.22,0.22,0.24,1000000.0,,1000000.0,,,,,,,,0,0,0,0,0,0,0,0,0,0,0,0,0,0
,,,,,,189,2026-02-12 12:52:18.473102,RTM1C49,1.1,1.1,1.12,1000000.0,,1000000.0,,,108.0,,60.0,90.0,,0,0,0,0,0,0,0,0,0,0,0,0,0,0
,,,,,,189,2026-02-12 12:52:18.473102,RTM1P49,0.56,0.54,0.56,1000000.0,,1000000.0,,,,40.0,,,,0,0,0,0,0,0,0,0,0,0,0,0,0,0
,,,,,,189,2026-02-12 12:52:18.473102,RTM1C50,0.59,0.57,0.59,1000000.0,,1000000.0,,,,,30.0,30.0,,0,0,0,0,0,0,0,0,0,0,0,0,0,0
,,,,,,189,2026-02-12 12:52:18.473102,RTM1P50,1.02,1.01,1.03,1000000.0,,1000000.0,,,,,,,,0,0,0,0,0,0,0,0,0,0,0,0,0,0
,,,,,,189,2026-02-12 12:52:18.473102,RTM1C51,0.29,0.27,0.29,1000000.0,,1000000.0,,,,,,,,0,0,0,0,0,0,0,0,0,0,0,0,0,0
,,,,,,189,2026-02-12 12:52:18.473102,RTM1P51,1.71,1.7,1.72,1000000.0,,1000000.0,,,,100.0,30.0,,,0,0,0,0,0,0,0,0,0,0,0,0,0,0
,,,,,,189,2026-02-12 12:52:18.473102,RTM1C52,0.1,0.09,0.11,1000000.0,,1000000.0,,,,100.0,,,100.0,0,0,0,0,0,0,0,0,0,0,0,0,0,0
,,,,,,189,2026-02-12 12:52:18.473102,RTM1P52,2.53,2.52,2.54,1000000.0,,1000000.0,,,,,,,,0,0,0,0,0,0,0,0,0,0,0,0,0,0
,,,,,,189,2026-02-12 12:52:18.473102,RTM1C53,0.04,0.02,0.04,1000000.0,,1000000.0,,,,,,,,0,0,0,0,0,0,0,0,0,0,0,0,0,0
,,,,,,189,2026-02-12 12:52:18.473102,RTM1P53,3.46,3.45,3.47,1000000.0,,1000000.0,,,,,,,,0,0,0,0,0,0,0,0,0,0,0,0,0,0
,,,,,,189,2026-02-12 12:52:18.473102,RTM1C54,0.02,0.01,0.03,1000000.0,,1000000.0,,,,,,,,0,0,0,0,0,0,0,0,0,0,0,0,0,0
,,,,,,189,2026-02-12 12:52:18.473102,RTM1P54,4.44,4.43,4.45,1000000.0,,1000000.0,,,,,,,,0,0,0,0,0,0,0,0,0,0,0,0,0,0
7.0,1.0,186.0,,News 3,The analysts have informed you that the realized volatility of RTM next week will be between 34% and 39%,190,2026-02-12 12:52:19.500204,RTM,49.68,49.66,49.68,100000000.0,19056.0,100000000.0,70.0,100.0,,,,,,0,0,0,0,0,0,0,0,0,0,0,0,0,0
6.0,1.0,149.0,Week 3,Announcement 2,The analysts have informed you that the realized volatility of RTM this week will be 25%,190,2026-02-12 12:52:19.500204,RTM1C45,4.67,4.66,4.68,1000000.0,68.0,1000000.0,,,50.0,,,,,0,0,0,0,0,0,0,0,0,0,0,0,0,0
5.0,1.0,111.0,,News 2,The analysts have informed you that the realized volatility of RTM next week will be between 21% and 26%,190,2026-02-12 12:52:19.500204,RTM1P45,0.02,0.01,0.03,1000000.0,,1000000.0,,,,,,,,0,0,0,0,0,0,0,0,0,0,0,0,0,0
4.0,1.0,74.0,Week 2,Announcement 1,The analysts have informed you that the realized volatility of RTM this week will be 39%,190,2026-02-12 12:52:19.500204,RTM1C46,3.68,3.67,3.69,1000000.0,,1000000.0,,,,,,,,0,0,0,0,0,0,0,0,0,0,0,0,0,0
3.0,1.0,35.0,,News 1,The analysts have informed you that the realized volatility of RTM next week will be between 36% and 41%,190,2026-02-12 12:52:19.500204,RTM1P46,0.02,0.01,0.03,1000000.0,,1000000.0,,,,,,,,0,0,0,0,0,0,0,0,0,0,0,0,0,0
2.0,1.0,2.0,Week 1,Delta limit and penalty,The delta limit for this sub-heat is 12000 and the penalty percentage is 2%,190,2026-02-12 12:52:19.500204,RTM1C47,2.75,2.74,2.76,1000000.0,43.0,1000000.0,,,200.0,,,,,0,0,0,0,0,0,0,0,0,0,0,0,0,0
1.0,1.0,2.0,Week 1,Risk free rate and current annualized volatility of RTM,The current risk free rate is 0%. RTM is an ETF that mimics one of the major indices in the simulated world and its current annualized realized volatility is 22%. This simulation consists of 20 trading days that are each 15 ticks in length.,190,2026-02-12 12:52:19.500204,RTM1P47,0.08,0.07,0.09,1000000.0,,1000000.0,,,,8.0,,,,0,0,0,0,0,0,0,0,0,0,0,0,0,0
,,,,,,190,2026-02-12 12:52:19.500204,RTM1C48,1.89,1.88,1.9,1000000.0,40.0,1000000.0,,,150.0,,,,,0,0,0,0,0,0,0,0,0,0,0,0,0,0
,,,,,,190,2026-02-12 12:52:19.500204,RTM1P48,0.22,0.21,0.23,1000000.0,,1000000.0,,,,,,,,0,0,0,0,0,0,0,0,0,0,0,0,0,0
,,,,,,190,2026-02-12 12:52:19.500204,RTM1C49,1.18,1.17,1.19,1000000.0,,1000000.0,,,108.0,,60.0,90.0,,0,0,0,0,0,0,0,0,0,0,0,0,0,0
,,,,,,190,2026-02-12 12:52:19.500204,RTM1P49,0.51,0.5,0.52,1000000.0,3.0,1000000.0,,,,40.0,,,,0,0,0,0,0,0,0,0,0,0,0,0,0,0
,,,,,,190,2026-02-12 12:52:19.500204,RTM1C50,0.62,0.6,0.62,1000000.0,,1000000.0,,,,,30.0,30.0,,0,0,0,0,0,0,0,0,0,0,0,0,0,0
,,,,,,190,2026-02-12 12:52:19.500204,RTM1P50,0.95,0.93,0.95,1000000.0,2.0,1000000.0,,,,,,,,0,0,0,0,0,0,0,0,0,0,0,0,0,0
,,,,,,190,2026-02-12 12:52:19.500204,RTM1C51,0.33,0.31,0.33,1000000.0,,1000000.0,,,,,,,,0,0,0,0,0,0,0,0,0,0,0,0,0,0
,,,,,,190,2026-02-12 12:52:19.500204,RTM1P51,1.64,1.64,1.66,1000000.0,,1000000.0,,,,100.0,30.0,,,0,0,0,0,0,0,0,0,0,0,0,0,0,0
,,,,,,190,2026-02-12 12:52:19.500204,RTM1C52,0.12,0.11,0.13,1000000.0,,1000000.0,,,,100.0,,,100.0,0,0,0,0,0,0,0,0,0,0,0,0,0,0
,,,,,,190,2026-02-12 12:52:19.500204,RTM1P52,2.45,2.44,2.46,1000000.0,,1000000.0,,,,,,,,0,0,0,0,0,0,0,0,0,0,0,0,0,0
,,,,,,190,2026-02-12 12:52:19.500204,RTM1C53,0.05,0.04,0.06,1000000.0,,1000000.0,,,,,,,,0,0,0,0,0,0,0,0,0,0,0,0,0,0
,,,,,,190,2026-02-12 12:52:19.500204,RTM1P53,3.38,3.37,3.39,1000000.0,,1000000.0,,,,,,,,0,0,0,0,0,0,0,0,0,0,0,0,0,0
,,,,,,190,2026-02-12 12:52:19.500204,RTM1C54,0.02,0.01,0.03,1000000.0,,1000000.0,,,,,,,,0,0,0,0,0,0,0,0,0,0,0,0,0,0
,,,,,,190,2026-02-12 12:52:19.500204,RTM1P54,4.35,4.34,4.36,1000000.0,,1000000.0,,,,,,,,0,0,0,0,0,0,0,0,0,0,0,0,0,0
7.0,1.0,186.0,,News 3,The analysts have informed you that the realized volatility of RTM next week will be between 34% and 39%,191,2026-02-12 12:52:20.527103,RTM,49.69,49.68,49.7,100000000.0,19056.0,100000000.0,70.0,100.0,,,,,,0,0,0,0,0,0,0,0,0,0,0,0,0,0
6.0,1.0,149.0,Week 3,Announcement 2,The analysts have informed you that the realized volatility of RTM this week will be 25%,191,2026-02-12 12:52:20.527103,RTM1C45,4.69,4.68,4.7,1000000.0,68.0,1000000.0,,,50.0,,,,,0,0,0,0,0,0,0,0,0,0,0,0,0,0
5.0,1.0,111.0,,News 2,The analysts have informed you that the realized volatility of RTM next week will be between 21% and 26%,191,2026-02-12 12:52:20.527103,RTM1P45,0.02,0.01,0.03,1000000.0,,1000000.0,,,,,,,,0,0,0,0,0,0,0,0,0,0,0,0,0,0
4.0,1.0,74.0,Week 2,Announcement 1,The analysts have informed you that the realized volatility of RTM this week will be 39%,191,2026-02-12 12:52:20.527103,RTM1C46,3.7,3.69,3.71,1000000.0,,1000000.0,,,,,,,,0,0,0,0,0,0,0,0,0,0,0,0,0,0
3.0,1.0,35.0,,News 1,The analysts have informed you that the realized volatility of RTM next week will be between 36% and 41%,191,2026-02-12 12:52:20.527103,RTM1P46,0.02,0.01,0.03,1000000.0,,1000000.0,,,,,,,,0,0,0,0,0,0,0,0,0,0,0,0,0,0
2.0,1.0,2.0,Week 1,Delta limit and penalty,The delta limit for this sub-heat is 12000 and the penalty percentage is 2%,191,2026-02-12 12:52:20.527103,RTM1C47,2.76,2.75,2.77,1000000.0,43.0,1000000.0,,,200.0,,,,,0,0,0,0,0,0,0,0,0,0,0,0,0,0
1.0,1.0,2.0,Week 1,Risk free rate and current annualized volatility of RTM,The current risk free rate is 0%. RTM is an ETF that mimics one of the major indices in the simulated world and its current annualized realized volatility is 22%. This simulation consists of 20 trading days that are each 15 ticks in length.,191,2026-02-12 12:52:20.527103,RTM1P47,0.07,0.06,0.08,1000000.0,,1000000.0,,,,8.0,,,,0,0,0,0,0,0,0,0,0,0,0,0,0,0
,,,,,,191,2026-02-12 12:52:20.527103,RTM1C48,1.88,1.87,1.89,1000000.0,40.0,1000000.0,,,150.0,,,,,0,0,0,0,0,0,0,0,0,0,0,0,0,0
,,,,,,191,2026-02-12 12:52:20.527103,RTM1P48,0.2,0.19,0.21,1000000.0,,1000000.0,,,,,,,,0,0,0,0,0,0,0,0,0,0,0,0,0,0
,,,,,,191,2026-02-12 12:52:20.527103,RTM1C49,1.15,1.14,1.16,1000000.0,,1000000.0,,,108.0,,60.0,90.0,,0,0,0,0,0,0,0,0,0,0,0,0,0,0
,,,,,,191,2026-02-12 12:52:20.527103,RTM1P49,0.45,0.45,0.47,1000000.0,3.0,1000000.0,,,,40.0,,,,0,0,0,0,0,0,0,0,0,0,0,0,0,0
,,,,,,191,2026-02-12 12:52:20.527103,RTM1C50,0.63,0.61,0.63,1000000.0,,1000000.0,,,,,30.0,30.0,,0,0,0,0,0,0,0,0,0,0,0,0,0,0
,,,,,,191,2026-02-12 12:52:20.527103,RTM1P50,0.94,0.92,0.94,1000000.0,2.0,1000000.0,,,,,,,,0,0,0,0,0,0,0,0,0,0,0,0,0,0
,,,,,,191,2026-02-12 12:52:20.527103,RTM1C51,0.3,0.3,0.32,1000000.0,,1000000.0,,,,,,,,0,0,0,0,0,0,0,0,0,0,0,0,0,0
,,,,,,191,2026-02-12 12:52:20.527103,RTM1P51,1.63,1.61,1.63,1000000.0,,1000000.0,,,,100.0,30.0,,,0,0,0,0,0,0,0,0,0,0,0,0,0,0
,,,,,,191,2026-02-12 12:52:20.527103,RTM1C52,0.11,0.11,0.13,1000000.0,,1000000.0,,,,100.0,,,100.0,0,0,0,0,0,0,0,0,0,0,0,0,0,0
,,,,,,191,2026-02-12 12:52:20.527103,RTM1P52,2.44,2.43,2.45,1000000.0,,1000000.0,,,,,,,,0,0,0,0,0,0,0,0,0,0,0,0,0,0
,,,,,,191,2026-02-12 12:52:20.527103,RTM1C53,0.04,0.03,0.05,1000000.0,,1000000.0,,,,,,,,0,0,0,0,0,0,0,0,0,0,0,0,0,0
,,,,,,191,2026-02-12 12:52:20.527103,RTM1P53,3.36,3.35,3.37,1000000.0,,1000000.0,,,,,,,,0,0,0,0,0,0,0,0,0,0,0,0,0,0
,,,,,,191,2026-02-12 12:52:20.527103,RTM1C54,0.02,0.01,0.03,1000000.0,,1000000.0,,,,,,,,0,0,0,0,0,0,0,0,0,0,0,0,0,0
,,,,,,191,2026-02-12 12:52:20.527103,RTM1P54,4.33,4.32,4.34,1000000.0,,1000000.0,,,,,,,,0,0,0,0,0,0,0,0,0,0,0,0,0,0
7.0,1.0,186.0,,News 3,The analysts have informed you that the realized volatility of RTM next week will be between 34% and 39%,192,2026-02-12 12:52:21.555019,RTM,49.54,49.54,49.56,100000000.0,19056.0,100000000.0,70.0,100.0,,,,,,0,0,0,0,0,0,0,0,0,0,0,0,0,0
6.0,1.0,149.0,Week 3,Announcement 2,The analysts have informed you that the realized volatility of RTM this week will be 25%,192,2026-02-12 12:52:21.555019,RTM1C45,4.55,4.54,4.56,1000000.0,68.0,1000000.0,,,50.0,,,,,0,0,0,0,0,0,0,0,0,0,0,0,0,0
5.0,1.0,111.0,,News 2,The analysts have informed you that the realized volatility of RTM next week will be between 21% and 26%,192,2026-02-12 12:52:21.555019,RTM1P45,0.02,0.01,0.03,1000000.0,,1000000.0,,,,,,,,0,0,0,0,0,0,0,0,0,0,0,0,0,0
4.0,1.0,74.0,Week 2,Announcement 1,The analysts have informed you that the realized volatility of RTM this week will be 39%,192,2026-02-12 12:52:21.555019,RTM1C46,3.57,3.56,3.58,1000000.0,,1000000.0,,,,,,,,0,0,0,0,0,0,0,0,0,0,0,0,0,0
3.0,1.0,35.0,,News 1,The analysts have informed you that the realized volatility of RTM next week will be between 36% and 41%,192,2026-02-12 12:52:21.555019,RTM1P46,0.03,0.02,0.04,1000000.0,,1000000.0,,,,,,,,0,0,0,0,0,0,0,0,0,0,0,0,0,0
2.0,1.0,2.0,Week 1,Delta limit and penalty,The delta limit for this sub-heat is 12000 and the penalty percentage is 2%,192,2026-02-12 12:52:21.555019,RTM1C47,2.62,2.61,2.63,1000000.0,43.0,1000000.0,,,200.0,,,,,0,0,0,0,0,0,0,0,0,0,0,0,0,0
1.0,1.0,2.0,Week 1,Risk free rate and current annualized volatility of RTM,The current risk free rate is 0%. RTM is an ETF that mimics one of the major indices in the simulated world and its current annualized realized volatility is 22%. This simulation consists of 20 trading days that are each 15 ticks in length.,192,2026-02-12 12:52:21.555019,RTM1P47,0.08,0.07,0.09,1000000.0,,1000000.0,,,,8.0,,,,0,0,0,0,0,0,0,0,0,0,0,0,0,0
,,,,,,192,2026-02-12 12:52:21.555019,RTM1C48,1.77,1.76,1.78,1000000.0,40.0,1000000.0,,,150.0,,,,,0,0,0,0,0,0,0,0,0,0,0,0,0,0
,,,,,,192,2026-02-12 12:52:21.555019,RTM1P48,0.23,0.22,0.24,1000000.0,,1000000.0,,,,,,,,0,0,0,0,0,0,0,0,0,0,0,0,0,0
,,,,,,192,2026-02-12 12:52:21.555019,RTM1C49,1.11,1.09,1.11,1000000.0,,1000000.0,,,108.0,,60.0,90.0,,0,0,0,0,0,0,0,0,0,0,0,0,0,0
,,,,,,192,2026-02-12 12:52:21.555019,RTM1P49,0.55,0.54,0.56,1000000.0,3.0,1000000.0,,,,40.0,,,,0,0,0,0,0,0,0,0,0,0,0,0,0,0
,,,,,,192,2026-02-12 12:52:21.555019,RTM1C50,0.59,0.57,0.59,1000000.0,,1000000.0,,,,,30.0,30.0,,0,0,0,0,0,0,0,0,0,0,0,0,0,0
,,,,,,192,2026-02-12 12:52:21.555019,RTM1P50,1.04,1.02,1.04,1000000.0,2.0,1000000.0,,,,,,,,0,0,0,0,0,0,0,0,0,0,0,0,0,0
,,,,,,192,2026-02-12 12:52:21.555019,RTM1C51,0.28,0.28,0.3,1000000.0,,1000000.0,,,,,,,,0,0,0,0,0,0,0,0,0,0,0,0,0,0
,,,,,,192,2026-02-12 12:52:21.555019,RTM1P51,1.73,1.73,1.75,1000000.0,,1000000.0,,,,100.0,30.0,,,0,0,0,0,0,0,0,0,0,0,0,0,0,0
,,,,,,192,2026-02-12 12:52:21.555019,RTM1C52,0.11,0.1,0.12,1000000.0,,1000000.0,,,,100.0,,,100.0,0,0,0,0,0,0,0,0,0,0,0,0,0,0
,,,,,,192,2026-02-12 12:52:21.555019,RTM1P52,2.56,2.55,2.57,1000000.0,,1000000.0,,,,,,,,0,0,0,0,0,0,0,0,0,0,0,0,0,0
,,,,,,192,2026-02-12 12:52:21.555019,RTM1C53,0.04,0.03,0.05,1000000.0,,1000000.0,,,,,,,,0,0,0,0,0,0,0,0,0,0,0,0,0,0
,,,,,,192,2026-02-12 12:52:21.555019,RTM1P53,3.49,3.48,3.5,1000000.0,,1000000.0,,,,,,,,0,0,0,0,0,0,0,0,0,0,0,0,0,0
,,,,,,192,2026-02-12 12:52:21.555019,RTM1C54,0.02,0.01,0.03,1000000.0,,1000000.0,,,,,,,,0,0,0,0,0,0,0,0,0,0,0,0,0,0
,,,,,,192,2026-02-12 12:52:21.555019,RTM1P54,4.46,4.45,4.47,1000000.0,,1000000.0,,,,,,,,0,0,0,0,0,0,0,0,0,0,0,0,0,0
7.0,1.0,186.0,,News 3,The analysts have informed you that the realized volatility of RTM next week will be between 34% and 39%,193,2026-02-12 12:52:22.582001,RTM,49.8,49.8,49.82,100000000.0,19056.0,100000000.0,70.0,100.0,,,,,,0,0,0,0,0,0,0,0,0,0,0,0,0,0
6.0,1.0,149.0,Week 3,Announcement 2,The analysts have informed you that the realized volatility of RTM this week will be 25%,193,2026-02-12 12:52:22.582001,RTM1C45,4.82,4.8,4.82,1000000.0,68.0,1000000.0,,,50.0,,,,,0,0,0,0,0,0,0,0,0,0,0,0,0,0
5.0,1.0,111.0,,News 2,The analysts have informed you that the realized volatility of RTM next week will be between 21% and 26%,193,2026-02-12 12:52:22.582001,RTM1P45,0.03,0.01,0.03,1000000.0,,1000000.0,,,,,,,,0,0,0,0,0,0,0,0,0,0,0,0,0,0
4.0,1.0,74.0,Week 2,Announcement 1,The analysts have informed you that the realized volatility of RTM this week will be 39%,193,2026-02-12 12:52:22.582001,RTM1C46,3.82,3.81,3.83,1000000.0,,1000000.0,,,,,,,,0,0,0,0,0,0,0,0,0,0,0,0,0,0
3.0,1.0,35.0,,News 1,The analysts have informed you that the realized volatility of RTM next week will be between 36% and 41%,193,2026-02-12 12:52:22.582001,RTM1P46,0.02,0.01,0.03,1000000.0,,1000000.0,,,,,,,,0,0,0,0,0,0,0,0,0,0,0,0,0,0
2.0,1.0,2.0,Week 1,Delta limit and penalty,The delta limit for this sub-heat is 12000 and the penalty percentage is 2%,193,2026-02-12 12:52:22.582001,RTM1C47,2.88,2.87,2.89,1000000.0,43.0,1000000.0,,,200.0,,,,,0,0,0,0,0,0,0,0,0,0,0,0,0,0
1.0,1.0,2.0,Week 1,Risk free rate and current annualized volatility of RTM,The current risk free rate is 0%. RTM is an ETF that mimics one of the major indices in the simulated world and its current annualized realized volatility is 22%. This simulation consists of 20 trading days that are each 15 ticks in length.,193,2026-02-12 12:52:22.582001,RTM1P47,0.07,0.06,0.08,1000000.0,,1000000.0,,,,8.0,,,,0,0,0,0,0,0,0,0,0,0,0,0,0,0
,,,,,,193,2026-02-12 12:52:22.582001,RTM1C48,2.0,1.99,2.01,1000000.0,40.0,1000000.0,,,150.0,,,,,0,0,0,0,0,0,0,0,0,0,0,0,0,0
,,,,,,193,2026-02-12 12:52:22.582001,RTM1P48,0.19,0.18,0.2,1000000.0,,1000000.0,,,,,,,,0,0,0,0,0,0,0,0,0,0,0,0,0,0
,,,,,,193,2026-02-12 12:52:22.582001,RTM1C49,1.26,1.26,1.28,1000000.0,,1000000.0,,,108.0,,60.0,90.0,,0,0,0,0,0,0,0,0,0,0,0,0,0,0
,,,,,,193,2026-02-12 12:52:22.582001,RTM1P49,0.47,0.45,0.47,1000000.0,3.0,1000000.0,,,,40.0,,,,0,0,0,0,0,0,0,0,0,0,0,0,0,0
,,,,,,193,2026-02-12 12:52:22.582001,RTM1C50,0.68,0.68,0.7,1000000.0,,1000000.0,,,,,30.0,30.0,,0,0,0,0,0,0,0,0,0,0,0,0,0,0
,,,,,,193,2026-02-12 12:52:22.582001,RTM1P50,0.87,0.87,0.89,1000000.0,,1000000.0,,,,,,,,0,0,0,0,0,0,0,0,0,0,0,0,0,0
,,,,,,193,2026-02-12 12:52:22.582001,RTM1C51,0.33,0.31,0.33,1000000.0,,1000000.0,,,,,,,,0,0,0,0,0,0,0,0,0,0,0,0,0,0
,,,,,,193,2026-02-12 12:52:22.582001,RTM1P51,1.5,1.5,1.52,1000000.0,,1000000.0,,,,100.0,30.0,,,0,0,0,0,0,0,0,0,0,0,0,0,0,0
,,,,,,193,2026-02-12 12:52:22.582001,RTM1C52,0.14,0.14,0.16,1000000.0,,1000000.0,,,,100.0,,,100.0,0,0,0,0,0,0,0,0,0,0,0,0,0,0
,,,,,,193,2026-02-12 12:52:22.582001,RTM1P52,2.33,2.33,2.35,1000000.0,,1000000.0,,,,,,,,0,0,0,0,0,0,0,0,0,0,0,0,0,0
,,,,,,193,2026-02-12 12:52:22.582001,RTM1C53,0.05,0.03,0.05,1000000.0,,1000000.0,,,,,,,,0,0,0,0,0,0,0,0,0,0,0,0,0,0
,,,,,,193,2026-02-12 12:52:22.582001,RTM1P53,3.23,3.22,3.24,1000000.0,,1000000.0,,,,,,,,0,0,0,0,0,0,0,0,0,0,0,0,0,0
,,,,,,193,2026-02-12 12:52:22.582001,RTM1C54,0.02,0.01,0.03,1000000.0,,1000000.0,,,,,,,,0,0,0,0,0,0,0,0,0,0,0,0,0,0
,,,,,,193,2026-02-12 12:52:22.582001,RTM1P54,4.21,4.2,4.22,1000000.0,,1000000.0,,,,,,,,0,0,0,0,0,0,0,0,0,0,0,0,0,0
7.0,1.0,186.0,,News 3,The analysts have informed you that the realized volatility of RTM next week will be between 34% and 39%,194,2026-02-12 12:52:23.611456,RTM,49.73,49.71,49.73,100000000.0,19056.0,100000000.0,70.0,100.0,,,,,,0,0,0,0,0,0,0,0,0,0,0,0,0,0
6.0,1.0,149.0,Week 3,Announcement 2,The analysts have informed you that the realized volatility of RTM this week will be 25%,194,2026-02-12 12:52:23.611456,RTM1C45,4.72,4.71,4.73,1000000.0,68.0,1000000.0,,,50.0,,,,,0,0,0,0,0,0,0,0,0,0,0,0,0,0
5.0,1.0,111.0,,News 2,The analysts have informed you that the realized volatility of RTM next week will be between 21% and 26%,194,2026-02-12 12:52:23.611456,RTM1P45,0.02,0.01,0.03,1000000.0,,1000000.0,,,,,,,,0,0,0,0,0,0,0,0,0,0,0,0,0,0
4.0,1.0,74.0,Week 2,Announcement 1,The analysts have informed you that the realized volatility of RTM this week will be 39%,194,2026-02-12 12:52:23.611456,RTM1C46,3.73,3.72,3.74,1000000.0,,1000000.0,,,,,,,,0,0,0,0,0,0,0,0,0,0,0,0,0,0
3.0,1.0,35.0,,News 1,The analysts have informed you that the realized volatility of RTM next week will be between 36% and 41%,194,2026-02-12 12:52:23.611456,RTM1P46,0.02,0.01,0.03,1000000.0,,1000000.0,,,,,,,,0,0,0,0,0,0,0,0,0,0,0,0,0,0
2.0,1.0,2.0,Week 1,Delta limit and penalty,The delta limit for this sub-heat is 12000 and the penalty percentage is 2%,194,2026-02-12 12:52:23.611456,RTM1C47,2.78,2.77,2.79,1000000.0,43.0,1000000.0,,,200.0,,,,,0,0,0,0,0,0,0,0,0,0,0,0,0,0
1.0,1.0,2.0,Week 1,Risk free rate and current annualized volatility of RTM,The current risk free rate is 0%. RTM is an ETF that mimics one of the major indices in the simulated world and its current annualized realized volatility is 22%. This simulation consists of 20 trading days that are each 15 ticks in length.,194,2026-02-12 12:52:23.611456,RTM1P47,0.07,0.06,0.08,1000000.0,,1000000.0,,,,8.0,,,,0,0,0,0,0,0,0,0,0,0,0,0,0,0
,,,,,,194,2026-02-12 12:52:23.611456,RTM1C48,1.92,1.91,1.93,1000000.0,40.0,1000000.0,,,150.0,,,,,0,0,0,0,0,0,0,0,0,0,0,0,0,0
,,,,,,194,2026-02-12 12:52:23.611456,RTM1P48,0.2,0.19,0.21,1000000.0,,1000000.0,,,,,,,,0,0,0,0,0,0,0,0,0,0,0,0,0,0
,,,,,,194,2026-02-12 12:52:23.611456,RTM1C49,1.18,1.16,1.18,1000000.0,,1000000.0,,,108.0,,60.0,90.0,,0,0,0,0,0,0,0,0,0,0,0,0,0,0
,,,,,,194,2026-02-12 12:52:23.611456,RTM1P49,0.47,0.45,0.47,1000000.0,3.0,1000000.0,,,,40.0,,,,0,0,0,0,0,0,0,0,0,0,0,0,0,0
,,,,,,194,2026-02-12 12:52:23.611456,RTM1C50,0.67,0.65,0.67,1000000.0,,1000000.0,,,,,30.0,30.0,,0,0,0,0,0,0,0,0,0,0,0,0,0,0
,,,,,,194,2026-02-12 12:52:23.611456,RTM1P50,0.95,0.93,0.95,1000000.0,,1000000.0,,,,,,,,0,0,0,0,0,0,0,0,0,0,0,0,0,0
,,,,,,194,2026-02-12 12:52:23.611456,RTM1C51,0.29,0.29,0.31,1000000.0,,1000000.0,,,,,,,,0,0,0,0,0,0,0,0,0,0,0,0,0,0
,,,,,,194,2026-02-12 12:52:23.611456,RTM1P51,1.58,1.58,1.6,1000000.0,,1000000.0,,,,100.0,30.0,,,0,0,0,0,0,0,0,0,0,0,0,0,0,0
,,,,,,194,2026-02-12 12:52:23.611456,RTM1C52,0.13,0.12,0.14,1000000.0,,1000000.0,,,,100.0,,,100.0,0,0,0,0,0,0,0,0,0,0,0,0,0,0
,,,,,,194,2026-02-12 12:52:23.611456,RTM1P52,2.42,2.41,2.43,1000000.0,,1000000.0,,,,,,,,0,0,0,0,0,0,0,0,0,0,0,0,0,0
,,,,,,194,2026-02-12 12:52:23.611456,RTM1C53,0.04,0.03,0.05,1000000.0,,1000000.0,,,,,,,,0,0,0,0,0,0,0,0,0,0,0,0,0,0
,,,,,,194,2026-02-12 12:52:23.611456,RTM1P53,3.33,3.32,3.34,1000000.0,,1000000.0,,,,,,,,0,0,0,0,0,0,0,0,0,0,0,0,0,0
,,,,,,194,2026-02-12 12:52:23.611456,RTM1C54,0.02,0.01,0.03,1000000.0,,1000000.0,,,,,,,,0,0,0,0,0,0,0,0,0,0,0,0,0,0
,,,,,,194,2026-02-12 12:52:23.611456,RTM1P54,4.3,4.29,4.31,1000000.0,,1000000.0,,,,,,,,0,0,0,0,0,0,0,0,0,0,0,0,0,0
7.0,1.0,186.0,,News 3,The analysts have informed you that the realized volatility of RTM next week will be between 34% and 39%,195,2026-02-12 12:52:24.644777,RTM,49.89,49.87,49.89,100000000.0,19056.0,100000000.0,70.0,100.0,,,,,,0,0,0,0,0,0,0,0,0,0,0,0,0,0
6.0,1.0,149.0,Week 3,Announcement 2,The analysts have informed you that the realized volatility of RTM this week will be 25%,195,2026-02-12 12:52:24.644777,RTM1C45,4.88,4.87,4.89,1000000.0,68.0,1000000.0,,,50.0,,,,,0,0,0,0,0,0,0,0,0,0,0,0,0,0
5.0,1.0,111.0,,News 2,The analysts have informed you that the realized volatility of RTM next week will be between 21% and 26%,195,2026-02-12 12:52:24.644777,RTM1P45,0.01,0.01,0.03,1000000.0,,1000000.0,,,,,,,,0,0,0,0,0,0,0,0,0,0,0,0,0,0
4.0,1.0,74.0,Week 2,Announcement 1,The analysts have informed you that the realized volatility of RTM this week will be 39%,195,2026-02-12 12:52:24.644777,RTM1C46,3.89,3.88,3.9,1000000.0,,1000000.0,,,,,,,,0,0,0,0,0,0,0,0,0,0,0,0,0,0
3.0,1.0,35.0,,News 1,The analysts have informed you that the realized volatility of RTM next week will be between 36% and 41%,195,2026-02-12 12:52:24.644777,RTM1P46,0.02,0.01,0.03,1000000.0,,1000000.0,,,,,,,,0,0,0,0,0,0,0,0,0,0,0,0,0,0
2.0,1.0,2.0,Week 1,Delta limit and penalty,The delta limit for this sub-heat is 12000 and the penalty percentage is 2%,195,2026-02-12 12:52:24.644777,RTM1C47,2.94,2.93,2.95,1000000.0,43.0,1000000.0,,,200.0,,,,,0,0,0,0,0,0,0,0,0,0,0,0,0,0
1.0,1.0,2.0,Week 1,Risk free rate and current annualized volatility of RTM,The current risk free rate is 0%. RTM is an ETF that mimics one of the major indices in the simulated world and its current annualized realized volatility is 22%. This simulation consists of 20 trading days that are each 15 ticks in length.,195,2026-02-12 12:52:24.644777,RTM1P47,0.06,0.05,0.07,1000000.0,,1000000.0,,,,8.0,,,,0,0,0,0,0,0,0,0,0,0,0,0,0,0
,,,,,,195,2026-02-12 12:52:24.644777,RTM1C48,2.06,2.05,2.07,1000000.0,40.0,1000000.0,,,150.0,,,,,0,0,0,0,0,0,0,0,0,0,0,0,0,0
,,,,,,195,2026-02-12 12:52:24.644777,RTM1P48,0.18,0.17,0.19,1000000.0,,1000000.0,,,,,,,,0,0,0,0,0,0,0,0,0,0,0,0,0,0
,,,,,,195,2026-02-12 12:52:24.644777,RTM1C49,1.3,1.3,1.32,1000000.0,,1000000.0,,,108.0,,60.0,90.0,,0,0,0,0,0,0,0,0,0,0,0,0,0,0
,,,,,,195,2026-02-12 12:52:24.644777,RTM1P49,0.42,0.42,0.44,1000000.0,,1000000.0,,,,40.0,,,,0,0,0,0,0,0,0,0,0,0,0,0,0,0
,,,,,,195,2026-02-12 12:52:24.644777,RTM1C50,0.74,0.74,0.76,1000000.0,,1000000.0,,,,,30.0,30.0,,0,0,0,0,0,0,0,0,0,0,0,0,0,0
,,,,,,195,2026-02-12 12:52:24.644777,RTM1P50,0.86,0.86,0.88,1000000.0,,1000000.0,,,,,,,,0,0,0,0,0,0,0,0,0,0,0,0,0,0
,,,,,,195,2026-02-12 12:52:24.644777,RTM1C51,0.37,0.35,0.37,1000000.0,,1000000.0,,,,,,,,0,0,0,0,0,0,0,0,0,0,0,0,0,0
,,,,,,195,2026-02-12 12:52:24.644777,RTM1P51,1.49,1.47,1.49,1000000.0,,1000000.0,,,,100.0,30.0,,,0,0,0,0,0,0,0,0,0,0,0,0,0,0
,,,,,,195,2026-02-12 12:52:24.644777,RTM1C52,0.14,0.14,0.16,1000000.0,,1000000.0,,,,100.0,,,100.0,0,0,0,0,0,0,0,0,0,0,0,0,0,0
,,,,,,195,2026-02-12 12:52:24.644777,RTM1P52,2.26,2.26,2.28,1000000.0,,1000000.0,,,,,,,,0,0,0,0,0,0,0,0,0,0,0,0,0,0
,,,,,,195,2026-02-12 12:52:24.644777,RTM1C53,0.06,0.05,0.07,1000000.0,,1000000.0,,,,,,,,0,0,0,0,0,0,0,0,0,0,0,0,0,0
,,,,,,195,2026-02-12 12:52:24.644777,RTM1P53,3.19,3.17,3.19,1000000.0,,1000000.0,,,,,,,,0,0,0,0,0,0,0,0,0,0,0,0,0,0
,,,,,,195,2026-02-12 12:52:24.644777,RTM1C54,0.02,0.01,0.03,1000000.0,,1000000.0,,,,,,,,0,0,0,0,0,0,0,0,0,0,0,0,0,0
,,,,,,195,2026-02-12 12:52:24.644777,RTM1P54,4.13,4.12,4.14,1000000.0,,1000000.0,,,,,,,,0,0,0,0,0,0,0,0,0,0,0,0,0,0
7.0,1.0,186.0,,News 3,The analysts have informed you that the realized volatility of RTM next week will be between 34% and 39%,196,2026-02-12 12:52:25.677226,RTM,49.95,49.95,49.97,100000000.0,19056.0,100000000.0,20.0,100.0,,,,,,0,0,0,0,0,0,0,0,0,0,0,0,0,0
6.0,1.0,149.0,Week 3,Announcement 2,The analysts have informed you that the realized volatility of RTM this week will be 25%,196,2026-02-12 12:52:25.677226,RTM1C45,4.96,4.95,4.97,1000000.0,68.0,1000000.0,,,50.0,,,,,0,0,0,0,0,0,0,0,0,0,0,0,0,0
5.0,1.0,111.0,,News 2,The analysts have informed you that the realized volatility of RTM next week will be between 21% and 26%,196,2026-02-12 12:52:25.677226,RTM1P45,0.02,0.01,0.03,1000000.0,,1000000.0,,,,,,,,0,0,0,0,0,0,0,0,0,0,0,0,0,0
4.0,1.0,74.0,Week 2,Announcement 1,The analysts have informed you that the realized volatility of RTM this week will be 39%,196,2026-02-12 12:52:25.677226,RTM1C46,3.97,3.96,3.98,1000000.0,,1000000.0,,,,,,,,0,0,0,0,0,0,0,0,0,0,0,0,0,0
3.0,1.0,35.0,,News 1,The analysts have informed you that the realized volatility of RTM next week will be between 36% and 41%,196,2026-02-12 12:52:25.677226,RTM1P46,0.02,0.01,0.03,1000000.0,,1000000.0,,,,,,,,0,0,0,0,0,0,0,0,0,0,0,0,0,0
2.0,1.0,2.0,Week 1,Delta limit and penalty,The delta limit for this sub-heat is 12000 and the penalty percentage is 2%,196,2026-02-12 12:52:25.677226,RTM1C47,3.01,3.0,3.02,1000000.0,43.0,1000000.0,,,200.0,,,,,0,0,0,0,0,0,0,0,0,0,0,0,0,0
1.0,1.0,2.0,Week 1,Risk free rate and current annualized volatility of RTM,The current risk free rate is 0%. RTM is an ETF that mimics one of the major indices in the simulated world and its current annualized realized volatility is 22%. This simulation consists of 20 trading days that are each 15 ticks in length.,196,2026-02-12 12:52:25.677226,RTM1P47,0.05,0.04,0.06,1000000.0,,1000000.0,,,,8.0,,,,0,0,0,0,0,0,0,0,0,0,0,0,0,0
,,,,,,196,2026-02-12 12:52:25.677226,RTM1C48,2.12,2.11,2.13,1000000.0,40.0,1000000.0,,,150.0,,,,,0,0,0,0,0,0,0,0,0,0,0,0,0,0
,,,,,,196,2026-02-12 12:52:25.677226,RTM1P48,0.16,0.15,0.17,1000000.0,,1000000.0,,,,,,,,0,0,0,0,0,0,0,0,0,0,0,0,0,0
,,,,,,196,2026-02-12 12:52:25.677226,RTM1C49,1.35,1.33,1.35,1000000.0,,1000000.0,,,108.0,,60.0,90.0,,0,0,0,0,0,0,0,0,0,0,0,0,0,0
,,,,,,196,2026-02-12 12:52:25.677226,RTM1P49,0.38,0.38,0.4,1000000.0,,1000000.0,,,,40.0,,,,0,0,0,0,0,0,0,0,0,0,0,0,0,0
,,,,,,196,2026-02-12 12:52:25.677226,RTM1C50,0.76,0.75,0.77,1000000.0,,1000000.0,,,,,30.0,30.0,,0,0,0,0,0,0,0,0,0,0,0,0,0,0
,,,,,,196,2026-02-12 12:52:25.677226,RTM1P50,0.81,0.79,0.81,1000000.0,,1000000.0,,,,,,,,0,0,0,0,0,0,0,0,0,0,0,0,0,0
,,,,,,196,2026-02-12 12:52:25.677226,RTM1C51,0.38,0.36,0.38,1000000.0,,1000000.0,,,,,,,,0,0,0,0,0,0,0,0,0,0,0,0,0,0
,,,,,,196,2026-02-12 12:52:25.677226,RTM1P51,1.43,1.41,1.43,1000000.0,,1000000.0,,,,100.0,30.0,,,0,0,0,0,0,0,0,0,0,0,0,0,0,0
,,,,,,196,2026-02-12 12:52:25.677226,RTM1C52,0.16,0.15,0.17,1000000.0,,1000000.0,,,,100.0,,,100.0,0,0,0,0,0,0,0,0,0,0,0,0,0,0
,,,,,,196,2026-02-12 12:52:25.677226,RTM1P52,2.21,2.19,2.21,1000000.0,,1000000.0,,,,,,,,0,0,0,0,0,0,0,0,0,0,0,0,0,0
,,,,,,196,2026-02-12 12:52:25.677226,RTM1C53,0.07,0.06,0.08,1000000.0,,1000000.0,,,,,,,,0,0,0,0,0,0,0,0,0,0,0,0,0,0
,,,,,,196,2026-02-12 12:52:25.677226,RTM1P53,3.11,3.1,3.12,1000000.0,,1000000.0,,,,,,,,0,0,0,0,0,0,0,0,0,0,0,0,0,0
,,,,,,196,2026-02-12 12:52:25.677226,RTM1C54,0.01,0.01,0.03,1000000.0,,1000000.0,,,,,,,,0,0,0,0,0,0,0,0,0,0,0,0,0,0
,,,,,,196,2026-02-12 12:52:25.677226,RTM1P54,4.06,4.05,4.07,1000000.0,,1000000.0,,,,,,,,0,0,0,0,0,0,0,0,0,0,0,0,0,0
7.0,1.0,186.0,,News 3,The analysts have informed you that the realized volatility of RTM next week will be between 34% and 39%,197,2026-02-12 12:52:26.708578,RTM,50.05,50.05,50.07,100000000.0,19056.0,100000000.0,10.0,100.0,,,,,,0,0,0,0,0,0,0,0,0,0,0,0,0,0
6.0,1.0,149.0,Week 3,Announcement 2,The analysts have informed you that the realized volatility of RTM this week will be 25%,197,2026-02-12 12:52:26.708578,RTM1C45,5.06,5.05,5.07,1000000.0,68.0,1000000.0,,,50.0,,,,,0,0,0,0,0,0,0,0,0,0,0,0,0,0
5.0,1.0,111.0,,News 2,The analysts have informed you that the realized volatility of RTM next week will be between 21% and 26%,197,2026-02-12 12:52:26.708578,RTM1P45,0.02,0.01,0.03,1000000.0,,1000000.0,,,,,,,,0,0,0,0,0,0,0,0,0,0,0,0,0,0
4.0,1.0,74.0,Week 2,Announcement 1,The analysts have informed you that the realized volatility of RTM this week will be 39%,197,2026-02-12 12:52:26.708578,RTM1C46,4.07,4.06,4.08,1000000.0,,1000000.0,,,,,,,,0,0,0,0,0,0,0,0,0,0,0,0,0,0
3.0,1.0,35.0,,News 1,The analysts have informed you that the realized volatility of RTM next week will be between 36% and 41%,197,2026-02-12 12:52:26.708578,RTM1P46,0.02,0.01,0.03,1000000.0,,1000000.0,,,,,,,,0,0,0,0,0,0,0,0,0,0,0,0,0,0
2.0,1.0,2.0,Week 1,Delta limit and penalty,The delta limit for this sub-heat is 12000 and the penalty percentage is 2%,197,2026-02-12 12:52:26.708578,RTM1C47,3.11,3.1,3.12,1000000.0,43.0,1000000.0,,,200.0,,,,,0,0,0,0,0,0,0,0,0,0,0,0,0,0
1.0,1.0,2.0,Week 1,Risk free rate and current annualized volatility of RTM,The current risk free rate is 0%. RTM is an ETF that mimics one of the major indices in the simulated world and its current annualized realized volatility is 22%. This simulation consists of 20 trading days that are each 15 ticks in length.,197,2026-02-12 12:52:26.708578,RTM1P47,0.05,0.04,0.06,1000000.0,,1000000.0,,,,8.0,,,,0,0,0,0,0,0,0,0,0,0,0,0,0,0
,,,,,,197,2026-02-12 12:52:26.708578,RTM1C48,2.2,2.19,2.21,1000000.0,40.0,1000000.0,,,150.0,,,,,0,0,0,0,0,0,0,0,0,0,0,0,0,0
,,,,,,197,2026-02-12 12:52:26.708578,RTM1P48,0.14,0.13,0.15,1000000.0,,1000000.0,,,,,,,,0,0,0,0,0,0,0,0,0,0,0,0,0,0
,,,,,,197,2026-02-12 12:52:26.708578,RTM1C49,1.43,1.41,1.43,1000000.0,,1000000.0,,,108.0,,60.0,90.0,,0,0,0,0,0,0,0,0,0,0,0,0,0,0
,,,,,,197,2026-02-12 12:52:26.708578,RTM1P49,0.35,0.35,0.37,1000000.0,,1000000.0,,,,40.0,,,,0,0,0,0,0,0,0,0,0,0,0,0,0,0
,,,,,,197,2026-02-12 12:52:26.708578,RTM1C50,0.83,0.81,0.83,1000000.0,,1000000.0,,,,,30.0,30.0,,0,0,0,0,0,0,0,0,0,0,0,0,0,0
,,,,,,197,2026-02-12 12:52:26.708578,RTM1P50,0.77,0.75,0.77,1000000.0,,1000000.0,,,,,,,,0,0,0,0,0,0,0,0,0,0,0,0,0,0
,,,,,,197,2026-02-12 12:52:26.708578,RTM1C51,0.41,0.41,0.43,1000000.0,,1000000.0,,,,,,,,0,0,0,0,0,0,0,0,0,0,0,0,0,0
,,,,,,197,2026-02-12 12:52:26.708578,RTM1P51,1.35,1.35,1.37,1000000.0,,1000000.0,,,,100.0,30.0,,,0,0,0,0,0,0,0,0,0,0,0,0,0,0
,,,,,,197,2026-02-12 12:52:26.708578,RTM1C52,0.18,0.16,0.18,1000000.0,,1000000.0,,,,100.0,,,100.0,0,0,0,0,0,0,0,0,0,0,0,0,0,0
,,,,,,197,2026-02-12 12:52:26.708578,RTM1P52,2.12,2.1,2.12,1000000.0,,1000000.0,,,,,,,,0,0,0,0,0,0,0,0,0,0,0,0,0,0
,,,,,,197,2026-02-12 12:52:26.708578,RTM1C53,0.06,0.06,0.08,1000000.0,,1000000.0,,,,,,,,0,0,0,0,0,0,0,0,0,0,0,0,0,0
,,,,,,197,2026-02-12 12:52:26.708578,RTM1P53,3.0,3.0,3.02,1000000.0,,1000000.0,,,,,,,,0,0,0,0,0,0,0,0,0,0,0,0,0,0
,,,,,,197,2026-02-12 12:52:26.708578,RTM1C54,0.03,0.01,0.03,1000000.0,,1000000.0,,,,,,,,0,0,0,0,0,0,0,0,0,0,0,0,0,0
,,,,,,197,2026-02-12 12:52:26.708578,RTM1P54,3.97,3.95,3.97,1000000.0,,1000000.0,,,,,,,,0,0,0,0,0,0,0,0,0,0,0,0,0,0
7.0,1.0,186.0,,News 3,The analysts have informed you that the realized volatility of RTM next week will be between 34% and 39%,198,2026-02-12 12:52:27.747030,RTM,50.05,50.03,50.05,100000000.0,19056.0,100000000.0,10.0,100.0,,,,,,0,0,0,0,0,0,0,0,0,0,0,0,0,0
6.0,1.0,149.0,Week 3,Announcement 2,The analysts have informed you that the realized volatility of RTM this week will be 25%,198,2026-02-12 12:52:27.747030,RTM1C45,5.04,5.04,5.06,1000000.0,68.0,1000000.0,,,50.0,,,,,0,0,0,0,0,0,0,0,0,0,0,0,0,0
5.0,1.0,111.0,,News 2,The analysts have informed you that the realized volatility of RTM next week will be between 21% and 26%,198,2026-02-12 12:52:27.747030,RTM1P45,0.01,0.01,0.03,1000000.0,,1000000.0,,,,,,,,0,0,0,0,0,0,0,0,0,0,0,0,0,0
4.0,1.0,74.0,Week 2,Announcement 1,The analysts have informed you that the realized volatility of RTM this week will be 39%,198,2026-02-12 12:52:27.747030,RTM1C46,4.05,4.05,4.07,1000000.0,,1000000.0,,,,,,,,0,0,0,0,0,0,0,0,0,0,0,0,0,0
3.0,1.0,35.0,,News 1,The analysts have informed you that the realized volatility of RTM next week will be between 36% and 41%,198,2026-02-12 12:52:27.747030,RTM1P46,0.01,0.01,0.03,1000000.0,,1000000.0,,,,,,,,0,0,0,0,0,0,0,0,0,0,0,0,0,0
2.0,1.0,2.0,Week 1,Delta limit and penalty,The delta limit for this sub-heat is 12000 and the penalty percentage is 2%,198,2026-02-12 12:52:27.747030,RTM1C47,3.08,3.08,3.1,1000000.0,43.0,1000000.0,,,200.0,,,,,0,0,0,0,0,0,0,0,0,0,0,0,0,0
1.0,1.0,2.0,Week 1,Risk free rate and current annualized volatility of RTM,The current risk free rate is 0%. RTM is an ETF that mimics one of the major indices in the simulated world and its current annualized realized volatility is 22%. This simulation consists of 20 trading days that are each 15 ticks in length.,198,2026-02-12 12:52:27.747030,RTM1P47,0.05,0.04,0.06,1000000.0,,1000000.0,,,,8.0,,,,0,0,0,0,0,0,0,0,0,0,0,0,0,0
,,,,,,198,2026-02-12 12:52:27.747030,RTM1C48,2.18,2.18,2.2,1000000.0,40.0,1000000.0,,,150.0,,,,,0,0,0,0,0,0,0,0,0,0,0,0,0,0
,,,,,,198,2026-02-12 12:52:27.747030,RTM1P48,0.14,0.13,0.15,1000000.0,,1000000.0,,,,,,,,0,0,0,0,0,0,0,0,0,0,0,0,0,0
,,,,,,198,2026-02-12 12:52:27.747030,RTM1C49,1.42,1.42,1.44,1000000.0,,1000000.0,,,108.0,,60.0,90.0,,0,0,0,0,0,0,0,0,0,0,0,0,0,0
,,,,,,198,2026-02-12 12:52:27.747030,RTM1P49,0.39,0.37,0.39,1000000.0,,1000000.0,,,,40.0,,,,0,0,0,0,0,0,0,0,0,0,0,0,0,0
,,,,,,198,2026-02-12 12:52:27.747030,RTM1C50,0.83,0.81,0.83,1000000.0,,1000000.0,,,,,30.0,30.0,,0,0,0,0,0,0,0,0,0,0,0,0,0,0
,,,,,,198,2026-02-12 12:52:27.747030,RTM1P50,0.79,0.77,0.79,1000000.0,,1000000.0,,,,,,,,0,0,0,0,0,0,0,0,0,0,0,0,0,0
,,,,,,198,2026-02-12 12:52:27.747030,RTM1C51,0.41,0.39,0.41,1000000.0,,1000000.0,,,,,,,,0,0,0,0,0,0,0,0,0,0,0,0,0,0
,,,,,,198,2026-02-12 12:52:27.747030,RTM1P51,1.37,1.35,1.37,1000000.0,,1000000.0,,,,100.0,30.0,,,0,0,0,0,0,0,0,0,0,0,0,0,0,0
,,,,,,198,2026-02-12 12:52:27.747030,RTM1C52,0.18,0.17,0.19,1000000.0,,1000000.0,,,,100.0,,,100.0,0,0,0,0,0,0,0,0,0,0,0,0,0,0
,,,,,,198,2026-02-12 12:52:27.747030,RTM1P52,2.14,2.13,2.15,1000000.0,,1000000.0,,,,,,,,0,0,0,0,0,0,0,0,0,0,0,0,0,0
,,,,,,198,2026-02-12 12:52:27.747030,RTM1C53,0.07,0.06,0.08,1000000.0,,1000000.0,,,,,,,,0,0,0,0,0,0,0,0,0,0,0,0,0,0
,,,,,,198,2026-02-12 12:52:27.747030,RTM1P53,3.02,3.01,3.03,1000000.0,,1000000.0,,,,,,,,0,0,0,0,0,0,0,0,0,0,0,0,0,0
,,,,,,198,2026-02-12 12:52:27.747030,RTM1C54,0.02,0.01,0.03,1000000.0,,1000000.0,,,,,,,,0,0,0,0,0,0,0,0,0,0,0,0,0,0
,,,,,,198,2026-02-12 12:52:27.747030,RTM1P54,3.98,3.97,3.99,1000000.0,,1000000.0,,,,,,,,0,0,0,0,0,0,0,0,0,0,0,0,0,0
7.0,1.0,186.0,,News 3,The analysts have informed you that the realized volatility of RTM next week will be between 34% and 39%,199,2026-02-12 12:52:28.775754,RTM,50.15,50.13,50.15,100000000.0,19056.0,100000000.0,10.0,100.0,,,,,,0,0,0,0,0,0,0,0,0,0,0,0,0,0
6.0,1.0,149.0,Week 3,Announcement 2,The analysts have informed you that the realized volatility of RTM this week will be 25%,199,2026-02-12 12:52:28.775754,RTM1C45,5.14,5.13,5.15,1000000.0,68.0,1000000.0,,,50.0,,,,,0,0,0,0,0,0,0,0,0,0,0,0,0,0
5.0,1.0,111.0,,News 2,The analysts have informed you that the realized volatility of RTM next week will be between 21% and 26%,199,2026-02-12 12:52:28.775754,RTM1P45,0.01,0.01,0.03,1000000.0,,1000000.0,,,,,,,,0,0,0,0,0,0,0,0,0,0,0,0,0,0
4.0,1.0,74.0,Week 2,Announcement 1,The analysts have informed you that the realized volatility of RTM this week will be 39%,199,2026-02-12 12:52:28.775754,RTM1C46,4.15,4.14,4.16,1000000.0,,1000000.0,,,,,,,,0,0,0,0,0,0,0,0,0,0,0,0,0,0
3.0,1.0,35.0,,News 1,The analysts have informed you that the realized volatility of RTM next week will be between 36% and 41%,199,2026-02-12 12:52:28.775754,RTM1P46,0.02,0.01,0.03,1000000.0,,1000000.0,,,,,,,,0,0,0,0,0,0,0,0,0,0,0,0,0,0
2.0,1.0,2.0,Week 1,Delta limit and penalty,The delta limit for this sub-heat is 12000 and the penalty percentage is 2%,199,2026-02-12 12:52:28.775754,RTM1C47,3.18,3.17,3.19,1000000.0,43.0,1000000.0,,,200.0,,,,,0,0,0,0,0,0,0,0,0,0,0,0,0,0
1.0,1.0,2.0,Week 1,Risk free rate and current annualized volatility of RTM,The current risk free rate is 0%. RTM is an ETF that mimics one of the major indices in the simulated world and its current annualized realized volatility is 22%. This simulation consists of 20 trading days that are each 15 ticks in length.,199,2026-02-12 12:52:28.775754,RTM1P47,0.04,0.03,0.05,1000000.0,,1000000.0,,,,8.0,,,,0,0,0,0,0,0,0,0,0,0,0,0,0,0
,,,,,,199,2026-02-12 12:52:28.775754,RTM1C48,2.27,2.26,2.28,1000000.0,40.0,1000000.0,,,150.0,,,,,0,0,0,0,0,0,0,0,0,0,0,0,0,0
,,,,,,199,2026-02-12 12:52:28.775754,RTM1P48,0.13,0.12,0.14,1000000.0,,1000000.0,,,,,,,,0,0,0,0,0,0,0,0,0,0,0,0,0,0
,,,,,,199,2026-02-12 12:52:28.775754,RTM1C49,1.49,1.49,1.51,1000000.0,,1000000.0,,,108.0,,60.0,90.0,,0,0,0,0,0,0,0,0,0,0,0,0,0,0
,,,,,,199,2026-02-12 12:52:28.775754,RTM1P49,0.36,0.34,0.36,1000000.0,,1000000.0,,,,40.0,,,,0,0,0,0,0,0,0,0,0,0,0,0,0,0
,,,,,,199,2026-02-12 12:52:28.775754,RTM1C50,0.89,0.87,0.89,1000000.0,,1000000.0,,,,,30.0,30.0,,0,0,0,0,0,0,0,0,0,0,0,0,0,0
,,,,,,199,2026-02-12 12:52:28.775754,RTM1P50,0.75,0.73,0.75,1000000.0,,1000000.0,,,,,,,,0,0,0,0,0,0,0,0,0,0,0,0,0,0
,,,,,,199,2026-02-12 12:52:28.775754,RTM1C51,0.46,0.44,0.46,1000000.0,,1000000.0,,,,,,,,0,0,0,0,0,0,0,0,0,0,0,0,0,0
,,,,,,199,2026-02-12 12:52:28.775754,RTM1P51,1.32,1.3,1.32,1000000.0,,1000000.0,,,,100.0,30.0,,,0,0,0,0,0,0,0,0,0,0,0,0,0,0
,,,,,,199,2026-02-12 12:52:28.775754,RTM1C52,0.18,0.18,0.2,1000000.0,,1000000.0,,,,100.0,,,100.0,0,0,0,0,0,0,0,0,0,0,0,0,0,0
,,,,,,199,2026-02-12 12:52:28.775754,RTM1P52,2.06,2.04,2.06,1000000.0,,1000000.0,,,,,,,,0,0,0,0,0,0,0,0,0,0,0,0,0,0
,,,,,,199,2026-02-12 12:52:28.775754,RTM1C53,0.09,0.07,0.09,1000000.0,,1000000.0,,,,,,,,0,0,0,0,0,0,0,0,0,0,0,0,0,0
,,,,,,199,2026-02-12 12:52:28.775754,RTM1P53,2.94,2.92,2.94,1000000.0,,1000000.0,,,,,,,,0,0,0,0,0,0,0,0,0,0,0,0,0,0
,,,,,,199,2026-02-12 12:52:28.775754,RTM1C54,0.03,0.01,0.03,1000000.0,,1000000.0,,,,,,,,0,0,0,0,0,0,0,0,0,0,0,0,0,0
,,,,,,199,2026-02-12 12:52:28.775754,RTM1P54,3.89,3.87,3.89,1000000.0,,1000000.0,,,,,,,,0,0,0,0,0,0,0,0,0,0,0,0,0,0
7.0,1.0,186.0,,News 3,The analysts have informed you that the realized volatility of RTM next week will be between 34% and 39%,200,2026-02-12 12:52:29.806050,RTM,49.83,49.83,49.85,100000000.0,19056.0,100000000.0,10.0,100.0,,,,,,0,0,0,0,0,0,0,0,0,0,0,0,0,0
6.0,1.0,149.0,Week 3,Announcement 2,The analysts have informed you that the realized volatility of RTM this week will be 25%,200,2026-02-12 12:52:29.806050,RTM1C45,4.85,4.83,4.85,1000000.0,68.0,1000000.0,,,50.0,,,,,0,0,0,0,0,0,0,0,0,0,0,0,0,0
5.0,1.0,111.0,,News 2,The analysts have informed you that the realized volatility of RTM next week will be between 21% and 26%,200,2026-02-12 12:52:29.806050,RTM1P45,0.01,0.01,0.03,1000000.0,,1000000.0,,,,,,,,0,0,0,0,0,0,0,0,0,0,0,0,0,0
4.0,1.0,74.0,Week 2,Announcement 1,The analysts have informed you that the realized volatility of RTM this week will be 39%,200,2026-02-12 12:52:29.806050,RTM1C46,3.86,3.84,3.86,1000000.0,,1000000.0,,,,,,,,0,0,0,0,0,0,0,0,0,0,0,0,0,0
3.0,1.0,35.0,,News 1,The analysts have informed you that the realized volatility of RTM next week will be between 36% and 41%,200,2026-02-12 12:52:29.806050,RTM1P46,0.01,0.01,0.03,1000000.0,,1000000.0,,,,,,,,0,0,0,0,0,0,0,0,0,0,0,0,0,0
2.0,1.0,2.0,Week 1,Delta limit and penalty,The delta limit for this sub-heat is 12000 and the penalty percentage is 2%,200,2026-02-12 12:52:29.806050,RTM1C47,2.9,2.88,2.9,1000000.0,43.0,1000000.0,,,200.0,,,,,0,0,0,0,0,0,0,0,0,0,0,0,0,0
1.0,1.0,2.0,Week 1,Risk free rate and current annualized volatility of RTM,The current risk free rate is 0%. RTM is an ETF that mimics one of the major indices in the simulated world and its current annualized realized volatility is 22%. This simulation consists of 20 trading days that are each 15 ticks in length.,200,2026-02-12 12:52:29.806050,RTM1P47,0.06,0.05,0.07,1000000.0,,1000000.0,,,,8.0,,,,0,0,0,0,0,0,0,0,0,0,0,0,0,0
,,,,,,200,2026-02-12 12:52:29.806050,RTM1C48,2.01,2.0,2.02,1000000.0,40.0,1000000.0,,,150.0,,,,,0,0,0,0,0,0,0,0,0,0,0,0,0,0
,,,,,,200,2026-02-12 12:52:29.806050,RTM1P48,0.18,0.17,0.19,1000000.0,,1000000.0,,,,,,,,0,0,0,0,0,0,0,0,0,0,0,0,0,0
,,,,,,200,2026-02-12 12:52:29.806050,RTM1C49,1.29,1.27,1.29,1000000.0,,1000000.0,,,108.0,,60.0,90.0,,0,0,0,0,0,0,0,0,0,0,0,0,0,0
,,,,,,200,2026-02-12 12:52:29.806050,RTM1P49,0.46,0.44,0.46,1000000.0,,1000000.0,,,,40.0,,,,0,0,0,0,0,0,0,0,0,0,0,0,0,0
,,,,,,200,2026-02-12 12:52:29.806050,RTM1C50,0.73,0.71,0.73,1000000.0,,1000000.0,,,,,30.0,30.0,,0,0,0,0,0,0,0,0,0,0,0,0,0,0
,,,,,,200,2026-02-12 12:52:29.806050,RTM1P50,0.89,0.87,0.89,1000000.0,,1000000.0,,,,,,,,0,0,0,0,0,0,0,0,0,0,0,0,0,0
,,,,,,200,2026-02-12 12:52:29.806050,RTM1C51,0.36,0.34,0.36,1000000.0,,1000000.0,,,,,,,,0,0,0,0,0,0,0,0,0,0,0,0,0,0
,,,,,,200,2026-02-12 12:52:29.806050,RTM1P51,1.52,1.5,1.52,1000000.0,,1000000.0,,,,100.0,30.0,,,0,0,0,0,0,0,0,0,0,0,0,0,0,0
,,,,,,200,2026-02-12 12:52:29.806050,RTM1C52,0.15,0.14,0.16,1000000.0,,1000000.0,,,,100.0,,,100.0,0,0,0,0,0,0,0,0,0,0,0,0,0,0
,,,,,,200,2026-02-12 12:52:29.806050,RTM1P52,2.31,2.3,2.32,1000000.0,,1000000.0,,,,,,,,0,0,0,0,0,0,0,0,0,0,0,0,0,0
,,,,,,200,2026-02-12 12:52:29.806050,RTM1C53,0.05,0.04,0.06,1000000.0,,1000000.0,,,,,,,,0,0,0,0,0,0,0,0,0,0,0,0,0,0
,,,,,,200,2026-02-12 12:52:29.806050,RTM1P53,3.21,3.2,3.22,1000000.0,,1000000.0,,,,,,,,0,0,0,0,0,0,0,0,0,0,0,0,0,0
,,,,,,200,2026-02-12 12:52:29.806050,RTM1C54,0.01,0.01,0.03,1000000.0,,1000000.0,,,,,,,,0,0,0,0,0,0,0,0,0,0,0,0,0,0
,,,,,,200,2026-02-12 12:52:29.806050,RTM1P54,4.17,4.17,4.19,1000000.0,,1000000.0,,,,,,,,0,0,0,0,0,0,0,0,0,0,0,0,0,0
7.0,1.0,186.0,,News 3,The analysts have informed you that the realized volatility of RTM next week will be between 34% and 39%,201,2026-02-12 12:52:30.837549,RTM,49.67,49.65,49.67,100000000.0,19056.0,100000000.0,10.0,100.0,,,,,,0,0,0,0,0,0,0,0,0,0,0,0,0,0
6.0,1.0,149.0,Week 3,Announcement 2,The analysts have informed you that the realized volatility of RTM this week will be 25%,201,2026-02-12 12:52:30.837549,RTM1C45,4.66,4.65,4.67,1000000.0,68.0,1000000.0,,,50.0,,,,,0,0,0,0,0,0,0,0,0,0,0,0,0,0
5.0,1.0,111.0,,News 2,The analysts have informed you that the realized volatility of RTM next week will be between 21% and 26%,201,2026-02-12 12:52:30.837549,RTM1P45,0.03,0.01,0.03,1000000.0,,1000000.0,,,,,,,,0,0,0,0,0,0,0,0,0,0,0,0,0,0
4.0,1.0,74.0,Week 2,Announcement 1,The analysts have informed you that the realized volatility of RTM this week will be 39%,201,2026-02-12 12:52:30.837549,RTM1C46,3.67,3.67,3.69,1000000.0,,1000000.0,,,,,,,,0,0,0,0,0,0,0,0,0,0,0,0,0,0
3.0,1.0,35.0,,News 1,The analysts have informed you that the realized volatility of RTM next week will be between 36% and 41%,201,2026-02-12 12:52:30.837549,RTM1P46,0.01,0.01,0.03,1000000.0,,1000000.0,,,,,,,,0,0,0,0,0,0,0,0,0,0,0,0,0,0
2.0,1.0,2.0,Week 1,Delta limit and penalty,The delta limit for this sub-heat is 12000 and the penalty percentage is 2%,201,2026-02-12 12:52:30.837549,RTM1C47,2.73,2.72,2.74,1000000.0,43.0,1000000.0,,,200.0,,,,,0,0,0,0,0,0,0,0,0,0,0,0,0,0
1.0,1.0,2.0,Week 1,Risk free rate and current annualized volatility of RTM,The current risk free rate is 0%. RTM is an ETF that mimics one of the major indices in the simulated world and its current annualized realized volatility is 22%. This simulation consists of 20 trading days that are each 15 ticks in length.,201,2026-02-12 12:52:30.837549,RTM1P47,0.07,0.06,0.08,1000000.0,,1000000.0,,,,8.0,,,,0,0,0,0,0,0,0,0,0,0,0,0,0,0
,,,,,,201,2026-02-12 12:52:30.837549,RTM1C48,1.88,1.87,1.89,1000000.0,40.0,1000000.0,,,150.0,,,,,0,0,0,0,0,0,0,0,0,0,0,0,0,0
,,,,,,201,2026-02-12 12:52:30.837549,RTM1P48,0.21,0.21,0.23,1000000.0,,1000000.0,,,,,,,,0,0,0,0,0,0,0,0,0,0,0,0,0,0
,,,,,,201,2026-02-12 12:52:30.837549,RTM1C49,1.17,1.15,1.17,1000000.0,,1000000.0,,,108.0,,60.0,90.0,,0,0,0,0,0,0,0,0,0,0,0,0,0,0
,,,,,,201,2026-02-12 12:52:30.837549,RTM1P49,0.51,0.49,0.51,1000000.0,,1000000.0,,,,40.0,,,,0,0,0,0,0,0,0,0,0,0,0,0,0,0
,,,,,,201,2026-02-12 12:52:30.837549,RTM1C50,0.64,0.62,0.64,1000000.0,,1000000.0,,,,,30.0,30.0,,0,0,0,0,0,0,0,0,0,0,0,0,0,0
,,,,,,201,2026-02-12 12:52:30.837549,RTM1P50,0.98,0.96,0.98,1000000.0,,1000000.0,,,,,,,,0,0,0,0,0,0,0,0,0,0,0,0,0,0
,,,,,,201,2026-02-12 12:52:30.837549,RTM1C51,0.32,0.3,0.32,1000000.0,,1000000.0,,,,,,,,0,0,0,0,0,0,0,0,0,0,0,0,0,0
,,,,,,201,2026-02-12 12:52:30.837549,RTM1P51,1.64,1.64,1.66,1000000.0,,1000000.0,,,,100.0,30.0,,,0,0,0,0,0,0,0,0,0,0,0,0,0,0
,,,,,,201,2026-02-12 12:52:30.837549,RTM1C52,0.11,0.11,0.13,1000000.0,,1000000.0,,,,100.0,,,100.0,0,0,0,0,0,0,0,0,0,0,0,0,0,0
,,,,,,201,2026-02-12 12:52:30.837549,RTM1P52,2.45,2.45,2.47,1000000.0,,1000000.0,,,,,,,,0,0,0,0,0,0,0,0,0,0,0,0,0,0
,,,,,,201,2026-02-12 12:52:30.837549,RTM1C53,0.05,0.03,0.05,1000000.0,,1000000.0,,,,,,,,0,0,0,0,0,0,0,0,0,0,0,0,0,0
,,,,,,201,2026-02-12 12:52:30.837549,RTM1P53,3.37,3.37,3.39,1000000.0,,1000000.0,,,,,,,,0,0,0,0,0,0,0,0,0,0,0,0,0,0
,,,,,,201,2026-02-12 12:52:30.837549,RTM1C54,0.01,0.01,0.03,1000000.0,,1000000.0,,,,,,,,0,0,0,0,0,0,0,0,0,0,0,0,0,0
,,,,,,201,2026-02-12 12:52:30.837549,RTM1P54,4.34,4.34,4.36,1000000.0,,1000000.0,,,,,,,,0,0,0,0,0,0,0,0,0,0,0,0,0,0
7.0,1.0,186.0,,News 3,The analysts have informed you that the realized volatility of RTM next week will be between 34% and 39%,202,2026-02-12 12:52:31.866680,RTM,49.94,49.92,49.94,100000000.0,19056.0,100000000.0,10.0,100.0,,,,,,0,0,0,0,0,0,0,0,0,0,0,0,0,0
6.0,1.0,149.0,Week 3,Announcement 2,The analysts have informed you that the realized volatility of RTM this week will be 25%,202,2026-02-12 12:52:31.866680,RTM1C45,4.92,4.92,4.94,1000000.0,68.0,1000000.0,,,50.0,,,,,0,0,0,0,0,0,0,0,0,0,0,0,0,0
5.0,1.0,111.0,,News 2,The analysts have informed you that the realized volatility of RTM next week will be between 21% and 26%,202,2026-02-12 12:52:31.866680,RTM1P45,0.02,0.01,0.03,1000000.0,,1000000.0,,,,,,,,0,0,0,0,0,0,0,0,0,0,0,0,0,0
4.0,1.0,74.0,Week 2,Announcement 1,The analysts have informed you that the realized volatility of RTM this week will be 39%,202,2026-02-12 12:52:31.866680,RTM1C46,3.94,3.93,3.95,1000000.0,,1000000.0,,,,,,,,0,0,0,0,0,0,0,0,0,0,0,0,0,0
3.0,1.0,35.0,,News 1,The analysts have informed you that the realized volatility of RTM next week will be between 36% and 41%,202,2026-02-12 12:52:31.866680,RTM1P46,0.03,0.01,0.03,1000000.0,,1000000.0,,,,,,,,0,0,0,0,0,0,0,0,0,0,0,0,0,0
2.0,1.0,2.0,Week 1,Delta limit and penalty,The delta limit for this sub-heat is 12000 and the penalty percentage is 2%,202,2026-02-12 12:52:31.866680,RTM1C47,2.98,2.97,2.99,1000000.0,43.0,1000000.0,,,200.0,,,,,0,0,0,0,0,0,0,0,0,0,0,0,0,0
1.0,1.0,2.0,Week 1,Risk free rate and current annualized volatility of RTM,The current risk free rate is 0%. RTM is an ETF that mimics one of the major indices in the simulated world and its current annualized realized volatility is 22%. This simulation consists of 20 trading days that are each 15 ticks in length.,202,2026-02-12 12:52:31.866680,RTM1P47,0.05,0.05,0.07,1000000.0,,1000000.0,,,,8.0,,,,0,0,0,0,0,0,0,0,0,0,0,0,0,0
,,,,,,202,2026-02-12 12:52:31.866680,RTM1C48,2.09,2.08,2.1,1000000.0,40.0,1000000.0,,,150.0,,,,,0,0,0,0,0,0,0,0,0,0,0,0,0,0
,,,,,,202,2026-02-12 12:52:31.866680,RTM1P48,0.16,0.15,0.17,1000000.0,,1000000.0,,,,,,,,0,0,0,0,0,0,0,0,0,0,0,0,0,0
,,,,,,202,2026-02-12 12:52:31.866680,RTM1C49,1.32,1.32,1.34,1000000.0,,1000000.0,,,108.0,,60.0,90.0,,0,0,0,0,0,0,0,0,0,0,0,0,0,0
,,,,,,202,2026-02-12 12:52:31.866680,RTM1P49,0.39,0.39,0.41,1000000.0,,1000000.0,,,,40.0,,,,0,0,0,0,0,0,0,0,0,0,0,0,0,0
,,,,,,202,2026-02-12 12:52:31.866680,RTM1C50,0.77,0.75,0.77,1000000.0,,1000000.0,,,,,30.0,30.0,,0,0,0,0,0,0,0,0,0,0,0,0,0,0
,,,,,,202,2026-02-12 12:52:31.866680,RTM1P50,0.82,0.82,0.84,1000000.0,,1000000.0,,,,,,,,0,0,0,0,0,0,0,0,0,0,0,0,0,0
,,,,,,202,2026-02-12 12:52:31.866680,RTM1C51,0.39,0.37,0.39,1000000.0,,1000000.0,,,,,,,,0,0,0,0,0,0,0,0,0,0,0,0,0,0
,,,,,,202,2026-02-12 12:52:31.866680,RTM1P51,1.44,1.44,1.46,1000000.0,,1000000.0,,,,100.0,30.0,,,0,0,0,0,0,0,0,0,0,0,0,0,0,0
,,,,,,202,2026-02-12 12:52:31.866680,RTM1C52,0.16,0.15,0.17,1000000.0,,1000000.0,,,,100.0,,,100.0,0,0,0,0,0,0,0,0,0,0,0,0,0,0
,,,,,,202,2026-02-12 12:52:31.866680,RTM1P52,2.23,2.22,2.24,1000000.0,,1000000.0,,,,,,,,0,0,0,0,0,0,0,0,0,0,0,0,0,0
,,,,,,202,2026-02-12 12:52:31.866680,RTM1C53,0.06,0.05,0.07,1000000.0,,1000000.0,,,,,,,,0,0,0,0,0,0,0,0,0,0,0,0,0,0
,,,,,,202,2026-02-12 12:52:31.866680,RTM1P53,3.13,3.12,3.14,1000000.0,,1000000.0,,,,,,,,0,0,0,0,0,0,0,0,0,0,0,0,0,0
,,,,,,202,2026-02-12 12:52:31.866680,RTM1C54,0.03,0.01,0.03,1000000.0,,1000000.0,,,,,,,,0,0,0,0,0,0,0,0,0,0,0,0,0,0
,,,,,,202,2026-02-12 12:52:31.866680,RTM1P54,4.1,4.08,4.1,1000000.0,,1000000.0,,,,,,,,0,0,0,0,0,0,0,0,0,0,0,0,0,0
7.0,1.0,186.0,,News 3,The analysts have informed you that the realized volatility of RTM next week will be between 34% and 39%,203,2026-02-12 12:52:32.896662,RTM,50.23,50.23,50.25,100000000.0,19056.0,100000000.0,10.0,100.0,,,,,,0,0,0,0,0,0,0,0,0,0,0,0,0,0
6.0,1.0,149.0,Week 3,Announcement 2,The analysts have informed you that the realized volatility of RTM this week will be 25%,203,2026-02-12 12:52:32.896662,RTM1C45,5.24,5.23,5.25,1000000.0,68.0,1000000.0,,,50.0,,,,,0,0,0,0,0,0,0,0,0,0,0,0,0,0
5.0,1.0,111.0,,News 2,The analysts have informed you that the realized volatility of RTM next week will be between 21% and 26%,203,2026-02-12 12:52:32.896662,RTM1P45,0.02,0.01,0.03,1000000.0,,1000000.0,,,,,,,,0,0,0,0,0,0,0,0,0,0,0,0,0,0
4.0,1.0,74.0,Week 2,Announcement 1,The analysts have informed you that the realized volatility of RTM this week will be 39%,203,2026-02-12 12:52:32.896662,RTM1C46,4.26,4.24,4.26,1000000.0,,1000000.0,,,,,,,,0,0,0,0,0,0,0,0,0,0,0,0,0,0
3.0,1.0,35.0,,News 1,The analysts have informed you that the realized volatility of RTM next week will be between 36% and 41%,203,2026-02-12 12:52:32.896662,RTM1P46,0.03,0.01,0.03,1000000.0,,1000000.0,,,,,,,,0,0,0,0,0,0,0,0,0,0,0,0,0,0
2.0,1.0,2.0,Week 1,Delta limit and penalty,The delta limit for this sub-heat is 12000 and the penalty percentage is 2%,203,2026-02-12 12:52:32.896662,RTM1C47,3.27,3.26,3.28,1000000.0,43.0,1000000.0,,,200.0,,,,,0,0,0,0,0,0,0,0,0,0,0,0,0,0
1.0,1.0,2.0,Week 1,Risk free rate and current annualized volatility of RTM,The current risk free rate is 0%. RTM is an ETF that mimics one of the major indices in the simulated world and its current annualized realized volatility is 22%. This simulation consists of 20 trading days that are each 15 ticks in length.,203,2026-02-12 12:52:32.896662,RTM1P47,0.04,0.03,0.05,1000000.0,,1000000.0,,,,8.0,,,,0,0,0,0,0,0,0,0,0,0,0,0,0,0
,,,,,,203,2026-02-12 12:52:32.896662,RTM1C48,2.36,2.35,2.37,1000000.0,40.0,1000000.0,,,150.0,,,,,0,0,0,0,0,0,0,0,0,0,0,0,0,0
,,,,,,203,2026-02-12 12:52:32.896662,RTM1P48,0.12,0.11,0.13,1000000.0,,1000000.0,,,,,,,,0,0,0,0,0,0,0,0,0,0,0,0,0,0
,,,,,,203,2026-02-12 12:52:32.896662,RTM1C49,1.54,1.54,1.56,1000000.0,,1000000.0,,,108.0,,60.0,90.0,,0,0,0,0,0,0,0,0,0,0,0,0,0,0
,,,,,,203,2026-02-12 12:52:32.896662,RTM1P49,0.33,0.31,0.33,1000000.0,,1000000.0,,,,40.0,,,,0,0,0,0,0,0,0,0,0,0,0,0,0,0
,,,,,,203,2026-02-12 12:52:32.896662,RTM1C50,0.93,0.91,0.93,1000000.0,,1000000.0,,,,,30.0,30.0,,0,0,0,0,0,0,0,0,0,0,0,0,0,0
,,,,,,203,2026-02-12 12:52:32.896662,RTM1P50,0.69,0.67,0.69,1000000.0,,1000000.0,,,,,,,,0,0,0,0,0,0,0,0,0,0,0,0,0,0
,,,,,,203,2026-02-12 12:52:32.896662,RTM1C51,0.49,0.47,0.49,1000000.0,,1000000.0,,,,,,,,0,0,0,0,0,0,0,0,0,0,0,0,0,0
,,,,,,203,2026-02-12 12:52:32.896662,RTM1P51,1.25,1.23,1.25,1000000.0,,1000000.0,,,,100.0,30.0,,,0,0,0,0,0,0,0,0,0,0,0,0,0,0
,,,,,,203,2026-02-12 12:52:32.896662,RTM1C52,0.21,0.2,0.21,1000000.0,,1000000.0,,,,100.0,,,100.0,0,0,0,0,0,0,0,0,0,0,0,0,0,0
,,,,,,203,2026-02-12 12:52:32.896662,RTM1P52,1.99,1.97,1.99,1000000.0,,1000000.0,,,,,,,,0,0,0,0,0,0,0,0,0,0,0,0,0,0
,,,,,,203,2026-02-12 12:52:32.896662,RTM1C53,0.08,0.08,0.1,1000000.0,,1000000.0,,,,,,,,0,0,0,0,0,0,0,0,0,0,0,0,0,0
,,,,,,203,2026-02-12 12:52:32.896662,RTM1P53,2.84,2.84,2.86,1000000.0,,1000000.0,,,,,,,,0,0,0,0,0,0,0,0,0,0,0,0,0,0
,,,,,,203,2026-02-12 12:52:32.896662,RTM1C54,0.04,0.02,0.04,1000000.0,,1000000.0,,,,,,,,0,0,0,0,0,0,0,0,0,0,0,0,0,0
,,,,,,203,2026-02-12 12:52:32.896662,RTM1P54,3.78,3.78,3.8,1000000.0,,1000000.0,,,,,,,,0,0,0,0,0,0,0,0,0,0,0,0,0,0
7.0,1.0,186.0,,News 3,The analysts have informed you that the realized volatility of RTM next week will be between 34% and 39%,204,2026-02-12 12:52:33.928218,RTM,49.81,49.79,49.81,100000000.0,19056.0,100000000.0,10.0,100.0,,,,,,,0,0,0,0,0,0,0,0,0,0,0,0,0,0
6.0,1.0,149.0,Week 3,Announcement 2,The analysts have informed you that the realized volatility of RTM this week will be 25%,204,2026-02-12 12:52:33.928218,RTM1C45,4.79,4.79,4.81,1000000.0,68.0,1000000.0,,,50.0,,,,,,0,0,0,0,0,0,0,0,0,0,0,0,0,0
5.0,1.0,111.0,,News 2,The analysts have informed you that the realized volatility of RTM next week will be between 21% and 26%,204,2026-02-12 12:52:33.928218,RTM1P45,0.01,0.01,0.03,1000000.0,,1000000.0,,,,,,,,,0,0,0,0,0,0,0,0,0,0,0,0,0,0
4.0,1.0,74.0,Week 2,Announcement 1,The analysts have informed you that the realized volatility of RTM this week will be 39%,204,2026-02-12 12:52:33.928218,RTM1C46,3.82,3.8,3.82,1000000.0,,1000000.0,,,,,,,,,0,0,0,0,0,0,0,0,0,0,0,0,0,0
3.0,1.0,35.0,,News 1,The analysts have informed you that the realized volatility of RTM next week will be between 36% and 41%,204,2026-02-12 12:52:33.928218,RTM1P46,0.03,0.01,0.03,1000000.0,,1000000.0,,,,,,,,,0,0,0,0,0,0,0,0,0,0,0,0,0,0
2.0,1.0,2.0,Week 1,Delta limit and penalty,The delta limit for this sub-heat is 12000 and the penalty percentage is 2%,204,2026-02-12 12:52:33.928218,RTM1C47,2.86,2.85,2.87,1000000.0,43.0,1000000.0,,,200.0,,,,,,0,0,0,0,0,0,0,0,0,0,0,0,0,0
1.0,1.0,2.0,Week 1,Risk free rate and current annualized volatility of RTM,The current risk free rate is 0%. RTM is an ETF that mimics one of the major indices in the simulated world and its current annualized realized volatility is 22%. This simulation consists of 20 trading days that are each 15 ticks in length.,204,2026-02-12 12:52:33.928218,RTM1P47,0.06,0.05,0.07,1000000.0,,1000000.0,,,,8.0,,,,,0,0,0,0,0,0,0,0,0,0,0,0,0,0
,,,,,,204,2026-02-12 12:52:33.928218,RTM1C48,1.98,1.97,1.99,1000000.0,40.0,1000000.0,,,150.0,,,,,,0,0,0,0,0,0,0,0,0,0,0,0,0,0
,,,,,,204,2026-02-12 12:52:33.928218,RTM1P48,0.19,0.18,0.2,1000000.0,,1000000.0,,,,,,,,,0,0,0,0,0,0,0,0,0,0,0,0,0,0
,,,,,,204,2026-02-12 12:52:33.928218,RTM1C49,1.26,1.24,1.26,1000000.0,,1000000.0,,,108.0,,60.0,90.0,,,0,0,0,0,0,0,0,0,0,0,0,0,0,0
,,,,,,204,2026-02-12 12:52:33.928218,RTM1P49,0.44,0.44,0.46,1000000.0,,1000000.0,,,,40.0,,,,,0,0,0,0,0,0,0,0,0,0,0,0,0,0
,,,,,,204,2026-02-12 12:52:33.928218,RTM1C50,0.7,0.69,0.71,1000000.0,,1000000.0,,,,,30.0,30.0,,,0,0,0,0,0,0,0,0,0,0,0,0,0,0
,,,,,,204,2026-02-12 12:52:33.928218,RTM1P50,0.91,0.89,0.91,1000000.0,,1000000.0,,,,,,,,,0,0,0,0,0,0,0,0,0,0,0,0,0,0
,,,,,,204,2026-02-12 12:52:33.928218,RTM1C51,0.33,0.33,0.35,1000000.0,,1000000.0,,,,,,,2.0,,0,0,0,0,0,0,0,0,0,0,0,0,0,0
,,,,,,204,2026-02-12 12:52:33.928218,RTM1P51,1.55,1.53,1.55,1000000.0,,1000000.0,,,,100.0,30.0,,,,0,0,0,0,0,0,0,0,0,0,0,0,0,0
,,,,,,204,2026-02-12 12:52:33.928218,RTM1C52,0.14,0.13,0.15,1000000.0,,1000000.0,,,,100.0,,,,100.0,0,0,0,0,0,0,0,0,0,0,0,0,0,0
,,,,,,204,2026-02-12 12:52:33.928218,RTM1P52,2.34,2.33,2.35,1000000.0,,1000000.0,,,,,,,,,0,0,0,0,0,0,0,0,0,0,0,0,0,0
,,,,,,204,2026-02-12 12:52:33.928218,RTM1C53,0.05,0.04,0.06,1000000.0,,1000000.0,,,,,,,,,0,0,0,0,0,0,0,0,0,0,0,0,0,0
,,,,,,204,2026-02-12 12:52:33.928218,RTM1P53,3.25,3.24,3.26,1000000.0,,1000000.0,,,,,,,,,0,0,0,0,0,0,0,0,0,0,0,0,0,0
,,,,,,204,2026-02-12 12:52:33.928218,RTM1C54,0.01,0.01,0.03,1000000.0,,1000000.0,,,,,,,,,0,0,0,0,0,0,0,0,0,0,0,0,0,0
,,,,,,204,2026-02-12 12:52:33.928218,RTM1P54,4.21,4.21,4.23,1000000.0,,1000000.0,,,,,,,,,0,0,0,0,0,0,0,0,0,0,0,0,0,0
7.0,1.0,186.0,,News 3,The analysts have informed you that the realized volatility of RTM next week will be between 34% and 39%,205,2026-02-12 12:52:34.972977,RTM,50.0,50.0,50.02,100000000.0,19056.0,100000000.0,10.0,100.0,,,,,,,,0,0,0,0,0,0,0,0,0,0,0,0,0,0
6.0,1.0,149.0,Week 3,Announcement 2,The analysts have informed you that the realized volatility of RTM this week will be 25%,205,2026-02-12 12:52:34.972977,RTM1C45,5.02,5.01,5.03,1000000.0,68.0,1000000.0,,,50.0,,,,,,,0,0,0,0,0,0,0,0,0,0,0,0,0,0
5.0,1.0,111.0,,News 2,The analysts have informed you that the realized volatility of RTM next week will be between 21% and 26%,205,2026-02-12 12:52:34.972977,RTM1P45,0.02,0.01,0.03,1000000.0,,1000000.0,,,,,,,,,,0,0,0,0,0,0,0,0,0,0,0,0,0,0
4.0,1.0,74.0,Week 2,Announcement 1,The analysts have informed you that the realized volatility of RTM this week will be 39%,205,2026-02-12 12:52:34.972977,RTM1C46,4.03,4.02,4.04,1000000.0,,1000000.0,,,,,,,,,,0,0,0,0,0,0,0,0,0,0,0,0,0,0
3.0,1.0,35.0,,News 1,The analysts have informed you that the realized volatility of RTM next week will be between 36% and 41%,205,2026-02-12 12:52:34.972977,RTM1P46,0.02,0.01,0.03,1000000.0,,1000000.0,,,,,,,,,,0,0,0,0,0,0,0,0,0,0,0,0,0,0
2.0,1.0,2.0,Week 1,Delta limit and penalty,The delta limit for this sub-heat is 12000 and the penalty percentage is 2%,205,2026-02-12 12:52:34.972977,RTM1C47,3.05,3.05,3.07,1000000.0,43.0,1000000.0,,,200.0,,,,,,,0,0,0,0,0,0,0,0,0,0,0,0,0,0
1.0,1.0,2.0,Week 1,Risk free rate and current annualized volatility of RTM,The current risk free rate is 0%. RTM is an ETF that mimics one of the major indices in the simulated world and its current annualized realized volatility is 22%. This simulation consists of 20 trading days that are each 15 ticks in length.,205,2026-02-12 12:52:34.972977,RTM1P47,0.04,0.04,0.06,1000000.0,,1000000.0,,,,8.0,,,,,,0,0,0,0,0,0,0,0,0,0,0,0,0,0
,,,,,,205,2026-02-12 12:52:34.972977,RTM1C48,2.16,2.15,2.17,1000000.0,40.0,1000000.0,,,150.0,,,,,,,0,0,0,0,0,0,0,0,0,0,0,0,0,0
,,,,,,205,2026-02-12 12:52:34.972977,RTM1P48,0.15,0.14,0.16,1000000.0,,1000000.0,,,,,100.0,,,,,0,0,0,0,0,0,0,0,0,0,0,0,0,0
,,,,,,205,2026-02-12 12:52:34.972977,RTM1C49,1.39,1.38,1.4,1000000.0,,1000000.0,,,108.0,,,60.0,90.0,,,0,0,0,0,0,0,0,0,0,0,0,0,0,0
,,,,,,205,2026-02-12 12:52:34.972977,RTM1P49,0.37,0.37,0.39,1000000.0,,1000000.0,,,,40.0,,,,,,0,0,0,0,0,0,0,0,0,0,0,0,0,0
,,,,,,205,2026-02-12 12:52:34.972977,RTM1C50,0.81,0.79,0.81,1000000.0,,1000000.0,,,,,,30.0,30.0,,,0,0,0,0,0,0,0,0,0,0,0,0,0,0
,,,,,,205,2026-02-12 12:52:34.972977,RTM1P50,0.79,0.77,0.79,1000000.0,,1000000.0,,,,,,,,,,0,0,0,0,0,0,0,0,0,0,0,0,0,0
,,,,,,205,2026-02-12 12:52:34.972977,RTM1C51,0.41,0.39,0.41,1000000.0,,1000000.0,,,,,,,,2.0,,0,0,0,0,0,0,0,0,0,0,0,0,0,0
,,,,,,205,2026-02-12 12:52:34.972977,RTM1P51,1.38,1.38,1.4,1000000.0,,1000000.0,,,,100.0,,30.0,,2.0,,0,0,0,0,0,0,0,0,0,0,0,0,0,0
,,,,,,205,2026-02-12 12:52:34.972977,RTM1C52,0.18,0.17,0.19,1000000.0,,1000000.0,,,,100.0,,,,,100.0,0,0,0,0,0,0,0,0,0,0,0,0,0,0
,,,,,,205,2026-02-12 12:52:34.972977,RTM1P52,2.17,2.15,2.17,1000000.0,,1000000.0,,,,,,,,,,0,0,0,0,0,0,0,0,0,0,0,0,0,0
,,,,,,205,2026-02-12 12:52:34.972977,RTM1C53,0.07,0.05,0.07,1000000.0,,1000000.0,,,,,,,,,,0,0,0,0,0,0,0,0,0,0,0,0,0,0
,,,,,,205,2026-02-12 12:52:34.972977,RTM1P53,3.06,3.04,3.06,1000000.0,,1000000.0,,,,,,,,,,0,0,0,0,0,0,0,0,0,0,0,0,0,0
,,,,,,205,2026-02-12 12:52:34.972977,RTM1C54,0.01,0.01,0.03,1000000.0,,1000000.0,,,,,,,,,,0,0,0,0,0,0,0,0,0,0,0,0,0,0
,,,,,,205,2026-02-12 12:52:34.972977,RTM1P54,4.0,4.0,4.02,1000000.0,,1000000.0,,,,,,,,,,0,0,0,0,0,0,0,0,0,0,0,0,0,0
7.0,1.0,186.0,,News 3,The analysts have informed you that the realized volatility of RTM next week will be between 34% and 39%,206,2026-02-12 12:52:36.000415,RTM,49.99,49.99,50.01,100000000.0,19056.0,100000000.0,10.0,100.0,,,,,,,,0,0,0,0,0,0,0,0,0,0,0,0,0,0
6.0,1.0,149.0,Week 3,Announcement 2,The analysts have informed you that the realized volatility of RTM this week will be 25%,206,2026-02-12 12:52:36.000415,RTM1C45,4.99,4.99,5.01,1000000.0,68.0,1000000.0,,,50.0,,,,,,,0,0,0,0,0,0,0,0,0,0,0,0,0,0
5.0,1.0,111.0,,News 2,The analysts have informed you that the realized volatility of RTM next week will be between 21% and 26%,206,2026-02-12 12:52:36.000415,RTM1P45,0.01,0.01,0.03,1000000.0,,1000000.0,,,,,,,,,,0,0,0,0,0,0,0,0,0,0,0,0,0,0
4.0,1.0,74.0,Week 2,Announcement 1,The analysts have informed you that the realized volatility of RTM this week will be 39%,206,2026-02-12 12:52:36.000415,RTM1C46,4.0,4.0,4.02,1000000.0,,1000000.0,,,,,,,,,,0,0,0,0,0,0,0,0,0,0,0,0,0,0
3.0,1.0,35.0,,News 1,The analysts have informed you that the realized volatility of RTM next week will be between 36% and 41%,206,2026-02-12 12:52:36.000415,RTM1P46,0.01,0.01,0.03,1000000.0,,1000000.0,,,,,,,,,,0,0,0,0,0,0,0,0,0,0,0,0,0,0
2.0,1.0,2.0,Week 1,Delta limit and penalty,The delta limit for this sub-heat is 12000 and the penalty percentage is 2%,206,2026-02-12 12:52:36.000415,RTM1C47,3.04,3.04,3.06,1000000.0,43.0,1000000.0,,,200.0,,,,,,,0,0,0,0,0,0,0,0,0,0,0,0,0,0
1.0,1.0,2.0,Week 1,Risk free rate and current annualized volatility of RTM,The current risk free rate is 0%. RTM is an ETF that mimics one of the major indices in the simulated world and its current annualized realized volatility is 22%. This simulation consists of 20 trading days that are each 15 ticks in length.,206,2026-02-12 12:52:36.000415,RTM1P47,0.04,0.04,0.06,1000000.0,,1000000.0,,,,8.0,,,,,,0,0,0,0,0,0,0,0,0,0,0,0,0,0
,,,,,,206,2026-02-12 12:52:36.000415,RTM1C48,2.15,2.15,2.17,1000000.0,40.0,1000000.0,,,150.0,,,,,,,0,0,0,0,0,0,0,0,0,0,0,0,0,0
,,,,,,206,2026-02-12 12:52:36.000415,RTM1P48,0.16,0.14,0.16,1000000.0,,1000000.0,,,,,100.0,,,,,0,0,0,0,0,0,0,0,0,0,0,0,0,0
,,,,,,206,2026-02-12 12:52:36.000415,RTM1C49,1.37,1.37,1.39,1000000.0,,1000000.0,,,108.0,,,60.0,90.0,,,0,0,0,0,0,0,0,0,0,0,0,0,0,0
,,,,,,206,2026-02-12 12:52:36.000415,RTM1P49,0.37,0.37,0.39,1000000.0,,1000000.0,,,,40.0,,,,,,0,0,0,0,0,0,0,0,0,0,0,0,0,0
,,,,,,206,2026-02-12 12:52:36.000415,RTM1C50,0.81,0.79,0.81,1000000.0,,1000000.0,,,,,,30.0,30.0,,,0,0,0,0,0,0,0,0,0,0,0,0,0,0
,,,,,,206,2026-02-12 12:52:36.000415,RTM1P50,0.8,0.78,0.8,1000000.0,,1000000.0,,,,,,,,,,0,0,0,0,0,0,0,0,0,0,0,0,0,0
,,,,,,206,2026-02-12 12:52:36.000415,RTM1C51,0.41,0.39,0.41,1000000.0,,1000000.0,,,,,,,,2.0,,0,0,0,0,0,0,0,0,0,0,0,0,0,0
,,,,,,206,2026-02-12 12:52:36.000415,RTM1P51,1.38,1.38,1.4,1000000.0,,1000000.0,,,,100.0,,30.0,,2.0,,0,0,0,0,0,0,0,0,0,0,0,0,0,0
,,,,,,206,2026-02-12 12:52:36.000415,RTM1C52,0.17,0.16,0.18,1000000.0,,1000000.0,,,,100.0,,,,,100.0,0,0,0,0,0,0,0,0,0,0,0,0,0,0
,,,,,,206,2026-02-12 12:52:36.000415,RTM1P52,2.17,2.16,2.18,1000000.0,,1000000.0,,,,,,,,,,0,0,0,0,0,0,0,0,0,0,0,0,0,0
,,,,,,206,2026-02-12 12:52:36.000415,RTM1C53,0.06,0.05,0.07,1000000.0,,1000000.0,,,,,,,,,,0,0,0,0,0,0,0,0,0,0,0,0,0,0
,,,,,,206,2026-02-12 12:52:36.000415,RTM1P53,3.06,3.05,3.07,1000000.0,,1000000.0,,,,,,,,,,0,0,0,0,0,0,0,0,0,0,0,0,0,0
,,,,,,206,2026-02-12 12:52:36.000415,RTM1C54,0.02,0.01,0.03,1000000.0,,1000000.0,,,,,,,,,,0,0,0,0,0,0,0,0,0,0,0,0,0,0
,,,,,,206,2026-02-12 12:52:36.000415,RTM1P54,4.02,4.01,4.03,1000000.0,,1000000.0,,,,,,,,,,0,0,0,0,0,0,0,0,0,0,0,0,0,0
7.0,1.0,186.0,,News 3,The analysts have informed you that the realized volatility of RTM next week will be between 34% and 39%,207,2026-02-12 12:52:37.028428,RTM,50.02,50.0,50.02,100000000.0,19056.0,100000000.0,10.0,100.0,,,,,,,,0,0,0,0,0,0,0,0,0,0,0,0,0,0
6.0,1.0,149.0,Week 3,Announcement 2,The analysts have informed you that the realized volatility of RTM this week will be 25%,207,2026-02-12 12:52:37.028428,RTM1C45,5.01,5.0,5.02,1000000.0,68.0,1000000.0,,,50.0,,,,,,,0,0,0,0,0,0,0,0,0,0,0,0,0,0
5.0,1.0,111.0,,News 2,The analysts have informed you that the realized volatility of RTM next week will be between 21% and 26%,207,2026-02-12 12:52:37.028428,RTM1P45,0.01,0.01,0.03,1000000.0,,1000000.0,,,,,,,,,,0,0,0,0,0,0,0,0,0,0,0,0,0,0
4.0,1.0,74.0,Week 2,Announcement 1,The analysts have informed you that the realized volatility of RTM this week will be 39%,207,2026-02-12 12:52:37.028428,RTM1C46,4.02,4.01,4.03,1000000.0,,1000000.0,,,,,,,,,,0,0,0,0,0,0,0,0,0,0,0,0,0,0
3.0,1.0,35.0,,News 1,The analysts have informed you that the realized volatility of RTM next week will be between 36% and 41%,207,2026-02-12 12:52:37.028428,RTM1P46,0.02,0.01,0.03,1000000.0,,1000000.0,,,,,,,,,,0,0,0,0,0,0,0,0,0,0,0,0,0,0
2.0,1.0,2.0,Week 1,Delta limit and penalty,The delta limit for this sub-heat is 12000 and the penalty percentage is 2%,207,2026-02-12 12:52:37.028428,RTM1C47,3.06,3.05,3.07,1000000.0,43.0,1000000.0,,,200.0,,,,,,,0,0,0,0,0,0,0,0,0,0,0,0,0,0
1.0,1.0,2.0,Week 1,Risk free rate and current annualized volatility of RTM,The current risk free rate is 0%. RTM is an ETF that mimics one of the major indices in the simulated world and its current annualized realized volatility is 22%. This simulation consists of 20 trading days that are each 15 ticks in length.,207,2026-02-12 12:52:37.028428,RTM1P47,0.05,0.04,0.06,1000000.0,,1000000.0,,,,8.0,,,,,,0,0,0,0,0,0,0,0,0,0,0,0,0,0
,,,,,,207,2026-02-12 12:52:37.028428,RTM1C48,2.15,2.15,2.17,1000000.0,40.0,1000000.0,,,150.0,,,,,,,0,0,0,0,0,0,0,0,0,0,0,0,0,0
,,,,,,207,2026-02-12 12:52:37.028428,RTM1P48,0.14,0.14,0.16,1000000.0,,1000000.0,,,,,100.0,,,,,0,0,0,0,0,0,0,0,0,0,0,0,0,0
,,,,,,207,2026-02-12 12:52:37.028428,RTM1C49,1.38,1.38,1.4,1000000.0,,1000000.0,,,108.0,,,60.0,90.0,,,0,0,0,0,0,0,0,0,0,0,0,0,0,0
,,,,,,207,2026-02-12 12:52:37.028428,RTM1P49,0.38,0.37,0.39,1000000.0,,1000000.0,,,,40.0,,,,,,0,0,0,0,0,0,0,0,0,0,0,0,0,0
,,,,,,207,2026-02-12 12:52:37.028428,RTM1C50,0.81,0.8,0.82,1000000.0,,1000000.0,,,,,,30.0,30.0,,,0,0,0,0,0,0,0,0,0,0,0,0,0,0
,,,,,,207,2026-02-12 12:52:37.028428,RTM1P50,0.8,0.79,0.81,1000000.0,,1000000.0,,,,,,,,,,0,0,0,0,0,0,0,0,0,0,0,0,0,0
,,,,,,207,2026-02-12 12:52:37.028428,RTM1C51,0.4,0.39,0.41,1000000.0,,1000000.0,,,,,,,,2.0,,0,0,0,0,0,0,0,0,0,0,0,0,0,0
,,,,,,207,2026-02-12 12:52:37.028428,RTM1P51,1.39,1.38,1.4,1000000.0,,1000000.0,,,,100.0,,30.0,,2.0,,0,0,0,0,0,0,0,0,0,0,0,0,0,0
,,,,,,207,2026-02-12 12:52:37.028428,RTM1C52,0.17,0.16,0.18,1000000.0,,1000000.0,,,,100.0,,,,,100.0,0,0,0,0,0,0,0,0,0,0,0,0,0,0
,,,,,,207,2026-02-12 12:52:37.028428,RTM1P52,2.15,2.15,2.17,1000000.0,,1000000.0,,,,,,,,,,0,0,0,0,0,0,0,0,0,0,0,0,0,0
,,,,,,207,2026-02-12 12:52:37.028428,RTM1C53,0.08,0.06,0.08,1000000.0,,1000000.0,,,,,,,,,,0,0,0,0,0,0,0,0,0,0,0,0,0,0
,,,,,,207,2026-02-12 12:52:37.028428,RTM1P53,3.07,3.05,3.07,1000000.0,,1000000.0,,,,,,,,,,0,0,0,0,0,0,0,0,0,0,0,0,0,0
,,,,,,207,2026-02-12 12:52:37.028428,RTM1C54,0.03,0.01,0.03,1000000.0,,1000000.0,,,,,,,,,,0,0,0,0,0,0,0,0,0,0,0,0,0,0
,,,,,,207,2026-02-12 12:52:37.028428,RTM1P54,4.02,4.0,4.02,1000000.0,,1000000.0,,,,,,,,,,0,0,0,0,0,0,0,0,0,0,0,0,0,0
7.0,1.0,186.0,,News 3,The analysts have informed you that the realized volatility of RTM next week will be between 34% and 39%,208,2026-02-12 12:52:38.055898,RTM,50.23,50.21,50.23,100000000.0,19056.0,100000000.0,10.0,100.0,,,,,,,,0,0,0,0,0,0,0,0,0,0,0,0,0,0
6.0,1.0,149.0,Week 3,Announcement 2,The analysts have informed you that the realized volatility of RTM this week will be 25%,208,2026-02-12 12:52:38.055898,RTM1C45,5.21,5.21,5.23,1000000.0,68.0,1000000.0,,,50.0,,,,,,,0,0,0,0,0,0,0,0,0,0,0,0,0,0
5.0,1.0,111.0,,News 2,The analysts have informed you that the realized volatility of RTM next week will be between 21% and 26%,208,2026-02-12 12:52:38.055898,RTM1P45,0.01,0.01,0.03,1000000.0,,1000000.0,,,,,,,,,,0,0,0,0,0,0,0,0,0,0,0,0,0,0
4.0,1.0,74.0,Week 2,Announcement 1,The analysts have informed you that the realized volatility of RTM this week will be 39%,208,2026-02-12 12:52:38.055898,RTM1C46,4.22,4.22,4.24,1000000.0,,1000000.0,,,,,,,,,,0,0,0,0,0,0,0,0,0,0,0,0,0,0
3.0,1.0,35.0,,News 1,The analysts have informed you that the realized volatility of RTM next week will be between 36% and 41%,208,2026-02-12 12:52:38.055898,RTM1P46,0.01,0.01,0.03,1000000.0,,1000000.0,,,,,,,,,,0,0,0,0,0,0,0,0,0,0,0,0,0,0
2.0,1.0,2.0,Week 1,Delta limit and penalty,The delta limit for this sub-heat is 12000 and the penalty percentage is 2%,208,2026-02-12 12:52:38.055898,RTM1C47,3.25,3.25,3.27,1000000.0,43.0,1000000.0,,,200.0,,,,,,,0,0,0,0,0,0,0,0,0,0,0,0,0,0
1.0,1.0,2.0,Week 1,Risk free rate and current annualized volatility of RTM,The current risk free rate is 0%. RTM is an ETF that mimics one of the major indices in the simulated world and its current annualized realized volatility is 22%. This simulation consists of 20 trading days that are each 15 ticks in length.,208,2026-02-12 12:52:38.055898,RTM1P47,0.04,0.03,0.05,1000000.0,,1000000.0,,,,8.0,,,,,,0,0,0,0,0,0,0,0,0,0,0,0,0,0
,,,,,,208,2026-02-12 12:52:38.055898,RTM1C48,2.34,2.33,2.35,1000000.0,40.0,1000000.0,,,150.0,,,,,,,0,0,0,0,0,0,0,0,0,0,0,0,0,0
,,,,,,208,2026-02-12 12:52:38.055898,RTM1P48,0.11,0.11,0.13,1000000.0,,1000000.0,,,,,100.0,,,,,0,0,0,0,0,0,0,0,0,0,0,0,0,0
,,,,,,208,2026-02-12 12:52:38.055898,RTM1C49,1.55,1.53,1.55,1000000.0,,1000000.0,,,108.0,,,60.0,90.0,,,0,0,0,0,0,0,0,0,0,0,0,0,0,0
,,,,,,208,2026-02-12 12:52:38.055898,RTM1P49,0.33,0.31,0.33,1000000.0,,1000000.0,,,,40.0,,,,,,0,0,0,0,0,0,0,0,0,0,0,0,0,0
,,,,,,208,2026-02-12 12:52:38.055898,RTM1C50,0.9,0.9,0.92,1000000.0,,1000000.0,,,,,,30.0,30.0,,,0,0,0,0,0,0,0,0,0,0,0,0,0,0
,,,,,,208,2026-02-12 12:52:38.055898,RTM1P50,0.7,0.68,0.7,1000000.0,,1000000.0,,,,,,,,,,0,0,0,0,0,0,0,0,0,0,0,0,0,0
,,,,,,208,2026-02-12 12:52:38.055898,RTM1C51,0.45,0.45,0.46,1000000.0,,1000000.0,,,,,,,,2.0,,0,0,0,0,0,0,0,0,0,0,0,0,0,0
,,,,,,208,2026-02-12 12:52:38.055898,RTM1P51,1.25,1.23,1.25,1000000.0,,1000000.0,,,,100.0,,30.0,,2.0,,0,0,0,0,0,0,0,0,0,0,0,0,0,0
,,,,,,208,2026-02-12 12:52:38.055898,RTM1C52,0.21,0.2,0.21,1000000.0,,1000000.0,,,,100.0,,,,,100.0,0,0,0,0,0,0,0,0,0,0,0,0,0,0
,,,,,,208,2026-02-12 12:52:38.055898,RTM1P52,1.99,1.98,2.0,1000000.0,,1000000.0,,,,,,,,,,0,0,0,0,0,0,0,0,0,0,0,0,0,0
,,,,,,208,2026-02-12 12:52:38.055898,RTM1C53,0.08,0.07,0.09,1000000.0,,1000000.0,,,,,,,,,,0,0,0,0,0,0,0,0,0,0,0,0,0,0
,,,,,,208,2026-02-12 12:52:38.055898,RTM1P53,2.86,2.85,2.87,1000000.0,,1000000.0,,,,,,,,,,0,0,0,0,0,0,0,0,0,0,0,0,0,0
,,,,,,208,2026-02-12 12:52:38.055898,RTM1C54,0.03,0.02,0.04,1000000.0,,1000000.0,,,,,,,,,,0,0,0,0,0,0,0,0,0,0,0,0,0,0
,,,,,,208,2026-02-12 12:52:38.055898,RTM1P54,3.81,3.8,3.82,1000000.0,,1000000.0,,,,,,,,,,0,0,0,0,0,0,0,0,0,0,0,0,0,0
7.0,1.0,186.0,,News 3,The analysts have informed you that the realized volatility of RTM next week will be between 34% and 39%,209,2026-02-12 12:52:39.083374,RTM,50.17,50.15,50.17,100000000.0,19056.0,100000000.0,10.0,100.0,,,,,,,0,0,0,0,0,0,0,0,0,0,0,0,0,0,0
6.0,1.0,149.0,Week 3,Announcement 2,The analysts have informed you that the realized volatility of RTM this week will be 25%,209,2026-02-12 12:52:39.083374,RTM1C45,5.16,5.15,5.17,1000000.0,68.0,1000000.0,,,50.0,,,,,,0,0,0,0,0,0,0,0,0,0,0,0,0,0,0
5.0,1.0,111.0,,News 2,The analysts have informed you that the realized volatility of RTM next week will be between 21% and 26%,209,2026-02-12 12:52:39.083374,RTM1P45,0.01,0.01,0.03,1000000.0,,1000000.0,,,,,,,,,0,0,0,0,0,0,0,0,0,0,0,0,0,0,0
4.0,1.0,74.0,Week 2,Announcement 1,The analysts have informed you that the realized volatility of RTM this week will be 39%,209,2026-02-12 12:52:39.083374,RTM1C46,4.17,4.16,4.18,1000000.0,,1000000.0,,,,,,,,,0,0,0,0,0,0,0,0,0,0,0,0,0,0,0
3.0,1.0,35.0,,News 1,The analysts have informed you that the realized volatility of RTM next week will be between 36% and 41%,209,2026-02-12 12:52:39.083374,RTM1P46,0.02,0.01,0.03,1000000.0,,1000000.0,,,,,,,,,0,0,0,0,0,0,0,0,0,0,0,0,0,0,0
2.0,1.0,2.0,Week 1,Delta limit and penalty,The delta limit for this sub-heat is 12000 and the penalty percentage is 2%,209,2026-02-12 12:52:39.083374,RTM1C47,3.2,3.19,3.21,1000000.0,43.0,1000000.0,,,200.0,,,,,,0,0,0,0,0,0,0,0,0,0,0,0,0,0,0
1.0,1.0,2.0,Week 1,Risk free rate and current annualized volatility of RTM,The current risk free rate is 0%. RTM is an ETF that mimics one of the major indices in the simulated world and its current annualized realized volatility is 22%. This simulation consists of 20 trading days that are each 15 ticks in length.,209,2026-02-12 12:52:39.083374,RTM1P47,0.04,0.03,0.05,1000000.0,,1000000.0,,,,8.0,,,,,0,0,0,0,0,0,0,0,0,0,0,0,0,0,0
,,,,,,209,2026-02-12 12:52:39.083374,RTM1C48,2.3,2.29,2.31,1000000.0,40.0,1000000.0,,,150.0,,,,,,0,0,0,0,0,0,0,0,0,0,0,0,0,0,0
,,,,,,209,2026-02-12 12:52:39.083374,RTM1P48,0.14,0.13,0.15,1000000.0,,1000000.0,,,,,100.0,,,,0,0,0,0,0,0,0,0,0,0,0,0,0,0,0
,,,,,,209,2026-02-12 12:52:39.083374,RTM1C49,1.48,1.48,1.5,1000000.0,,1000000.0,,,108.0,,,60.0,90.0,,0,0,0,0,0,0,0,0,0,0,0,0,0,0,0
,,,,,,209,2026-02-12 12:52:39.083374,RTM1P49,0.32,0.32,0.34,1000000.0,,1000000.0,,,,40.0,,,,,0,0,0,0,0,0,0,0,0,0,0,0,0,0,0
,,,,,,209,2026-02-12 12:52:39.083374,RTM1C50,0.88,0.86,0.88,1000000.0,,1000000.0,,,,,,30.0,30.0,,0,0,0,0,0,0,0,0,0,0,0,0,0,0,0
,,,,,,209,2026-02-12 12:52:39.083374,RTM1P50,0.73,0.71,0.73,1000000.0,,1000000.0,,,,,,,,,0,0,0,0,0,0,0,0,0,0,0,0,0,0,0
,,,,,,209,2026-02-12 12:52:39.083374,RTM1C51,0.46,0.44,0.46,1000000.0,,1000000.0,,,,,,,,,0,0,0,0,0,0,0,0,0,0,0,0,0,0,0
,,,,,,209,2026-02-12 12:52:39.083374,RTM1P51,1.3,1.28,1.3,1000000.0,,1000000.0,,,,100.0,,30.0,,2.0,0,0,0,0,0,0,0,0,0,0,0,0,0,0,0
,,,,,,209,2026-02-12 12:52:39.083374,RTM1C52,0.21,0.19,0.21,1000000.0,,1000000.0,,,,100.0,,,,,0,0,0,0,0,0,0,0,0,0,0,0,0,0,0
,,,,,,209,2026-02-12 12:52:39.083374,RTM1P52,2.03,2.03,2.05,1000000.0,,1000000.0,,,,,,,,,0,0,0,0,0,0,0,0,0,0,0,0,0,0,0
,,,,,,209,2026-02-12 12:52:39.083374,RTM1C53,0.07,0.07,0.09,1000000.0,,1000000.0,,,,,,,,,0,0,0,0,0,0,0,0,0,0,0,0,0,0,0
,,,,,,209,2026-02-12 12:52:39.083374,RTM1P53,2.91,2.91,2.93,1000000.0,,1000000.0,,,,,,,,,0,0,0,0,0,0,0,0,0,0,0,0,0,0,0
,,,,,,209,2026-02-12 12:52:39.083374,RTM1C54,0.01,0.01,0.03,1000000.0,,1000000.0,,,,,,,,,0,0,0,0,0,0,0,0,0,0,0,0,0,0,0
,,,,,,209,2026-02-12 12:52:39.083374,RTM1P54,3.86,3.86,3.88,1000000.0,,1000000.0,,,,,,,,,0,0,0,0,0,0,0,0,0,0,0,0,0,0,0
7.0,1.0,186.0,,News 3,The analysts have informed you that the realized volatility of RTM next week will be between 34% and 39%,210,2026-02-12 12:52:40.110469,RTM,50.18,50.18,50.2,100000000.0,10000.0,19056.0,100000000.0,10.0,100.0,,,,,,,0,0,0,0,0,0,0,0,0,0,0,0,0,0
6.0,1.0,149.0,Week 3,Announcement 2,The analysts have informed you that the realized volatility of RTM this week will be 25%,210,2026-02-12 12:52:40.110469,RTM1C45,5.18,5.18,5.2,1000000.0,,68.0,1000000.0,,,50.0,,,,,,0,0,0,0,0,0,0,0,0,0,0,0,0,0
5.0,1.0,111.0,,News 2,The analysts have informed you that the realized volatility of RTM next week will be between 21% and 26%,210,2026-02-12 12:52:40.110469,RTM1P45,0.01,0.01,0.03,1000000.0,,,1000000.0,,,,,,,,,0,0,0,0,0,0,0,0,0,0,0,0,0,0
4.0,1.0,74.0,Week 2,Announcement 1,The analysts have informed you that the realized volatility of RTM this week will be 39%,210,2026-02-12 12:52:40.110469,RTM1C46,4.19,4.19,4.21,1000000.0,,,1000000.0,,,,,,,,,0,0,0,0,0,0,0,0,0,0,0,0,0,0
3.0,1.0,35.0,,News 1,The analysts have informed you that the realized volatility of RTM next week will be between 36% and 41%,210,2026-02-12 12:52:40.110469,RTM1P46,0.01,0.01,0.03,1000000.0,,,1000000.0,,,,,,,,,0,0,0,0,0,0,0,0,0,0,0,0,0,0
2.0,1.0,2.0,Week 1,Delta limit and penalty,The delta limit for this sub-heat is 12000 and the penalty percentage is 2%,210,2026-02-12 12:52:40.110469,RTM1C47,3.22,3.22,3.24,1000000.0,,43.0,1000000.0,,,200.0,,,,,,0,0,0,0,0,0,0,0,0,0,0,0,0,0
1.0,1.0,2.0,Week 1,Risk free rate and current annualized volatility of RTM,The current risk free rate is 0%. RTM is an ETF that mimics one of the major indices in the simulated world and its current annualized realized volatility is 22%. This simulation consists of 20 trading days that are each 15 ticks in length.,210,2026-02-12 12:52:40.110469,RTM1P47,0.03,0.03,0.05,1000000.0,,,1000000.0,,,,8.0,,,,,0,0,0,0,0,0,0,0,0,0,0,0,0,0
,,,,,,210,2026-02-12 12:52:40.110469,RTM1C48,2.31,2.31,2.33,1000000.0,,40.0,1000000.0,,,150.0,,,,,,0,0,0,0,0,0,0,0,0,0,0,0,0,0
,,,,,,210,2026-02-12 12:52:40.110469,RTM1P48,0.13,0.12,0.14,1000000.0,,,1000000.0,,,,,100.0,,,,0,0,0,0,0,0,0,0,0,0,0,0,0,0
,,,,,,210,2026-02-12 12:52:40.110469,RTM1C49,1.52,1.5,1.52,1000000.0,,,1000000.0,,,108.0,,,60.0,90.0,,0,0,0,0,0,0,0,0,0,0,0,0,0,0
,,,,,,210,2026-02-12 12:52:40.110469,RTM1P49,0.33,0.31,0.33,1000000.0,,,1000000.0,,,,40.0,,,,,0,0,0,0,0,0,0,0,0,0,0,0,0,0
,,,,,,210,2026-02-12 12:52:40.110469,RTM1C50,0.89,0.87,0.89,1000000.0,,,1000000.0,,,,,,30.0,30.0,,0,0,0,0,0,0,0,0,0,0,0,0,0,0
,,,,,,210,2026-02-12 12:52:40.110469,RTM1P50,0.68,0.68,0.7,1000000.0,,,1000000.0,,,,,,,,,0,0,0,0,0,0,0,0,0,0,0,0,0,0
,,,,,,210,2026-02-12 12:52:40.110469,RTM1C51,0.47,0.45,0.47,1000000.0,,,1000000.0,,,,,,,,,0,0,0,0,0,0,0,0,0,0,0,0,0,0
,,,,,,210,2026-02-12 12:52:40.110469,RTM1P51,1.28,1.26,1.28,1000000.0,,,1000000.0,,,,100.0,,30.0,,2.0,0,0,0,0,0,0,0,0,0,0,0,0,0,0
,,,,,,210,2026-02-12 12:52:40.110469,RTM1C52,0.21,0.19,0.21,1000000.0,,,1000000.0,,,,,,,,,0,0,0,0,0,0,0,0,0,0,0,0,0,0
,,,,,,210,2026-02-12 12:52:40.110469,RTM1P52,2.0,2.0,2.02,1000000.0,,,1000000.0,,,,,,,,,0,0,0,0,0,0,0,0,0,0,0,0,0,0
,,,,,,210,2026-02-12 12:52:40.110469,RTM1C53,0.08,0.07,0.09,1000000.0,,,1000000.0,,,,,,,,,0,0,0,0,0,0,0,0,0,0,0,0,0,0
,,,,,,210,2026-02-12 12:52:40.110469,RTM1P53,2.89,2.88,2.9,1000000.0,,,1000000.0,,,,,,,,,0,0,0,0,0,0,0,0,0,0,0,0,0,0
,,,,,,210,2026-02-12 12:52:40.110469,RTM1C54,0.03,0.02,0.04,1000000.0,,,1000000.0,,,,,,,,,0,0,0,0,0,0,0,0,0,0,0,0,0,0
,,,,,,210,2026-02-12 12:52:40.110469,RTM1P54,3.84,3.83,3.85,1000000.0,,,1000000.0,,,,,,,,,0,0,0,0,0,0,0,0,0,0,0,0,0,0
7.0,1.0,186.0,,News 3,The analysts have informed you that the realized volatility of RTM next week will be between 34% and 39%,211,2026-02-12 12:52:41.141991,RTM,50.21,50.19,50.21,100000000.0,10000.0,19056.0,100000000.0,10.0,100.0,,,,,,0,0,0,0,0,0,0,0,0,0,0,0,0,0,0
6.0,1.0,149.0,Week 3,Announcement 2,The analysts have informed you that the realized volatility of RTM this week will be 25%,211,2026-02-12 12:52:41.141991,RTM1C45,5.2,5.19,5.21,1000000.0,,68.0,1000000.0,,,50.0,,,,,0,0,0,0,0,0,0,0,0,0,0,0,0,0,0
5.0,1.0,111.0,,News 2,The analysts have informed you that the realized volatility of RTM next week will be between 21% and 26%,211,2026-02-12 12:52:41.141991,RTM1P45,0.02,0.01,0.03,1000000.0,,,1000000.0,,,,,,,,0,0,0,0,0,0,0,0,0,0,0,0,0,0,0
4.0,1.0,74.0,Week 2,Announcement 1,The analysts have informed you that the realized volatility of RTM this week will be 39%,211,2026-02-12 12:52:41.141991,RTM1C46,4.21,4.2,4.22,1000000.0,,,1000000.0,,,,,,,,0,0,0,0,0,0,0,0,0,0,0,0,0,0,0
3.0,1.0,35.0,,News 1,The analysts have informed you that the realized volatility of RTM next week will be between 36% and 41%,211,2026-02-12 12:52:41.141991,RTM1P46,0.02,0.01,0.03,1000000.0,,,1000000.0,,,,,,,,0,0,0,0,0,0,0,0,0,0,0,0,0,0,0
2.0,1.0,2.0,Week 1,Delta limit and penalty,The delta limit for this sub-heat is 12000 and the penalty percentage is 2%,211,2026-02-12 12:52:41.141991,RTM1C47,3.23,3.22,3.24,1000000.0,,43.0,1000000.0,,,200.0,,,,,0,0,0,0,0,0,0,0,0,0,0,0,0,0,0
1.0,1.0,2.0,Week 1,Risk free rate and current annualized volatility of RTM,The current risk free rate is 0%. RTM is an ETF that mimics one of the major indices in the simulated world and its current annualized realized volatility is 22%. This simulation consists of 20 trading days that are each 15 ticks in length.,211,2026-02-12 12:52:41.141991,RTM1P47,0.04,0.03,0.05,1000000.0,,,1000000.0,,,,8.0,,,,0,0,0,0,0,0,0,0,0,0,0,0,0,0,0
,,,,,,211,2026-02-12 12:52:41.141991,RTM1C48,2.32,2.31,2.33,1000000.0,,40.0,1000000.0,,,150.0,,,,,0,0,0,0,0,0,0,0,0,0,0,0,0,0,0
,,,,,,211,2026-02-12 12:52:41.141991,RTM1P48,0.12,0.12,0.14,1000000.0,,,1000000.0,,,,,,,,0,0,0,0,0,0,0,0,0,0,0,0,0,0,0
,,,,,,211,2026-02-12 12:52:41.141991,RTM1C49,1.51,1.49,1.51,1000000.0,,,1000000.0,,,108.0,,60.0,90.0,,0,0,0,0,0,0,0,0,0,0,0,0,0,0,0
,,,,,,211,2026-02-12 12:52:41.141991,RTM1P49,0.32,0.3,0.32,1000000.0,,,1000000.0,,,,40.0,,,,0,0,0,0,0,0,0,0,0,0,0,0,0,0,0
,,,,,,211,2026-02-12 12:52:41.141991,RTM1C50,0.91,0.89,0.91,1000000.0,,,1000000.0,,,,,30.0,30.0,,0,0,0,0,0,0,0,0,0,0,0,0,0,0,0
,,,,,,211,2026-02-12 12:52:41.141991,RTM1P50,0.7,0.7,0.72,1000000.0,,,1000000.0,,,,,,,,0,0,0,0,0,0,0,0,0,0,0,0,0,0,0
,,,,,,211,2026-02-12 12:52:41.141991,RTM1C51,0.46,0.44,0.46,1000000.0,,,1000000.0,,,,,,,,0,0,0,0,0,0,0,0,0,0,0,0,0,0,0
,,,,,,211,2026-02-12 12:52:41.141991,RTM1P51,1.24,1.24,1.26,1000000.0,,,1000000.0,,,,100.0,30.0,,2.0,0,0,0,0,0,0,0,0,0,0,0,0,0,0,0
,,,,,,211,2026-02-12 12:52:41.141991,RTM1C52,0.18,0.18,0.2,1000000.0,,,1000000.0,,,,,,,,0,0,0,0,0,0,0,0,0,0,0,0,0,0,0
,,,,,,211,2026-02-12 12:52:41.141991,RTM1P52,2.01,1.99,2.01,1000000.0,,,1000000.0,,,,,,,,0,0,0,0,0,0,0,0,0,0,0,0,0,0,0
,,,,,,211,2026-02-12 12:52:41.141991,RTM1C53,0.07,0.07,0.09,1000000.0,,,1000000.0,,,,,,,,0,0,0,0,0,0,0,0,0,0,0,0,0,0,0
,,,,,,211,2026-02-12 12:52:41.141991,RTM1P53,2.88,2.88,2.9,1000000.0,,,1000000.0,,,,,,,,0,0,0,0,0,0,0,0,0,0,0,0,0,0,0
,,,,,,211,2026-02-12 12:52:41.141991,RTM1C54,0.02,0.02,0.04,1000000.0,,,1000000.0,,,,,,,,0,0,0,0,0,0,0,0,0,0,0,0,0,0,0
,,,,,,211,2026-02-12 12:52:41.141991,RTM1P54,3.82,3.82,3.84,1000000.0,,,1000000.0,,,,,,,,0,0,0,0,0,0,0,0,0,0,0,0,0,0,0
7.0,1.0,186.0,,News 3,The analysts have informed you that the realized volatility of RTM next week will be between 34% and 39%,212,2026-02-12 12:52:42.171902,RTM,50.23,50.23,50.25,100000000.0,10000.0,19056.0,100000000.0,10.0,100.0,,,,,,0,0,0,0,0,0,0,0,0,0,0,0,0,0,0
6.0,1.0,149.0,Week 3,Announcement 2,The analysts have informed you that the realized volatility of RTM this week will be 25%,212,2026-02-12 12:52:42.171902,RTM1C45,5.23,5.23,5.25,1000000.0,,68.0,1000000.0,,,50.0,,,,,0,0,0,0,0,0,0,0,0,0,0,0,0,0,0
5.0,1.0,111.0,,News 2,The analysts have informed you that the realized volatility of RTM next week will be between 21% and 26%,212,2026-02-12 12:52:42.171902,RTM1P45,0.01,0.01,0.03,1000000.0,,,1000000.0,,,,,,,,0,0,0,0,0,0,0,0,0,0,0,0,0,0,0
4.0,1.0,74.0,Week 2,Announcement 1,The analysts have informed you that the realized volatility of RTM this week will be 39%,212,2026-02-12 12:52:42.171902,RTM1C46,4.24,4.24,4.26,1000000.0,,,1000000.0,,,,,,,,0,0,0,0,0,0,0,0,0,0,0,0,0,0,0
3.0,1.0,35.0,,News 1,The analysts have informed you that the realized volatility of RTM next week will be between 36% and 41%,212,2026-02-12 12:52:42.171902,RTM1P46,0.01,0.01,0.03,1000000.0,,,1000000.0,,,,,,,,0,0,0,0,0,0,0,0,0,0,0,0,0,0,0
2.0,1.0,2.0,Week 1,Delta limit and penalty,The delta limit for this sub-heat is 12000 and the penalty percentage is 2%,212,2026-02-12 12:52:42.171902,RTM1C47,3.28,3.26,3.28,1000000.0,,43.0,1000000.0,,,200.0,,,,,0,0,0,0,0,0,0,0,0,0,0,0,0,0,0
1.0,1.0,2.0,Week 1,Risk free rate and current annualized volatility of RTM,The current risk free rate is 0%. RTM is an ETF that mimics one of the major indices in the simulated world and its current annualized realized volatility is 22%. This simulation consists of 20 trading days that are each 15 ticks in length.,212,2026-02-12 12:52:42.171902,RTM1P47,0.04,0.02,0.04,1000000.0,,,1000000.0,,,,8.0,,,,0,0,0,0,0,0,0,0,0,0,0,0,0,0,0
,,,,,,212,2026-02-12 12:52:42.171902,RTM1C48,2.34,2.33,2.35,1000000.0,,40.0,1000000.0,,,150.0,,,,,0,0,0,0,0,0,0,0,0,0,0,0,0,0,0
,,,,,,212,2026-02-12 12:52:42.171902,RTM1P48,0.1,0.09,0.11,1000000.0,,,1000000.0,,,,,,,,0,0,0,0,0,0,0,0,0,0,0,0,0,0,0
,,,,,,212,2026-02-12 12:52:42.171902,RTM1C49,1.56,1.54,1.56,1000000.0,,,1000000.0,,,108.0,,60.0,90.0,,0,0,0,0,0,0,0,0,0,0,0,0,0,0,0
,,,,,,212,2026-02-12 12:52:42.171902,RTM1P49,0.32,0.3,0.32,1000000.0,,,1000000.0,,,,40.0,,,,0,0,0,0,0,0,0,0,0,0,0,0,0,0,0
,,,,,,212,2026-02-12 12:52:42.171902,RTM1C50,0.89,0.89,0.91,1000000.0,,,1000000.0,,,,,30.0,30.0,,0,0,0,0,0,0,0,0,0,0,0,0,0,0,0
,,,,,,212,2026-02-12 12:52:42.171902,RTM1P50,0.67,0.65,0.67,1000000.0,,,1000000.0,,,,,,,,0,0,0,0,0,0,0,0,0,0,0,0,0,0,0
,,,,,,212,2026-02-12 12:52:42.171902,RTM1C51,0.49,0.47,0.49,1000000.0,,,1000000.0,,,,,,,,0,0,0,0,0,0,0,0,0,0,0,0,0,0,0
,,,,,,212,2026-02-12 12:52:42.171902,RTM1P51,1.25,1.23,1.25,1000000.0,,,1000000.0,,,,100.0,30.0,,2.0,0,0,0,0,0,0,0,0,0,0,0,0,0,0,0
,,,,,,212,2026-02-12 12:52:42.171902,RTM1C52,0.21,0.2,0.22,1000000.0,,,1000000.0,,,,,,,,0,0,0,0,0,0,0,0,0,0,0,0,0,0,0
,,,,,,212,2026-02-12 12:52:42.171902,RTM1P52,1.97,1.96,1.98,1000000.0,,,1000000.0,,,,,,,,0,0,0,0,0,0,0,0,0,0,0,0,0,0,0
,,,,,,212,2026-02-12 12:52:42.171902,RTM1C53,0.08,0.08,0.1,1000000.0,,,1000000.0,,,,,,,,0,0,0,0,0,0,0,0,0,0,0,0,0,0,0
,,,,,,212,2026-02-12 12:52:42.171902,RTM1P53,2.85,2.84,2.86,1000000.0,,,1000000.0,,,,,,,,0,0,0,0,0,0,0,0,0,0,0,0,0,0,0
,,,,,,212,2026-02-12 12:52:42.171902,RTM1C54,0.03,0.02,0.04,1000000.0,,,1000000.0,,,,,,,,0,0,0,0,0,0,0,0,0,0,0,0,0,0,0
,,,,,,212,2026-02-12 12:52:42.171902,RTM1P54,3.79,3.78,3.8,1000000.0,,,1000000.0,,,,,,,,0,0,0,0,0,0,0,0,0,0,0,0,0,0,0
7.0,1.0,186.0,,News 3,The analysts have informed you that the realized volatility of RTM next week will be between 34% and 39%,213,2026-02-12 12:52:43.201648,RTM,50.55,50.55,50.57,100000000.0,10000.0,19056.0,100000000.0,100.0,,,,,,,0,0,0,0,0,0,0,0,0,0,0,0,0,0,0
6.0,1.0,149.0,Week 3,Announcement 2,The analysts have informed you that the realized volatility of RTM this week will be 25%,213,2026-02-12 12:52:43.201648,RTM1C45,5.56,5.56,5.58,1000000.0,,68.0,1000000.0,,50.0,,,,,,0,0,0,0,0,0,0,0,0,0,0,0,0,0,0
5.0,1.0,111.0,,News 2,The analysts have informed you that the realized volatility of RTM next week will be between 21% and 26%,213,2026-02-12 12:52:43.201648,RTM1P45,0.01,0.01,0.03,1000000.0,,,1000000.0,,,,,,,,0,0,0,0,0,0,0,0,0,0,0,0,0,0,0
4.0,1.0,74.0,Week 2,Announcement 1,The analysts have informed you that the realized volatility of RTM this week will be 39%,213,2026-02-12 12:52:43.201648,RTM1C46,4.57,4.56,4.58,1000000.0,,,1000000.0,,,,,,,,0,0,0,0,0,0,0,0,0,0,0,0,0,0,0
3.0,1.0,35.0,,News 1,The analysts have informed you that the realized volatility of RTM next week will be between 36% and 41%,213,2026-02-12 12:52:43.201648,RTM1P46,0.02,0.01,0.03,1000000.0,,,1000000.0,,,,,,,,0,0,0,0,0,0,0,0,0,0,0,0,0,0,0
2.0,1.0,2.0,Week 1,Delta limit and penalty,The delta limit for this sub-heat is 12000 and the penalty percentage is 2%,213,2026-02-12 12:52:43.201648,RTM1C47,3.59,3.58,3.6,1000000.0,,43.0,1000000.0,,200.0,,,,,,0,0,0,0,0,0,0,0,0,0,0,0,0,0,0
1.0,1.0,2.0,Week 1,Risk free rate and current annualized volatility of RTM,The current risk free rate is 0%. RTM is an ETF that mimics one of the major indices in the simulated world and its current annualized realized volatility is 22%. This simulation consists of 20 trading days that are each 15 ticks in length.,213,2026-02-12 12:52:43.201648,RTM1P47,0.02,0.01,0.03,1000000.0,,,1000000.0,,,8.0,,,,,0,0,0,0,0,0,0,0,0,0,0,0,0,0,0
,,,,,,213,2026-02-12 12:52:43.201648,RTM1C48,2.64,2.63,2.65,1000000.0,,40.0,1000000.0,,150.0,,,,,,0,0,0,0,0,0,0,0,0,0,0,0,0,0,0
,,,,,,213,2026-02-12 12:52:43.201648,RTM1P48,0.08,0.07,0.09,1000000.0,,,1000000.0,,,,,,,,0,0,0,0,0,0,0,0,0,0,0,0,0,0,0
,,,,,,213,2026-02-12 12:52:43.201648,RTM1C49,1.82,1.8,1.82,1000000.0,,,1000000.0,,108.0,,60.0,90.0,,,0,0,0,0,0,0,0,0,0,0,0,0,0,0,0
,,,,,,213,2026-02-12 12:52:43.201648,RTM1P49,0.23,0.23,0.25,1000000.0,,,1000000.0,,,40.0,,,,,0,0,0,0,0,0,0,0,0,0,0,0,0,0,0
,,,,,,213,2026-02-12 12:52:43.201648,RTM1C50,1.07,1.05,1.07,1000000.0,,,1000000.0,,,,30.0,30.0,,,0,0,0,0,0,0,0,0,0,0,0,0,0,0,0
,,,,,,213,2026-02-12 12:52:43.201648,RTM1P50,0.51,0.49,0.51,1000000.0,,,1000000.0,,,,,,,,0,0,0,0,0,0,0,0,0,0,0,0,0,0,0
,,,,,,213,2026-02-12 12:52:43.201648,RTM1C51,0.57,0.55,0.57,1000000.0,,,1000000.0,,,,,,1.0,,0,0,0,0,0,0,0,0,0,0,0,0,0,0,0
,,,,,,213,2026-02-12 12:52:43.201648,RTM1P51,1.0,0.98,1.0,1000000.0,,,1000000.0,,,100.0,,,,2.0,0,0,0,0,0,0,0,0,0,0,0,0,0,0,0
,,,,,,213,2026-02-12 12:52:43.201648,RTM1C52,0.3,0.28,0.3,1000000.0,,,1000000.0,,,,,,,,0,0,0,0,0,0,0,0,0,0,0,0,0,0,0
,,,,,,213,2026-02-12 12:52:43.201648,RTM1P52,1.73,1.71,1.73,1000000.0,,,1000000.0,,,,,,,,0,0,0,0,0,0,0,0,0,0,0,0,0,0,0
,,,,,,213,2026-02-12 12:52:43.201648,RTM1C53,0.1,0.08,0.1,1000000.0,,,1000000.0,,,,,,,,0,0,0,0,0,0,0,0,0,0,0,0,0,0,0
,,,,,,213,2026-02-12 12:52:43.201648,RTM1P53,2.52,2.52,2.54,1000000.0,,,1000000.0,,,,,,,,0,0,0,0,0,0,0,0,0,0,0,0,0,0,0
,,,,,,213,2026-02-12 12:52:43.201648,RTM1C54,0.02,0.02,0.04,1000000.0,,,1000000.0,,,,,,,,0,0,0,0,0,0,0,0,0,0,0,0,0,0,0
,,,,,,213,2026-02-12 12:52:43.201648,RTM1P54,3.48,3.46,3.48,1000000.0,,,1000000.0,,,,,,,,0,0,0,0,0,0,0,0,0,0,0,0,0,0,0
7.0,1.0,186.0,,News 3,The analysts have informed you that the realized volatility of RTM next week will be between 34% and 39%,214,2026-02-12 12:52:44.232611,RTM,50.62,50.62,50.64,100000000.0,10000.0,19056.0,100000000.0,100.0,,,,,,,,0,0,0,0,0,0,0,0,0,0,0,0,0,0
6.0,1.0,149.0,Week 3,Announcement 2,The analysts have informed you that the realized volatility of RTM this week will be 25%,214,2026-02-12 12:52:44.232611,RTM1C45,5.63,5.62,5.64,1000000.0,,68.0,1000000.0,,50.0,,,,,,,0,0,0,0,0,0,0,0,0,0,0,0,0,0
5.0,1.0,111.0,,News 2,The analysts have informed you that the realized volatility of RTM next week will be between 21% and 26%,214,2026-02-12 12:52:44.232611,RTM1P45,0.01,0.01,0.03,1000000.0,,,1000000.0,,,,,,,,,0,0,0,0,0,0,0,0,0,0,0,0,0,0
4.0,1.0,74.0,Week 2,Announcement 1,The analysts have informed you that the realized volatility of RTM this week will be 39%,214,2026-02-12 12:52:44.232611,RTM1C46,4.64,4.63,4.65,1000000.0,,,1000000.0,,,,,,,,,0,0,0,0,0,0,0,0,0,0,0,0,0,0
3.0,1.0,35.0,,News 1,The analysts have informed you that the realized volatility of RTM next week will be between 36% and 41%,214,2026-02-12 12:52:44.232611,RTM1P46,0.03,0.01,0.03,1000000.0,,,1000000.0,,,,,,,,,0,0,0,0,0,0,0,0,0,0,0,0,0,0
2.0,1.0,2.0,Week 1,Delta limit and penalty,The delta limit for this sub-heat is 12000 and the penalty percentage is 2%,214,2026-02-12 12:52:44.232611,RTM1C47,3.65,3.64,3.66,1000000.0,,43.0,1000000.0,,200.0,,,,,,,0,0,0,0,0,0,0,0,0,0,0,0,0,0
1.0,1.0,2.0,Week 1,Risk free rate and current annualized volatility of RTM,The current risk free rate is 0%. RTM is an ETF that mimics one of the major indices in the simulated world and its current annualized realized volatility is 22%. This simulation consists of 20 trading days that are each 15 ticks in length.,214,2026-02-12 12:52:44.232611,RTM1P47,0.02,0.01,0.03,1000000.0,,,1000000.0,,,8.0,,,,,,0,0,0,0,0,0,0,0,0,0,0,0,0,0
,,,,,,214,2026-02-12 12:52:44.232611,RTM1C48,2.68,2.68,2.7,1000000.0,,40.0,1000000.0,,150.0,,,,,,,0,0,0,0,0,0,0,0,0,0,0,0,0,0
,,,,,,214,2026-02-12 12:52:44.232611,RTM1P48,0.06,0.05,0.07,1000000.0,,,1000000.0,,,,,,,,,0,0,0,0,0,0,0,0,0,0,0,0,0,0
,,,,,,214,2026-02-12 12:52:44.232611,RTM1C49,1.84,1.83,1.85,1000000.0,,,1000000.0,,108.0,,11.0,60.0,90.0,,,0,0,0,0,0,0,0,0,0,0,0,0,0,0
,,,,,,214,2026-02-12 12:52:44.232611,RTM1P49,0.22,0.2,0.22,1000000.0,,,1000000.0,,,40.0,,,,,,0,0,0,0,0,0,0,0,0,0,0,0,0,0
,,,,,,214,2026-02-12 12:52:44.232611,RTM1C50,1.15,1.13,1.15,1000000.0,,,1000000.0,,,,,30.0,30.0,,,0,0,0,0,0,0,0,0,0,0,0,0,0,0
,,,,,,214,2026-02-12 12:52:44.232611,RTM1P50,0.5,0.5,0.52,1000000.0,,,1000000.0,,,,,,,,,0,0,0,0,0,0,0,0,0,0,0,0,0,0
,,,,,,214,2026-02-12 12:52:44.232611,RTM1C51,0.62,0.6,0.62,1000000.0,,,1000000.0,,,,,,,1.0,,0,0,0,0,0,0,0,0,0,0,0,0,0,0
,,,,,,214,2026-02-12 12:52:44.232611,RTM1P51,0.99,0.97,0.99,1000000.0,,,1000000.0,,,100.0,,,,,2.0,0,0,0,0,0,0,0,0,0,0,0,0,0,0
,,,,,,214,2026-02-12 12:52:44.232611,RTM1C52,0.3,0.28,0.3,1000000.0,,,1000000.0,,,,,,,,,0,0,0,0,0,0,0,0,0,0,0,0,0,0
,,,,,,214,2026-02-12 12:52:44.232611,RTM1P52,1.65,1.65,1.67,1000000.0,,,1000000.0,,,,,,,,,0,0,0,0,0,0,0,0,0,0,0,0,0,0
,,,,,,214,2026-02-12 12:52:44.232611,RTM1C53,0.11,0.11,0.12,1000000.0,,,1000000.0,,,,13.0,,,,,0,0,0,0,0,0,0,0,0,0,0,0,0,0
,,,,,,214,2026-02-12 12:52:44.232611,RTM1P53,2.47,2.46,2.48,1000000.0,,,1000000.0,,,,,,,,,0,0,0,0,0,0,0,0,0,0,0,0,0,0
,,,,,,214,2026-02-12 12:52:44.232611,RTM1C54,0.05,0.03,0.05,1000000.0,,,1000000.0,,,,,,,,,0,0,0,0,0,0,0,0,0,0,0,0,0,0
,,,,,,214,2026-02-12 12:52:44.232611,RTM1P54,3.41,3.4,3.42,1000000.0,,,1000000.0,,,,,,,,,0,0,0,0,0,0,0,0,0,0,0,0,0,0
7.0,1.0,186.0,,News 3,The analysts have informed you that the realized volatility of RTM next week will be between 34% and 39%,215,2026-02-12 12:52:45.259946,RTM,50.99,50.99,51.01,100000000.0,10000.0,19056.0,100000000.0,100.0,,,,,,,,,0,0,0,0,0,0,0,0,0,0,0,0,0
6.0,1.0,149.0,Week 3,Announcement 2,The analysts have informed you that the realized volatility of RTM this week will be 25%,215,2026-02-12 12:52:45.259946,RTM1C45,6.0,5.99,6.01,1000000.0,,68.0,1000000.0,,80.0,50.0,,,,,,,0,0,0,0,0,0,0,0,0,0,0,0,0
5.0,1.0,111.0,,News 2,The analysts have informed you that the realized volatility of RTM next week will be between 21% and 26%,215,2026-02-12 12:52:45.259946,RTM1P45,0.01,0.01,0.03,1000000.0,,,1000000.0,,,,,,,,,,0,0,0,0,0,0,0,0,0,0,0,0,0
4.0,1.0,74.0,Week 2,Announcement 1,The analysts have informed you that the realized volatility of RTM this week will be 39%,215,2026-02-12 12:52:45.259946,RTM1C46,5.01,5.0,5.02,1000000.0,,,1000000.0,,,,,,,,,,0,0,0,0,0,0,0,0,0,0,0,0,0
3.0,1.0,35.0,,News 1,The analysts have informed you that the realized volatility of RTM next week will be between 36% and 41%,215,2026-02-12 12:52:45.259946,RTM1P46,0.02,0.01,0.03,1000000.0,,,1000000.0,,,,,,,,,,0,0,0,0,0,0,0,0,0,0,0,0,0
2.0,1.0,2.0,Week 1,Delta limit and penalty,The delta limit for this sub-heat is 12000 and the penalty percentage is 2%,215,2026-02-12 12:52:45.259946,RTM1C47,4.01,4.0,4.02,1000000.0,,43.0,1000000.0,,,200.0,,,,,,,0,0,0,0,0,0,0,0,0,0,0,0,0
1.0,1.0,2.0,Week 1,Risk free rate and current annualized volatility of RTM,The current risk free rate is 0%. RTM is an ETF that mimics one of the major indices in the simulated world and its current annualized realized volatility is 22%. This simulation consists of 20 trading days that are each 15 ticks in length.,215,2026-02-12 12:52:45.259946,RTM1P47,0.02,0.01,0.03,1000000.0,,,1000000.0,,,,8.0,,,,,,0,0,0,0,0,0,0,0,0,0,0,0,0
,,,,,,215,2026-02-12 12:52:45.259946,RTM1C48,3.05,3.04,3.06,1000000.0,,40.0,1000000.0,,,150.0,,16.0,,,,,0,0,0,0,0,0,0,0,0,0,0,0,0
,,,,,,215,2026-02-12 12:52:45.259946,RTM1P48,0.05,0.03,0.05,1000000.0,,,1000000.0,,,,,,,,,,0,0,0,0,0,0,0,0,0,0,0,0,0
,,,,,,215,2026-02-12 12:52:45.259946,RTM1C49,2.15,2.13,2.15,1000000.0,,,1000000.0,,,108.0,,11.0,60.0,90.0,,,0,0,0,0,0,0,0,0,0,0,0,0,0
,,,,,,215,2026-02-12 12:52:45.259946,RTM1P49,0.15,0.13,0.15,1000000.0,,,1000000.0,,,,40.0,,,,,,0,0,0,0,0,0,0,0,0,0,0,0,0
,,,,,,215,2026-02-12 12:52:45.259946,RTM1C50,1.36,1.36,1.38,1000000.0,,,1000000.0,,,,,,30.0,30.0,,,0,0,0,0,0,0,0,0,0,0,0,0,0
,,,,,,215,2026-02-12 12:52:45.259946,RTM1P50,0.37,0.35,0.37,1000000.0,,,1000000.0,,,,,,,,,,0,0,0,0,0,0,0,0,0,0,0,0,0
,,,,,,215,2026-02-12 12:52:45.259946,RTM1C51,0.79,0.77,0.79,1000000.0,,,1000000.0,,,,,,,,1.0,,0,0,0,0,0,0,0,0,0,0,0,0,0
,,,,,,215,2026-02-12 12:52:45.259946,RTM1P51,0.78,0.76,0.78,1000000.0,,,1000000.0,,,,100.0,,,,,2.0,0,0,0,0,0,0,0,0,0,0,0,0,0
,,,,,,215,2026-02-12 12:52:45.259946,RTM1C52,0.35,0.35,0.37,1000000.0,,,1000000.0,,,,,,,,,,0,0,0,0,0,0,0,0,0,0,0,0,0
,,,,,,215,2026-02-12 12:52:45.259946,RTM1P52,1.37,1.35,1.37,1000000.0,,,1000000.0,,,,,,,,,,0,0,0,0,0,0,0,0,0,0,0,0,0
,,,,,,215,2026-02-12 12:52:45.259946,RTM1C53,0.17,0.15,0.17,1000000.0,,,1000000.0,,,,,13.0,,,,,0,0,0,0,0,0,0,0,0,0,0,0,0
,,,,,,215,2026-02-12 12:52:45.259946,RTM1P53,2.16,2.14,2.16,1000000.0,,,1000000.0,,,,,,,,,,0,0,0,0,0,0,0,0,0,0,0,0,0
,,,,,,215,2026-02-12 12:52:45.259946,RTM1C54,0.05,0.05,0.07,1000000.0,,,1000000.0,,,,,,,,,,0,0,0,0,0,0,0,0,0,0,0,0,0
,,,,,,215,2026-02-12 12:52:45.259946,RTM1P54,3.07,3.05,3.07,1000000.0,,,1000000.0,,,,,,,,,,0,0,0,0,0,0,0,0,0,0,0,0,0
7.0,1.0,186.0,,News 3,The analysts have informed you that the realized volatility of RTM next week will be between 34% and 39%,217,2026-02-12 12:52:46.298827,RTM,50.8,50.79,50.81,100000000.0,19056.0,100000000.0,100.0,,,,,,,,,0,0,0,0,0,0,0,0,0,0,0,0,0,0
6.0,1.0,149.0,Week 3,Announcement 2,The analysts have informed you that the realized volatility of RTM this week will be 25%,217,2026-02-12 12:52:46.298827,RTM1C45,5.8,5.79,5.81,1000000.0,68.0,1000000.0,,80.0,50.0,,,,,,,0,0,0,0,0,0,0,0,0,0,0,0,0,0
5.0,1.0,111.0,,News 2,The analysts have informed you that the realized volatility of RTM next week will be between 21% and 26%,217,2026-02-12 12:52:46.298827,RTM1P45,0.02,0.01,0.03,1000000.0,,1000000.0,,,,,,,,,,0,0,0,0,0,0,0,0,0,0,0,0,0,0
4.0,1.0,74.0,Week 2,Announcement 1,The analysts have informed you that the realized volatility of RTM this week will be 39%,217,2026-02-12 12:52:46.298827,RTM1C46,4.8,4.79,4.81,1000000.0,,1000000.0,,,,,,,,,,0,0,0,0,0,0,0,0,0,0,0,0,0,0
3.0,1.0,35.0,,News 1,The analysts have informed you that the realized volatility of RTM next week will be between 36% and 41%,217,2026-02-12 12:52:46.298827,RTM1P46,0.02,0.01,0.03,1000000.0,,1000000.0,,,,,,,,,,0,0,0,0,0,0,0,0,0,0,0,0,0,0
2.0,1.0,2.0,Week 1,Delta limit and penalty,The delta limit for this sub-heat is 12000 and the penalty percentage is 2%,217,2026-02-12 12:52:46.298827,RTM1C47,3.81,3.8,3.82,1000000.0,43.0,1000000.0,,,200.0,,,,,,,0,0,0,0,0,0,0,0,0,0,0,0,0,0
1.0,1.0,2.0,Week 1,Risk free rate and current annualized volatility of RTM,The current risk free rate is 0%. RTM is an ETF that mimics one of the major indices in the simulated world and its current annualized realized volatility is 22%. This simulation consists of 20 trading days that are each 15 ticks in length.,217,2026-02-12 12:52:46.298827,RTM1P47,0.02,0.01,0.03,1000000.0,,1000000.0,,,,8.0,,,,,,0,0,0,0,0,0,0,0,0,0,0,0,0,0
,,,,,,217,2026-02-12 12:52:46.298827,RTM1C48,2.85,2.84,2.86,1000000.0,40.0,1000000.0,,,150.0,,16.0,,,,,0,0,0,0,0,0,0,0,0,0,0,0,0,0
,,,,,,217,2026-02-12 12:52:46.298827,RTM1P48,0.06,0.05,0.07,1000000.0,,1000000.0,,,,,,,,,,0,0,0,0,0,0,0,0,0,0,0,0,0,0
,,,,,,217,2026-02-12 12:52:46.298827,RTM1C49,1.98,1.97,1.99,1000000.0,,1000000.0,,,108.0,,11.0,60.0,90.0,,,0,0,0,0,0,0,0,0,0,0,0,0,0,0
,,,,,,217,2026-02-12 12:52:46.298827,RTM1P49,0.18,0.17,0.19,1000000.0,,1000000.0,,,,40.0,,,,,,0,0,0,0,0,0,0,0,0,0,0,0,0,0
,,,,,,217,2026-02-12 12:52:46.298827,RTM1C50,1.23,1.22,1.24,1000000.0,,1000000.0,,,,,,30.0,30.0,,,0,0,0,0,0,0,0,0,0,0,0,0,0,0
,,,,,,217,2026-02-12 12:52:46.298827,RTM1P50,0.43,0.42,0.44,1000000.0,,1000000.0,,,,,9.0,,,,,0,0,0,0,0,0,0,0,0,0,0,0,0,0
,,,,,,217,2026-02-12 12:52:46.298827,RTM1C51,0.66,0.65,0.67,1000000.0,,1000000.0,,,,,,,,1.0,,0,0,0,0,0,0,0,0,0,0,0,0,0,0
,,,,,,217,2026-02-12 12:52:46.298827,RTM1P51,0.86,0.85,0.87,1000000.0,,1000000.0,,,,100.0,,,,,2.0,0,0,0,0,0,0,0,0,0,0,0,0,0,0
,,,,,,217,2026-02-12 12:52:46.298827,RTM1C52,0.32,0.31,0.33,1000000.0,,1000000.0,,,,,,,,,,0,0,0,0,0,0,0,0,0,0,0,0,0,0
,,,,,,217,2026-02-12 12:52:46.298827,RTM1P52,1.52,1.51,1.53,1000000.0,,1000000.0,,,,,9.0,,,,,0,0,0,0,0,0,0,0,0,0,0,0,0,0
,,,,,,217,2026-02-12 12:52:46.298827,RTM1C53,0.12,0.11,0.13,1000000.0,,1000000.0,,,,,13.0,,,,,0,0,0,0,0,0,0,0,0,0,0,0,0,0
,,,,,,217,2026-02-12 12:52:46.298827,RTM1P53,2.33,2.32,2.34,1000000.0,,1000000.0,,,,,,,,,,0,0,0,0,0,0,0,0,0,0,0,0,0,0
,,,,,,217,2026-02-12 12:52:46.298827,RTM1C54,0.04,0.03,0.05,1000000.0,,1000000.0,,,,,,,,,,0,0,0,0,0,0,0,0,0,0,0,0,0,0
,,,,,,217,2026-02-12 12:52:46.298827,RTM1P54,3.24,3.23,3.25,1000000.0,,1000000.0,,,,,,,,,,0,0,0,0,0,0,0,0,0,0,0,0,0,0
7.0,1.0,186.0,,News 3,The analysts have informed you that the realized volatility of RTM next week will be between 34% and 39%,218,2026-02-12 12:52:47.327137,RTM,50.79,50.77,50.79,100000000.0,19056.0,100000000.0,1034.0,100.0,,,,,,,,,0,0,0,0,0,0,0,0,0,0,0,0,0
6.0,1.0,149.0,Week 3,Announcement 2,The analysts have informed you that the realized volatility of RTM this week will be 25%,218,2026-02-12 12:52:47.327137,RTM1C45,5.78,5.77,5.79,1000000.0,68.0,1000000.0,,,80.0,50.0,,,,,,,0,0,0,0,0,0,0,0,0,0,0,0,0
5.0,1.0,111.0,,News 2,The analysts have informed you that the realized volatility of RTM next week will be between 21% and 26%,218,2026-02-12 12:52:47.327137,RTM1P45,0.02,0.01,0.03,1000000.0,,1000000.0,,,,,,,,,,,0,0,0,0,0,0,0,0,0,0,0,0,0
4.0,1.0,74.0,Week 2,Announcement 1,The analysts have informed you that the realized volatility of RTM this week will be 39%,218,2026-02-12 12:52:47.327137,RTM1C46,4.78,4.77,4.79,1000000.0,,1000000.0,,,,,,,,,,,0,0,0,0,0,0,0,0,0,0,0,0,0
3.0,1.0,35.0,,News 1,The analysts have informed you that the realized volatility of RTM next week will be between 36% and 41%,218,2026-02-12 12:52:47.327137,RTM1P46,0.02,0.01,0.03,1000000.0,,1000000.0,,,,,,,,,,,0,0,0,0,0,0,0,0,0,0,0,0,0
2.0,1.0,2.0,Week 1,Delta limit and penalty,The delta limit for this sub-heat is 12000 and the penalty percentage is 2%,218,2026-02-12 12:52:47.327137,RTM1C47,3.8,3.79,3.81,1000000.0,43.0,1000000.0,,,,200.0,,,,,,,0,0,0,0,0,0,0,0,0,0,0,0,0
1.0,1.0,2.0,Week 1,Risk free rate and current annualized volatility of RTM,The current risk free rate is 0%. RTM is an ETF that mimics one of the major indices in the simulated world and its current annualized realized volatility is 22%. This simulation consists of 20 trading days that are each 15 ticks in length.,218,2026-02-12 12:52:47.327137,RTM1P47,0.02,0.01,0.03,1000000.0,,1000000.0,,,,,8.0,,,,,,0,0,0,0,0,0,0,0,0,0,0,0,0
,,,,,,218,2026-02-12 12:52:47.327137,RTM1C48,2.84,2.83,2.85,1000000.0,40.0,1000000.0,,,,150.0,,16.0,,,,,0,0,0,0,0,0,0,0,0,0,0,0,0
,,,,,,218,2026-02-12 12:52:47.327137,RTM1P48,0.06,0.05,0.07,1000000.0,,1000000.0,,,,,,,,,,,0,0,0,0,0,0,0,0,0,0,0,0,0
,,,,,,218,2026-02-12 12:52:47.327137,RTM1C49,1.96,1.95,1.97,1000000.0,,1000000.0,,,,108.0,,11.0,60.0,90.0,,,0,0,0,0,0,0,0,0,0,0,0,0,0
,,,,,,218,2026-02-12 12:52:47.327137,RTM1P49,0.17,0.17,0.19,1000000.0,,1000000.0,,,,,40.0,12.0,,,,,0,0,0,0,0,0,0,0,0,0,0,0,0
,,,,,,218,2026-02-12 12:52:47.327137,RTM1C50,1.23,1.22,1.24,1000000.0,,1000000.0,,,,,,,30.0,30.0,,,0,0,0,0,0,0,0,0,0,0,0,0,0
,,,,,,218,2026-02-12 12:52:47.327137,RTM1P50,0.44,0.43,0.45,1000000.0,,1000000.0,,,,,,9.0,,,,,0,0,0,0,0,0,0,0,0,0,0,0,0
,,,,,,218,2026-02-12 12:52:47.327137,RTM1C51,0.68,0.67,0.69,1000000.0,,1000000.0,,,,,,,,,1.0,,0,0,0,0,0,0,0,0,0,0,0,0,0
,,,,,,218,2026-02-12 12:52:47.327137,RTM1P51,0.89,0.88,0.9,1000000.0,,1000000.0,,,,,100.0,,,,,2.0,0,0,0,0,0,0,0,0,0,0,0,0,0
,,,,,,218,2026-02-12 12:52:47.327137,RTM1C52,0.29,0.28,0.3,1000000.0,,1000000.0,,,,,,,,,,,0,0,0,0,0,0,0,0,0,0,0,0,0
,,,,,,218,2026-02-12 12:52:47.327137,RTM1P52,1.51,1.5,1.52,1000000.0,,1000000.0,,,,,,9.0,,,,,0,0,0,0,0,0,0,0,0,0,0,0,0
,,,,,,218,2026-02-12 12:52:47.327137,RTM1C53,0.13,0.12,0.14,1000000.0,,1000000.0,,,,,,,,,,,0,0,0,0,0,0,0,0,0,0,0,0,0
,,,,,,218,2026-02-12 12:52:47.327137,RTM1P53,2.35,2.34,2.36,1000000.0,,1000000.0,,,,,,,,,,,0,0,0,0,0,0,0,0,0,0,0,0,0
,,,,,,218,2026-02-12 12:52:47.327137,RTM1C54,0.04,0.03,0.05,1000000.0,,1000000.0,,,,,,,,,,,0,0,0,0,0,0,0,0,0,0,0,0,0
,,,,,,218,2026-02-12 12:52:47.327137,RTM1P54,3.26,3.25,3.27,1000000.0,,1000000.0,,,,,,16.0,,,,,0,0,0,0,0,0,0,0,0,0,0,0,0
7.0,1.0,186.0,,News 3,The analysts have informed you that the realized volatility of RTM next week will be between 34% and 39%,219,2026-02-12 12:52:48.354924,RTM,50.79,50.78,50.8,100000000.0,19056.0,100000000.0,1034.0,100.0,,,,,,,,,0,0,0,0,0,0,0,0,0,0,0,0,0
6.0,1.0,149.0,Week 3,Announcement 2,The analysts have informed you that the realized volatility of RTM this week will be 25%,219,2026-02-12 12:52:48.354924,RTM1C45,5.8,5.78,5.8,1000000.0,68.0,1000000.0,,,80.0,50.0,,,,,,,0,0,0,0,0,0,0,0,0,0,0,0,0
5.0,1.0,111.0,,News 2,The analysts have informed you that the realized volatility of RTM next week will be between 21% and 26%,219,2026-02-12 12:52:48.354924,RTM1P45,0.02,0.01,0.03,1000000.0,,1000000.0,,,,,,,,,,,0,0,0,0,0,0,0,0,0,0,0,0,0
4.0,1.0,74.0,Week 2,Announcement 1,The analysts have informed you that the realized volatility of RTM this week will be 39%,219,2026-02-12 12:52:48.354924,RTM1C46,4.79,4.78,4.8,1000000.0,,1000000.0,,,,,,,,,,,0,0,0,0,0,0,0,0,0,0,0,0,0
3.0,1.0,35.0,,News 1,The analysts have informed you that the realized volatility of RTM next week will be between 36% and 41%,219,2026-02-12 12:52:48.354924,RTM1P46,0.02,0.01,0.03,1000000.0,,1000000.0,,,,,,,,,,,0,0,0,0,0,0,0,0,0,0,0,0,0
2.0,1.0,2.0,Week 1,Delta limit and penalty,The delta limit for this sub-heat is 12000 and the penalty percentage is 2%,219,2026-02-12 12:52:48.354924,RTM1C47,3.8,3.79,3.81,1000000.0,43.0,1000000.0,,,,200.0,,,,,,,0,0,0,0,0,0,0,0,0,0,0,0,0
1.0,1.0,2.0,Week 1,Risk free rate and current annualized volatility of RTM,The current risk free rate is 0%. RTM is an ETF that mimics one of the major indices in the simulated world and its current annualized realized volatility is 22%. This simulation consists of 20 trading days that are each 15 ticks in length.,219,2026-02-12 12:52:48.354924,RTM1P47,0.02,0.01,0.03,1000000.0,,1000000.0,,,,,8.0,,,,,,0,0,0,0,0,0,0,0,0,0,0,0,0
,,,,,,219,2026-02-12 12:52:48.354924,RTM1C48,2.84,2.83,2.85,1000000.0,40.0,1000000.0,,,,150.0,,16.0,,,,,0,0,0,0,0,0,0,0,0,0,0,0,0
,,,,,,219,2026-02-12 12:52:48.354924,RTM1P48,0.07,0.05,0.07,1000000.0,,1000000.0,,,,,,,,,,,0,0,0,0,0,0,0,0,0,0,0,0,0
,,,,,,219,2026-02-12 12:52:48.354924,RTM1C49,1.94,1.93,1.95,1000000.0,,1000000.0,,,,108.0,,11.0,60.0,90.0,,,0,0,0,0,0,0,0,0,0,0,0,0,0
,,,,,,219,2026-02-12 12:52:48.354924,RTM1P49,0.16,0.16,0.17,1000000.0,,1000000.0,,,,,40.0,12.0,,,,,0,0,0,0,0,0,0,0,0,0,0,0,0
,,,,,,219,2026-02-12 12:52:48.354924,RTM1C50,1.22,1.21,1.23,1000000.0,,1000000.0,,,,,,,30.0,30.0,,,0,0,0,0,0,0,0,0,0,0,0,0,0
,,,,,,219,2026-02-12 12:52:48.354924,RTM1P50,0.43,0.42,0.44,1000000.0,,1000000.0,,,,,,9.0,,,,,0,0,0,0,0,0,0,0,0,0,0,0,0
,,,,,,219,2026-02-12 12:52:48.354924,RTM1C51,0.64,0.63,0.65,1000000.0,,1000000.0,,,,,,,,,1.0,,0,0,0,0,0,0,0,0,0,0,0,0,0
,,,,,,219,2026-02-12 12:52:48.354924,RTM1P51,0.86,0.85,0.87,1000000.0,,1000000.0,,,,,100.0,,,,,2.0,0,0,0,0,0,0,0,0,0,0,0,0,0
,,,,,,219,2026-02-12 12:52:48.354924,RTM1C52,0.33,0.32,0.34,1000000.0,,1000000.0,,,,,,,,,,,0,0,0,0,0,0,0,0,0,0,0,0,0
,,,,,,219,2026-02-12 12:52:48.354924,RTM1P52,1.54,1.53,1.55,1000000.0,,1000000.0,,,,,,9.0,,,,,0,0,0,0,0,0,0,0,0,0,0,0,0
,,,,,,219,2026-02-12 12:52:48.354924,RTM1C53,0.12,0.11,0.13,1000000.0,,1000000.0,,,,,,,,,,,0,0,0,0,0,0,0,0,0,0,0,0,0
,,,,,,219,2026-02-12 12:52:48.354924,RTM1P53,2.34,2.33,2.35,1000000.0,,1000000.0,,,,,,,,,,,0,0,0,0,0,0,0,0,0,0,0,0,0
,,,,,,219,2026-02-12 12:52:48.354924,RTM1C54,0.04,0.03,0.05,1000000.0,,1000000.0,,,,,,,,,,,0,0,0,0,0,0,0,0,0,0,0,0,0
,,,,,,219,2026-02-12 12:52:48.354924,RTM1P54,3.26,3.25,3.27,1000000.0,,1000000.0,,,,,,16.0,,,,,0,0,0,0,0,0,0,0,0,0,0,0,0
7.0,1.0,186.0,,News 3,The analysts have informed you that the realized volatility of RTM next week will be between 34% and 39%,220,2026-02-12 12:52:49.388497,RTM,50.89,50.88,50.9,100000000.0,19056.0,100000000.0,1034.0,100.0,,,,,,,,,0,0,0,0,0,0,0,0,0,0,0,0,0
6.0,1.0,149.0,Week 3,Announcement 2,The analysts have informed you that the realized volatility of RTM this week will be 25%,220,2026-02-12 12:52:49.388497,RTM1C45,5.89,5.88,5.9,1000000.0,68.0,1000000.0,,,80.0,50.0,,,,,,,0,0,0,0,0,0,0,0,0,0,0,0,0
5.0,1.0,111.0,,News 2,The analysts have informed you that the realized volatility of RTM next week will be between 21% and 26%,220,2026-02-12 12:52:49.388497,RTM1P45,0.02,0.01,0.03,1000000.0,,1000000.0,,,,,,,,,,,0,0,0,0,0,0,0,0,0,0,0,0,0
4.0,1.0,74.0,Week 2,Announcement 1,The analysts have informed you that the realized volatility of RTM this week will be 39%,220,2026-02-12 12:52:49.388497,RTM1C46,4.9,4.89,4.91,1000000.0,,1000000.0,,,,,,,,,,,0,0,0,0,0,0,0,0,0,0,0,0,0
3.0,1.0,35.0,,News 1,The analysts have informed you that the realized volatility of RTM next week will be between 36% and 41%,220,2026-02-12 12:52:49.388497,RTM1P46,0.02,0.01,0.03,1000000.0,,1000000.0,,,,,,,,,,,0,0,0,0,0,0,0,0,0,0,0,0,0
2.0,1.0,2.0,Week 1,Delta limit and penalty,The delta limit for this sub-heat is 12000 and the penalty percentage is 2%,220,2026-02-12 12:52:49.388497,RTM1C47,3.9,3.89,3.91,1000000.0,43.0,1000000.0,,,,200.0,,,,,,,0,0,0,0,0,0,0,0,0,0,0,0,0
1.0,1.0,2.0,Week 1,Risk free rate and current annualized volatility of RTM,The current risk free rate is 0%. RTM is an ETF that mimics one of the major indices in the simulated world and its current annualized realized volatility is 22%. This simulation consists of 20 trading days that are each 15 ticks in length.,220,2026-02-12 12:52:49.388497,RTM1P47,0.02,0.01,0.03,1000000.0,,1000000.0,,,,,8.0,,,,,,0,0,0,0,0,0,0,0,0,0,0,0,0
,,,,,,220,2026-02-12 12:52:49.388497,RTM1C48,2.94,2.93,2.95,1000000.0,40.0,1000000.0,,,,150.0,,16.0,,,,,0,0,0,0,0,0,0,0,0,0,0,0,0
,,,,,,220,2026-02-12 12:52:49.388497,RTM1P48,0.05,0.04,0.06,1000000.0,,1000000.0,,,,,,,,,,,0,0,0,0,0,0,0,0,0,0,0,0,0
,,,,,,220,2026-02-12 12:52:49.388497,RTM1C49,2.05,2.04,2.06,1000000.0,,1000000.0,,,,108.0,,11.0,60.0,90.0,,,0,0,0,0,0,0,0,0,0,0,0,0,0
,,,,,,220,2026-02-12 12:52:49.388497,RTM1P49,0.15,0.14,0.16,1000000.0,,1000000.0,,,,,40.0,,,,,,0,0,0,0,0,0,0,0,0,0,0,0,0
,,,,,,220,2026-02-12 12:52:49.388497,RTM1C50,1.27,1.26,1.28,1000000.0,,1000000.0,,,,,,,30.0,30.0,,,0,0,0,0,0,0,0,0,0,0,0,0,0
,,,,,,220,2026-02-12 12:52:49.388497,RTM1P50,0.38,0.38,0.39,1000000.0,,1000000.0,,,,,,9.0,,,,,0,0,0,0,0,0,0,0,0,0,0,0,0
,,,,,,220,2026-02-12 12:52:49.388497,RTM1C51,0.73,0.71,0.73,1000000.0,,1000000.0,,,,,,,,,1.0,,0,0,0,0,0,0,0,0,0,0,0,0,0
,,,,,,220,2026-02-12 12:52:49.388497,RTM1P51,0.83,0.82,0.84,1000000.0,,1000000.0,,,,,100.0,,,,,2.0,0,0,0,0,0,0,0,0,0,0,0,0,0
,,,,,,220,2026-02-12 12:52:49.388497,RTM1C52,0.33,0.32,0.34,1000000.0,,1000000.0,,,,,,,,,,,0,0,0,0,0,0,0,0,0,0,0,0,0
,,,,,,220,2026-02-12 12:52:49.388497,RTM1P52,1.43,1.42,1.44,1000000.0,,1000000.0,,,,,,9.0,,,,,0,0,0,0,0,0,0,0,0,0,0,0,0
,,,,,,220,2026-02-12 12:52:49.388497,RTM1C53,0.13,0.12,0.14,1000000.0,,1000000.0,,,,,,,,,,,0,0,0,0,0,0,0,0,0,0,0,0,0
,,,,,,220,2026-02-12 12:52:49.388497,RTM1P53,2.24,2.23,2.25,1000000.0,,1000000.0,,,,,,,,,,,0,0,0,0,0,0,0,0,0,0,0,0,0
,,,,,,220,2026-02-12 12:52:49.388497,RTM1C54,0.04,0.03,0.05,1000000.0,,1000000.0,,,,,,,,,,,0,0,0,0,0,0,0,0,0,0,0,0,0
,,,,,,220,2026-02-12 12:52:49.388497,RTM1P54,3.15,3.14,3.16,1000000.0,,1000000.0,,,,,,16.0,,,,,0,0,0,0,0,0,0,0,0,0,0,0,0
7.0,1.0,186.0,,News 3,The analysts have informed you that the realized volatility of RTM next week will be between 34% and 39%,221,2026-02-12 12:52:50.418220,RTM,50.9,50.89,50.91,100000000.0,19056.0,100000000.0,1034.0,100.0,,,,,,,,,0,0,0,0,0,0,0,0,0,0,0,0,0
6.0,1.0,149.0,Week 3,Announcement 2,The analysts have informed you that the realized volatility of RTM this week will be 25%,221,2026-02-12 12:52:50.418220,RTM1C45,5.9,5.89,5.91,1000000.0,68.0,1000000.0,,,80.0,50.0,,,,,,,0,0,0,0,0,0,0,0,0,0,0,0,0
5.0,1.0,111.0,,News 2,The analysts have informed you that the realized volatility of RTM next week will be between 21% and 26%,221,2026-02-12 12:52:50.418220,RTM1P45,0.02,0.01,0.03,1000000.0,,1000000.0,,,,,,,,,,,0,0,0,0,0,0,0,0,0,0,0,0,0
4.0,1.0,74.0,Week 2,Announcement 1,The analysts have informed you that the realized volatility of RTM this week will be 39%,221,2026-02-12 12:52:50.418220,RTM1C46,4.9,4.89,4.91,1000000.0,,1000000.0,,,,,,,,,,,0,0,0,0,0,0,0,0,0,0,0,0,0
3.0,1.0,35.0,,News 1,The analysts have informed you that the realized volatility of RTM next week will be between 36% and 41%,221,2026-02-12 12:52:50.418220,RTM1P46,0.03,0.01,0.03,1000000.0,,1000000.0,,,,,,,,,,,0,0,0,0,0,0,0,0,0,0,0,0,0
2.0,1.0,2.0,Week 1,Delta limit and penalty,The delta limit for this sub-heat is 12000 and the penalty percentage is 2%,221,2026-02-12 12:52:50.418220,RTM1C47,3.92,3.9,3.92,1000000.0,43.0,1000000.0,,,,200.0,,,,,,,0,0,0,0,0,0,0,0,0,0,0,0,0
1.0,1.0,2.0,Week 1,Risk free rate and current annualized volatility of RTM,The current risk free rate is 0%. RTM is an ETF that mimics one of the major indices in the simulated world and its current annualized realized volatility is 22%. This simulation consists of 20 trading days that are each 15 ticks in length.,221,2026-02-12 12:52:50.418220,RTM1P47,0.01,0.01,0.03,1000000.0,,1000000.0,,,,,8.0,,,,,,0,0,0,0,0,0,0,0,0,0,0,0,0
,,,,,,221,2026-02-12 12:52:50.418220,RTM1C48,2.95,2.94,2.96,1000000.0,40.0,1000000.0,,,,150.0,,16.0,,,,,0,0,0,0,0,0,0,0,0,0,0,0,0
,,,,,,221,2026-02-12 12:52:50.418220,RTM1P48,0.05,0.04,0.06,1000000.0,,1000000.0,,,,,,,,,,,0,0,0,0,0,0,0,0,0,0,0,0,0
,,,,,,221,2026-02-12 12:52:50.418220,RTM1C49,2.03,2.02,2.04,1000000.0,,1000000.0,,,,108.0,,11.0,60.0,90.0,,,0,0,0,0,0,0,0,0,0,0,0,0,0
,,,,,,221,2026-02-12 12:52:50.418220,RTM1P49,0.13,0.12,0.14,1000000.0,,1000000.0,,,,,40.0,,,,,,0,0,0,0,0,0,0,0,0,0,0,0,0
,,,,,,221,2026-02-12 12:52:50.418220,RTM1C50,1.28,1.27,1.29,1000000.0,,1000000.0,,,,,,,30.0,30.0,,,0,0,0,0,0,0,0,0,0,0,0,0,0
,,,,,,221,2026-02-12 12:52:50.418220,RTM1P50,0.38,0.38,0.39,1000000.0,,1000000.0,,,,,,9.0,,,,,0,0,0,0,0,0,0,0,0,0,0,0,0
,,,,,,221,2026-02-12 12:52:50.418220,RTM1C51,0.7,0.68,0.7,1000000.0,,1000000.0,,,,,,,,,1.0,,0,0,0,0,0,0,0,0,0,0,0,0,0
,,,,,,221,2026-02-12 12:52:50.418220,RTM1P51,0.79,0.78,0.8,1000000.0,,1000000.0,,,,,100.0,,,,,2.0,0,0,0,0,0,0,0,0,0,0,0,0,0
,,,,,,221,2026-02-12 12:52:50.418220,RTM1C52,0.34,0.33,0.35,1000000.0,,1000000.0,,,,,,,,,,,0,0,0,0,0,0,0,0,0,0,0,0,0
,,,,,,221,2026-02-12 12:52:50.418220,RTM1P52,1.43,1.42,1.44,1000000.0,,1000000.0,,,,,,9.0,,,,,0,0,0,0,0,0,0,0,0,0,0,0,0
,,,,,,221,2026-02-12 12:52:50.418220,RTM1C53,0.14,0.13,0.15,1000000.0,,1000000.0,,,,,,,,,,,0,0,0,0,0,0,0,0,0,0,0,0,0
,,,,,,221,2026-02-12 12:52:50.418220,RTM1P53,2.24,2.23,2.25,1000000.0,,1000000.0,,,,,,,,,,,0,0,0,0,0,0,0,0,0,0,0,0,0
,,,,,,221,2026-02-12 12:52:50.418220,RTM1C54,0.05,0.03,0.05,1000000.0,,1000000.0,,,,,,,,,,,0,0,0,0,0,0,0,0,0,0,0,0,0
,,,,,,221,2026-02-12 12:52:50.418220,RTM1P54,3.14,3.13,3.15,1000000.0,,1000000.0,,,,,,16.0,,,,,0,0,0,0,0,0,0,0,0,0,0,0,0
7.0,1.0,186.0,,News 3,The analysts have informed you that the realized volatility of RTM next week will be between 34% and 39%,222,2026-02-12 12:52:51.447339,RTM,51.06,51.06,51.08,100000000.0,19056.0,100000000.0,100.0,,,,,,,,0,0,0,0,0,0,0,0,0,0,0,0,0,0,0
6.0,1.0,149.0,Week 3,Announcement 2,The analysts have informed you that the realized volatility of RTM this week will be 25%,222,2026-02-12 12:52:51.447339,RTM1C45,6.07,6.06,6.08,1000000.0,68.0,1000000.0,,50.0,,,,,,,0,0,0,0,0,0,0,0,0,0,0,0,0,0,0
5.0,1.0,111.0,,News 2,The analysts have informed you that the realized volatility of RTM next week will be between 21% and 26%,222,2026-02-12 12:52:51.447339,RTM1P45,0.02,0.01,0.03,1000000.0,,1000000.0,,,,,,,,,0,0,0,0,0,0,0,0,0,0,0,0,0,0,0
4.0,1.0,74.0,Week 2,Announcement 1,The analysts have informed you that the realized volatility of RTM this week will be 39%,222,2026-02-12 12:52:51.447339,RTM1C46,5.07,5.06,5.08,1000000.0,,1000000.0,,,,,,,,,0,0,0,0,0,0,0,0,0,0,0,0,0,0,0
3.0,1.0,35.0,,News 1,The analysts have informed you that the realized volatility of RTM next week will be between 36% and 41%,222,2026-02-12 12:52:51.447339,RTM1P46,0.02,0.01,0.03,1000000.0,,1000000.0,,,,,,,,,0,0,0,0,0,0,0,0,0,0,0,0,0,0,0
2.0,1.0,2.0,Week 1,Delta limit and penalty,The delta limit for this sub-heat is 12000 and the penalty percentage is 2%,222,2026-02-12 12:52:51.447339,RTM1C47,4.08,4.07,4.09,1000000.0,43.0,1000000.0,,200.0,,,,,,,0,0,0,0,0,0,0,0,0,0,0,0,0,0,0
1.0,1.0,2.0,Week 1,Risk free rate and current annualized volatility of RTM,The current risk free rate is 0%. RTM is an ETF that mimics one of the major indices in the simulated world and its current annualized realized volatility is 22%. This simulation consists of 20 trading days that are each 15 ticks in length.,222,2026-02-12 12:52:51.447339,RTM1P47,0.02,0.01,0.03,1000000.0,,1000000.0,,,8.0,,,,,,0,0,0,0,0,0,0,0,0,0,0,0,0,0,0
,,,,,,222,2026-02-12 12:52:51.447339,RTM1C48,3.11,3.1,3.12,1000000.0,40.0,1000000.0,,150.0,,16.0,,,,,0,0,0,0,0,0,0,0,0,0,0,0,0,0,0
,,,,,,222,2026-02-12 12:52:51.447339,RTM1P48,0.03,0.02,0.04,1000000.0,,1000000.0,,,,,,,,,0,0,0,0,0,0,0,0,0,0,0,0,0,0,0
,,,,,,222,2026-02-12 12:52:51.447339,RTM1C49,2.19,2.18,2.2,1000000.0,,1000000.0,,108.0,,11.0,60.0,90.0,,,0,0,0,0,0,0,0,0,0,0,0,0,0,0,0
,,,,,,222,2026-02-12 12:52:51.447339,RTM1P49,0.12,0.11,0.13,1000000.0,,1000000.0,,,40.0,,,,,,0,0,0,0,0,0,0,0,0,0,0,0,0,0,0
,,,,,,222,2026-02-12 12:52:51.447339,RTM1C50,1.41,1.39,1.41,1000000.0,,1000000.0,,,,,30.0,30.0,,,0,0,0,0,0,0,0,0,0,0,0,0,0,0,0
,,,,,,222,2026-02-12 12:52:51.447339,RTM1P50,0.33,0.32,0.34,1000000.0,,1000000.0,,,,,,,,,0,0,0,0,0,0,0,0,0,0,0,0,0,0,0
,,,,,,222,2026-02-12 12:52:51.447339,RTM1C51,0.77,0.77,0.79,1000000.0,,1000000.0,,,,,,,1.0,,0,0,0,0,0,0,0,0,0,0,0,0,0,0,0
,,,,,,222,2026-02-12 12:52:51.447339,RTM1P51,0.7,0.69,0.71,1000000.0,,1000000.0,,,100.0,,,,,2.0,0,0,0,0,0,0,0,0,0,0,0,0,0,0,0
,,,,,,222,2026-02-12 12:52:51.447339,RTM1C52,0.39,0.38,0.4,1000000.0,,1000000.0,,,,,,,,,0,0,0,0,0,0,0,0,0,0,0,0,0,0,0
,,,,,,222,2026-02-12 12:52:51.447339,RTM1P52,1.32,1.31,1.33,1000000.0,,1000000.0,,,,,,,,,0,0,0,0,0,0,0,0,0,0,0,0,0,0,0
,,,,,,222,2026-02-12 12:52:51.447339,RTM1C53,0.16,0.15,0.17,1000000.0,,1000000.0,,,,,,,,,0,0,0,0,0,0,0,0,0,0,0,0,0,0,0
,,,,,,222,2026-02-12 12:52:51.447339,RTM1P53,2.09,2.08,2.1,1000000.0,,1000000.0,,,,,,,,,0,0,0,0,0,0,0,0,0,0,0,0,0,0,0
,,,,,,222,2026-02-12 12:52:51.447339,RTM1C54,0.05,0.04,0.06,1000000.0,,1000000.0,,,,,,,,,0,0,0,0,0,0,0,0,0,0,0,0,0,0,0
,,,,,,222,2026-02-12 12:52:51.447339,RTM1P54,2.98,2.97,2.99,1000000.0,,1000000.0,,,,,,,,,0,0,0,0,0,0,0,0,0,0,0,0,0,0,0
7.0,1.0,186.0,,News 3,The analysts have informed you that the realized volatility of RTM next week will be between 34% and 39%,223,2026-02-12 12:52:52.476626,RTM,51.07,51.07,51.09,100000000.0,19056.0,100000000.0,100.0,,,,,,,,0,0,0,0,0,0,0,0,0,0,0,0,0,0,0
6.0,1.0,149.0,Week 3,Announcement 2,The analysts have informed you that the realized volatility of RTM this week will be 25%,223,2026-02-12 12:52:52.476626,RTM1C45,6.08,6.07,6.09,1000000.0,68.0,1000000.0,,50.0,,,,,,,0,0,0,0,0,0,0,0,0,0,0,0,0,0,0
5.0,1.0,111.0,,News 2,The analysts have informed you that the realized volatility of RTM next week will be between 21% and 26%,223,2026-02-12 12:52:52.476626,RTM1P45,0.02,0.01,0.03,1000000.0,,1000000.0,,,,,,,,,0,0,0,0,0,0,0,0,0,0,0,0,0,0,0
4.0,1.0,74.0,Week 2,Announcement 1,The analysts have informed you that the realized volatility of RTM this week will be 39%,223,2026-02-12 12:52:52.476626,RTM1C46,5.08,5.07,5.09,1000000.0,,1000000.0,,,,,,,,,0,0,0,0,0,0,0,0,0,0,0,0,0,0,0
3.0,1.0,35.0,,News 1,The analysts have informed you that the realized volatility of RTM next week will be between 36% and 41%,223,2026-02-12 12:52:52.476626,RTM1P46,0.02,0.01,0.03,1000000.0,,1000000.0,,,,,,,,,0,0,0,0,0,0,0,0,0,0,0,0,0,0,0
2.0,1.0,2.0,Week 1,Delta limit and penalty,The delta limit for this sub-heat is 12000 and the penalty percentage is 2%,223,2026-02-12 12:52:52.476626,RTM1C47,4.08,4.07,4.09,1000000.0,43.0,1000000.0,,200.0,,,,,,,0,0,0,0,0,0,0,0,0,0,0,0,0,0,0
1.0,1.0,2.0,Week 1,Risk free rate and current annualized volatility of RTM,The current risk free rate is 0%. RTM is an ETF that mimics one of the major indices in the simulated world and its current annualized realized volatility is 22%. This simulation consists of 20 trading days that are each 15 ticks in length.,223,2026-02-12 12:52:52.476626,RTM1P47,0.03,0.01,0.03,1000000.0,,1000000.0,,,8.0,,,,,,0,0,0,0,0,0,0,0,0,0,0,0,0,0,0
,,,,,,223,2026-02-12 12:52:52.476626,RTM1C48,3.11,3.1,3.12,1000000.0,40.0,1000000.0,,150.0,,16.0,,,,,0,0,0,0,0,0,0,0,0,0,0,0,0,0,0
,,,,,,223,2026-02-12 12:52:52.476626,RTM1P48,0.03,0.02,0.04,1000000.0,,1000000.0,,,,,,,,,0,0,0,0,0,0,0,0,0,0,0,0,0,0,0
,,,,,,223,2026-02-12 12:52:52.476626,RTM1C49,2.18,2.17,2.19,1000000.0,,1000000.0,,108.0,,11.0,60.0,90.0,,,0,0,0,0,0,0,0,0,0,0,0,0,0,0,0
,,,,,,223,2026-02-12 12:52:52.476626,RTM1P49,0.11,0.1,0.12,1000000.0,,1000000.0,,,40.0,,,,,,0,0,0,0,0,0,0,0,0,0,0,0,0,0,0
,,,,,,223,2026-02-12 12:52:52.476626,RTM1C50,1.4,1.38,1.4,1000000.0,,1000000.0,,,,,30.0,30.0,,,0,0,0,0,0,0,0,0,0,0,0,0,0,0,0
,,,,,,223,2026-02-12 12:52:52.476626,RTM1P50,0.31,0.3,0.32,1000000.0,,1000000.0,,,,,,,,,0,0,0,0,0,0,0,0,0,0,0,0,0,0,0
,,,,,,223,2026-02-12 12:52:52.476626,RTM1C51,0.78,0.77,0.79,1000000.0,,1000000.0,,,,,,,1.0,,0,0,0,0,0,0,0,0,0,0,0,0,0,0,0
,,,,,,223,2026-02-12 12:52:52.476626,RTM1P51,0.7,0.69,0.71,1000000.0,,1000000.0,,,100.0,,,,,2.0,0,0,0,0,0,0,0,0,0,0,0,0,0,0,0
,,,,,,223,2026-02-12 12:52:52.476626,RTM1C52,0.38,0.37,0.39,1000000.0,,1000000.0,,,,,,,,,0,0,0,0,0,0,0,0,0,0,0,0,0,0,0
,,,,,,223,2026-02-12 12:52:52.476626,RTM1P52,1.3,1.29,1.31,1000000.0,,1000000.0,,,,,,,,,0,0,0,0,0,0,0,0,0,0,0,0,0,0,0
,,,,,,223,2026-02-12 12:52:52.476626,RTM1C53,0.15,0.14,0.16,1000000.0,,1000000.0,,,,,,,,,0,0,0,0,0,0,0,0,0,0,0,0,0,0,0
,,,,,,223,2026-02-12 12:52:52.476626,RTM1P53,2.07,2.06,2.08,1000000.0,,1000000.0,,,,,,,,,0,0,0,0,0,0,0,0,0,0,0,0,0,0,0
,,,,,,223,2026-02-12 12:52:52.476626,RTM1C54,0.05,0.04,0.06,1000000.0,,1000000.0,,,,,,,,,0,0,0,0,0,0,0,0,0,0,0,0,0,0,0
,,,,,,223,2026-02-12 12:52:52.476626,RTM1P54,2.97,2.96,2.98,1000000.0,,1000000.0,,,,,,,,,0,0,0,0,0,0,0,0,0,0,0,0,0,0,0
7.0,1.0,186.0,,News 3,The analysts have informed you that the realized volatility of RTM next week will be between 34% and 39%,224,2026-02-12 12:52:53.504096,RTM,51.12,51.1,51.12,100000000.0,19056.0,100000000.0,100.0,,,,,,,,0,0,0,0,0,0,0,0,0,0,0,0,0,0,0
6.0,1.0,149.0,Week 3,Announcement 2,The analysts have informed you that the realized volatility of RTM this week will be 25%,224,2026-02-12 12:52:53.504096,RTM1C45,6.11,6.1,6.12,1000000.0,68.0,1000000.0,,50.0,,,,,,,0,0,0,0,0,0,0,0,0,0,0,0,0,0,0
5.0,1.0,111.0,,News 2,The analysts have informed you that the realized volatility of RTM next week will be between 21% and 26%,224,2026-02-12 12:52:53.504096,RTM1P45,0.02,0.01,0.03,1000000.0,,1000000.0,,,,,,,,,0,0,0,0,0,0,0,0,0,0,0,0,0,0,0
4.0,1.0,74.0,Week 2,Announcement 1,The analysts have informed you that the realized volatility of RTM this week will be 39%,224,2026-02-12 12:52:53.504096,RTM1C46,5.11,5.1,5.12,1000000.0,,1000000.0,,,,,,,,,0,0,0,0,0,0,0,0,0,0,0,0,0,0,0
3.0,1.0,35.0,,News 1,The analysts have informed you that the realized volatility of RTM next week will be between 36% and 41%,224,2026-02-12 12:52:53.504096,RTM1P46,0.02,0.01,0.03,1000000.0,,1000000.0,,,,,,,,,0,0,0,0,0,0,0,0,0,0,0,0,0,0,0
2.0,1.0,2.0,Week 1,Delta limit and penalty,The delta limit for this sub-heat is 12000 and the penalty percentage is 2%,224,2026-02-12 12:52:53.504096,RTM1C47,4.12,4.11,4.13,1000000.0,43.0,1000000.0,,200.0,,,,,,,0,0,0,0,0,0,0,0,0,0,0,0,0,0,0
1.0,1.0,2.0,Week 1,Risk free rate and current annualized volatility of RTM,The current risk free rate is 0%. RTM is an ETF that mimics one of the major indices in the simulated world and its current annualized realized volatility is 22%. This simulation consists of 20 trading days that are each 15 ticks in length.,224,2026-02-12 12:52:53.504096,RTM1P47,0.02,0.01,0.03,1000000.0,,1000000.0,,,8.0,,,,,,0,0,0,0,0,0,0,0,0,0,0,0,0,0,0
,,,,,,224,2026-02-12 12:52:53.504096,RTM1C48,3.14,3.13,3.15,1000000.0,40.0,1000000.0,,150.0,,16.0,,,,,0,0,0,0,0,0,0,0,0,0,0,0,0,0,0
,,,,,,224,2026-02-12 12:52:53.504096,RTM1P48,0.03,0.02,0.04,1000000.0,,1000000.0,,,,,,,,,0,0,0,0,0,0,0,0,0,0,0,0,0,0,0
,,,,,,224,2026-02-12 12:52:53.504096,RTM1C49,2.24,2.22,2.24,1000000.0,,1000000.0,,108.0,,11.0,60.0,90.0,,,0,0,0,0,0,0,0,0,0,0,0,0,0,0,0
,,,,,,224,2026-02-12 12:52:53.504096,RTM1P49,0.12,0.11,0.13,1000000.0,,1000000.0,,,40.0,,,,,,0,0,0,0,0,0,0,0,0,0,0,0,0,0,0
,,,,,,224,2026-02-12 12:52:53.504096,RTM1C50,1.42,1.41,1.43,1000000.0,,1000000.0,,,,,30.0,30.0,,,0,0,0,0,0,0,0,0,0,0,0,0,0,0,0
,,,,,,224,2026-02-12 12:52:53.504096,RTM1P50,0.31,0.3,0.32,1000000.0,,1000000.0,,,,,,,,,0,0,0,0,0,0,0,0,0,0,0,0,0,0,0
,,,,,,224,2026-02-12 12:52:53.504096,RTM1C51,0.79,0.78,0.8,1000000.0,,1000000.0,,,,,,,1.0,,0,0,0,0,0,0,0,0,0,0,0,0,0,0,0
,,,,,,224,2026-02-12 12:52:53.504096,RTM1P51,0.68,0.67,0.69,1000000.0,,1000000.0,,,100.0,,,,,2.0,0,0,0,0,0,0,0,0,0,0,0,0,0,0,0
,,,,,,224,2026-02-12 12:52:53.504096,RTM1C52,0.38,0.37,0.39,1000000.0,,1000000.0,,,,,,,,,0,0,0,0,0,0,0,0,0,0,0,0,0,0,0
,,,,,,224,2026-02-12 12:52:53.504096,RTM1P52,1.27,1.26,1.28,1000000.0,,1000000.0,,,,,,,,,0,0,0,0,0,0,0,0,0,0,0,0,0,0,0
,,,,,,224,2026-02-12 12:52:53.504096,RTM1C53,0.16,0.15,0.17,1000000.0,,1000000.0,,,,,,,,,0,0,0,0,0,0,0,0,0,0,0,0,0,0,0
,,,,,,224,2026-02-12 12:52:53.504096,RTM1P53,2.05,2.04,2.06,1000000.0,,1000000.0,,,,,,,,,0,0,0,0,0,0,0,0,0,0,0,0,0,0,0
,,,,,,224,2026-02-12 12:52:53.504096,RTM1C54,0.05,0.04,0.06,1000000.0,,1000000.0,,,,,,,,,0,0,0,0,0,0,0,0,0,0,0,0,0,0,0
,,,,,,224,2026-02-12 12:52:53.504096,RTM1P54,2.94,2.93,2.95,1000000.0,,1000000.0,,,,,,,,,0,0,0,0,0,0,0,0,0,0,0,0,0,0,0
8.0,1.0,224.0,Week 4,Announcement 3,The analysts have informed you that the realized volatility of RTM this week will be 37%,225,2026-02-12 12:52:54.533564,RTM,50.89,50.87,50.89,100000000.0,19056.0,100000000.0,10.0,100.0,,,,,,,,,0,0,0,0,0,0,0,0,0,0,0,0,0
7.0,1.0,186.0,,News 3,The analysts have informed you that the realized volatility of RTM next week will be between 34% and 39%,225,2026-02-12 12:52:54.533564,RTM1C45,5.87,5.87,5.89,1000000.0,68.0,1000000.0,,,50.0,,,,,,,,0,0,0,0,0,0,0,0,0,0,0,0,0
6.0,1.0,149.0,Week 3,Announcement 2,The analysts have informed you that the realized volatility of RTM this week will be 25%,225,2026-02-12 12:52:54.533564,RTM1P45,0.02,0.01,0.02,1000000.0,,1000000.0,,,,87.0,,,,,,,0,0,0,0,0,0,0,0,0,0,0,0,0
5.0,1.0,111.0,,News 2,The analysts have informed you that the realized volatility of RTM next week will be between 21% and 26%,225,2026-02-12 12:52:54.533564,RTM1C46,4.89,4.88,4.9,1000000.0,,1000000.0,,,,,,,,,,,0,0,0,0,0,0,0,0,0,0,0,0,0
4.0,1.0,74.0,Week 2,Announcement 1,The analysts have informed you that the realized volatility of RTM this week will be 39%,225,2026-02-12 12:52:54.533564,RTM1P46,0.02,0.01,0.02,1000000.0,,1000000.0,,,,78.0,,,,,,,0,0,0,0,0,0,0,0,0,0,0,0,0
3.0,1.0,35.0,,News 1,The analysts have informed you that the realized volatility of RTM next week will be between 36% and 41%,225,2026-02-12 12:52:54.533564,RTM1C47,3.89,3.88,3.9,1000000.0,43.0,1000000.0,,,200.0,,,,,,,,0,0,0,0,0,0,0,0,0,0,0,0,0
2.0,1.0,2.0,Week 1,Delta limit and penalty,The delta limit for this sub-heat is 12000 and the penalty percentage is 2%,225,2026-02-12 12:52:54.533564,RTM1P47,0.02,0.01,0.03,1000000.0,,1000000.0,,,,,8.0,,,,,,0,0,0,0,0,0,0,0,0,0,0,0,0
1.0,1.0,2.0,Week 1,Risk free rate and current annualized volatility of RTM,The current risk free rate is 0%. RTM is an ETF that mimics one of the major indices in the simulated world and its current annualized realized volatility is 22%. This simulation consists of 20 trading days that are each 15 ticks in length.,225,2026-02-12 12:52:54.533564,RTM1C48,2.92,2.91,2.93,1000000.0,40.0,1000000.0,,,150.0,,,16.0,,,,,0,0,0,0,0,0,0,0,0,0,0,0,0
,,,,,,225,2026-02-12 12:52:54.533564,RTM1P48,0.04,0.03,0.05,1000000.0,,1000000.0,,,,,,,,,,,0,0,0,0,0,0,0,0,0,0,0,0,0
,,,,,,225,2026-02-12 12:52:54.533564,RTM1C49,2.01,2.0,2.02,1000000.0,,1000000.0,,,108.0,,,11.0,60.0,90.0,,,0,0,0,0,0,0,0,0,0,0,0,0,0
,,,,,,225,2026-02-12 12:52:54.533564,RTM1P49,0.13,0.12,0.14,1000000.0,,1000000.0,,,,,40.0,,,,,,0,0,0,0,0,0,0,0,0,0,0,0,0
,,,,,,225,2026-02-12 12:52:54.533564,RTM1C50,1.23,1.21,1.23,1000000.0,,1000000.0,,,,,,,30.0,30.0,,,0,0,0,0,0,0,0,0,0,0,0,0,0
,,,,,,225,2026-02-12 12:52:54.533564,RTM1P50,0.34,0.33,0.35,1000000.0,,1000000.0,,,,,,,,,,,0,0,0,0,0,0,0,0,0,0,0,0,0
,,,,,,225,2026-02-12 12:52:54.533564,RTM1C51,0.67,0.65,0.67,1000000.0,,1000000.0,,,,,,,,,1.0,,0,0,0,0,0,0,0,0,0,0,0,0,0
,,,,,,225,2026-02-12 12:52:54.533564,RTM1P51,0.79,0.77,0.79,1000000.0,,1000000.0,,,,,100.0,,,,,2.0,0,0,0,0,0,0,0,0,0,0,0,0,0
,,,,,,225,2026-02-12 12:52:54.533564,RTM1C52,0.31,0.3,0.32,1000000.0,,1000000.0,,,,,,,,,,,0,0,0,0,0,0,0,0,0,0,0,0,0
,,,,,,225,2026-02-12 12:52:54.533564,RTM1P52,1.44,1.42,1.44,1000000.0,,1000000.0,,,,,,,,,,,0,0,0,0,0,0,0,0,0,0,0,0,0
,,,,,,225,2026-02-12 12:52:54.533564,RTM1C53,0.13,0.12,0.14,1000000.0,,1000000.0,,,,,,,,,,,0,0,0,0,0,0,0,0,0,0,0,0,0
,,,,,,225,2026-02-12 12:52:54.533564,RTM1P53,2.24,2.23,2.25,1000000.0,,1000000.0,,,,,,,,,,,0,0,0,0,0,0,0,0,0,0,0,0,0
,,,,,,225,2026-02-12 12:52:54.533564,RTM1C54,0.03,0.02,0.04,1000000.0,,1000000.0,,,,,,,,,,,0,0,0,0,0,0,0,0,0,0,0,0,0
,,,,,,225,2026-02-12 12:52:54.533564,RTM1P54,3.15,3.14,3.16,1000000.0,,1000000.0,,,,,,,,,,,0,0,0,0,0,0,0,0,0,0,0,0,0
8.0,1.0,224.0,Week 4,Announcement 3,The analysts have informed you that the realized volatility of RTM this week will be 37%,226,2026-02-12 12:52:55.564020,RTM,50.75,50.75,50.77,100000000.0,19056.0,100000000.0,20.0,100.0,,,,,,,,,0,0,0,0,0,0,0,0,0,0,0,0,0
7.0,1.0,186.0,,News 3,The analysts have informed you that the realized volatility of RTM next week will be between 34% and 39%,226,2026-02-12 12:52:55.564020,RTM1C45,5.76,5.76,5.78,1000000.0,68.0,1000000.0,,,50.0,,,,,,,,0,0,0,0,0,0,0,0,0,0,0,0,0
6.0,1.0,149.0,Week 3,Announcement 2,The analysts have informed you that the realized volatility of RTM this week will be 25%,226,2026-02-12 12:52:55.564020,RTM1P45,0.01,0.01,0.02,1000000.0,,1000000.0,,,,87.0,,,,,,,0,0,0,0,0,0,0,0,0,0,0,0,0
5.0,1.0,111.0,,News 2,The analysts have informed you that the realized volatility of RTM next week will be between 21% and 26%,226,2026-02-12 12:52:55.564020,RTM1C46,4.78,4.78,4.8,1000000.0,,1000000.0,,,,54.0,,,,,,,0,0,0,0,0,0,0,0,0,0,0,0,0
4.0,1.0,74.0,Week 2,Announcement 1,The analysts have informed you that the realized volatility of RTM this week will be 39%,226,2026-02-12 12:52:55.564020,RTM1P46,0.02,0.02,0.04,1000000.0,,1000000.0,,,,,,,,,,,0,0,0,0,0,0,0,0,0,0,0,0,0
3.0,1.0,35.0,,News 1,The analysts have informed you that the realized volatility of RTM next week will be between 36% and 41%,226,2026-02-12 12:52:55.564020,RTM1C47,3.84,3.83,3.85,1000000.0,43.0,1000000.0,,,200.0,,,,,,,,0,0,0,0,0,0,0,0,0,0,0,0,0
2.0,1.0,2.0,Week 1,Delta limit and penalty,The delta limit for this sub-heat is 12000 and the penalty percentage is 2%,226,2026-02-12 12:52:55.564020,RTM1P47,0.07,0.06,0.08,1000000.0,,1000000.0,,,,,8.0,,,,,,0,0,0,0,0,0,0,0,0,0,0,0,0
1.0,1.0,2.0,Week 1,Risk free rate and current annualized volatility of RTM,The current risk free rate is 0%. RTM is an ETF that mimics one of the major indices in the simulated world and its current annualized realized volatility is 22%. This simulation consists of 20 trading days that are each 15 ticks in length.,226,2026-02-12 12:52:55.564020,RTM1C48,2.89,2.88,2.9,1000000.0,40.0,1000000.0,,,150.0,,,16.0,,,,,0,0,0,0,0,0,0,0,0,0,0,0,0
,,,,,,226,2026-02-12 12:52:55.564020,RTM1P48,0.13,0.12,0.14,1000000.0,,1000000.0,,,,,,,,,,,0,0,0,0,0,0,0,0,0,0,0,0,0
,,,,,,226,2026-02-12 12:52:55.564020,RTM1C49,2.04,2.03,2.05,1000000.0,,1000000.0,,,108.0,,,11.0,60.0,90.0,,,0,0,0,0,0,0,0,0,0,0,0,0,0
,,,,,,226,2026-02-12 12:52:55.564020,RTM1P49,0.28,0.27,0.29,1000000.0,,1000000.0,,,,,40.0,,,,,,0,0,0,0,0,0,0,0,0,0,0,0,0
,,,,,,226,2026-02-12 12:52:55.564020,RTM1C50,1.39,1.38,1.4,1000000.0,,1000000.0,,,,,,,30.0,30.0,3.0,,0,0,0,0,0,0,0,0,0,0,0,0,0
,,,,,,226,2026-02-12 12:52:55.564020,RTM1P50,0.64,0.62,0.64,1000000.0,,1000000.0,,,,,,,,,,,0,0,0,0,0,0,0,0,0,0,0,0,0
,,,,,,226,2026-02-12 12:52:55.564020,RTM1C51,0.84,0.82,0.84,1000000.0,,1000000.0,,,,,,,,,1.0,,0,0,0,0,0,0,0,0,0,0,0,0,0
,,,,,,226,2026-02-12 12:52:55.564020,RTM1P51,1.08,1.06,1.08,1000000.0,,1000000.0,,,,,100.0,,,,,2.0,0,0,0,0,0,0,0,0,0,0,0,0,0
,,,,,,226,2026-02-12 12:52:55.564020,RTM1C52,0.55,0.54,0.56,1000000.0,,1000000.0,,,,,,,,,,,0,0,0,0,0,0,0,0,0,0,0,0,0
,,,,,,226,2026-02-12 12:52:55.564020,RTM1P52,1.78,1.78,1.8,1000000.0,,1000000.0,,,,,,,,,,,0,0,0,0,0,0,0,0,0,0,0,0,0
,,,,,,226,2026-02-12 12:52:55.564020,RTM1C53,0.26,0.25,0.27,1000000.0,,1000000.0,,,,,,,,,,,0,0,0,0,0,0,0,0,0,0,0,0,0
,,,,,,226,2026-02-12 12:52:55.564020,RTM1P53,2.49,2.48,2.5,1000000.0,,1000000.0,,,,,,,,,,,0,0,0,0,0,0,0,0,0,0,0,0,0
,,,,,,226,2026-02-12 12:52:55.564020,RTM1C54,0.13,0.12,0.14,1000000.0,,1000000.0,,,,,,,,,,,0,0,0,0,0,0,0,0,0,0,0,0,0
,,,,,,226,2026-02-12 12:52:55.564020,RTM1P54,3.36,3.35,3.37,1000000.0,,1000000.0,,,,,,,,,,,0,0,0,0,0,0,0,0,0,0,0,0,0
8.0,1.0,224.0,Week 4,Announcement 3,The analysts have informed you that the realized volatility of RTM this week will be 37%,227,2026-02-12 12:52:56.593336,RTM,50.75,50.73,50.75,100000000.0,19056.0,100000000.0,20.0,100.0,,,,,,,,,0,0,0,0,0,0,0,0,0,0,0,0,0
7.0,1.0,186.0,,News 3,The analysts have informed you that the realized volatility of RTM next week will be between 34% and 39%,227,2026-02-12 12:52:56.593336,RTM1C45,5.74,5.73,5.75,1000000.0,68.0,1000000.0,,,50.0,,,,,,,,0,0,0,0,0,0,0,0,0,0,0,0,0
6.0,1.0,149.0,Week 3,Announcement 2,The analysts have informed you that the realized volatility of RTM this week will be 25%,227,2026-02-12 12:52:56.593336,RTM1P45,0.01,0.01,0.02,1000000.0,,1000000.0,,,,87.0,,,,,,,0,0,0,0,0,0,0,0,0,0,0,0,0
5.0,1.0,111.0,,News 2,The analysts have informed you that the realized volatility of RTM next week will be between 21% and 26%,227,2026-02-12 12:52:56.593336,RTM1C46,4.76,4.74,4.76,1000000.0,,1000000.0,,,,54.0,,,,,,,0,0,0,0,0,0,0,0,0,0,0,0,0
4.0,1.0,74.0,Week 2,Announcement 1,The analysts have informed you that the realized volatility of RTM this week will be 39%,227,2026-02-12 12:52:56.593336,RTM1P46,0.03,0.01,0.03,1000000.0,,1000000.0,,,,,,,,,,,0,0,0,0,0,0,0,0,0,0,0,0,0
3.0,1.0,35.0,,News 1,The analysts have informed you that the realized volatility of RTM next week will be between 36% and 41%,227,2026-02-12 12:52:56.593336,RTM1C47,3.82,3.81,3.83,1000000.0,43.0,1000000.0,,,200.0,,,,,,,,0,0,0,0,0,0,0,0,0,0,0,0,0
2.0,1.0,2.0,Week 1,Delta limit and penalty,The delta limit for this sub-heat is 12000 and the penalty percentage is 2%,227,2026-02-12 12:52:56.593336,RTM1P47,0.08,0.07,0.09,1000000.0,,1000000.0,,,,,8.0,,,,,,0,0,0,0,0,0,0,0,0,0,0,0,0
1.0,1.0,2.0,Week 1,Risk free rate and current annualized volatility of RTM,The current risk free rate is 0%. RTM is an ETF that mimics one of the major indices in the simulated world and its current annualized realized volatility is 22%. This simulation consists of 20 trading days that are each 15 ticks in length.,227,2026-02-12 12:52:56.593336,RTM1C48,2.87,2.86,2.88,1000000.0,40.0,1000000.0,,,150.0,,,16.0,,,,,0,0,0,0,0,0,0,0,0,0,0,0,0
,,,,,,227,2026-02-12 12:52:56.593336,RTM1P48,0.14,0.13,0.15,1000000.0,,1000000.0,,,,,,,,,,,0,0,0,0,0,0,0,0,0,0,0,0,0
,,,,,,227,2026-02-12 12:52:56.593336,RTM1C49,2.07,2.05,2.07,1000000.0,,1000000.0,,,108.0,,,11.0,60.0,90.0,,,0,0,0,0,0,0,0,0,0,0,0,0,0
,,,,,,227,2026-02-12 12:52:56.593336,RTM1P49,0.34,0.32,0.34,1000000.0,,1000000.0,,,,,40.0,,,,,,0,0,0,0,0,0,0,0,0,0,0,0,0
,,,,,,227,2026-02-12 12:52:56.593336,RTM1C50,1.4,1.39,1.41,1000000.0,,1000000.0,,,,,,,30.0,30.0,3.0,,0,0,0,0,0,0,0,0,0,0,0,0,0
,,,,,,227,2026-02-12 12:52:56.593336,RTM1P50,0.67,0.66,0.68,1000000.0,,1000000.0,,,,,,,,,,,0,0,0,0,0,0,0,0,0,0,0,0,0
,,,,,,227,2026-02-12 12:52:56.593336,RTM1C51,0.9,0.9,0.92,1000000.0,,1000000.0,,,,,,,,,1.0,,0,0,0,0,0,0,0,0,0,0,0,0,0
,,,,,,227,2026-02-12 12:52:56.593336,RTM1P51,1.18,1.16,1.18,1000000.0,,1000000.0,,,,,100.0,,,,,2.0,0,0,0,0,0,0,0,0,0,0,0,0,0
,,,,,,227,2026-02-12 12:52:56.593336,RTM1C52,0.45,0.44,0.46,1000000.0,,1000000.0,,,,,,,,,,,0,0,0,0,0,0,0,0,0,0,0,0,0
,,,,,,227,2026-02-12 12:52:56.593336,RTM1P52,1.71,1.7,1.72,1000000.0,,1000000.0,,,,,,,,,,,0,0,0,0,0,0,0,0,0,0,0,0,0
,,,,,,227,2026-02-12 12:52:56.593336,RTM1C53,0.25,0.24,0.26,1000000.0,,1000000.0,,,30.0,,,,,,,,0,0,0,0,0,0,0,0,0,0,0,0,0
,,,,,,227,2026-02-12 12:52:56.593336,RTM1P53,2.52,2.51,2.53,1000000.0,,1000000.0,,,,,,,,,,,0,0,0,0,0,0,0,0,0,0,0,0,0
,,,,,,227,2026-02-12 12:52:56.593336,RTM1C54,0.13,0.12,0.14,1000000.0,,1000000.0,,,,,,,,,,,0,0,0,0,0,0,0,0,0,0,0,0,0
,,,,,,227,2026-02-12 12:52:56.593336,RTM1P54,3.4,3.39,3.41,1000000.0,,1000000.0,,,,,,,,,,,0,0,0,0,0,0,0,0,0,0,0,0,0
8.0,1.0,224.0,Week 4,Announcement 3,The analysts have informed you that the realized volatility of RTM this week will be 37%,228,2026-02-12 12:52:57.621304,RTM,50.79,50.79,50.81,100000000.0,19056.0,100000000.0,20.0,100.0,,,,,,,,,,0,0,0,0,0,0,0,0,0,0,0,0
7.0,1.0,186.0,,News 3,The analysts have informed you that the realized volatility of RTM next week will be between 34% and 39%,228,2026-02-12 12:52:57.621304,RTM1C45,5.81,5.8,5.82,1000000.0,68.0,1000000.0,,,50.0,,,,,,,,,0,0,0,0,0,0,0,0,0,0,0,0
6.0,1.0,149.0,Week 3,Announcement 2,The analysts have informed you that the realized volatility of RTM this week will be 25%,228,2026-02-12 12:52:57.621304,RTM1P45,0.02,0.01,0.02,1000000.0,,1000000.0,,,,87.0,,,,,,,,0,0,0,0,0,0,0,0,0,0,0,0
5.0,1.0,111.0,,News 2,The analysts have informed you that the realized volatility of RTM next week will be between 21% and 26%,228,2026-02-12 12:52:57.621304,RTM1C46,4.81,4.81,4.83,1000000.0,,1000000.0,,,,54.0,,,,,,,,0,0,0,0,0,0,0,0,0,0,0,0
4.0,1.0,74.0,Week 2,Announcement 1,The analysts have informed you that the realized volatility of RTM this week will be 39%,228,2026-02-12 12:52:57.621304,RTM1P46,0.01,0.01,0.03,1000000.0,,1000000.0,,,,,,,,,,,,0,0,0,0,0,0,0,0,0,0,0,0
3.0,1.0,35.0,,News 1,The analysts have informed you that the realized volatility of RTM next week will be between 36% and 41%,228,2026-02-12 12:52:57.621304,RTM1C47,3.87,3.87,3.89,1000000.0,43.0,1000000.0,,,200.0,,,,,,,,,0,0,0,0,0,0,0,0,0,0,0,0
2.0,1.0,2.0,Week 1,Delta limit and penalty,The delta limit for this sub-heat is 12000 and the penalty percentage is 2%,228,2026-02-12 12:52:57.621304,RTM1P47,0.09,0.07,0.09,1000000.0,,1000000.0,,,,,8.0,,,,,,,0,0,0,0,0,0,0,0,0,0,0,0
1.0,1.0,2.0,Week 1,Risk free rate and current annualized volatility of RTM,The current risk free rate is 0%. RTM is an ETF that mimics one of the major indices in the simulated world and its current annualized realized volatility is 22%. This simulation consists of 20 trading days that are each 15 ticks in length.,228,2026-02-12 12:52:57.621304,RTM1C48,2.98,2.96,2.98,1000000.0,40.0,1000000.0,,,150.0,,,16.0,,,,,,0,0,0,0,0,0,0,0,0,0,0,0
,,,,,,228,2026-02-12 12:52:57.621304,RTM1P48,0.18,0.16,0.18,1000000.0,,1000000.0,,,,,,,,,,,,0,0,0,0,0,0,0,0,0,0,0,0
,,,,,,228,2026-02-12 12:52:57.621304,RTM1C49,2.17,2.15,2.17,1000000.0,,1000000.0,,,108.0,,,11.0,60.0,90.0,,,,0,0,0,0,0,0,0,0,0,0,0,0
,,,,,,228,2026-02-12 12:52:57.621304,RTM1P49,0.36,0.35,0.37,1000000.0,,1000000.0,,,,,40.0,,,,,,,0,0,0,0,0,0,0,0,0,0,0,0
,,,,,,228,2026-02-12 12:52:57.621304,RTM1C50,1.44,1.43,1.45,1000000.0,,1000000.0,,,,,,,30.0,30.0,3.0,,,0,0,0,0,0,0,0,0,0,0,0,0
,,,,,,228,2026-02-12 12:52:57.621304,RTM1P50,0.64,0.63,0.65,1000000.0,,1000000.0,,,,,,,,,,,,0,0,0,0,0,0,0,0,0,0,0,0
,,,,,,228,2026-02-12 12:52:57.621304,RTM1C51,0.98,0.98,1.0,1000000.0,,1000000.0,,,,,,,,,1.0,,,0,0,0,0,0,0,0,0,0,0,0,0
,,,,,,228,2026-02-12 12:52:57.621304,RTM1P51,1.18,1.18,1.2,1000000.0,,1000000.0,,,,,100.0,,,,,2.0,,0,0,0,0,0,0,0,0,0,0,0,0
,,,,,,228,2026-02-12 12:52:57.621304,RTM1C52,0.59,0.58,0.6,1000000.0,,1000000.0,,,,,,,,,,,100.0,0,0,0,0,0,0,0,0,0,0,0,0
,,,,,,228,2026-02-12 12:52:57.621304,RTM1P52,1.79,1.78,1.8,1000000.0,,1000000.0,,,,,,,,,,,,0,0,0,0,0,0,0,0,0,0,0,0
,,,,,,228,2026-02-12 12:52:57.621304,RTM1C53,0.27,0.26,0.28,1000000.0,,1000000.0,,,30.0,,,,,,,,,0,0,0,0,0,0,0,0,0,0,0,0
,,,,,,228,2026-02-12 12:52:57.621304,RTM1P53,2.47,2.46,2.48,1000000.0,,1000000.0,,,,,,,,,,,,0,0,0,0,0,0,0,0,0,0,0,0
,,,,,,228,2026-02-12 12:52:57.621304,RTM1C54,0.17,0.17,0.19,1000000.0,,1000000.0,,,,,,,,,,,,0,0,0,0,0,0,0,0,0,0,0,0
,,,,,,228,2026-02-12 12:52:57.621304,RTM1P54,3.38,3.37,3.39,1000000.0,,1000000.0,,,,,,,,,,,,0,0,0,0,0,0,0,0,0,0,0,0
8.0,1.0,224.0,Week 4,Announcement 3,The analysts have informed you that the realized volatility of RTM this week will be 37%,229,2026-02-12 12:52:58.649927,RTM,50.43,50.41,50.43,100000000.0,10.0,19056.0,100000000.0,20.0,100.0,,,,,,,,,0,0,0,0,0,0,0,0,0,0,0,0
7.0,1.0,186.0,,News 3,The analysts have informed you that the realized volatility of RTM next week will be between 34% and 39%,229,2026-02-12 12:52:58.649927,RTM1C45,5.44,5.42,5.44,1000000.0,,68.0,1000000.0,,,50.0,,,,,,,,0,0,0,0,0,0,0,0,0,0,0,0
6.0,1.0,149.0,Week 3,Announcement 2,The analysts have informed you that the realized volatility of RTM this week will be 25%,229,2026-02-12 12:52:58.649927,RTM1P45,0.02,0.01,0.02,1000000.0,,,1000000.0,,,,87.0,,,,,,,0,0,0,0,0,0,0,0,0,0,0,0
5.0,1.0,111.0,,News 2,The analysts have informed you that the realized volatility of RTM next week will be between 21% and 26%,229,2026-02-12 12:52:58.649927,RTM1C46,4.45,4.43,4.45,1000000.0,,,1000000.0,,,,54.0,,,,,,,0,0,0,0,0,0,0,0,0,0,0,0
4.0,1.0,74.0,Week 2,Announcement 1,The analysts have informed you that the realized volatility of RTM this week will be 39%,229,2026-02-12 12:52:58.649927,RTM1P46,0.04,0.02,0.04,1000000.0,,,1000000.0,,,,,,,,,,,0,0,0,0,0,0,0,0,0,0,0,0
3.0,1.0,35.0,,News 1,The analysts have informed you that the realized volatility of RTM next week will be between 36% and 41%,229,2026-02-12 12:52:58.649927,RTM1C47,3.54,3.53,3.55,1000000.0,,43.0,1000000.0,,,200.0,,,,,,,,0,0,0,0,0,0,0,0,0,0,0,0
2.0,1.0,2.0,Week 1,Delta limit and penalty,The delta limit for this sub-heat is 12000 and the penalty percentage is 2%,229,2026-02-12 12:52:58.649927,RTM1P47,0.13,0.12,0.14,1000000.0,,,1000000.0,,,,,8.0,,,,,,0,0,0,0,0,0,0,0,0,0,0,0
1.0,1.0,2.0,Week 1,Risk free rate and current annualized volatility of RTM,The current risk free rate is 0%. RTM is an ETF that mimics one of the major indices in the simulated world and its current annualized realized volatility is 22%. This simulation consists of 20 trading days that are each 15 ticks in length.,229,2026-02-12 12:52:58.649927,RTM1C48,2.66,2.65,2.67,1000000.0,,40.0,1000000.0,,,150.0,,,,,,,,0,0,0,0,0,0,0,0,0,0,0,0
,,,,,,229,2026-02-12 12:52:58.649927,RTM1P48,0.24,0.23,0.25,1000000.0,,,1000000.0,,,,,,,,,,,0,0,0,0,0,0,0,0,0,0,0,0
,,,,,,229,2026-02-12 12:52:58.649927,RTM1C49,1.93,1.93,1.95,1000000.0,,,1000000.0,,,108.0,,,11.0,60.0,90.0,,,0,0,0,0,0,0,0,0,0,0,0,0
,,,,,,229,2026-02-12 12:52:58.649927,RTM1P49,0.51,0.51,0.53,1000000.0,,,1000000.0,,,,,40.0,,,,,,0,0,0,0,0,0,0,0,0,0,0,0
,,,,,,229,2026-02-12 12:52:58.649927,RTM1C50,1.3,1.3,1.32,1000000.0,,,1000000.0,,,,,,,30.0,30.0,3.0,,0,0,0,0,0,0,0,0,0,0,0,0
,,,,,,229,2026-02-12 12:52:58.649927,RTM1P50,0.91,0.89,0.91,1000000.0,,,1000000.0,,,,,,,,,,,0,0,0,0,0,0,0,0,0,0,0,0
,,,,,,229,2026-02-12 12:52:58.649927,RTM1C51,0.79,0.79,0.81,1000000.0,,,1000000.0,,,,,,,,,1.0,,0,0,0,0,0,0,0,0,0,0,0,0
,,,,,,229,2026-02-12 12:52:58.649927,RTM1P51,1.38,1.37,1.39,1000000.0,,,1000000.0,,,,,100.0,,,,,2.0,0,0,0,0,0,0,0,0,0,0,0,0
,,,,,,229,2026-02-12 12:52:58.649927,RTM1C52,0.38,0.37,0.39,1000000.0,,,1000000.0,,,,,,,,,,,0,0,0,0,0,0,0,0,0,0,0,0
,,,,,,229,2026-02-12 12:52:58.649927,RTM1P52,1.97,1.96,1.98,1000000.0,,,1000000.0,,,,,,,,,,,0,0,0,0,0,0,0,0,0,0,0,0
,,,,,,229,2026-02-12 12:52:58.649927,RTM1C53,0.26,0.25,0.27,1000000.0,,,1000000.0,,,30.0,,,,,,,,0,0,0,0,0,0,0,0,0,0,0,0
,,,,,,229,2026-02-12 12:52:58.649927,RTM1P53,2.84,2.83,2.85,1000000.0,,,1000000.0,,,,,,,,,,,0,0,0,0,0,0,0,0,0,0,0,0
,,,,,,229,2026-02-12 12:52:58.649927,RTM1C54,0.11,0.1,0.12,1000000.0,,,1000000.0,,,,,,,,,,,0,0,0,0,0,0,0,0,0,0,0,0
,,,,,,229,2026-02-12 12:52:58.649927,RTM1P54,3.69,3.69,3.71,1000000.0,,,1000000.0,,,,,,,,,,,0,0,0,0,0,0,0,0,0,0,0,0
8.0,1.0,224.0,Week 4,Announcement 3,The analysts have informed you that the realized volatility of RTM this week will be 37%,230,2026-02-12 12:52:59.678967,RTM,49.79,49.79,49.81,100000000.0,70.0,19056.0,100000000.0,20.0,100.0,,,,,,,0,0,0,0,0,0,0,0,0,0,0,0,0,0
7.0,1.0,186.0,,News 3,The analysts have informed you that the realized volatility of RTM next week will be between 34% and 39%,230,2026-02-12 12:52:59.678967,RTM1C45,4.81,4.81,4.83,1000000.0,,68.0,1000000.0,,,50.0,,,,,,0,0,0,0,0,0,0,0,0,0,0,0,0,0
6.0,1.0,149.0,Week 3,Announcement 2,The analysts have informed you that the realized volatility of RTM this week will be 25%,230,2026-02-12 12:52:59.678967,RTM1P45,0.01,0.01,0.03,1000000.0,,,1000000.0,,,,,,,,,0,0,0,0,0,0,0,0,0,0,0,0,0,0
5.0,1.0,111.0,,News 2,The analysts have informed you that the realized volatility of RTM next week will be between 21% and 26%,230,2026-02-12 12:52:59.678967,RTM1C46,3.87,3.87,3.89,1000000.0,,,1000000.0,,,,54.0,,,,,0,0,0,0,0,0,0,0,0,0,0,0,0,0
4.0,1.0,74.0,Week 2,Announcement 1,The analysts have informed you that the realized volatility of RTM this week will be 39%,230,2026-02-12 12:52:59.678967,RTM1P46,0.06,0.06,0.08,1000000.0,,,1000000.0,,,,,,,,,0,0,0,0,0,0,0,0,0,0,0,0,0,0
3.0,1.0,35.0,,News 1,The analysts have informed you that the realized volatility of RTM next week will be between 36% and 41%,230,2026-02-12 12:52:59.678967,RTM1C47,2.94,2.94,2.96,1000000.0,,43.0,1000000.0,,,200.0,,,,,,0,0,0,0,0,0,0,0,0,0,0,0,0,0
2.0,1.0,2.0,Week 1,Delta limit and penalty,The delta limit for this sub-heat is 12000 and the penalty percentage is 2%,230,2026-02-12 12:52:59.678967,RTM1P47,0.14,0.13,0.15,1000000.0,,,1000000.0,,,,,8.0,,,,0,0,0,0,0,0,0,0,0,0,0,0,0,0
1.0,1.0,2.0,Week 1,Risk free rate and current annualized volatility of RTM,The current risk free rate is 0%. RTM is an ETF that mimics one of the major indices in the simulated world and its current annualized realized volatility is 22%. This simulation consists of 20 trading days that are each 15 ticks in length.,230,2026-02-12 12:52:59.678967,RTM1C48,2.11,2.11,2.13,1000000.0,,40.0,1000000.0,,,150.0,,,,,,0,0,0,0,0,0,0,0,0,0,0,0,0,0
,,,,,,230,2026-02-12 12:52:59.678967,RTM1P48,0.31,0.3,0.32,1000000.0,,,1000000.0,,,,,,,,,0,0,0,0,0,0,0,0,0,0,0,0,0,0
,,,,,,230,2026-02-12 12:52:59.678967,RTM1C49,1.48,1.47,1.49,1000000.0,,,1000000.0,,,108.0,,,60.0,90.0,,0,0,0,0,0,0,0,0,0,0,0,0,0,0
,,,,,,230,2026-02-12 12:52:59.678967,RTM1P49,0.67,0.66,0.68,1000000.0,,,1000000.0,,,,,40.0,,,,0,0,0,0,0,0,0,0,0,0,0,0,0,0
,,,,,,230,2026-02-12 12:52:59.678967,RTM1C50,0.98,0.98,1.0,1000000.0,,,1000000.0,,,,,,30.0,30.0,,0,0,0,0,0,0,0,0,0,0,0,0,0,0
,,,,,,230,2026-02-12 12:52:59.678967,RTM1P50,1.17,1.17,1.19,1000000.0,,,1000000.0,,,,,,,,,0,0,0,0,0,0,0,0,0,0,0,0,0,0
,,,,,,230,2026-02-12 12:52:59.678967,RTM1C51,0.56,0.55,0.57,1000000.0,,,1000000.0,,,,,,,,1.0,0,0,0,0,0,0,0,0,0,0,0,0,0,0
,,,,,,230,2026-02-12 12:52:59.678967,RTM1P51,1.74,1.74,1.76,1000000.0,,,1000000.0,,,,,100.0,,,,0,0,0,0,0,0,0,0,0,0,0,0,0,0
,,,,,,230,2026-02-12 12:52:59.678967,RTM1C52,0.28,0.26,0.28,1000000.0,,,1000000.0,,,,,,,,,0,0,0,0,0,0,0,0,0,0,0,0,0,0
,,,,,,230,2026-02-12 12:52:59.678967,RTM1P52,2.46,2.45,2.47,1000000.0,,,1000000.0,,,,,,,,,0,0,0,0,0,0,0,0,0,0,0,0,0,0
,,,,,,230,2026-02-12 12:52:59.678967,RTM1C53,0.15,0.14,0.16,1000000.0,,,1000000.0,,,30.0,,20.0,,,,0,0,0,0,0,0,0,0,0,0,0,0,0,0
,,,,,,230,2026-02-12 12:52:59.678967,RTM1P53,3.34,3.33,3.35,1000000.0,,,1000000.0,,,,,,,,,0,0,0,0,0,0,0,0,0,0,0,0,0,0
,,,,,,230,2026-02-12 12:52:59.678967,RTM1C54,0.08,0.06,0.08,1000000.0,,,1000000.0,,,,,,,,,0,0,0,0,0,0,0,0,0,0,0,0,0,0
,,,,,,230,2026-02-12 12:52:59.678967,RTM1P54,4.27,4.26,4.28,1000000.0,,,1000000.0,,,,,,,,,0,0,0,0,0,0,0,0,0,0,0,0,0,0
8.0,1.0,224.0,Week 4,Announcement 3,The analysts have informed you that the realized volatility of RTM this week will be 37%,231,2026-02-12 12:53:00.713518,RTM,50.2,50.18,50.2,100000000.0,28425.0,80.0,100000000.0,20.0,100.0,,,,,,,,0,0,0,0,0,0,0,0,0,0,0,0,0
7.0,1.0,186.0,,News 3,The analysts have informed you that the realized volatility of RTM next week will be between 34% and 39%,231,2026-02-12 12:53:00.713518,RTM1C45,5.22,5.2,5.22,1000000.0,68.0,,1000000.0,,,50.0,,,,,,,0,0,0,0,0,0,0,0,0,0,0,0,0
6.0,1.0,149.0,Week 3,Announcement 2,The analysts have informed you that the realized volatility of RTM this week will be 25%,231,2026-02-12 12:53:00.713518,RTM1P45,0.03,0.01,0.03,1000000.0,,,1000000.0,,,,,,,,,,0,0,0,0,0,0,0,0,0,0,0,0,0
5.0,1.0,111.0,,News 2,The analysts have informed you that the realized volatility of RTM next week will be between 21% and 26%,231,2026-02-12 12:53:00.713518,RTM1C46,4.24,4.22,4.24,1000000.0,,,1000000.0,,,,54.0,,,,,,0,0,0,0,0,0,0,0,0,0,0,0,0
4.0,1.0,74.0,Week 2,Announcement 1,The analysts have informed you that the realized volatility of RTM this week will be 39%,231,2026-02-12 12:53:00.713518,RTM1P46,0.05,0.03,0.05,1000000.0,,,1000000.0,,,,,,,,,,0,0,0,0,0,0,0,0,0,0,0,0,0
3.0,1.0,35.0,,News 1,The analysts have informed you that the realized volatility of RTM next week will be between 36% and 41%,231,2026-02-12 12:53:00.713518,RTM1C47,3.34,3.34,3.36,1000000.0,43.0,,1000000.0,,,200.0,41.0,,,,,,0,0,0,0,0,0,0,0,0,0,0,0,0
2.0,1.0,2.0,Week 1,Delta limit and penalty,The delta limit for this sub-heat is 12000 and the penalty percentage is 2%,231,2026-02-12 12:53:00.713518,RTM1P47,0.17,0.15,0.17,1000000.0,,,1000000.0,,,,,8.0,,,,,0,0,0,0,0,0,0,0,0,0,0,0,0
1.0,1.0,2.0,Week 1,Risk free rate and current annualized volatility of RTM,The current risk free rate is 0%. RTM is an ETF that mimics one of the major indices in the simulated world and its current annualized realized volatility is 22%. This simulation consists of 20 trading days that are each 15 ticks in length.,231,2026-02-12 12:53:00.713518,RTM1C48,2.49,2.48,2.5,1000000.0,40.0,,1000000.0,,,150.0,,,,,,,0,0,0,0,0,0,0,0,0,0,0,0,0
,,,,,,231,2026-02-12 12:53:00.713518,RTM1P48,0.29,0.29,0.31,1000000.0,,,1000000.0,,,,,,,,,,0,0,0,0,0,0,0,0,0,0,0,0,0
,,,,,,231,2026-02-12 12:53:00.713518,RTM1C49,1.79,1.79,1.81,1000000.0,,,1000000.0,,,108.0,,,60.0,90.0,,,0,0,0,0,0,0,0,0,0,0,0,0,0
,,,,,,231,2026-02-12 12:53:00.713518,RTM1P49,0.62,0.6,0.62,1000000.0,8.0,,1000000.0,,,,,40.0,,,,,0,0,0,0,0,0,0,0,0,0,0,0,0
,,,,,,231,2026-02-12 12:53:00.713518,RTM1C50,1.2,1.2,1.22,1000000.0,,,1000000.0,,,,,,30.0,30.0,,,0,0,0,0,0,0,0,0,0,0,0,0,0
,,,,,,231,2026-02-12 12:53:00.713518,RTM1P50,1.01,1.01,1.03,1000000.0,,,1000000.0,,,,,,,,,,0,0,0,0,0,0,0,0,0,0,0,0,0
,,,,,,231,2026-02-12 12:53:00.713518,RTM1C51,0.65,0.65,0.67,1000000.0,,,1000000.0,,,,,,,,1.0,,0,0,0,0,0,0,0,0,0,0,0,0,0
,,,,,,231,2026-02-12 12:53:00.713518,RTM1P51,1.46,1.46,1.48,1000000.0,,,1000000.0,,,,,100.0,,,,,0,0,0,0,0,0,0,0,0,0,0,0,0
,,,,,,231,2026-02-12 12:53:00.713518,RTM1C52,0.44,0.44,0.46,1000000.0,75.0,,1000000.0,,,,,,,,,,0,0,0,0,0,0,0,0,0,0,0,0,0
,,,,,,231,2026-02-12 12:53:00.713518,RTM1P52,2.25,2.25,2.27,1000000.0,,,1000000.0,,,,,,,,,,0,0,0,0,0,0,0,0,0,0,0,0,0
,,,,,,231,2026-02-12 12:53:00.713518,RTM1C53,0.17,0.17,0.19,1000000.0,,,1000000.0,,,30.0,,20.0,,,,,0,0,0,0,0,0,0,0,0,0,0,0,0
,,,,,,231,2026-02-12 12:53:00.713518,RTM1P53,2.98,2.98,3.0,1000000.0,,,1000000.0,,,,,,,,,,0,0,0,0,0,0,0,0,0,0,0,0,0
,,,,,,231,2026-02-12 12:53:00.713518,RTM1C54,0.11,0.11,0.13,1000000.0,,,1000000.0,,,,,,,,,40.0,0,0,0,0,0,0,0,0,0,0,0,0,0
,,,,,,231,2026-02-12 12:53:00.713518,RTM1P54,3.94,3.92,3.94,1000000.0,,,1000000.0,,,,,,,,,,0,0,0,0,0,0,0,0,0,0,0,0,0
8.0,1.0,224.0,Week 4,Announcement 3,The analysts have informed you that the realized volatility of RTM this week will be 37%,232,2026-02-12 12:53:01.745990,RTM,50.15,50.15,50.17,100000000.0,28425.0,120.0,100000000.0,20.0,100.0,,,,,,,,0,0,0,0,0,0,0,0,0,0,0,0,0
7.0,1.0,186.0,,News 3,The analysts have informed you that the realized volatility of RTM next week will be between 34% and 39%,232,2026-02-12 12:53:01.745990,RTM1C45,5.17,5.16,5.18,1000000.0,68.0,,1000000.0,,,50.0,,,,,,,0,0,0,0,0,0,0,0,0,0,0,0,0
6.0,1.0,149.0,Week 3,Announcement 2,The analysts have informed you that the realized volatility of RTM this week will be 25%,232,2026-02-12 12:53:01.745990,RTM1P45,0.03,0.01,0.03,1000000.0,,,1000000.0,,,,,,,,,,0,0,0,0,0,0,0,0,0,0,0,0,0
5.0,1.0,111.0,,News 2,The analysts have informed you that the realized volatility of RTM next week will be between 21% and 26%,232,2026-02-12 12:53:01.745990,RTM1C46,4.22,4.21,4.23,1000000.0,,,1000000.0,,,,54.0,,,,,,0,0,0,0,0,0,0,0,0,0,0,0,0
4.0,1.0,74.0,Week 2,Announcement 1,The analysts have informed you that the realized volatility of RTM this week will be 39%,232,2026-02-12 12:53:01.745990,RTM1P46,0.06,0.05,0.07,1000000.0,,,1000000.0,,,,,,,,,,0,0,0,0,0,0,0,0,0,0,0,0,0
3.0,1.0,35.0,,News 1,The analysts have informed you that the realized volatility of RTM next week will be between 36% and 41%,232,2026-02-12 12:53:01.745990,RTM1C47,3.37,3.37,3.39,1000000.0,43.0,,1000000.0,,,200.0,41.0,,,,,,0,0,0,0,0,0,0,0,0,0,0,0,0
2.0,1.0,2.0,Week 1,Delta limit and penalty,The delta limit for this sub-heat is 12000 and the penalty percentage is 2%,232,2026-02-12 12:53:01.745990,RTM1P47,0.21,0.21,0.23,1000000.0,,,1000000.0,,,,,8.0,,,,,0,0,0,0,0,0,0,0,0,0,0,0,0
1.0,1.0,2.0,Week 1,Risk free rate and current annualized volatility of RTM,The current risk free rate is 0%. RTM is an ETF that mimics one of the major indices in the simulated world and its current annualized realized volatility is 22%. This simulation consists of 20 trading days that are each 15 ticks in length.,232,2026-02-12 12:53:01.745990,RTM1C48,2.47,2.47,2.49,1000000.0,40.0,,1000000.0,,,150.0,,,,,,,0,0,0,0,0,0,0,0,0,0,0,0,0
,,,,,,232,2026-02-12 12:53:01.745990,RTM1P48,0.32,0.31,0.33,1000000.0,,,1000000.0,,,,,,,,,,0,0,0,0,0,0,0,0,0,0,0,0,0
,,,,,,232,2026-02-12 12:53:01.745990,RTM1C49,1.7,1.7,1.72,1000000.0,,,1000000.0,,,108.0,,,60.0,90.0,,,0,0,0,0,0,0,0,0,0,0,0,0,0
,,,,,,232,2026-02-12 12:53:01.745990,RTM1P49,0.54,0.54,0.56,1000000.0,8.0,,1000000.0,,,,,40.0,,,,,0,0,0,0,0,0,0,0,0,0,0,0,0
,,,,,,232,2026-02-12 12:53:01.745990,RTM1C50,1.13,1.11,1.13,1000000.0,,,1000000.0,,,,,,30.0,30.0,,,0,0,0,0,0,0,0,0,0,0,0,0,0
,,,,,,232,2026-02-12 12:53:01.745990,RTM1P50,0.97,0.95,0.97,1000000.0,,,1000000.0,,,,,,,,,,0,0,0,0,0,0,0,0,0,0,0,0,0
,,,,,,232,2026-02-12 12:53:01.745990,RTM1C51,0.7,0.68,0.7,1000000.0,,,1000000.0,,,,,,,,1.0,,0,0,0,0,0,0,0,0,0,0,0,0,0
,,,,,,232,2026-02-12 12:53:01.745990,RTM1P51,1.54,1.52,1.54,1000000.0,,,1000000.0,,,,,100.0,,,,,0,0,0,0,0,0,0,0,0,0,0,0,0
,,,,,,232,2026-02-12 12:53:01.745990,RTM1C52,0.45,0.45,0.47,1000000.0,75.0,,1000000.0,,,,,,,,,,0,0,0,0,0,0,0,0,0,0,0,0,0
,,,,,,232,2026-02-12 12:53:01.745990,RTM1P52,2.29,2.29,2.31,1000000.0,,,1000000.0,,,,,,,,,,0,0,0,0,0,0,0,0,0,0,0,0,0
,,,,,,232,2026-02-12 12:53:01.745990,RTM1C53,0.19,0.18,0.2,1000000.0,,,1000000.0,,,30.0,,20.0,,,,,0,0,0,0,0,0,0,0,0,0,0,0,0
,,,,,,232,2026-02-12 12:53:01.745990,RTM1P53,3.03,3.02,3.04,1000000.0,,,1000000.0,,,,,,,,,,0,0,0,0,0,0,0,0,0,0,0,0,0
,,,,,,232,2026-02-12 12:53:01.745990,RTM1C54,0.15,0.15,0.17,1000000.0,,,1000000.0,,,,,,,,,40.0,0,0,0,0,0,0,0,0,0,0,0,0,0
,,,,,,232,2026-02-12 12:53:01.745990,RTM1P54,3.99,3.99,4.01,1000000.0,,,1000000.0,,,,,,,,,,0,0,0,0,0,0,0,0,0,0,0,0,0
8.0,1.0,224.0,Week 4,Announcement 3,The analysts have informed you that the realized volatility of RTM this week will be 37%,233,2026-02-12 12:53:02.786447,RTM,49.97,49.97,49.99,100000000.0,5000.0,9369.0,150.0,100000000.0,20.0,100.0,,,,,,,0,0,0,0,0,0,0,0,0,0,0,0,0
7.0,1.0,186.0,,News 3,The analysts have informed you that the realized volatility of RTM next week will be between 34% and 39%,233,2026-02-12 12:53:02.786447,RTM1C45,5.02,5.0,5.02,1000000.0,,68.0,,1000000.0,,,50.0,,,,,,0,0,0,0,0,0,0,0,0,0,0,0,0
6.0,1.0,149.0,Week 3,Announcement 2,The analysts have informed you that the realized volatility of RTM this week will be 25%,233,2026-02-12 12:53:02.786447,RTM1P45,0.03,0.01,0.03,1000000.0,,,,1000000.0,,,,,,,,,0,0,0,0,0,0,0,0,0,0,0,0,0
5.0,1.0,111.0,,News 2,The analysts have informed you that the realized volatility of RTM next week will be between 21% and 26%,233,2026-02-12 12:53:02.786447,RTM1C46,4.05,4.05,4.07,1000000.0,,,,1000000.0,,,,54.0,,,,,0,0,0,0,0,0,0,0,0,0,0,0,0
4.0,1.0,74.0,Week 2,Announcement 1,The analysts have informed you that the realized volatility of RTM this week will be 39%,233,2026-02-12 12:53:02.786447,RTM1P46,0.07,0.07,0.09,1000000.0,,,,1000000.0,,,,,,,,,0,0,0,0,0,0,0,0,0,0,0,0,0
3.0,1.0,35.0,,News 1,The analysts have informed you that the realized volatility of RTM next week will be between 36% and 41%,233,2026-02-12 12:53:02.786447,RTM1C47,3.22,3.2,3.22,1000000.0,,43.0,,1000000.0,,,200.0,41.0,,,,,0,0,0,0,0,0,0,0,0,0,0,0,0
2.0,1.0,2.0,Week 1,Delta limit and penalty,The delta limit for this sub-heat is 12000 and the penalty percentage is 2%,233,2026-02-12 12:53:02.786447,RTM1P47,0.24,0.22,0.24,1000000.0,,,,1000000.0,,,,,8.0,,,,0,0,0,0,0,0,0,0,0,0,0,0,0
1.0,1.0,2.0,Week 1,Risk free rate and current annualized volatility of RTM,The current risk free rate is 0%. RTM is an ETF that mimics one of the major indices in the simulated world and its current annualized realized volatility is 22%. This simulation consists of 20 trading days that are each 15 ticks in length.,233,2026-02-12 12:53:02.786447,RTM1C48,2.37,2.36,2.38,1000000.0,,40.0,,1000000.0,,,150.0,,,,,,0,0,0,0,0,0,0,0,0,0,0,0,0
,,,,,,233,2026-02-12 12:53:02.786447,RTM1P48,0.38,0.38,0.4,1000000.0,,,,1000000.0,,,,,,,,,0,0,0,0,0,0,0,0,0,0,0,0,0
,,,,,,233,2026-02-12 12:53:02.786447,RTM1C49,1.66,1.66,1.68,1000000.0,90.0,,,1000000.0,,,108.0,,,60.0,,,0,0,0,0,0,0,0,0,0,0,0,0,0
,,,,,,233,2026-02-12 12:53:02.786447,RTM1P49,0.68,0.68,0.7,1000000.0,,8.0,,1000000.0,,,,,40.0,,,,0,0,0,0,0,0,0,0,0,0,0,0,0
,,,,,,233,2026-02-12 12:53:02.786447,RTM1C50,1.03,1.03,1.05,1000000.0,30.0,,,1000000.0,,,,,,30.0,,,0,0,0,0,0,0,0,0,0,0,0,0,0
,,,,,,233,2026-02-12 12:53:02.786447,RTM1P50,1.05,1.05,1.07,1000000.0,,,,1000000.0,,,,,,,,,0,0,0,0,0,0,0,0,0,0,0,0,0
,,,,,,233,2026-02-12 12:53:02.786447,RTM1C51,0.73,0.73,0.75,1000000.0,,,,1000000.0,,,,,,,16.0,1.0,0,0,0,0,0,0,0,0,0,0,0,0,0
,,,,,,233,2026-02-12 12:53:02.786447,RTM1P51,1.74,1.74,1.76,1000000.0,,,,1000000.0,,,,,100.0,,15.0,,0,0,0,0,0,0,0,0,0,0,0,0,0
,,,,,,233,2026-02-12 12:53:02.786447,RTM1C52,0.38,0.38,0.4,1000000.0,,75.0,,1000000.0,,,,,,,,,0,0,0,0,0,0,0,0,0,0,0,0,0
,,,,,,233,2026-02-12 12:53:02.786447,RTM1P52,2.4,2.4,2.42,1000000.0,,,,1000000.0,,,,,,,,,0,0,0,0,0,0,0,0,0,0,0,0,0
,,,,,,233,2026-02-12 12:53:02.786447,RTM1C53,0.18,0.17,0.19,1000000.0,,,,1000000.0,,,30.0,,20.0,,,,0,0,0,0,0,0,0,0,0,0,0,0,0
,,,,,,233,2026-02-12 12:53:02.786447,RTM1P53,3.2,3.19,3.21,1000000.0,,,,1000000.0,,,,,,,,,0,0,0,0,0,0,0,0,0,0,0,0,0
,,,,,,233,2026-02-12 12:53:02.786447,RTM1C54,0.15,0.14,0.16,1000000.0,,,,1000000.0,,,,,,,,,0,0,0,0,0,0,0,0,0,0,0,0,0
,,,,,,233,2026-02-12 12:53:02.786447,RTM1P54,4.17,4.16,4.18,1000000.0,,,,1000000.0,,,,,,,,,0,0,0,0,0,0,0,0,0,0,0,0,0
8.0,1.0,224.0,Week 4,Announcement 3,The analysts have informed you that the realized volatility of RTM this week will be 37%,234,2026-02-12 12:53:03.813431,RTM,49.93,49.91,49.93,100000000.0,5000.0,9369.0,150.0,100000000.0,20.0,100.0,,,,,,,0,0,0,0,0,0,0,0,0,0,0,0,0
7.0,1.0,186.0,,News 3,The analysts have informed you that the realized volatility of RTM next week will be between 34% and 39%,234,2026-02-12 12:53:03.813431,RTM1C45,4.98,4.96,4.98,1000000.0,,68.0,,1000000.0,,,50.0,,,,,,0,0,0,0,0,0,0,0,0,0,0,0,0
6.0,1.0,149.0,Week 3,Announcement 2,The analysts have informed you that the realized volatility of RTM this week will be 25%,234,2026-02-12 12:53:03.813431,RTM1P45,0.05,0.03,0.05,1000000.0,,,,1000000.0,,,,,,,,,0,0,0,0,0,0,0,0,0,0,0,0,0
5.0,1.0,111.0,,News 2,The analysts have informed you that the realized volatility of RTM next week will be between 21% and 26%,234,2026-02-12 12:53:03.813431,RTM1C46,4.03,4.01,4.03,1000000.0,,,,1000000.0,,,,54.0,,,,,0,0,0,0,0,0,0,0,0,0,0,0,0
4.0,1.0,74.0,Week 2,Announcement 1,The analysts have informed you that the realized volatility of RTM this week will be 39%,234,2026-02-12 12:53:03.813431,RTM1P46,0.1,0.08,0.1,1000000.0,,,,1000000.0,,,,,,,,,0,0,0,0,0,0,0,0,0,0,0,0,0
3.0,1.0,35.0,,News 1,The analysts have informed you that the realized volatility of RTM next week will be between 36% and 41%,234,2026-02-12 12:53:03.813431,RTM1C47,3.16,3.16,3.18,1000000.0,,43.0,,1000000.0,,,200.0,41.0,,,,,0,0,0,0,0,0,0,0,0,0,0,0,0
2.0,1.0,2.0,Week 1,Delta limit and penalty,The delta limit for this sub-heat is 12000 and the penalty percentage is 2%,234,2026-02-12 12:53:03.813431,RTM1P47,0.24,0.24,0.26,1000000.0,,,,1000000.0,,,,,8.0,,,,0,0,0,0,0,0,0,0,0,0,0,0,0
1.0,1.0,2.0,Week 1,Risk free rate and current annualized volatility of RTM,The current risk free rate is 0%. RTM is an ETF that mimics one of the major indices in the simulated world and its current annualized realized volatility is 22%. This simulation consists of 20 trading days that are each 15 ticks in length.,234,2026-02-12 12:53:03.813431,RTM1C48,2.35,2.35,2.37,1000000.0,,40.0,,1000000.0,,,150.0,,,,,,0,0,0,0,0,0,0,0,0,0,0,0,0
,,,,,,234,2026-02-12 12:53:03.813431,RTM1P48,0.42,0.42,0.44,1000000.0,,,,1000000.0,,,,,,,,,0,0,0,0,0,0,0,0,0,0,0,0,0
,,,,,,234,2026-02-12 12:53:03.813431,RTM1C49,1.54,1.54,1.56,1000000.0,90.0,,,1000000.0,,,108.0,,,60.0,,,0,0,0,0,0,0,0,0,0,0,0,0,0
,,,,,,234,2026-02-12 12:53:03.813431,RTM1P49,0.62,0.62,0.64,1000000.0,,8.0,,1000000.0,,,,,40.0,,16.0,,0,0,0,0,0,0,0,0,0,0,0,0,0
,,,,,,234,2026-02-12 12:53:03.813431,RTM1C50,1.08,1.06,1.08,1000000.0,30.0,,,1000000.0,,,,,,30.0,,,0,0,0,0,0,0,0,0,0,0,0,0,0
,,,,,,234,2026-02-12 12:53:03.813431,RTM1P50,1.13,1.13,1.15,1000000.0,,,,1000000.0,,,,,,,,,0,0,0,0,0,0,0,0,0,0,0,0,0
,,,,,,234,2026-02-12 12:53:03.813431,RTM1C51,0.75,0.75,0.77,1000000.0,,,,1000000.0,,,,,,,16.0,1.0,0,0,0,0,0,0,0,0,0,0,0,0,0
,,,,,,234,2026-02-12 12:53:03.813431,RTM1P51,1.83,1.83,1.85,1000000.0,,,,1000000.0,,,,,100.0,,15.0,,0,0,0,0,0,0,0,0,0,0,0,0,0
,,,,,,234,2026-02-12 12:53:03.813431,RTM1C52,0.36,0.35,0.37,1000000.0,,75.0,,1000000.0,,,,19.0,,,,,0,0,0,0,0,0,0,0,0,0,0,0,0
,,,,,,234,2026-02-12 12:53:03.813431,RTM1P52,2.43,2.42,2.44,1000000.0,,,,1000000.0,,,,,,,,,0,0,0,0,0,0,0,0,0,0,0,0,0
,,,,,,234,2026-02-12 12:53:03.813431,RTM1C53,0.18,0.17,0.19,1000000.0,,,,1000000.0,,,30.0,,20.0,,,,0,0,0,0,0,0,0,0,0,0,0,0,0
,,,,,,234,2026-02-12 12:53:03.813431,RTM1P53,3.25,3.24,3.26,1000000.0,,,,1000000.0,,,,,,,,,0,0,0,0,0,0,0,0,0,0,0,0,0
,,,,,,234,2026-02-12 12:53:03.813431,RTM1C54,0.17,0.15,0.17,1000000.0,,,,1000000.0,,,,,,,,,0,0,0,0,0,0,0,0,0,0,0,0,0
,,,,,,234,2026-02-12 12:53:03.813431,RTM1P54,4.23,4.23,4.25,1000000.0,,,,1000000.0,,,,,,,,,0,0,0,0,0,0,0,0,0,0,0,0,0
8.0,1.0,224.0,Week 4,Announcement 3,The analysts have informed you that the realized volatility of RTM this week will be 37%,235,2026-02-12 12:53:04.839826,RTM,49.73,49.73,49.75,100000000.0,190.0,100000000.0,3600.0,20.0,100.0,,,,,,,,,0,0,0,0,0,0,0,0,0,0,0,0,0
7.0,1.0,186.0,,News 3,The analysts have informed you that the realized volatility of RTM next week will be between 34% and 39%,235,2026-02-12 12:53:04.839826,RTM1C45,4.77,4.77,4.79,1000000.0,,1000000.0,,,,68.0,50.0,,,,,,,0,0,0,0,0,0,0,0,0,0,0,0,0
6.0,1.0,149.0,Week 3,Announcement 2,The analysts have informed you that the realized volatility of RTM this week will be 25%,235,2026-02-12 12:53:04.839826,RTM1P45,0.03,0.03,0.05,1000000.0,,1000000.0,,,,,,,,,,,,0,0,0,0,0,0,0,0,0,0,0,0,0
5.0,1.0,111.0,,News 2,The analysts have informed you that the realized volatility of RTM next week will be between 21% and 26%,235,2026-02-12 12:53:04.839826,RTM1C46,3.84,3.84,3.86,1000000.0,,1000000.0,,,,,,54.0,,,,,,0,0,0,0,0,0,0,0,0,0,0,0,0
4.0,1.0,74.0,Week 2,Announcement 1,The analysts have informed you that the realized volatility of RTM this week will be 39%,235,2026-02-12 12:53:04.839826,RTM1P46,0.1,0.1,0.12,1000000.0,,1000000.0,,,,,,,,,,,,0,0,0,0,0,0,0,0,0,0,0,0,0
3.0,1.0,35.0,,News 1,The analysts have informed you that the realized volatility of RTM next week will be between 36% and 41%,235,2026-02-12 12:53:04.839826,RTM1C47,2.97,2.95,2.97,1000000.0,,1000000.0,,,,43.0,200.0,41.0,,,,,,0,0,0,0,0,0,0,0,0,0,0,0,0
2.0,1.0,2.0,Week 1,Delta limit and penalty,The delta limit for this sub-heat is 12000 and the penalty percentage is 2%,235,2026-02-12 12:53:04.839826,RTM1P47,0.23,0.21,0.23,1000000.0,,1000000.0,,,,,,,8.0,,,,,0,0,0,0,0,0,0,0,0,0,0,0,0
1.0,1.0,2.0,Week 1,Risk free rate and current annualized volatility of RTM,The current risk free rate is 0%. RTM is an ETF that mimics one of the major indices in the simulated world and its current annualized realized volatility is 22%. This simulation consists of 20 trading days that are each 15 ticks in length.,235,2026-02-12 12:53:04.839826,RTM1C48,2.23,2.23,2.25,1000000.0,,1000000.0,,,,40.0,150.0,22.0,,,,,,0,0,0,0,0,0,0,0,0,0,0,0,0
,,,,,,235,2026-02-12 12:53:04.839826,RTM1P48,0.49,0.49,0.51,1000000.0,,1000000.0,,,,,,,,,,,,0,0,0,0,0,0,0,0,0,0,0,0,0
,,,,,,235,2026-02-12 12:53:04.839826,RTM1C49,1.56,1.56,1.58,1000000.0,,1000000.0,,,,,108.0,,,60.0,90.0,,,0,0,0,0,0,0,0,0,0,0,0,0,0
,,,,,,235,2026-02-12 12:53:04.839826,RTM1P49,0.84,0.82,0.84,1000000.0,,1000000.0,,,,8.0,,,40.0,,,16.0,,0,0,0,0,0,0,0,0,0,0,0,0,0
,,,,,,235,2026-02-12 12:53:04.839826,RTM1C50,0.93,0.93,0.95,1000000.0,,1000000.0,,,,,,,,30.0,30.0,,,0,0,0,0,0,0,0,0,0,0,0,0,0
,,,,,,235,2026-02-12 12:53:04.839826,RTM1P50,1.19,1.19,1.21,1000000.0,,1000000.0,,,,,,,,,,15.0,,0,0,0,0,0,0,0,0,0,0,0,0,0
,,,,,,235,2026-02-12 12:53:04.839826,RTM1C51,0.72,0.72,0.74,1000000.0,,1000000.0,,,,,,,,,,16.0,1.0,0,0,0,0,0,0,0,0,0,0,0,0,0
,,,,,,235,2026-02-12 12:53:04.839826,RTM1P51,1.98,1.98,2.0,1000000.0,,1000000.0,,,,,,,100.0,,,15.0,,0,0,0,0,0,0,0,0,0,0,0,0,0
,,,,,,235,2026-02-12 12:53:04.839826,RTM1C52,0.39,0.37,0.39,1000000.0,,1000000.0,,,,75.0,,19.0,,,,,,0,0,0,0,0,0,0,0,0,0,0,0,0
,,,,,,235,2026-02-12 12:53:04.839826,RTM1P52,2.63,2.63,2.65,1000000.0,,1000000.0,,,,,,,,,,,,0,0,0,0,0,0,0,0,0,0,0,0,0
,,,,,,235,2026-02-12 12:53:04.839826,RTM1C53,0.2,0.2,0.22,1000000.0,,1000000.0,,,,,30.0,,20.0,,,,,0,0,0,0,0,0,0,0,0,0,0,0,0
,,,,,,235,2026-02-12 12:53:04.839826,RTM1P53,3.48,3.46,3.48,1000000.0,,1000000.0,,,,,,,,,,,,0,0,0,0,0,0,0,0,0,0,0,0,0
,,,,,,235,2026-02-12 12:53:04.839826,RTM1C54,0.1,0.1,0.12,1000000.0,,1000000.0,,,,,,,,,,,,0,0,0,0,0,0,0,0,0,0,0,0,0
,,,,,,235,2026-02-12 12:53:04.839826,RTM1P54,4.38,4.36,4.38,1000000.0,,1000000.0,,,,,,,,,,,,0,0,0,0,0,0,0,0,0,0,0,0,0
8.0,1.0,224.0,Week 4,Announcement 3,The analysts have informed you that the realized volatility of RTM this week will be 37%,236,2026-02-12 12:53:05.868050,RTM,49.26,49.26,49.28,100000000.0,190.0,100000000.0,3600.0,20.0,100.0,,,,,,,,,0,0,0,0,0,0,0,0,0,0,0,0,0,0
7.0,1.0,186.0,,News 3,The analysts have informed you that the realized volatility of RTM next week will be between 34% and 39%,236,2026-02-12 12:53:05.868050,RTM1C45,4.33,4.32,4.34,1000000.0,,1000000.0,,,,68.0,50.0,,,,,,,0,0,0,0,0,0,0,0,0,0,0,0,0,0
6.0,1.0,149.0,Week 3,Announcement 2,The analysts have informed you that the realized volatility of RTM this week will be 25%,236,2026-02-12 12:53:05.868050,RTM1P45,0.07,0.06,0.08,1000000.0,,1000000.0,,,,,,,,,,,,0,0,0,0,0,0,0,0,0,0,0,0,0,0
5.0,1.0,111.0,,News 2,The analysts have informed you that the realized volatility of RTM next week will be between 21% and 26%,236,2026-02-12 12:53:05.868050,RTM1C46,3.43,3.41,3.43,1000000.0,,1000000.0,,,,,,54.0,,,,,,0,0,0,0,0,0,0,0,0,0,0,0,0,0
4.0,1.0,74.0,Week 2,Announcement 1,The analysts have informed you that the realized volatility of RTM this week will be 39%,236,2026-02-12 12:53:05.868050,RTM1P46,0.16,0.14,0.16,1000000.0,,1000000.0,,,,,,,,,,,,0,0,0,0,0,0,0,0,0,0,0,0,0,0
3.0,1.0,35.0,,News 1,The analysts have informed you that the realized volatility of RTM next week will be between 36% and 41%,236,2026-02-12 12:53:05.868050,RTM1C47,2.62,2.6,2.62,1000000.0,,1000000.0,,,,43.0,200.0,72.0,,,,,,0,0,0,0,0,0,0,0,0,0,0,0,0,0
2.0,1.0,2.0,Week 1,Delta limit and penalty,The delta limit for this sub-heat is 12000 and the penalty percentage is 2%,236,2026-02-12 12:53:05.868050,RTM1P47,0.34,0.33,0.35,1000000.0,,1000000.0,,,,,,,8.0,,,,,0,0,0,0,0,0,0,0,0,0,0,0,0,0
1.0,1.0,2.0,Week 1,Risk free rate and current annualized volatility of RTM,The current risk free rate is 0%. RTM is an ETF that mimics one of the major indices in the simulated world and its current annualized realized volatility is 22%. This simulation consists of 20 trading days that are each 15 ticks in length.,236,2026-02-12 12:53:05.868050,RTM1C48,1.82,1.82,1.84,1000000.0,,1000000.0,,,,40.0,150.0,42.0,,,,,,0,0,0,0,0,0,0,0,0,0,0,0,0,0
,,,,,,236,2026-02-12 12:53:05.868050,RTM1P48,0.56,0.56,0.58,1000000.0,,1000000.0,,,,,,,,,,,,0,0,0,0,0,0,0,0,0,0,0,0,0,0
,,,,,,236,2026-02-12 12:53:05.868050,RTM1C49,1.22,1.22,1.24,1000000.0,,1000000.0,,,,,108.0,,,60.0,90.0,,,0,0,0,0,0,0,0,0,0,0,0,0,0,0
,,,,,,236,2026-02-12 12:53:05.868050,RTM1P49,0.96,0.96,0.98,1000000.0,,1000000.0,,,,8.0,,,40.0,,,16.0,,0,0,0,0,0,0,0,0,0,0,0,0,0,0
,,,,,,236,2026-02-12 12:53:05.868050,RTM1C50,0.75,0.73,0.75,1000000.0,,1000000.0,,,,,,,,30.0,30.0,,,0,0,0,0,0,0,0,0,0,0,0,0,0,0
,,,,,,236,2026-02-12 12:53:05.868050,RTM1P50,1.49,1.47,1.49,1000000.0,,1000000.0,,,,,,,,,,15.0,,0,0,0,0,0,0,0,0,0,0,0,0,0,0
,,,,,,236,2026-02-12 12:53:05.868050,RTM1C51,0.52,0.5,0.52,1000000.0,,1000000.0,,,,,,16.0,,,,,62.0,0,0,0,0,0,0,0,0,0,0,0,0,0,0
,,,,,,236,2026-02-12 12:53:05.868050,RTM1P51,2.23,2.23,2.25,1000000.0,,1000000.0,,,,,,,100.0,,,15.0,,0,0,0,0,0,0,0,0,0,0,0,0,0,0
,,,,,,236,2026-02-12 12:53:05.868050,RTM1C52,0.29,0.28,0.3,1000000.0,,1000000.0,,,,75.0,,19.0,,,,,,0,0,0,0,0,0,0,0,0,0,0,0,0,0
,,,,,,236,2026-02-12 12:53:05.868050,RTM1P52,3.02,3.01,3.03,1000000.0,,1000000.0,,,,,,,,,,,,0,0,0,0,0,0,0,0,0,0,0,0,0,0
,,,,,,236,2026-02-12 12:53:05.868050,RTM1C53,0.16,0.15,0.17,1000000.0,,1000000.0,,,,,30.0,,20.0,,,,,0,0,0,0,0,0,0,0,0,0,0,0,0,0
,,,,,,236,2026-02-12 12:53:05.868050,RTM1P53,3.9,3.89,3.91,1000000.0,,1000000.0,,,,,,,,,,,,0,0,0,0,0,0,0,0,0,0,0,0,0,0
,,,,,,236,2026-02-12 12:53:05.868050,RTM1C54,0.06,0.06,0.08,1000000.0,,1000000.0,,,,,,,,,,,,0,0,0,0,0,0,0,0,0,0,0,0,0,0
,,,,,,236,2026-02-12 12:53:05.868050,RTM1P54,4.8,4.79,4.81,1000000.0,,1000000.0,,,,,,,,,,,,0,0,0,0,0,0,0,0,0,0,0,0,0,0
8.0,1.0,224.0,Week 4,Announcement 3,The analysts have informed you that the realized volatility of RTM this week will be 37%,237,2026-02-12 12:53:06.895660,RTM,49.52,49.52,49.54,100000000.0,190.0,100000000.0,1414.0,3600.0,20.0,100.0,,,,,,,,,0,0,0,0,0,0,0,0,0,0,0,0,0
7.0,1.0,186.0,,News 3,The analysts have informed you that the realized volatility of RTM next week will be between 34% and 39%,237,2026-02-12 12:53:06.895660,RTM1C45,4.58,4.57,4.59,1000000.0,,1000000.0,,,,,68.0,50.0,,,,,,,0,0,0,0,0,0,0,0,0,0,0,0,0
6.0,1.0,149.0,Week 3,Announcement 2,The analysts have informed you that the realized volatility of RTM this week will be 25%,237,2026-02-12 12:53:06.895660,RTM1P45,0.05,0.05,0.07,1000000.0,,1000000.0,,,,,,,,,,,,,0,0,0,0,0,0,0,0,0,0,0,0,0
5.0,1.0,111.0,,News 2,The analysts have informed you that the realized volatility of RTM next week will be between 21% and 26%,237,2026-02-12 12:53:06.895660,RTM1C46,3.64,3.63,3.65,1000000.0,,1000000.0,,,,,,,111.0,,,,,,0,0,0,0,0,0,0,0,0,0,0,0,0
4.0,1.0,74.0,Week 2,Announcement 1,The analysts have informed you that the realized volatility of RTM this week will be 39%,237,2026-02-12 12:53:06.895660,RTM1P46,0.13,0.11,0.13,1000000.0,,1000000.0,,,,,,,,,,,,,0,0,0,0,0,0,0,0,0,0,0,0,0
3.0,1.0,35.0,,News 1,The analysts have informed you that the realized volatility of RTM next week will be between 36% and 41%,237,2026-02-12 12:53:06.895660,RTM1C47,2.78,2.78,2.8,1000000.0,,1000000.0,,,,,43.0,200.0,72.0,,,,,,0,0,0,0,0,0,0,0,0,0,0,0,0
2.0,1.0,2.0,Week 1,Delta limit and penalty,The delta limit for this sub-heat is 12000 and the penalty percentage is 2%,237,2026-02-12 12:53:06.895660,RTM1P47,0.25,0.25,0.27,1000000.0,,1000000.0,,,,,,,,8.0,,,,,0,0,0,0,0,0,0,0,0,0,0,0,0
1.0,1.0,2.0,Week 1,Risk free rate and current annualized volatility of RTM,The current risk free rate is 0%. RTM is an ETF that mimics one of the major indices in the simulated world and its current annualized realized volatility is 22%. This simulation consists of 20 trading days that are each 15 ticks in length.,237,2026-02-12 12:53:06.895660,RTM1C48,2.07,2.07,2.09,1000000.0,,1000000.0,,,,,40.0,150.0,42.0,,,,,,0,0,0,0,0,0,0,0,0,0,0,0,0
,,,,,,237,2026-02-12 12:53:06.895660,RTM1P48,0.54,0.54,0.56,1000000.0,,1000000.0,,,,,,,,,,,,,0,0,0,0,0,0,0,0,0,0,0,0,0
,,,,,,237,2026-02-12 12:53:06.895660,RTM1C49,1.39,1.39,1.41,1000000.0,,1000000.0,,,,,,108.0,,,60.0,90.0,,,0,0,0,0,0,0,0,0,0,0,0,0,0
,,,,,,237,2026-02-12 12:53:06.895660,RTM1P49,0.86,0.86,0.88,1000000.0,,1000000.0,,,,,8.0,,,40.0,,,32.0,,0,0,0,0,0,0,0,0,0,0,0,0,0
,,,,,,237,2026-02-12 12:53:06.895660,RTM1C50,0.84,0.84,0.86,1000000.0,,1000000.0,,,,,,,,,30.0,30.0,,,0,0,0,0,0,0,0,0,0,0,0,0,0
,,,,,,237,2026-02-12 12:53:06.895660,RTM1P50,1.31,1.31,1.33,1000000.0,,1000000.0,,,,,,,,,,,15.0,,0,0,0,0,0,0,0,0,0,0,0,0,0
,,,,,,237,2026-02-12 12:53:06.895660,RTM1C51,0.57,0.57,0.59,1000000.0,,1000000.0,,,,,,,16.0,,,,,62.0,0,0,0,0,0,0,0,0,0,0,0,0,0
,,,,,,237,2026-02-12 12:53:06.895660,RTM1P51,2.06,2.04,2.06,1000000.0,,1000000.0,,,,,,,,100.0,,,15.0,,0,0,0,0,0,0,0,0,0,0,0,0,0
,,,,,,237,2026-02-12 12:53:06.895660,RTM1C52,0.35,0.35,0.37,1000000.0,,1000000.0,,,,,,,19.0,,,,,,0,0,0,0,0,0,0,0,0,0,0,0,0
,,,,,,237,2026-02-12 12:53:06.895660,RTM1P52,2.83,2.83,2.85,1000000.0,,1000000.0,,,,,,,,,,,,,0,0,0,0,0,0,0,0,0,0,0,0,0
,,,,,,237,2026-02-12 12:53:06.895660,RTM1C53,0.17,0.17,0.19,1000000.0,,1000000.0,,,,,,30.0,,20.0,,,,,0,0,0,0,0,0,0,0,0,0,0,0,0
,,,,,,237,2026-02-12 12:53:06.895660,RTM1P53,3.64,3.64,3.66,1000000.0,,1000000.0,,,,,,,,,,,,,0,0,0,0,0,0,0,0,0,0,0,0,0
,,,,,,237,2026-02-12 12:53:06.895660,RTM1C54,0.12,0.1,0.12,1000000.0,,1000000.0,,,,,,,48.0,,,,,,0,0,0,0,0,0,0,0,0,0,0,0,0
,,,,,,237,2026-02-12 12:53:06.895660,RTM1P54,4.59,4.57,4.59,1000000.0,,1000000.0,,,,,,,,,,,,,0,0,0,0,0,0,0,0,0,0,0,0,0
8.0,1.0,224.0,Week 4,Announcement 3,The analysts have informed you that the realized volatility of RTM this week will be 37%,238,2026-02-12 12:53:07.923643,RTM,49.49,49.49,49.51,100000000.0,190.0,100000000.0,4271.0,1414.0,3600.0,20.0,100.0,,,,,,,,0,0,0,0,0,0,0,0,0,0,0,0,0
7.0,1.0,186.0,,News 3,The analysts have informed you that the realized volatility of RTM next week will be between 34% and 39%,238,2026-02-12 12:53:07.923643,RTM1C45,4.54,4.53,4.55,1000000.0,,1000000.0,,,,,,68.0,50.0,,,,,,0,0,0,0,0,0,0,0,0,0,0,0,0
6.0,1.0,149.0,Week 3,Announcement 2,The analysts have informed you that the realized volatility of RTM this week will be 25%,238,2026-02-12 12:53:07.923643,RTM1P45,0.04,0.04,0.06,1000000.0,,1000000.0,,,,,,,,,,,,,0,0,0,0,0,0,0,0,0,0,0,0,0
5.0,1.0,111.0,,News 2,The analysts have informed you that the realized volatility of RTM next week will be between 21% and 26%,238,2026-02-12 12:53:07.923643,RTM1C46,3.66,3.65,3.67,1000000.0,,1000000.0,,,,,,,,111.0,,,,,0,0,0,0,0,0,0,0,0,0,0,0,0
4.0,1.0,74.0,Week 2,Announcement 1,The analysts have informed you that the realized volatility of RTM this week will be 39%,238,2026-02-12 12:53:07.923643,RTM1P46,0.15,0.15,0.17,1000000.0,,1000000.0,,,,,,,,,,,,,0,0,0,0,0,0,0,0,0,0,0,0,0
3.0,1.0,35.0,,News 1,The analysts have informed you that the realized volatility of RTM next week will be between 36% and 41%,238,2026-02-12 12:53:07.923643,RTM1C47,2.81,2.79,2.81,1000000.0,,1000000.0,,,,,,43.0,200.0,72.0,,,,,0,0,0,0,0,0,0,0,0,0,0,0,0
2.0,1.0,2.0,Week 1,Delta limit and penalty,The delta limit for this sub-heat is 12000 and the penalty percentage is 2%,238,2026-02-12 12:53:07.923643,RTM1P47,0.31,0.29,0.31,1000000.0,,1000000.0,8.0,,,,,,,,,,,,0,0,0,0,0,0,0,0,0,0,0,0,0
1.0,1.0,2.0,Week 1,Risk free rate and current annualized volatility of RTM,The current risk free rate is 0%. RTM is an ETF that mimics one of the major indices in the simulated world and its current annualized realized volatility is 22%. This simulation consists of 20 trading days that are each 15 ticks in length.,238,2026-02-12 12:53:07.923643,RTM1C48,2.03,2.01,2.03,1000000.0,,1000000.0,,,,,,40.0,150.0,42.0,,,,,0,0,0,0,0,0,0,0,0,0,0,0,0
,,,,,,238,2026-02-12 12:53:07.923643,RTM1P48,0.52,0.52,0.54,1000000.0,,1000000.0,,,,,,,,,,,,,0,0,0,0,0,0,0,0,0,0,0,0,0
,,,,,,238,2026-02-12 12:53:07.923643,RTM1C49,1.34,1.34,1.36,1000000.0,,1000000.0,,,,,,,108.0,,60.0,90.0,,,0,0,0,0,0,0,0,0,0,0,0,0,0
,,,,,,238,2026-02-12 12:53:07.923643,RTM1P49,0.84,0.84,0.86,1000000.0,,1000000.0,40.0,,,,,8.0,,,,,32.0,,0,0,0,0,0,0,0,0,0,0,0,0,0
,,,,,,238,2026-02-12 12:53:07.923643,RTM1C50,0.86,0.86,0.88,1000000.0,,1000000.0,,,,,,,,,30.0,30.0,,,0,0,0,0,0,0,0,0,0,0,0,0,0
,,,,,,238,2026-02-12 12:53:07.923643,RTM1P50,1.36,1.36,1.38,1000000.0,,1000000.0,,,,,,,,,,,15.0,,0,0,0,0,0,0,0,0,0,0,0,0,0
,,,,,,238,2026-02-12 12:53:07.923643,RTM1C51,0.56,0.56,0.58,1000000.0,,1000000.0,,,,,,,,16.0,,,,62.0,0,0,0,0,0,0,0,0,0,0,0,0,0
,,,,,,238,2026-02-12 12:53:07.923643,RTM1P51,2.07,2.07,2.09,1000000.0,,1000000.0,100.0,,,,,,,,,,15.0,,0,0,0,0,0,0,0,0,0,0,0,0,0
,,,,,,238,2026-02-12 12:53:07.923643,RTM1C52,0.34,0.33,0.35,1000000.0,,1000000.0,,,,,,,,19.0,,,,,0,0,0,0,0,0,0,0,0,0,0,0,0
,,,,,,238,2026-02-12 12:53:07.923643,RTM1P52,2.83,2.83,2.85,1000000.0,,1000000.0,,,,,,,,,,,,,0,0,0,0,0,0,0,0,0,0,0,0,0
,,,,,,238,2026-02-12 12:53:07.923643,RTM1C53,0.16,0.15,0.17,1000000.0,,1000000.0,20.0,,,,,,30.0,,,,,,0,0,0,0,0,0,0,0,0,0,0,0,0
,,,,,,238,2026-02-12 12:53:07.923643,RTM1P53,3.65,3.65,3.67,1000000.0,,1000000.0,,,,,,,,,,,,,0,0,0,0,0,0,0,0,0,0,0,0,0
,,,,,,238,2026-02-12 12:53:07.923643,RTM1C54,0.08,0.07,0.09,1000000.0,,1000000.0,,,,,,,,48.0,,,,,0,0,0,0,0,0,0,0,0,0,0,0,0
,,,,,,238,2026-02-12 12:53:07.923643,RTM1P54,4.59,4.58,4.6,1000000.0,,1000000.0,,,,,,,,,,,,,0,0,0,0,0,0,0,0,0,0,0,0,0
8.0,1.0,224.0,Week 4,Announcement 3,The analysts have informed you that the realized volatility of RTM this week will be 37%,239,2026-02-12 12:53:08.954924,RTM,49.41,49.39,49.41,100000000.0,190.0,100000000.0,8542.0,1414.0,3600.0,20.0,100.0,,,,,,,,0,0,0,0,0,0,0,0,0,0,0,0,0
7.0,1.0,186.0,,News 3,The analysts have informed you that the realized volatility of RTM next week will be between 34% and 39%,239,2026-02-12 12:53:08.954924,RTM1C45,4.49,4.49,4.51,1000000.0,,1000000.0,,,,,,68.0,50.0,,,,,,0,0,0,0,0,0,0,0,0,0,0,0,0
6.0,1.0,149.0,Week 3,Announcement 2,The analysts have informed you that the realized volatility of RTM this week will be 25%,239,2026-02-12 12:53:08.954924,RTM1P45,0.11,0.09,0.11,1000000.0,,1000000.0,,,,,,,,,,,,,0,0,0,0,0,0,0,0,0,0,0,0,0
5.0,1.0,111.0,,News 2,The analysts have informed you that the realized volatility of RTM next week will be between 21% and 26%,239,2026-02-12 12:53:08.954924,RTM1C46,3.54,3.53,3.55,1000000.0,,1000000.0,,,,,,,,111.0,,,,,0,0,0,0,0,0,0,0,0,0,0,0,0
4.0,1.0,74.0,Week 2,Announcement 1,The analysts have informed you that the realized volatility of RTM this week will be 39%,239,2026-02-12 12:53:08.954924,RTM1P46,0.15,0.14,0.16,1000000.0,,1000000.0,,,,,,,,,,,,,0,0,0,0,0,0,0,0,0,0,0,0,0
3.0,1.0,35.0,,News 1,The analysts have informed you that the realized volatility of RTM next week will be between 36% and 41%,239,2026-02-12 12:53:08.954924,RTM1C47,2.71,2.7,2.72,1000000.0,,1000000.0,,,,,,43.0,200.0,97.0,,,,,0,0,0,0,0,0,0,0,0,0,0,0,0
2.0,1.0,2.0,Week 1,Delta limit and penalty,The delta limit for this sub-heat is 12000 and the penalty percentage is 2%,239,2026-02-12 12:53:08.954924,RTM1P47,0.31,0.31,0.33,1000000.0,,1000000.0,8.0,,,,,,,,,,,,0,0,0,0,0,0,0,0,0,0,0,0,0
1.0,1.0,2.0,Week 1,Risk free rate and current annualized volatility of RTM,The current risk free rate is 0%. RTM is an ETF that mimics one of the major indices in the simulated world and its current annualized realized volatility is 22%. This simulation consists of 20 trading days that are each 15 ticks in length.,239,2026-02-12 12:53:08.954924,RTM1C48,1.92,1.92,1.94,1000000.0,,1000000.0,,,,,,40.0,150.0,42.0,,,,,0,0,0,0,0,0,0,0,0,0,0,0,0
,,,,,,239,2026-02-12 12:53:08.954924,RTM1P48,0.52,0.52,0.54,1000000.0,,1000000.0,,,,,,,,,,,,,0,0,0,0,0,0,0,0,0,0,0,0,0
,,,,,,239,2026-02-12 12:53:08.954924,RTM1C49,1.37,1.37,1.39,1000000.0,,1000000.0,,,,,,,108.0,,60.0,90.0,,,0,0,0,0,0,0,0,0,0,0,0,0,0
,,,,,,239,2026-02-12 12:53:08.954924,RTM1P49,0.98,0.98,1.0,1000000.0,,1000000.0,40.0,,,,,8.0,,,,,32.0,,0,0,0,0,0,0,0,0,0,0,0,0,0
,,,,,,239,2026-02-12 12:53:08.954924,RTM1C50,0.86,0.84,0.86,1000000.0,,1000000.0,,,,,,,,,30.0,30.0,,,0,0,0,0,0,0,0,0,0,0,0,0,0
,,,,,,239,2026-02-12 12:53:08.954924,RTM1P50,1.45,1.45,1.47,1000000.0,,1000000.0,,,,,,,,,,,15.0,,0,0,0,0,0,0,0,0,0,0,0,0,0
,,,,,,239,2026-02-12 12:53:08.954924,RTM1C51,0.57,0.57,0.59,1000000.0,,1000000.0,,,,,,,,16.0,,,,62.0,0,0,0,0,0,0,0,0,0,0,0,0,0
,,,,,,239,2026-02-12 12:53:08.954924,RTM1P51,2.17,2.17,2.19,1000000.0,,1000000.0,100.0,,,,,,,,,,15.0,,0,0,0,0,0,0,0,0,0,0,0,0,0
,,,,,,239,2026-02-12 12:53:08.954924,RTM1C52,0.29,0.29,0.31,1000000.0,,1000000.0,,,,,,,,19.0,,,,,0,0,0,0,0,0,0,0,0,0,0,0,0
,,,,,,239,2026-02-12 12:53:08.954924,RTM1P52,2.9,2.9,2.92,1000000.0,,1000000.0,,,,,,,,,,,,,0,0,0,0,0,0,0,0,0,0,0,0,0
,,,,,,239,2026-02-12 12:53:08.954924,RTM1C53,0.14,0.12,0.14,1000000.0,,1000000.0,25.0,,,,,,,,,,,,0,0,0,0,0,0,0,0,0,0,0,0,0
,,,,,,239,2026-02-12 12:53:08.954924,RTM1P53,3.75,3.73,3.75,1000000.0,,1000000.0,,,,,,,,,,,,,0,0,0,0,0,0,0,0,0,0,0,0,0
,,,,,,239,2026-02-12 12:53:08.954924,RTM1C54,0.09,0.09,0.11,1000000.0,,1000000.0,,,,,,,,48.0,,,,,0,0,0,0,0,0,0,0,0,0,0,0,0
,,,,,,239,2026-02-12 12:53:08.954924,RTM1P54,4.69,4.69,4.71,1000000.0,,1000000.0,,,,,,,,,,,,,0,0,0,0,0,0,0,0,0,0,0,0,0
8.0,1.0,224.0,Week 4,Announcement 3,The analysts have informed you that the realized volatility of RTM this week will be 37%,240,2026-02-12 12:53:09.984453,RTM,49.75,49.75,49.77,100000000.0,190.0,100000000.0,3600.0,20.0,100.0,,,,,,,,,0,0,0,0,0,0,0,0,0,0,0,0,0,0
7.0,1.0,186.0,,News 3,The analysts have informed you that the realized volatility of RTM next week will be between 34% and 39%,240,2026-02-12 12:53:09.984453,RTM1C45,4.8,4.8,4.82,1000000.0,,1000000.0,,,,68.0,50.0,,,,,,,0,0,0,0,0,0,0,0,0,0,0,0,0,0
6.0,1.0,149.0,Week 3,Announcement 2,The analysts have informed you that the realized volatility of RTM this week will be 25%,240,2026-02-12 12:53:09.984453,RTM1P45,0.06,0.04,0.06,1000000.0,,1000000.0,,,,,,,,,,,,0,0,0,0,0,0,0,0,0,0,0,0,0,0
5.0,1.0,111.0,,News 2,The analysts have informed you that the realized volatility of RTM next week will be between 21% and 26%,240,2026-02-12 12:53:09.984453,RTM1C46,3.89,3.87,3.89,1000000.0,,1000000.0,,,,,,111.0,,,,,,0,0,0,0,0,0,0,0,0,0,0,0,0,0
4.0,1.0,74.0,Week 2,Announcement 1,The analysts have informed you that the realized volatility of RTM this week will be 39%,240,2026-02-12 12:53:09.984453,RTM1P46,0.13,0.11,0.13,1000000.0,,1000000.0,,,,,,45.0,,,,,,0,0,0,0,0,0,0,0,0,0,0,0,0,0
3.0,1.0,35.0,,News 1,The analysts have informed you that the realized volatility of RTM next week will be between 36% and 41%,240,2026-02-12 12:53:09.984453,RTM1C47,3.03,3.02,3.04,1000000.0,,1000000.0,,,,43.0,200.0,72.0,,,,,,0,0,0,0,0,0,0,0,0,0,0,0,0,0
2.0,1.0,2.0,Week 1,Delta limit and penalty,The delta limit for this sub-heat is 12000 and the penalty percentage is 2%,240,2026-02-12 12:53:09.984453,RTM1P47,0.28,0.27,0.29,1000000.0,,1000000.0,,,,,,,8.0,,,,,0,0,0,0,0,0,0,0,0,0,0,0,0,0
1.0,1.0,2.0,Week 1,Risk free rate and current annualized volatility of RTM,The current risk free rate is 0%. RTM is an ETF that mimics one of the major indices in the simulated world and its current annualized realized volatility is 22%. This simulation consists of 20 trading days that are each 15 ticks in length.,240,2026-02-12 12:53:09.984453,RTM1C48,2.23,2.22,2.24,1000000.0,,1000000.0,,,,40.0,150.0,42.0,,,,,,0,0,0,0,0,0,0,0,0,0,0,0,0,0
,,,,,,240,2026-02-12 12:53:09.984453,RTM1P48,0.47,0.46,0.48,1000000.0,,1000000.0,,,,,,,,,,,,0,0,0,0,0,0,0,0,0,0,0,0,0,0
,,,,,,240,2026-02-12 12:53:09.984453,RTM1C49,1.63,1.63,1.65,1000000.0,,1000000.0,,,,,108.0,,,60.0,90.0,,,0,0,0,0,0,0,0,0,0,0,0,0,0,0
,,,,,,240,2026-02-12 12:53:09.984453,RTM1P49,0.87,0.87,0.89,1000000.0,,1000000.0,,,,8.0,,,40.0,,,32.0,,0,0,0,0,0,0,0,0,0,0,0,0,0,0
,,,,,,240,2026-02-12 12:53:09.984453,RTM1C50,1.11,1.11,1.13,1000000.0,,1000000.0,,,,,,,,30.0,30.0,,,0,0,0,0,0,0,0,0,0,0,0,0,0,0
,,,,,,240,2026-02-12 12:53:09.984453,RTM1P50,1.35,1.35,1.37,1000000.0,,1000000.0,,,,,,,,,,15.0,,0,0,0,0,0,0,0,0,0,0,0,0,0,0
,,,,,,240,2026-02-12 12:53:09.984453,RTM1C51,0.69,0.69,0.71,1000000.0,,1000000.0,,,,,,16.0,,,,,62.0,0,0,0,0,0,0,0,0,0,0,0,0,0,0
,,,,,,240,2026-02-12 12:53:09.984453,RTM1P51,1.95,1.93,1.95,1000000.0,,1000000.0,,,,,,,100.0,,,15.0,,0,0,0,0,0,0,0,0,0,0,0,0,0,0
,,,,,,240,2026-02-12 12:53:09.984453,RTM1C52,0.45,0.44,0.46,1000000.0,,1000000.0,,,,,,,,,,,,0,0,0,0,0,0,0,0,0,0,0,0,0,0
,,,,,,240,2026-02-12 12:53:09.984453,RTM1P52,2.69,2.68,2.7,1000000.0,,1000000.0,,,,,,,,,,,,0,0,0,0,0,0,0,0,0,0,0,0,0,0
,,,,,,240,2026-02-12 12:53:09.984453,RTM1C53,0.18,0.18,0.2,1000000.0,,1000000.0,,,,,,,20.0,,,,,0,0,0,0,0,0,0,0,0,0,0,0,0,0
,,,,,,240,2026-02-12 12:53:09.984453,RTM1P53,3.43,3.42,3.44,1000000.0,,1000000.0,,,,,,,,,,,,0,0,0,0,0,0,0,0,0,0,0,0,0,0
,,,,,,240,2026-02-12 12:53:09.984453,RTM1C54,0.11,0.1,0.12,1000000.0,,1000000.0,,,,,,48.0,,,,,,0,0,0,0,0,0,0,0,0,0,0,0,0,0
,,,,,,240,2026-02-12 12:53:09.984453,RTM1P54,4.35,4.34,4.36,1000000.0,,1000000.0,,,,,,,,,,,,0,0,0,0,0,0,0,0,0,0,0,0,0,0
8.0,1.0,224.0,Week 4,Announcement 3,The analysts have informed you that the realized volatility of RTM this week will be 37%,241,2026-02-12 12:53:11.012912,RTM,49.7,49.7,49.72,100000000.0,190.0,100000000.0,20.0,100.0,,,,,,,,,0,0,0,0,0,0,0,0,0,0,0,0,0,0,0
7.0,1.0,186.0,,News 3,The analysts have informed you that the realized volatility of RTM next week will be between 34% and 39%,241,2026-02-12 12:53:11.012912,RTM1C45,4.78,4.76,4.78,1000000.0,,1000000.0,,,68.0,50.0,,,,,,,0,0,0,0,0,0,0,0,0,0,0,0,0,0,0
6.0,1.0,149.0,Week 3,Announcement 2,The analysts have informed you that the realized volatility of RTM this week will be 25%,241,2026-02-12 12:53:11.012912,RTM1P45,0.05,0.05,0.07,1000000.0,,1000000.0,,,,,,,,,,,0,0,0,0,0,0,0,0,0,0,0,0,0,0,0
5.0,1.0,111.0,,News 2,The analysts have informed you that the realized volatility of RTM next week will be between 21% and 26%,241,2026-02-12 12:53:11.012912,RTM1C46,3.82,3.8,3.82,1000000.0,,1000000.0,,,,,111.0,,,,,,0,0,0,0,0,0,0,0,0,0,0,0,0,0,0
4.0,1.0,74.0,Week 2,Announcement 1,The analysts have informed you that the realized volatility of RTM this week will be 39%,241,2026-02-12 12:53:11.012912,RTM1P46,0.11,0.09,0.11,1000000.0,,1000000.0,,,,,45.0,,,,,,0,0,0,0,0,0,0,0,0,0,0,0,0,0,0
3.0,1.0,35.0,,News 1,The analysts have informed you that the realized volatility of RTM next week will be between 36% and 41%,241,2026-02-12 12:53:11.012912,RTM1C47,2.97,2.96,2.98,1000000.0,,1000000.0,,,43.0,200.0,72.0,,,,,,0,0,0,0,0,0,0,0,0,0,0,0,0,0,0
2.0,1.0,2.0,Week 1,Delta limit and penalty,The delta limit for this sub-heat is 12000 and the penalty percentage is 2%,241,2026-02-12 12:53:11.012912,RTM1P47,0.27,0.25,0.27,1000000.0,,1000000.0,,,,,,8.0,,,,,0,0,0,0,0,0,0,0,0,0,0,0,0,0,0
1.0,1.0,2.0,Week 1,Risk free rate and current annualized volatility of RTM,The current risk free rate is 0%. RTM is an ETF that mimics one of the major indices in the simulated world and its current annualized realized volatility is 22%. This simulation consists of 20 trading days that are each 15 ticks in length.,241,2026-02-12 12:53:11.012912,RTM1C48,2.18,2.16,2.18,1000000.0,,1000000.0,,,40.0,150.0,42.0,,,,,,0,0,0,0,0,0,0,0,0,0,0,0,0,0,0
,,,,,,241,2026-02-12 12:53:11.012912,RTM1P48,0.47,0.45,0.47,1000000.0,,1000000.0,,,,,,,,,,,0,0,0,0,0,0,0,0,0,0,0,0,0,0,0
,,,,,,241,2026-02-12 12:53:11.012912,RTM1C49,1.63,1.63,1.65,1000000.0,,1000000.0,,,,108.0,,,14.0,60.0,90.0,,0,0,0,0,0,0,0,0,0,0,0,0,0,0,0
,,,,,,241,2026-02-12 12:53:11.012912,RTM1P49,0.93,0.93,0.95,1000000.0,,1000000.0,,,8.0,,,40.0,46.0,,,,0,0,0,0,0,0,0,0,0,0,0,0,0,0,0
,,,,,,241,2026-02-12 12:53:11.012912,RTM1C50,1.0,1.0,1.02,1000000.0,,1000000.0,,,,,,,14.0,30.0,30.0,,0,0,0,0,0,0,0,0,0,0,0,0,0,0,0
,,,,,,241,2026-02-12 12:53:11.012912,RTM1P50,1.29,1.29,1.31,1000000.0,,1000000.0,,,,,,,15.0,,,,0,0,0,0,0,0,0,0,0,0,0,0,0,0,0
,,,,,,241,2026-02-12 12:53:11.012912,RTM1C51,0.63,0.61,0.63,1000000.0,,1000000.0,,,,,16.0,,,,,62.0,0,0,0,0,0,0,0,0,0,0,0,0,0,0,0
,,,,,,241,2026-02-12 12:53:11.012912,RTM1P51,1.9,1.9,1.92,1000000.0,,1000000.0,,,,,,100.0,15.0,,,,0,0,0,0,0,0,0,0,0,0,0,0,0,0,0
,,,,,,241,2026-02-12 12:53:11.012912,RTM1C52,0.33,0.33,0.35,1000000.0,,1000000.0,,,,,,,,,,,0,0,0,0,0,0,0,0,0,0,0,0,0,0,0
,,,,,,241,2026-02-12 12:53:11.012912,RTM1P52,2.62,2.62,2.64,1000000.0,,1000000.0,,,,,,,,,,,0,0,0,0,0,0,0,0,0,0,0,0,0,0,0
,,,,,,241,2026-02-12 12:53:11.012912,RTM1C53,0.2,0.18,0.2,1000000.0,,1000000.0,,,,,,20.0,,,,,0,0,0,0,0,0,0,0,0,0,0,0,0,0,0
,,,,,,241,2026-02-12 12:53:11.012912,RTM1P53,3.48,3.47,3.49,1000000.0,,1000000.0,,,,,36.0,,,,,,0,0,0,0,0,0,0,0,0,0,0,0,0,0,0
,,,,,,241,2026-02-12 12:53:11.012912,RTM1C54,0.1,0.1,0.12,1000000.0,,1000000.0,,,,,48.0,,,,,,0,0,0,0,0,0,0,0,0,0,0,0,0,0,0
,,,,,,241,2026-02-12 12:53:11.012912,RTM1P54,4.41,4.39,4.41,1000000.0,,1000000.0,,,,,66.0,,,,,,0,0,0,0,0,0,0,0,0,0,0,0,0,0,0
8.0,1.0,224.0,Week 4,Announcement 3,The analysts have informed you that the realized volatility of RTM this week will be 37%,242,2026-02-12 12:53:12.040416,RTM,50.03,50.03,50.05,100000000.0,190.0,100000000.0,20.0,100.0,,,,,,,,,0,0,0,0,0,0,0,0,0,0,0,0,0,0,0
7.0,1.0,186.0,,News 3,The analysts have informed you that the realized volatility of RTM next week will be between 34% and 39%,242,2026-02-12 12:53:12.040416,RTM1C45,5.07,5.07,5.09,1000000.0,,1000000.0,,,68.0,50.0,,,,,,,0,0,0,0,0,0,0,0,0,0,0,0,0,0,0
6.0,1.0,149.0,Week 3,Announcement 2,The analysts have informed you that the realized volatility of RTM this week will be 25%,242,2026-02-12 12:53:12.040416,RTM1P45,0.04,0.03,0.05,1000000.0,,1000000.0,,,,,,,,,,,0,0,0,0,0,0,0,0,0,0,0,0,0,0,0
5.0,1.0,111.0,,News 2,The analysts have informed you that the realized volatility of RTM next week will be between 21% and 26%,242,2026-02-12 12:53:12.040416,RTM1C46,4.12,4.1,4.12,1000000.0,,1000000.0,,,,,54.0,,,,,,0,0,0,0,0,0,0,0,0,0,0,0,0,0,0
4.0,1.0,74.0,Week 2,Announcement 1,The analysts have informed you that the realized volatility of RTM this week will be 39%,242,2026-02-12 12:53:12.040416,RTM1P46,0.08,0.07,0.09,1000000.0,,1000000.0,,,,,45.0,,,,,,0,0,0,0,0,0,0,0,0,0,0,0,0,0,0
3.0,1.0,35.0,,News 1,The analysts have informed you that the realized volatility of RTM next week will be between 36% and 41%,242,2026-02-12 12:53:12.040416,RTM1C47,3.2,3.19,3.21,1000000.0,,1000000.0,,,43.0,200.0,41.0,,,,,,0,0,0,0,0,0,0,0,0,0,0,0,0,0,0
2.0,1.0,2.0,Week 1,Delta limit and penalty,The delta limit for this sub-heat is 12000 and the penalty percentage is 2%,242,2026-02-12 12:53:12.040416,RTM1P47,0.16,0.15,0.17,1000000.0,,1000000.0,,,,,,8.0,,,,,0,0,0,0,0,0,0,0,0,0,0,0,0,0,0
1.0,1.0,2.0,Week 1,Risk free rate and current annualized volatility of RTM,The current risk free rate is 0%. RTM is an ETF that mimics one of the major indices in the simulated world and its current annualized realized volatility is 22%. This simulation consists of 20 trading days that are each 15 ticks in length.,242,2026-02-12 12:53:12.040416,RTM1C48,2.45,2.44,2.46,1000000.0,,1000000.0,,,40.0,150.0,22.0,,,,,,0,0,0,0,0,0,0,0,0,0,0,0,0,0,0
,,,,,,242,2026-02-12 12:53:12.040416,RTM1P48,0.41,0.4,0.42,1000000.0,,1000000.0,,,,,,,,,,,0,0,0,0,0,0,0,0,0,0,0,0,0,0,0
,,,,,,242,2026-02-12 12:53:12.040416,RTM1C49,1.79,1.79,1.81,1000000.0,,1000000.0,,,,108.0,,,14.0,60.0,90.0,,0,0,0,0,0,0,0,0,0,0,0,0,0,0,0
,,,,,,242,2026-02-12 12:53:12.040416,RTM1P49,0.75,0.75,0.77,1000000.0,,1000000.0,,,8.0,,14.0,40.0,32.0,,,30.0,0,0,0,0,0,0,0,0,0,0,0,0,0,0,0
,,,,,,242,2026-02-12 12:53:12.040416,RTM1C50,1.1,1.1,1.12,1000000.0,,1000000.0,,,,,,,14.0,30.0,30.0,,0,0,0,0,0,0,0,0,0,0,0,0,0,0,0
,,,,,,242,2026-02-12 12:53:12.040416,RTM1P50,1.07,1.07,1.09,1000000.0,,1000000.0,,,,,,,,,,,0,0,0,0,0,0,0,0,0,0,0,0,0,0,0
,,,,,,242,2026-02-12 12:53:12.040416,RTM1C51,0.76,0.76,0.78,1000000.0,,1000000.0,,,,,,,,,,,0,0,0,0,0,0,0,0,0,0,0,0,0,0,0
,,,,,,242,2026-02-12 12:53:12.040416,RTM1P51,1.74,1.72,1.74,1000000.0,,1000000.0,,,,,,100.0,15.0,,,,0,0,0,0,0,0,0,0,0,0,0,0,0,0,0
,,,,,,242,2026-02-12 12:53:12.040416,RTM1C52,0.43,0.42,0.44,1000000.0,,1000000.0,,,,,,,,,,,0,0,0,0,0,0,0,0,0,0,0,0,0,0,0
,,,,,,242,2026-02-12 12:53:12.040416,RTM1P52,2.4,2.39,2.41,1000000.0,,1000000.0,,,,,,,,,,,0,0,0,0,0,0,0,0,0,0,0,0,0,0,0
,,,,,,242,2026-02-12 12:53:12.040416,RTM1C53,0.23,0.22,0.24,1000000.0,,1000000.0,,,,,,20.0,,,,,0,0,0,0,0,0,0,0,0,0,0,0,0,0,0
,,,,,,242,2026-02-12 12:53:12.040416,RTM1P53,3.19,3.18,3.2,1000000.0,,1000000.0,,,,,36.0,,,,,,0,0,0,0,0,0,0,0,0,0,0,0,0,0,0
,,,,,,242,2026-02-12 12:53:12.040416,RTM1C54,0.16,0.15,0.17,1000000.0,,1000000.0,,,,,,,,,,,0,0,0,0,0,0,0,0,0,0,0,0,0,0,0
,,,,,,242,2026-02-12 12:53:12.040416,RTM1P54,4.13,4.12,4.14,1000000.0,,1000000.0,,,,,66.0,,,,,,0,0,0,0,0,0,0,0,0,0,0,0,0,0,0
8.0,1.0,224.0,Week 4,Announcement 3,The analysts have informed you that the realized volatility of RTM this week will be 37%,243,2026-02-12 12:53:13.095321,RTM,49.98,49.96,49.98,100000000.0,190.0,100000000.0,20.0,100.0,,,,,,,,,,0,0,0,0,0,0,0,0,0,0,0,0,0,0
7.0,1.0,186.0,,News 3,The analysts have informed you that the realized volatility of RTM next week will be between 34% and 39%,243,2026-02-12 12:53:13.095321,RTM1C45,5.0,4.99,5.01,1000000.0,,1000000.0,,,68.0,50.0,,,,,,,,0,0,0,0,0,0,0,0,0,0,0,0,0,0
6.0,1.0,149.0,Week 3,Announcement 2,The analysts have informed you that the realized volatility of RTM this week will be 25%,243,2026-02-12 12:53:13.095321,RTM1P45,0.03,0.02,0.04,1000000.0,,1000000.0,,,,,,,,,,,,0,0,0,0,0,0,0,0,0,0,0,0,0,0
5.0,1.0,111.0,,News 2,The analysts have informed you that the realized volatility of RTM next week will be between 21% and 26%,243,2026-02-12 12:53:13.095321,RTM1C46,4.06,4.05,4.07,1000000.0,,1000000.0,,,,,54.0,,,,,,,0,0,0,0,0,0,0,0,0,0,0,0,0,0
4.0,1.0,74.0,Week 2,Announcement 1,The analysts have informed you that the realized volatility of RTM this week will be 39%,243,2026-02-12 12:53:13.095321,RTM1P46,0.08,0.07,0.09,1000000.0,,1000000.0,,,,,45.0,,,,,,,0,0,0,0,0,0,0,0,0,0,0,0,0,0
3.0,1.0,35.0,,News 1,The analysts have informed you that the realized volatility of RTM next week will be between 36% and 41%,243,2026-02-12 12:53:13.095321,RTM1C47,3.17,3.16,3.18,1000000.0,,1000000.0,,,43.0,200.0,41.0,,,,,,,0,0,0,0,0,0,0,0,0,0,0,0,0,0
2.0,1.0,2.0,Week 1,Delta limit and penalty,The delta limit for this sub-heat is 12000 and the penalty percentage is 2%,243,2026-02-12 12:53:13.095321,RTM1P47,0.2,0.19,0.21,1000000.0,,1000000.0,,,,,27.0,8.0,,,,,,0,0,0,0,0,0,0,0,0,0,0,0,0,0
1.0,1.0,2.0,Week 1,Risk free rate and current annualized volatility of RTM,The current risk free rate is 0%. RTM is an ETF that mimics one of the major indices in the simulated world and its current annualized realized volatility is 22%. This simulation consists of 20 trading days that are each 15 ticks in length.,243,2026-02-12 12:53:13.095321,RTM1C48,2.34,2.34,2.36,1000000.0,,1000000.0,,,40.0,150.0,22.0,,,,,,,0,0,0,0,0,0,0,0,0,0,0,0,0,0
,,,,,,243,2026-02-12 12:53:13.095321,RTM1P48,0.37,0.37,0.39,1000000.0,,1000000.0,,,,,17.0,,,,,,,0,0,0,0,0,0,0,0,0,0,0,0,0,0
,,,,,,243,2026-02-12 12:53:13.095321,RTM1C49,1.75,1.75,1.77,1000000.0,,1000000.0,,,,108.0,,,14.0,60.0,90.0,51.0,,0,0,0,0,0,0,0,0,0,0,0,0,0,0
,,,,,,243,2026-02-12 12:53:13.095321,RTM1P49,0.78,0.78,0.8,1000000.0,,1000000.0,,,8.0,,14.0,40.0,32.0,,,,30.0,0,0,0,0,0,0,0,0,0,0,0,0,0,0
,,,,,,243,2026-02-12 12:53:13.095321,RTM1C50,1.08,1.08,1.1,1000000.0,,1000000.0,,,,,,,14.0,30.0,30.0,,,0,0,0,0,0,0,0,0,0,0,0,0,0,0
,,,,,,243,2026-02-12 12:53:13.095321,RTM1P50,1.1,1.1,1.12,1000000.0,,1000000.0,,,,,,,,,,,,0,0,0,0,0,0,0,0,0,0,0,0,0,0
,,,,,,243,2026-02-12 12:53:13.095321,RTM1C51,0.73,0.73,0.75,1000000.0,,1000000.0,,,,,,,,,,,,0,0,0,0,0,0,0,0,0,0,0,0,0,0
,,,,,,243,2026-02-12 12:53:13.095321,RTM1P51,1.76,1.76,1.78,1000000.0,,1000000.0,,,,,,100.0,15.0,,,,,0,0,0,0,0,0,0,0,0,0,0,0,0,0
,,,,,,243,2026-02-12 12:53:13.095321,RTM1C52,0.37,0.37,0.39,1000000.0,,1000000.0,,,,,,,,,,,,0,0,0,0,0,0,0,0,0,0,0,0,0,0
,,,,,,243,2026-02-12 12:53:13.095321,RTM1P52,2.42,2.4,2.42,1000000.0,,1000000.0,,,,,20.0,,,,,,,0,0,0,0,0,0,0,0,0,0,0,0,0,0
,,,,,,243,2026-02-12 12:53:13.095321,RTM1C53,0.22,0.22,0.24,1000000.0,,1000000.0,,,,,,20.0,,,,,,0,0,0,0,0,0,0,0,0,0,0,0,0,0
,,,,,,243,2026-02-12 12:53:13.095321,RTM1P53,3.25,3.25,3.27,1000000.0,,1000000.0,,,,,36.0,,,,,,,0,0,0,0,0,0,0,0,0,0,0,0,0,0
,,,,,,243,2026-02-12 12:53:13.095321,RTM1C54,0.09,0.09,0.11,1000000.0,,1000000.0,,,,,,,,,,,,0,0,0,0,0,0,0,0,0,0,0,0,0,0
,,,,,,243,2026-02-12 12:53:13.095321,RTM1P54,4.12,4.12,4.14,1000000.0,,1000000.0,,,,,66.0,,,,,,,0,0,0,0,0,0,0,0,0,0,0,0,0,0
8.0,1.0,224.0,Week 4,Announcement 3,The analysts have informed you that the realized volatility of RTM this week will be 37%,244,2026-02-12 12:53:14.123022,RTM,49.85,49.83,49.85,100000000.0,190.0,100000000.0,20.0,100.0,,,,,,,,,,0,0,0,0,0,0,0,0,0,0,0,0,0,0
7.0,1.0,186.0,,News 3,The analysts have informed you that the realized volatility of RTM next week will be between 34% and 39%,244,2026-02-12 12:53:14.123022,RTM1C45,4.89,4.87,4.89,1000000.0,,1000000.0,,,68.0,50.0,,,,,,,,0,0,0,0,0,0,0,0,0,0,0,0,0,0
6.0,1.0,149.0,Week 3,Announcement 2,The analysts have informed you that the realized volatility of RTM this week will be 25%,244,2026-02-12 12:53:14.123022,RTM1P45,0.04,0.03,0.05,1000000.0,,1000000.0,,,,,,,,,,,,0,0,0,0,0,0,0,0,0,0,0,0,0,0
5.0,1.0,111.0,,News 2,The analysts have informed you that the realized volatility of RTM next week will be between 21% and 26%,244,2026-02-12 12:53:14.123022,RTM1C46,3.92,3.92,3.94,1000000.0,,1000000.0,,,,,54.0,,,,,,,0,0,0,0,0,0,0,0,0,0,0,0,0,0
4.0,1.0,74.0,Week 2,Announcement 1,The analysts have informed you that the realized volatility of RTM this week will be 39%,244,2026-02-12 12:53:14.123022,RTM1P46,0.08,0.08,0.1,1000000.0,,1000000.0,,,,,45.0,,,,,,,0,0,0,0,0,0,0,0,0,0,0,0,0,0
3.0,1.0,35.0,,News 1,The analysts have informed you that the realized volatility of RTM next week will be between 36% and 41%,244,2026-02-12 12:53:14.123022,RTM1C47,3.07,3.07,3.09,1000000.0,,1000000.0,,,43.0,200.0,41.0,,,,,,,0,0,0,0,0,0,0,0,0,0,0,0,0,0
2.0,1.0,2.0,Week 1,Delta limit and penalty,The delta limit for this sub-heat is 12000 and the penalty percentage is 2%,244,2026-02-12 12:53:14.123022,RTM1P47,0.23,0.23,0.24,1000000.0,,1000000.0,,,,,27.0,8.0,,,,,,0,0,0,0,0,0,0,0,0,0,0,0,0,0
1.0,1.0,2.0,Week 1,Risk free rate and current annualized volatility of RTM,The current risk free rate is 0%. RTM is an ETF that mimics one of the major indices in the simulated world and its current annualized realized volatility is 22%. This simulation consists of 20 trading days that are each 15 ticks in length.,244,2026-02-12 12:53:14.123022,RTM1C48,2.35,2.35,2.37,1000000.0,,1000000.0,,,40.0,150.0,22.0,,,,,,,0,0,0,0,0,0,0,0,0,0,0,0,0,0
,,,,,,244,2026-02-12 12:53:14.123022,RTM1P48,0.5,0.5,0.52,1000000.0,,1000000.0,,,,,,,,,,,,0,0,0,0,0,0,0,0,0,0,0,0,0,0
,,,,,,244,2026-02-12 12:53:14.123022,RTM1C49,1.58,1.56,1.58,1000000.0,,1000000.0,,,,108.0,,,14.0,60.0,90.0,51.0,,0,0,0,0,0,0,0,0,0,0,0,0,0,0
,,,,,,244,2026-02-12 12:53:14.123022,RTM1P49,0.73,0.71,0.73,1000000.0,,1000000.0,,,8.0,,14.0,40.0,32.0,,,,30.0,0,0,0,0,0,0,0,0,0,0,0,0,0,0
,,,,,,244,2026-02-12 12:53:14.123022,RTM1C50,0.97,0.97,0.99,1000000.0,,1000000.0,,,,,,,14.0,30.0,30.0,,,0,0,0,0,0,0,0,0,0,0,0,0,0,0
,,,,,,244,2026-02-12 12:53:14.123022,RTM1P50,1.14,1.12,1.14,1000000.0,,1000000.0,,,,,,,,,,,,0,0,0,0,0,0,0,0,0,0,0,0,0,0
,,,,,,244,2026-02-12 12:53:14.123022,RTM1C51,0.65,0.63,0.65,1000000.0,,1000000.0,,,,,,,,,,,,0,0,0,0,0,0,0,0,0,0,0,0,0,0
,,,,,,244,2026-02-12 12:53:14.123022,RTM1P51,1.81,1.79,1.81,1000000.0,,1000000.0,,,,,15.0,100.0,15.0,,,,,0,0,0,0,0,0,0,0,0,0,0,0,0,0
,,,,,,244,2026-02-12 12:53:14.123022,RTM1C52,0.34,0.34,0.36,1000000.0,,1000000.0,,,,,,,,,,,,0,0,0,0,0,0,0,0,0,0,0,0,0,0
,,,,,,244,2026-02-12 12:53:14.123022,RTM1P52,2.5,2.5,2.52,1000000.0,,1000000.0,,,,,20.0,,,,,,,0,0,0,0,0,0,0,0,0,0,0,0,0,0
,,,,,,244,2026-02-12 12:53:14.123022,RTM1C53,0.23,0.22,0.24,1000000.0,,1000000.0,,,,,,20.0,,,,,,0,0,0,0,0,0,0,0,0,0,0,0,0,0
,,,,,,244,2026-02-12 12:53:14.123022,RTM1P53,3.38,3.37,3.39,1000000.0,,1000000.0,,,,,68.0,,,,,,,0,0,0,0,0,0,0,0,0,0,0,0,0,0
,,,,,,244,2026-02-12 12:53:14.123022,RTM1C54,0.09,0.08,0.1,1000000.0,,1000000.0,,,,,,,,,,,,0,0,0,0,0,0,0,0,0,0,0,0,0,0
,,,,,,244,2026-02-12 12:53:14.123022,RTM1P54,4.25,4.24,4.26,1000000.0,,1000000.0,,,,,66.0,,,,,,,0,0,0,0,0,0,0,0,0,0,0,0,0,0
8.0,1.0,224.0,Week 4,Announcement 3,The analysts have informed you that the realized volatility of RTM this week will be 37%,245,2026-02-12 12:53:15.150722,RTM,49.77,49.75,49.77,100000000.0,190.0,100000000.0,20.0,100.0,,,,,,,,,,,0,0,0,0,0,0,0,0,0,0,0,0,0
7.0,1.0,186.0,,News 3,The analysts have informed you that the realized volatility of RTM next week will be between 34% and 39%,245,2026-02-12 12:53:15.150722,RTM1C45,4.82,4.8,4.82,1000000.0,,1000000.0,,,68.0,50.0,,,,,,,,,0,0,0,0,0,0,0,0,0,0,0,0,0
6.0,1.0,149.0,Week 3,Announcement 2,The analysts have informed you that the realized volatility of RTM this week will be 25%,245,2026-02-12 12:53:15.150722,RTM1P45,0.06,0.04,0.06,1000000.0,,1000000.0,,,,,,,,,,,,,0,0,0,0,0,0,0,0,0,0,0,0,0
5.0,1.0,111.0,,News 2,The analysts have informed you that the realized volatility of RTM next week will be between 21% and 26%,245,2026-02-12 12:53:15.150722,RTM1C46,3.87,3.87,3.89,1000000.0,,1000000.0,,,,,54.0,,,,,,,,0,0,0,0,0,0,0,0,0,0,0,0,0
4.0,1.0,74.0,Week 2,Announcement 1,The analysts have informed you that the realized volatility of RTM this week will be 39%,245,2026-02-12 12:53:15.150722,RTM1P46,0.1,0.1,0.12,1000000.0,,1000000.0,,,,,45.0,,,,,,,,0,0,0,0,0,0,0,0,0,0,0,0,0
3.0,1.0,35.0,,News 1,The analysts have informed you that the realized volatility of RTM next week will be between 36% and 41%,245,2026-02-12 12:53:15.150722,RTM1C47,2.96,2.96,2.98,1000000.0,,1000000.0,,,43.0,200.0,41.0,,,,,,,,0,0,0,0,0,0,0,0,0,0,0,0,0
2.0,1.0,2.0,Week 1,Delta limit and penalty,The delta limit for this sub-heat is 12000 and the penalty percentage is 2%,245,2026-02-12 12:53:15.150722,RTM1P47,0.2,0.2,0.22,1000000.0,,1000000.0,,,,,27.0,8.0,,,,,,,0,0,0,0,0,0,0,0,0,0,0,0,0
1.0,1.0,2.0,Week 1,Risk free rate and current annualized volatility of RTM,The current risk free rate is 0%. RTM is an ETF that mimics one of the major indices in the simulated world and its current annualized realized volatility is 22%. This simulation consists of 20 trading days that are each 15 ticks in length.,245,2026-02-12 12:53:15.150722,RTM1C48,2.23,2.21,2.23,1000000.0,,1000000.0,,,40.0,150.0,40.0,,30.0,,,,,,0,0,0,0,0,0,0,0,0,0,0,0,0
,,,,,,245,2026-02-12 12:53:15.150722,RTM1P48,0.47,0.45,0.47,1000000.0,,1000000.0,,,,,18.0,,,,,,,,0,0,0,0,0,0,0,0,0,0,0,0,0
,,,,,,245,2026-02-12 12:53:15.150722,RTM1C49,1.46,1.46,1.48,1000000.0,,1000000.0,,,,108.0,,,,14.0,60.0,90.0,51.0,,0,0,0,0,0,0,0,0,0,0,0,0,0
,,,,,,245,2026-02-12 12:53:15.150722,RTM1P49,0.7,0.7,0.72,1000000.0,,1000000.0,,,8.0,,14.0,40.0,,32.0,,,,30.0,0,0,0,0,0,0,0,0,0,0,0,0,0
,,,,,,245,2026-02-12 12:53:15.150722,RTM1C50,1.0,0.98,1.0,1000000.0,,1000000.0,,,,,,,,14.0,30.0,30.0,,,0,0,0,0,0,0,0,0,0,0,0,0,0
,,,,,,245,2026-02-12 12:53:15.150722,RTM1P50,1.22,1.22,1.24,1000000.0,,1000000.0,,,,,,,,13.0,,,,,0,0,0,0,0,0,0,0,0,0,0,0,0
,,,,,,245,2026-02-12 12:53:15.150722,RTM1C51,0.64,0.64,0.66,1000000.0,,1000000.0,,,,,,,,,,,,,0,0,0,0,0,0,0,0,0,0,0,0,0
,,,,,,245,2026-02-12 12:53:15.150722,RTM1P51,1.88,1.88,1.9,1000000.0,,1000000.0,,,,,,100.0,,15.0,,,,,0,0,0,0,0,0,0,0,0,0,0,0,0
,,,,,,245,2026-02-12 12:53:15.150722,RTM1C52,0.37,0.37,0.39,1000000.0,,1000000.0,,,,,,,,,,,,,0,0,0,0,0,0,0,0,0,0,0,0,0
,,,,,,245,2026-02-12 12:53:15.150722,RTM1P52,2.61,2.6,2.61,1000000.0,,1000000.0,,,,,20.0,,,,,,,,0,0,0,0,0,0,0,0,0,0,0,0,0
,,,,,,245,2026-02-12 12:53:15.150722,RTM1C53,0.2,0.18,0.2,1000000.0,,1000000.0,,,,,,20.0,,,,,,,0,0,0,0,0,0,0,0,0,0,0,0,0
,,,,,,245,2026-02-12 12:53:15.150722,RTM1P53,3.43,3.41,3.43,1000000.0,,1000000.0,,,,,68.0,,,,,,,,0,0,0,0,0,0,0,0,0,0,0,0,0
,,,,,,245,2026-02-12 12:53:15.150722,RTM1C54,0.08,0.06,0.08,1000000.0,,1000000.0,,,,,,,,,,,,,0,0,0,0,0,0,0,0,0,0,0,0,0
,,,,,,245,2026-02-12 12:53:15.150722,RTM1P54,4.32,4.3,4.32,1000000.0,,1000000.0,,,,,66.0,,,,,,,,0,0,0,0,0,0,0,0,0,0,0,0,0
8.0,1.0,224.0,Week 4,Announcement 3,The analysts have informed you that the realized volatility of RTM this week will be 37%,246,2026-02-12 12:53:16.177957,RTM,49.67,49.65,49.67,100000000.0,190.0,100000000.0,20.0,100.0,,,,,,,,,,,0,0,0,0,0,0,0,0,0,0,0,0,0
7.0,1.0,186.0,,News 3,The analysts have informed you that the realized volatility of RTM next week will be between 34% and 39%,246,2026-02-12 12:53:16.177957,RTM1C45,4.7,4.7,4.72,1000000.0,,1000000.0,,,68.0,50.0,,,,,,,,,0,0,0,0,0,0,0,0,0,0,0,0,0
6.0,1.0,149.0,Week 3,Announcement 2,The analysts have informed you that the realized volatility of RTM this week will be 25%,246,2026-02-12 12:53:16.177957,RTM1P45,0.04,0.04,0.06,1000000.0,,1000000.0,,,,,,,,,,,,,0,0,0,0,0,0,0,0,0,0,0,0,0
5.0,1.0,111.0,,News 2,The analysts have informed you that the realized volatility of RTM next week will be between 21% and 26%,246,2026-02-12 12:53:16.177957,RTM1C46,3.75,3.74,3.76,1000000.0,,1000000.0,,,,,54.0,,,,,,,,0,0,0,0,0,0,0,0,0,0,0,0,0
4.0,1.0,74.0,Week 2,Announcement 1,The analysts have informed you that the realized volatility of RTM this week will be 39%,246,2026-02-12 12:53:16.177957,RTM1P46,0.09,0.08,0.1,1000000.0,,1000000.0,,,,,45.0,,,,,,,,0,0,0,0,0,0,0,0,0,0,0,0,0
3.0,1.0,35.0,,News 1,The analysts have informed you that the realized volatility of RTM next week will be between 36% and 41%,246,2026-02-12 12:53:16.177957,RTM1C47,2.88,2.86,2.88,1000000.0,,1000000.0,,,43.0,200.0,71.0,,,,,,,,0,0,0,0,0,0,0,0,0,0,0,0,0
2.0,1.0,2.0,Week 1,Delta limit and penalty,The delta limit for this sub-heat is 12000 and the penalty percentage is 2%,246,2026-02-12 12:53:16.177957,RTM1P47,0.22,0.2,0.22,1000000.0,,1000000.0,,,,,27.0,8.0,,,,,,,0,0,0,0,0,0,0,0,0,0,0,0,0
1.0,1.0,2.0,Week 1,Risk free rate and current annualized volatility of RTM,The current risk free rate is 0%. RTM is an ETF that mimics one of the major indices in the simulated world and its current annualized realized volatility is 22%. This simulation consists of 20 trading days that are each 15 ticks in length.,246,2026-02-12 12:53:16.177957,RTM1C48,2.16,2.16,2.18,1000000.0,,1000000.0,,,40.0,150.0,40.0,,30.0,,,,,,0,0,0,0,0,0,0,0,0,0,0,0,0
,,,,,,246,2026-02-12 12:53:16.177957,RTM1P48,0.5,0.5,0.52,1000000.0,,1000000.0,,,,,,,,,,,,,0,0,0,0,0,0,0,0,0,0,0,0,0
,,,,,,246,2026-02-12 12:53:16.177957,RTM1C49,1.44,1.44,1.46,1000000.0,,1000000.0,,,,108.0,,,,14.0,60.0,90.0,51.0,,0,0,0,0,0,0,0,0,0,0,0,0,0
,,,,,,246,2026-02-12 12:53:16.177957,RTM1P49,0.78,0.78,0.8,1000000.0,,1000000.0,,,8.0,,14.0,40.0,,32.0,,,,30.0,0,0,0,0,0,0,0,0,0,0,0,0,0
,,,,,,246,2026-02-12 12:53:16.177957,RTM1C50,0.95,0.95,0.97,1000000.0,,1000000.0,,,,,,,,14.0,30.0,30.0,,,0,0,0,0,0,0,0,0,0,0,0,0,0
,,,,,,246,2026-02-12 12:53:16.177957,RTM1P50,1.28,1.28,1.3,1000000.0,,1000000.0,,,,,,,,13.0,,,,,0,0,0,0,0,0,0,0,0,0,0,0,0
,,,,,,246,2026-02-12 12:53:16.177957,RTM1C51,0.51,0.49,0.51,1000000.0,,1000000.0,,,,,,,,,,,,,0,0,0,0,0,0,0,0,0,0,0,0,0
,,,,,,246,2026-02-12 12:53:16.177957,RTM1P51,1.85,1.83,1.85,1000000.0,,1000000.0,,,,,,100.0,,15.0,,,,,0,0,0,0,0,0,0,0,0,0,0,0,0
,,,,,,246,2026-02-12 12:53:16.177957,RTM1C52,0.34,0.33,0.35,1000000.0,,1000000.0,,,,,,,30.0,,,,,30.0,0,0,0,0,0,0,0,0,0,0,0,0,0
,,,,,,246,2026-02-12 12:53:16.177957,RTM1P52,2.68,2.67,2.69,1000000.0,,1000000.0,,,,,,,,,,,,,0,0,0,0,0,0,0,0,0,0,0,0,0
,,,,,,246,2026-02-12 12:53:16.177957,RTM1C53,0.18,0.17,0.19,1000000.0,,1000000.0,,,,,30.0,20.0,,,,,,,0,0,0,0,0,0,0,0,0,0,0,0,0
,,,,,,246,2026-02-12 12:53:16.177957,RTM1P53,3.52,3.51,3.53,1000000.0,,1000000.0,,,,,36.0,,,,,,,,0,0,0,0,0,0,0,0,0,0,0,0,0
,,,,,,246,2026-02-12 12:53:16.177957,RTM1C54,0.07,0.06,0.08,1000000.0,,1000000.0,,,,,,,,,,,,,0,0,0,0,0,0,0,0,0,0,0,0,0
,,,,,,246,2026-02-12 12:53:16.177957,RTM1P54,4.42,4.4,4.42,1000000.0,,1000000.0,,,,,66.0,,,,,,,,0,0,0,0,0,0,0,0,0,0,0,0,0
8.0,1.0,224.0,Week 4,Announcement 3,The analysts have informed you that the realized volatility of RTM this week will be 37%,247,2026-02-12 12:53:17.208263,RTM,49.57,49.55,49.57,100000000.0,190.0,100000000.0,20.0,100.0,,,,,,,,,,,0,0,0,0,0,0,0,0,0,0,0,0,0
7.0,1.0,186.0,,News 3,The analysts have informed you that the realized volatility of RTM next week will be between 34% and 39%,247,2026-02-12 12:53:17.208263,RTM1C45,4.6,4.58,4.6,1000000.0,,1000000.0,,,68.0,50.0,,,,,,,,,0,0,0,0,0,0,0,0,0,0,0,0,0
6.0,1.0,149.0,Week 3,Announcement 2,The analysts have informed you that the realized volatility of RTM this week will be 25%,247,2026-02-12 12:53:17.208263,RTM1P45,0.04,0.02,0.04,1000000.0,,1000000.0,,,,,,,,,,,,,0,0,0,0,0,0,0,0,0,0,0,0,0
5.0,1.0,111.0,,News 2,The analysts have informed you that the realized volatility of RTM next week will be between 21% and 26%,247,2026-02-12 12:53:17.208263,RTM1C46,3.64,3.63,3.65,1000000.0,,1000000.0,,,,,54.0,,,,,,,,0,0,0,0,0,0,0,0,0,0,0,0,0
4.0,1.0,74.0,Week 2,Announcement 1,The analysts have informed you that the realized volatility of RTM this week will be 39%,247,2026-02-12 12:53:17.208263,RTM1P46,0.09,0.07,0.09,1000000.0,,1000000.0,,,,,45.0,,,,,,,,0,0,0,0,0,0,0,0,0,0,0,0,0
3.0,1.0,35.0,,News 1,The analysts have informed you that the realized volatility of RTM next week will be between 36% and 41%,247,2026-02-12 12:53:17.208263,RTM1C47,2.81,2.8,2.82,1000000.0,,1000000.0,,,43.0,200.0,71.0,,,,,,,,0,0,0,0,0,0,0,0,0,0,0,0,0
2.0,1.0,2.0,Week 1,Delta limit and penalty,The delta limit for this sub-heat is 12000 and the penalty percentage is 2%,247,2026-02-12 12:53:17.208263,RTM1P47,0.24,0.24,0.26,1000000.0,,1000000.0,,,,,,8.0,,,,,,,0,0,0,0,0,0,0,0,0,0,0,0,0
1.0,1.0,2.0,Week 1,Risk free rate and current annualized volatility of RTM,The current risk free rate is 0%. RTM is an ETF that mimics one of the major indices in the simulated world and its current annualized realized volatility is 22%. This simulation consists of 20 trading days that are each 15 ticks in length.,247,2026-02-12 12:53:17.208263,RTM1C48,2.07,2.07,2.09,1000000.0,,1000000.0,,,40.0,150.0,40.0,,60.0,,,,,,0,0,0,0,0,0,0,0,0,0,0,0,0
,,,,,,247,2026-02-12 12:53:17.208263,RTM1P48,0.51,0.51,0.53,1000000.0,,1000000.0,,,,,,,,,,,,,0,0,0,0,0,0,0,0,0,0,0,0,0
,,,,,,247,2026-02-12 12:53:17.208263,RTM1C49,1.34,1.34,1.36,1000000.0,,1000000.0,,,,108.0,,,,60.0,90.0,51.0,,,0,0,0,0,0,0,0,0,0,0,0,0,0
,,,,,,247,2026-02-12 12:53:17.208263,RTM1P49,0.77,0.77,0.79,1000000.0,,1000000.0,,,8.0,,14.0,40.0,,,,,32.0,30.0,0,0,0,0,0,0,0,0,0,0,0,0,0
,,,,,,247,2026-02-12 12:53:17.208263,RTM1C50,0.88,0.88,0.9,1000000.0,,1000000.0,,,,,,,,30.0,30.0,,,,0,0,0,0,0,0,0,0,0,0,0,0,0
,,,,,,247,2026-02-12 12:53:17.208263,RTM1P50,1.32,1.32,1.34,1000000.0,,1000000.0,,,,,,,,,,,13.0,,0,0,0,0,0,0,0,0,0,0,0,0,0
,,,,,,247,2026-02-12 12:53:17.208263,RTM1C51,0.53,0.53,0.55,1000000.0,,1000000.0,,,,,,,,,,,,,0,0,0,0,0,0,0,0,0,0,0,0,0
,,,,,,247,2026-02-12 12:53:17.208263,RTM1P51,1.96,1.96,1.98,1000000.0,,1000000.0,,,,,,100.0,,,,,15.0,,0,0,0,0,0,0,0,0,0,0,0,0,0
,,,,,,247,2026-02-12 12:53:17.208263,RTM1C52,0.3,0.29,0.31,1000000.0,,1000000.0,,,,,,,30.0,,,,,30.0,0,0,0,0,0,0,0,0,0,0,0,0,0
,,,,,,247,2026-02-12 12:53:17.208263,RTM1P52,2.74,2.73,2.75,1000000.0,,1000000.0,,,,,,,,,,,,,0,0,0,0,0,0,0,0,0,0,0,0,0
,,,,,,247,2026-02-12 12:53:17.208263,RTM1C53,0.12,0.11,0.13,1000000.0,,1000000.0,,,,,30.0,20.0,,,,,,,0,0,0,0,0,0,0,0,0,0,0,0,0
,,,,,,247,2026-02-12 12:53:17.208263,RTM1P53,3.55,3.55,3.57,1000000.0,,1000000.0,,,,,36.0,,,,,,,,0,0,0,0,0,0,0,0,0,0,0,0,0
,,,,,,247,2026-02-12 12:53:17.208263,RTM1C54,0.04,0.04,0.06,1000000.0,,1000000.0,,,,,,,,,,,,,0,0,0,0,0,0,0,0,0,0,0,0,0
,,,,,,247,2026-02-12 12:53:17.208263,RTM1P54,4.48,4.48,4.5,1000000.0,,1000000.0,,,,,66.0,,,,,,,,0,0,0,0,0,0,0,0,0,0,0,0,0
8.0,1.0,224.0,Week 4,Announcement 3,The analysts have informed you that the realized volatility of RTM this week will be 37%,248,2026-02-12 12:53:18.236310,RTM,49.54,49.54,49.56,100000000.0,190.0,100000000.0,20.0,200.0,,,,,,,,,,,0,0,0,0,0,0,0,0,0,0,0,0,0
7.0,1.0,186.0,,News 3,The analysts have informed you that the realized volatility of RTM next week will be between 34% and 39%,248,2026-02-12 12:53:18.236310,RTM1C45,4.59,4.57,4.59,1000000.0,,1000000.0,,,68.0,50.0,,,,,,,,,0,0,0,0,0,0,0,0,0,0,0,0,0
6.0,1.0,149.0,Week 3,Announcement 2,The analysts have informed you that the realized volatility of RTM this week will be 25%,248,2026-02-12 12:53:18.236310,RTM1P45,0.04,0.02,0.04,1000000.0,,1000000.0,,,,,,,,,,,,,0,0,0,0,0,0,0,0,0,0,0,0,0
5.0,1.0,111.0,,News 2,The analysts have informed you that the realized volatility of RTM next week will be between 21% and 26%,248,2026-02-12 12:53:18.236310,RTM1C46,3.64,3.62,3.64,1000000.0,,1000000.0,,,,,54.0,,,,,,,,0,0,0,0,0,0,0,0,0,0,0,0,0
4.0,1.0,74.0,Week 2,Announcement 1,The analysts have informed you that the realized volatility of RTM this week will be 39%,248,2026-02-12 12:53:18.236310,RTM1P46,0.08,0.08,0.1,1000000.0,,1000000.0,,,,,45.0,,,,,,,,0,0,0,0,0,0,0,0,0,0,0,0,0
3.0,1.0,35.0,,News 1,The analysts have informed you that the realized volatility of RTM next week will be between 36% and 41%,248,2026-02-12 12:53:18.236310,RTM1C47,2.76,2.74,2.76,1000000.0,,1000000.0,,,43.0,200.0,71.0,,,,,,,,0,0,0,0,0,0,0,0,0,0,0,0,0
2.0,1.0,2.0,Week 1,Delta limit and penalty,The delta limit for this sub-heat is 12000 and the penalty percentage is 2%,248,2026-02-12 12:53:18.236310,RTM1P47,0.21,0.19,0.21,1000000.0,,1000000.0,,,,,,8.0,,,,,,,0,0,0,0,0,0,0,0,0,0,0,0,0
1.0,1.0,2.0,Week 1,Risk free rate and current annualized volatility of RTM,The current risk free rate is 0%. RTM is an ETF that mimics one of the major indices in the simulated world and its current annualized realized volatility is 22%. This simulation consists of 20 trading days that are each 15 ticks in length.,248,2026-02-12 12:53:18.236310,RTM1C48,2.03,2.03,2.05,1000000.0,,1000000.0,,,40.0,150.0,40.0,,60.0,,,,,,0,0,0,0,0,0,0,0,0,0,0,0,0
,,,,,,248,2026-02-12 12:53:18.236310,RTM1P48,0.48,0.48,0.5,1000000.0,,1000000.0,,,,,16.0,,,,,,,,0,0,0,0,0,0,0,0,0,0,0,0,0
,,,,,,248,2026-02-12 12:53:18.236310,RTM1C49,1.36,1.36,1.38,1000000.0,,1000000.0,,,,108.0,,,,60.0,90.0,51.0,,,0,0,0,0,0,0,0,0,0,0,0,0,0
,,,,,,248,2026-02-12 12:53:18.236310,RTM1P49,0.82,0.82,0.84,1000000.0,,1000000.0,,,8.0,,14.0,40.0,,,,,32.0,30.0,0,0,0,0,0,0,0,0,0,0,0,0,0
,,,,,,248,2026-02-12 12:53:18.236310,RTM1C50,0.88,0.88,0.9,1000000.0,,1000000.0,,,,,,,,30.0,30.0,,,,0,0,0,0,0,0,0,0,0,0,0,0,0
,,,,,,248,2026-02-12 12:53:18.236310,RTM1P50,1.34,1.34,1.36,1000000.0,,1000000.0,,,,,,,,,,,13.0,,0,0,0,0,0,0,0,0,0,0,0,0,0
,,,,,,248,2026-02-12 12:53:18.236310,RTM1C51,0.46,0.44,0.46,1000000.0,,1000000.0,,,,,15.0,,,,,,,,0,0,0,0,0,0,0,0,0,0,0,0,0
,,,,,,248,2026-02-12 12:53:18.236310,RTM1P51,1.89,1.89,1.91,1000000.0,,1000000.0,,,,,,100.0,,,,,15.0,,0,0,0,0,0,0,0,0,0,0,0,0,0
,,,,,,248,2026-02-12 12:53:18.236310,RTM1C52,0.28,0.27,0.28,1000000.0,,1000000.0,,,,,22.0,,30.0,,,,,30.0,0,0,0,0,0,0,0,0,0,0,0,0,0
,,,,,,248,2026-02-12 12:53:18.236310,RTM1P52,2.72,2.72,2.74,1000000.0,,1000000.0,,,,,,,,,,,,,0,0,0,0,0,0,0,0,0,0,0,0,0
,,,,,,248,2026-02-12 12:53:18.236310,RTM1C53,0.15,0.14,0.16,1000000.0,,1000000.0,,,,,30.0,20.0,,,,,,,0,0,0,0,0,0,0,0,0,0,0,0,0
,,,,,,248,2026-02-12 12:53:18.236310,RTM1P53,3.61,3.6,3.62,1000000.0,,1000000.0,,,,,36.0,,,,,,,,0,0,0,0,0,0,0,0,0,0,0,0,0
,,,,,,248,2026-02-12 12:53:18.236310,RTM1C54,0.08,0.06,0.08,1000000.0,,1000000.0,,,,,,,,,,,,,0,0,0,0,0,0,0,0,0,0,0,0,0
,,,,,,248,2026-02-12 12:53:18.236310,RTM1P54,4.52,4.52,4.54,1000000.0,,1000000.0,,,,,66.0,,,,,,,,0,0,0,0,0,0,0,0,0,0,0,0,0
8.0,1.0,224.0,Week 4,Announcement 3,The analysts have informed you that the realized volatility of RTM this week will be 37%,249,2026-02-12 12:53:19.266840,RTM,49.32,49.32,49.34,100000000.0,190.0,100000000.0,20.0,200.0,,,,,,,,,,0,0,0,0,0,0,0,0,0,0,0,0,0,0
7.0,1.0,186.0,,News 3,The analysts have informed you that the realized volatility of RTM next week will be between 34% and 39%,249,2026-02-12 12:53:19.266840,RTM1C45,4.36,4.36,4.38,1000000.0,,1000000.0,,,68.0,50.0,,,,,,,,0,0,0,0,0,0,0,0,0,0,0,0,0,0
6.0,1.0,149.0,Week 3,Announcement 2,The analysts have informed you that the realized volatility of RTM this week will be 25%,249,2026-02-12 12:53:19.266840,RTM1P45,0.05,0.03,0.05,1000000.0,,1000000.0,,,,,,,,,,,,0,0,0,0,0,0,0,0,0,0,0,0,0,0
5.0,1.0,111.0,,News 2,The analysts have informed you that the realized volatility of RTM next week will be between 21% and 26%,249,2026-02-12 12:53:19.266840,RTM1C46,3.44,3.43,3.45,1000000.0,,1000000.0,,,,,54.0,,,,,,,0,0,0,0,0,0,0,0,0,0,0,0,0,0
4.0,1.0,74.0,Week 2,Announcement 1,The analysts have informed you that the realized volatility of RTM this week will be 39%,249,2026-02-12 12:53:19.266840,RTM1P46,0.1,0.1,0.12,1000000.0,,1000000.0,,,,,45.0,,,,,,,0,0,0,0,0,0,0,0,0,0,0,0,0,0
3.0,1.0,35.0,,News 1,The analysts have informed you that the realized volatility of RTM next week will be between 36% and 41%,249,2026-02-12 12:53:19.266840,RTM1C47,2.56,2.56,2.58,1000000.0,,1000000.0,,,43.0,200.0,71.0,,,,,,,0,0,0,0,0,0,0,0,0,0,0,0,0,0
2.0,1.0,2.0,Week 1,Delta limit and penalty,The delta limit for this sub-heat is 12000 and the penalty percentage is 2%,249,2026-02-12 12:53:19.266840,RTM1P47,0.24,0.22,0.24,1000000.0,,1000000.0,,,,,,8.0,,,,,,0,0,0,0,0,0,0,0,0,0,0,0,0,0
1.0,1.0,2.0,Week 1,Risk free rate and current annualized volatility of RTM,The current risk free rate is 0%. RTM is an ETF that mimics one of the major indices in the simulated world and its current annualized realized volatility is 22%. This simulation consists of 20 trading days that are each 15 ticks in length.,249,2026-02-12 12:53:19.266840,RTM1C48,1.81,1.79,1.81,1000000.0,,1000000.0,,,40.0,150.0,40.0,,30.0,60.0,,,,0,0,0,0,0,0,0,0,0,0,0,0,0,0
,,,,,,249,2026-02-12 12:53:19.266840,RTM1P48,0.48,0.46,0.48,1000000.0,,1000000.0,,,,,16.0,,,,,,,0,0,0,0,0,0,0,0,0,0,0,0,0,0
,,,,,,249,2026-02-12 12:53:19.266840,RTM1C49,1.22,1.22,1.24,1000000.0,,1000000.0,,,,108.0,,,,,60.0,90.0,,0,0,0,0,0,0,0,0,0,0,0,0,0,0
,,,,,,249,2026-02-12 12:53:19.266840,RTM1P49,0.89,0.89,0.91,1000000.0,,1000000.0,,,8.0,,14.0,40.0,30.0,,,,32.0,0,0,0,0,0,0,0,0,0,0,0,0,0,0
,,,,,,249,2026-02-12 12:53:19.266840,RTM1C50,0.72,0.7,0.72,1000000.0,,1000000.0,,,,,,,,,30.0,30.0,,0,0,0,0,0,0,0,0,0,0,0,0,0,0
,,,,,,249,2026-02-12 12:53:19.266840,RTM1P50,1.37,1.37,1.39,1000000.0,,1000000.0,,,,,,,,,,,13.0,0,0,0,0,0,0,0,0,0,0,0,0,0,0
,,,,,,249,2026-02-12 12:53:19.266840,RTM1C51,0.43,0.41,0.43,1000000.0,,1000000.0,,,,,15.0,,,,,,,0,0,0,0,0,0,0,0,0,0,0,0,0,0
,,,,,,249,2026-02-12 12:53:19.266840,RTM1P51,2.09,2.07,2.09,1000000.0,,1000000.0,,,,,,100.0,,,,,15.0,0,0,0,0,0,0,0,0,0,0,0,0,0,0
,,,,,,249,2026-02-12 12:53:19.266840,RTM1C52,0.23,0.23,0.25,1000000.0,,1000000.0,,,,,,,30.0,30.0,,,,0,0,0,0,0,0,0,0,0,0,0,0,0,0
,,,,,,249,2026-02-12 12:53:19.266840,RTM1P52,2.9,2.9,2.92,1000000.0,,1000000.0,,,,,,,,,,,,0,0,0,0,0,0,0,0,0,0,0,0,0,0
,,,,,,249,2026-02-12 12:53:19.266840,RTM1C53,0.1,0.08,0.1,1000000.0,,1000000.0,,,,,30.0,20.0,,,,,,0,0,0,0,0,0,0,0,0,0,0,0,0,0
,,,,,,249,2026-02-12 12:53:19.266840,RTM1P53,3.77,3.75,3.77,1000000.0,,1000000.0,,,,,,,,,,,,0,0,0,0,0,0,0,0,0,0,0,0,0,0
,,,,,,249,2026-02-12 12:53:19.266840,RTM1C54,0.04,0.02,0.04,1000000.0,,1000000.0,,,,,,,,,,,,0,0,0,0,0,0,0,0,0,0,0,0,0,0
,,,,,,249,2026-02-12 12:53:19.266840,RTM1P54,4.71,4.69,4.71,1000000.0,,1000000.0,,,,,,,,,,,,0,0,0,0,0,0,0,0,0,0,0,0,0,0
8.0,1.0,224.0,Week 4,Announcement 3,The analysts have informed you that the realized volatility of RTM this week will be 37%,250,2026-02-12 12:53:20.298348,RTM,49.05,49.05,49.07,100000000.0,190.0,100000000.0,20.0,200.0,,,,,,,,,,0,0,0,0,0,0,0,0,0,0,0,0,0,0
7.0,1.0,186.0,,News 3,The analysts have informed you that the realized volatility of RTM next week will be between 34% and 39%,250,2026-02-12 12:53:20.298348,RTM1C45,4.11,4.09,4.11,1000000.0,,1000000.0,,,68.0,50.0,,,,,,,,0,0,0,0,0,0,0,0,0,0,0,0,0,0
6.0,1.0,149.0,Week 3,Announcement 2,The analysts have informed you that the realized volatility of RTM this week will be 25%,250,2026-02-12 12:53:20.298348,RTM1P45,0.05,0.03,0.05,1000000.0,,1000000.0,,,,,,,,,,,,0,0,0,0,0,0,0,0,0,0,0,0,0,0
5.0,1.0,111.0,,News 2,The analysts have informed you that the realized volatility of RTM next week will be between 21% and 26%,250,2026-02-12 12:53:20.298348,RTM1C46,3.16,3.16,3.18,1000000.0,,1000000.0,,,,,54.0,,,,,,,0,0,0,0,0,0,0,0,0,0,0,0,0,0
4.0,1.0,74.0,Week 2,Announcement 1,The analysts have informed you that the realized volatility of RTM this week will be 39%,250,2026-02-12 12:53:20.298348,RTM1P46,0.1,0.1,0.12,1000000.0,,1000000.0,,,,,45.0,,,,,,,0,0,0,0,0,0,0,0,0,0,0,0,0,0
3.0,1.0,35.0,,News 1,The analysts have informed you that the realized volatility of RTM next week will be between 36% and 41%,250,2026-02-12 12:53:20.298348,RTM1C47,2.34,2.32,2.34,1000000.0,,1000000.0,,,43.0,200.0,71.0,,,,,,,0,0,0,0,0,0,0,0,0,0,0,0,0,0
2.0,1.0,2.0,Week 1,Delta limit and penalty,The delta limit for this sub-heat is 12000 and the penalty percentage is 2%,250,2026-02-12 12:53:20.298348,RTM1P47,0.27,0.27,0.29,1000000.0,,1000000.0,,,,,,8.0,,,,,,0,0,0,0,0,0,0,0,0,0,0,0,0,0
1.0,1.0,2.0,Week 1,Risk free rate and current annualized volatility of RTM,The current risk free rate is 0%. RTM is an ETF that mimics one of the major indices in the simulated world and its current annualized realized volatility is 22%. This simulation consists of 20 trading days that are each 15 ticks in length.,250,2026-02-12 12:53:20.298348,RTM1C48,1.66,1.64,1.66,1000000.0,,1000000.0,,,40.0,150.0,40.0,,30.0,60.0,,,,0,0,0,0,0,0,0,0,0,0,0,0,0,0
,,,,,,250,2026-02-12 12:53:20.298348,RTM1P48,0.58,0.58,0.6,1000000.0,,1000000.0,,,,,,,,,,,,0,0,0,0,0,0,0,0,0,0,0,0,0,0
,,,,,,250,2026-02-12 12:53:20.298348,RTM1C49,1.05,1.03,1.05,1000000.0,,1000000.0,,,,108.0,,,,,60.0,90.0,,0,0,0,0,0,0,0,0,0,0,0,0,0,0
,,,,,,250,2026-02-12 12:53:20.298348,RTM1P49,0.97,0.97,0.99,1000000.0,,1000000.0,,,8.0,,,40.0,,,,,32.0,0,0,0,0,0,0,0,0,0,0,0,0,0,0
,,,,,,250,2026-02-12 12:53:20.298348,RTM1C50,0.64,0.62,0.64,1000000.0,,1000000.0,,,,,,,,,30.0,30.0,,0,0,0,0,0,0,0,0,0,0,0,0,0,0
,,,,,,250,2026-02-12 12:53:20.298348,RTM1P50,1.58,1.56,1.58,1000000.0,,1000000.0,,,,,,,,,,,13.0,0,0,0,0,0,0,0,0,0,0,0,0,0,0
,,,,,,250,2026-02-12 12:53:20.298348,RTM1C51,0.3,0.3,0.32,1000000.0,,1000000.0,,,,,15.0,,,,,,,0,0,0,0,0,0,0,0,0,0,0,0,0,0
,,,,,,250,2026-02-12 12:53:20.298348,RTM1P51,2.25,2.24,2.26,1000000.0,,1000000.0,,,,,,100.0,,,,,15.0,0,0,0,0,0,0,0,0,0,0,0,0,0,0
,,,,,,250,2026-02-12 12:53:20.298348,RTM1C52,0.18,0.17,0.19,1000000.0,,1000000.0,,,,,,,60.0,30.0,,,,0,0,0,0,0,0,0,0,0,0,0,0,0,0
,,,,,,250,2026-02-12 12:53:20.298348,RTM1P52,3.12,3.11,3.13,1000000.0,,1000000.0,,,,,,,,,,,,0,0,0,0,0,0,0,0,0,0,0,0,0,0
,,,,,,250,2026-02-12 12:53:20.298348,RTM1C53,0.07,0.06,0.08,1000000.0,,1000000.0,,,,,30.0,20.0,,,,,,0,0,0,0,0,0,0,0,0,0,0,0,0,0
,,,,,,250,2026-02-12 12:53:20.298348,RTM1P53,4.02,4.0,4.02,1000000.0,,1000000.0,,,,,,,,,,,,0,0,0,0,0,0,0,0,0,0,0,0,0,0
,,,,,,250,2026-02-12 12:53:20.298348,RTM1C54,0.03,0.03,0.05,1000000.0,,1000000.0,,,,,,,,,,,,0,0,0,0,0,0,0,0,0,0,0,0,0,0
,,,,,,250,2026-02-12 12:53:20.298348,RTM1P54,4.97,4.97,4.99,1000000.0,,1000000.0,,,,,,,,,,,,0,0,0,0,0,0,0,0,0,0,0,0,0,0
8.0,1.0,224.0,Week 4,Announcement 3,The analysts have informed you that the realized volatility of RTM this week will be 37%,251,2026-02-12 12:53:21.331283,RTM,49.5,49.48,49.5,100000000.0,190.0,100000000.0,20.0,200.0,,,,,,,,,,0,0,0,0,0,0,0,0,0,0,0,0,0,0
7.0,1.0,186.0,,News 3,The analysts have informed you that the realized volatility of RTM next week will be between 34% and 39%,251,2026-02-12 12:53:21.331283,RTM1C45,4.53,4.51,4.53,1000000.0,,1000000.0,,,68.0,50.0,,,,,,,,0,0,0,0,0,0,0,0,0,0,0,0,0,0
6.0,1.0,149.0,Week 3,Announcement 2,The analysts have informed you that the realized volatility of RTM this week will be 25%,251,2026-02-12 12:53:21.331283,RTM1P45,0.04,0.02,0.04,1000000.0,,1000000.0,,,,,,,,,,,,0,0,0,0,0,0,0,0,0,0,0,0,0,0
5.0,1.0,111.0,,News 2,The analysts have informed you that the realized volatility of RTM next week will be between 21% and 26%,251,2026-02-12 12:53:21.331283,RTM1C46,3.61,3.59,3.61,1000000.0,,1000000.0,,,,,54.0,,,,,,,0,0,0,0,0,0,0,0,0,0,0,0,0,0
4.0,1.0,74.0,Week 2,Announcement 1,The analysts have informed you that the realized volatility of RTM this week will be 39%,251,2026-02-12 12:53:21.331283,RTM1P46,0.11,0.1,0.12,1000000.0,,1000000.0,,,,,45.0,,,,,,,0,0,0,0,0,0,0,0,0,0,0,0,0,0
3.0,1.0,35.0,,News 1,The analysts have informed you that the realized volatility of RTM next week will be between 36% and 41%,251,2026-02-12 12:53:21.331283,RTM1C47,2.67,2.65,2.67,1000000.0,,1000000.0,,,43.0,200.0,71.0,,,,,,,0,0,0,0,0,0,0,0,0,0,0,0,0,0
2.0,1.0,2.0,Week 1,Delta limit and penalty,The delta limit for this sub-heat is 12000 and the penalty percentage is 2%,251,2026-02-12 12:53:21.331283,RTM1P47,0.17,0.16,0.18,1000000.0,,1000000.0,,,,,,8.0,,,,,,0,0,0,0,0,0,0,0,0,0,0,0,0,0
1.0,1.0,2.0,Week 1,Risk free rate and current annualized volatility of RTM,The current risk free rate is 0%. RTM is an ETF that mimics one of the major indices in the simulated world and its current annualized realized volatility is 22%. This simulation consists of 20 trading days that are each 15 ticks in length.,251,2026-02-12 12:53:21.331283,RTM1C48,1.96,1.96,1.98,1000000.0,,1000000.0,,,40.0,150.0,40.0,,30.0,60.0,,,,0,0,0,0,0,0,0,0,0,0,0,0,0,0
,,,,,,251,2026-02-12 12:53:21.331283,RTM1P48,0.47,0.47,0.49,1000000.0,,1000000.0,,,,,,,,,,,,0,0,0,0,0,0,0,0,0,0,0,0,0,0
,,,,,,251,2026-02-12 12:53:21.331283,RTM1C49,1.23,1.21,1.23,1000000.0,,1000000.0,,,,108.0,,,,,120.0,60.0,,0,0,0,0,0,0,0,0,0,0,0,0,0,0
,,,,,,251,2026-02-12 12:53:21.331283,RTM1P49,0.74,0.72,0.74,1000000.0,,1000000.0,,,8.0,,,40.0,,,,,32.0,0,0,0,0,0,0,0,0,0,0,0,0,0,0
,,,,,,251,2026-02-12 12:53:21.331283,RTM1C50,0.75,0.75,0.77,1000000.0,,1000000.0,,,,,,,,,30.0,30.0,,0,0,0,0,0,0,0,0,0,0,0,0,0,0
,,,,,,251,2026-02-12 12:53:21.331283,RTM1P50,1.26,1.26,1.28,1000000.0,,1000000.0,,,,,,,,,,,13.0,0,0,0,0,0,0,0,0,0,0,0,0,0,0
,,,,,,251,2026-02-12 12:53:21.331283,RTM1C51,0.41,0.39,0.41,1000000.0,,1000000.0,,,,,15.0,,,,,,,0,0,0,0,0,0,0,0,0,0,0,0,0,0
,,,,,,251,2026-02-12 12:53:21.331283,RTM1P51,1.92,1.9,1.92,1000000.0,,1000000.0,,,,,,100.0,,,,,15.0,0,0,0,0,0,0,0,0,0,0,0,0,0,0
,,,,,,251,2026-02-12 12:53:21.331283,RTM1C52,0.23,0.22,0.24,1000000.0,,1000000.0,,,,,,,30.0,30.0,,,,0,0,0,0,0,0,0,0,0,0,0,0,0,0
,,,,,,251,2026-02-12 12:53:21.331283,RTM1P52,2.74,2.73,2.75,1000000.0,,1000000.0,,,,,,,,,,,,0,0,0,0,0,0,0,0,0,0,0,0,0,0
,,,,,,251,2026-02-12 12:53:21.331283,RTM1C53,0.09,0.08,0.1,1000000.0,,1000000.0,,,,,30.0,20.0,,,,,,0,0,0,0,0,0,0,0,0,0,0,0,0,0
,,,,,,251,2026-02-12 12:53:21.331283,RTM1P53,3.61,3.59,3.61,1000000.0,,1000000.0,,,,,,,,,,,,0,0,0,0,0,0,0,0,0,0,0,0,0,0
,,,,,,251,2026-02-12 12:53:21.331283,RTM1C54,0.03,0.03,0.05,1000000.0,,1000000.0,,,,,,,,,,,,0,0,0,0,0,0,0,0,0,0,0,0,0,0
,,,,,,251,2026-02-12 12:53:21.331283,RTM1P54,4.56,4.54,4.56,1000000.0,,1000000.0,,,,,,,,,,,,0,0,0,0,0,0,0,0,0,0,0,0,0,0
8.0,1.0,224.0,Week 4,Announcement 3,The analysts have informed you that the realized volatility of RTM this week will be 37%,252,2026-02-12 12:53:22.363093,RTM,49.58,49.56,49.58,100000000.0,190.0,100000000.0,20.0,200.0,,,,,,,,,,0,0,0,0,0,0,0,0,0,0,0,0,0,0
7.0,1.0,186.0,,News 3,The analysts have informed you that the realized volatility of RTM next week will be between 34% and 39%,252,2026-02-12 12:53:22.363093,RTM1C45,4.6,4.58,4.6,1000000.0,,1000000.0,,,68.0,50.0,,,,,,,,0,0,0,0,0,0,0,0,0,0,0,0,0,0
6.0,1.0,149.0,Week 3,Announcement 2,The analysts have informed you that the realized volatility of RTM this week will be 25%,252,2026-02-12 12:53:22.363093,RTM1P45,0.03,0.01,0.03,1000000.0,,1000000.0,,,,,,,,,,,,0,0,0,0,0,0,0,0,0,0,0,0,0,0
5.0,1.0,111.0,,News 2,The analysts have informed you that the realized volatility of RTM next week will be between 21% and 26%,252,2026-02-12 12:53:22.363093,RTM1C46,3.65,3.65,3.67,1000000.0,,1000000.0,,,,,54.0,,,,,,,0,0,0,0,0,0,0,0,0,0,0,0,0,0
4.0,1.0,74.0,Week 2,Announcement 1,The analysts have informed you that the realized volatility of RTM this week will be 39%,252,2026-02-12 12:53:22.363093,RTM1P46,0.09,0.09,0.11,1000000.0,,1000000.0,,,,,45.0,,,,,,,0,0,0,0,0,0,0,0,0,0,0,0,0,0
3.0,1.0,35.0,,News 1,The analysts have informed you that the realized volatility of RTM next week will be between 36% and 41%,252,2026-02-12 12:53:22.363093,RTM1C47,2.75,2.73,2.75,1000000.0,,1000000.0,,,43.0,200.0,71.0,,,,,,,0,0,0,0,0,0,0,0,0,0,0,0,0,0
2.0,1.0,2.0,Week 1,Delta limit and penalty,The delta limit for this sub-heat is 12000 and the penalty percentage is 2%,252,2026-02-12 12:53:22.363093,RTM1P47,0.18,0.16,0.18,1000000.0,,1000000.0,,,,,,8.0,,,,,,0,0,0,0,0,0,0,0,0,0,0,0,0,0
1.0,1.0,2.0,Week 1,Risk free rate and current annualized volatility of RTM,The current risk free rate is 0%. RTM is an ETF that mimics one of the major indices in the simulated world and its current annualized realized volatility is 22%. This simulation consists of 20 trading days that are each 15 ticks in length.,252,2026-02-12 12:53:22.363093,RTM1C48,1.99,1.97,1.99,1000000.0,,1000000.0,,,40.0,150.0,40.0,,30.0,60.0,,,,0,0,0,0,0,0,0,0,0,0,0,0,0,0
,,,,,,252,2026-02-12 12:53:22.363093,RTM1P48,0.42,0.4,0.42,1000000.0,,1000000.0,,,,,,,,,,,,0,0,0,0,0,0,0,0,0,0,0,0,0,0
,,,,,,252,2026-02-12 12:53:22.363093,RTM1C49,1.28,1.26,1.28,1000000.0,,1000000.0,,,,108.0,,,,,120.0,60.0,,0,0,0,0,0,0,0,0,0,0,0,0,0,0
,,,,,,252,2026-02-12 12:53:22.363093,RTM1P49,0.71,0.69,0.71,1000000.0,,1000000.0,,,8.0,,,40.0,,,,,32.0,0,0,0,0,0,0,0,0,0,0,0,0,0,0
,,,,,,252,2026-02-12 12:53:22.363093,RTM1C50,0.79,0.79,0.81,1000000.0,,1000000.0,,,,,,,,,30.0,30.0,,0,0,0,0,0,0,0,0,0,0,0,0,0,0
,,,,,,252,2026-02-12 12:53:22.363093,RTM1P50,1.22,1.22,1.24,1000000.0,,1000000.0,,,,,,,,,,,13.0,0,0,0,0,0,0,0,0,0,0,0,0,0,0
,,,,,,252,2026-02-12 12:53:22.363093,RTM1C51,0.4,0.4,0.42,1000000.0,,1000000.0,,,,,15.0,,,,,,,0,0,0,0,0,0,0,0,0,0,0,0,0,0
,,,,,,252,2026-02-12 12:53:22.363093,RTM1P51,1.86,1.84,1.86,1000000.0,,1000000.0,,,,,,100.0,,,,,15.0,0,0,0,0,0,0,0,0,0,0,0,0,0,0
,,,,,,252,2026-02-12 12:53:22.363093,RTM1C52,0.25,0.24,0.26,1000000.0,,1000000.0,,,,,,,30.0,30.0,,,,0,0,0,0,0,0,0,0,0,0,0,0,0,0
,,,,,,252,2026-02-12 12:53:22.363093,RTM1P52,2.69,2.67,2.69,1000000.0,,1000000.0,,,,,,,,,,,,0,0,0,0,0,0,0,0,0,0,0,0,0,0
,,,,,,252,2026-02-12 12:53:22.363093,RTM1C53,0.1,0.09,0.11,1000000.0,,1000000.0,,,,,30.0,20.0,,,,,,0,0,0,0,0,0,0,0,0,0,0,0,0,0
,,,,,,252,2026-02-12 12:53:22.363093,RTM1P53,3.53,3.52,3.54,1000000.0,,1000000.0,,,,,,,,,,,,0,0,0,0,0,0,0,0,0,0,0,0,0,0
,,,,,,252,2026-02-12 12:53:22.363093,RTM1C54,0.03,0.03,0.05,1000000.0,,1000000.0,,,,,,,,,,,,0,0,0,0,0,0,0,0,0,0,0,0,0,0
,,,,,,252,2026-02-12 12:53:22.363093,RTM1P54,4.47,4.47,4.49,1000000.0,,1000000.0,,,,,,,,,,,,0,0,0,0,0,0,0,0,0,0,0,0,0,0
8.0,1.0,224.0,Week 4,Announcement 3,The analysts have informed you that the realized volatility of RTM this week will be 37%,253,2026-02-12 12:53:23.400196,RTM,49.29,49.29,49.31,100000000.0,190.0,100000000.0,20.0,200.0,,,,,,,,,,,0,0,0,0,0,0,0,0,0,0,0,0,0
7.0,1.0,186.0,,News 3,The analysts have informed you that the realized volatility of RTM next week will be between 34% and 39%,253,2026-02-12 12:53:23.400196,RTM1C45,4.34,4.33,4.35,1000000.0,,1000000.0,,,68.0,50.0,,,,,,,,,0,0,0,0,0,0,0,0,0,0,0,0,0
6.0,1.0,149.0,Week 3,Announcement 2,The analysts have informed you that the realized volatility of RTM this week will be 25%,253,2026-02-12 12:53:23.400196,RTM1P45,0.04,0.03,0.05,1000000.0,,1000000.0,,,,,,,,,,,,,0,0,0,0,0,0,0,0,0,0,0,0,0
5.0,1.0,111.0,,News 2,The analysts have informed you that the realized volatility of RTM next week will be between 21% and 26%,253,2026-02-12 12:53:23.400196,RTM1C46,3.42,3.41,3.43,1000000.0,,1000000.0,,,,,54.0,,,,,,,,0,0,0,0,0,0,0,0,0,0,0,0,0
4.0,1.0,74.0,Week 2,Announcement 1,The analysts have informed you that the realized volatility of RTM this week will be 39%,253,2026-02-12 12:53:23.400196,RTM1P46,0.11,0.1,0.12,1000000.0,,1000000.0,,,,,45.0,,,,,,,,0,0,0,0,0,0,0,0,0,0,0,0,0
3.0,1.0,35.0,,News 1,The analysts have informed you that the realized volatility of RTM next week will be between 36% and 41%,253,2026-02-12 12:53:23.400196,RTM1C47,2.53,2.52,2.54,1000000.0,,1000000.0,,,43.0,200.0,71.0,,,,,,,,0,0,0,0,0,0,0,0,0,0,0,0,0
2.0,1.0,2.0,Week 1,Delta limit and penalty,The delta limit for this sub-heat is 12000 and the penalty percentage is 2%,253,2026-02-12 12:53:23.400196,RTM1P47,0.23,0.22,0.24,1000000.0,,1000000.0,,,,,,8.0,,,,,,,0,0,0,0,0,0,0,0,0,0,0,0,0
1.0,1.0,2.0,Week 1,Risk free rate and current annualized volatility of RTM,The current risk free rate is 0%. RTM is an ETF that mimics one of the major indices in the simulated world and its current annualized realized volatility is 22%. This simulation consists of 20 trading days that are each 15 ticks in length.,253,2026-02-12 12:53:23.400196,RTM1C48,1.76,1.76,1.78,1000000.0,,1000000.0,,,40.0,150.0,40.0,,30.0,60.0,,,,,0,0,0,0,0,0,0,0,0,0,0,0,0
,,,,,,253,2026-02-12 12:53:23.400196,RTM1P48,0.46,0.46,0.48,1000000.0,,1000000.0,,,,,,,,,,,,,0,0,0,0,0,0,0,0,0,0,0,0,0
,,,,,,253,2026-02-12 12:53:23.400196,RTM1C49,1.15,1.13,1.15,1000000.0,,1000000.0,,,,108.0,,,,,120.0,60.0,,,0,0,0,0,0,0,0,0,0,0,0,0,0
,,,,,,253,2026-02-12 12:53:23.400196,RTM1P49,0.83,0.83,0.85,1000000.0,,1000000.0,,,8.0,,,40.0,,,,,32.0,,0,0,0,0,0,0,0,0,0,0,0,0,0
,,,,,,253,2026-02-12 12:53:23.400196,RTM1C50,0.65,0.63,0.65,1000000.0,,1000000.0,,,,,,,,,30.0,30.0,,,0,0,0,0,0,0,0,0,0,0,0,0,0
,,,,,,253,2026-02-12 12:53:23.400196,RTM1P50,1.35,1.33,1.35,1000000.0,,1000000.0,,,,,,,,,,,13.0,,0,0,0,0,0,0,0,0,0,0,0,0,0
,,,,,,253,2026-02-12 12:53:23.400196,RTM1C51,0.38,0.38,0.4,1000000.0,,1000000.0,,,,,15.0,,,,,,,,0,0,0,0,0,0,0,0,0,0,0,0,0
,,,,,,253,2026-02-12 12:53:23.400196,RTM1P51,2.09,2.08,2.1,1000000.0,,1000000.0,,,,,,100.0,,,,,15.0,,0,0,0,0,0,0,0,0,0,0,0,0,0
,,,,,,253,2026-02-12 12:53:23.400196,RTM1C52,0.18,0.17,0.19,1000000.0,,1000000.0,,,,,,,30.0,30.0,,,,,0,0,0,0,0,0,0,0,0,0,0,0,0
,,,,,,253,2026-02-12 12:53:23.400196,RTM1P52,2.89,2.87,2.89,1000000.0,,1000000.0,,,,,,,,,,,,,0,0,0,0,0,0,0,0,0,0,0,0,0
,,,,,,253,2026-02-12 12:53:23.400196,RTM1C53,0.08,0.08,0.1,1000000.0,,1000000.0,,,,,30.0,20.0,,,,,,,0,0,0,0,0,0,0,0,0,0,0,0,0
,,,,,,253,2026-02-12 12:53:23.400196,RTM1P53,3.77,3.77,3.79,1000000.0,,1000000.0,,,,,,,,,,,,99.0,0,0,0,0,0,0,0,0,0,0,0,0,0
,,,,,,253,2026-02-12 12:53:23.400196,RTM1C54,0.03,0.01,0.03,1000000.0,,1000000.0,,,,,,,,,,,,,0,0,0,0,0,0,0,0,0,0,0,0,0
,,,,,,253,2026-02-12 12:53:23.400196,RTM1P54,4.73,4.71,4.73,1000000.0,,1000000.0,,,,,,,,,,,,,0,0,0,0,0,0,0,0,0,0,0,0,0
8.0,1.0,224.0,Week 4,Announcement 3,The analysts have informed you that the realized volatility of RTM this week will be 37%,255,2026-02-12 12:53:24.476343,RTM,49.31,49.3,49.32,100000000.0,190.0,100000000.0,20.0,200.0,,,,,,,,,,,0,0,0,0,0,0,0,0,0,0,0,0,0
7.0,1.0,186.0,,News 3,The analysts have informed you that the realized volatility of RTM next week will be between 34% and 39%,255,2026-02-12 12:53:24.476343,RTM1C45,4.34,4.33,4.35,1000000.0,,1000000.0,,,68.0,50.0,,,,,,,,,0,0,0,0,0,0,0,0,0,0,0,0,0
6.0,1.0,149.0,Week 3,Announcement 2,The analysts have informed you that the realized volatility of RTM this week will be 25%,255,2026-02-12 12:53:24.476343,RTM1P45,0.03,0.02,0.04,1000000.0,,1000000.0,,,,,,,,,,,,,0,0,0,0,0,0,0,0,0,0,0,0,0
5.0,1.0,111.0,,News 2,The analysts have informed you that the realized volatility of RTM next week will be between 21% and 26%,255,2026-02-12 12:53:24.476343,RTM1C46,3.41,3.4,3.42,1000000.0,,1000000.0,,,,,54.0,,,,,,,,0,0,0,0,0,0,0,0,0,0,0,0,0
4.0,1.0,74.0,Week 2,Announcement 1,The analysts have informed you that the realized volatility of RTM this week will be 39%,255,2026-02-12 12:53:24.476343,RTM1P46,0.1,0.09,0.11,1000000.0,,1000000.0,,,,,45.0,,,,,,,,0,0,0,0,0,0,0,0,0,0,0,0,0
3.0,1.0,35.0,,News 1,The analysts have informed you that the realized volatility of RTM next week will be between 36% and 41%,255,2026-02-12 12:53:24.476343,RTM1C47,2.5,2.49,2.51,1000000.0,,1000000.0,,,43.0,200.0,71.0,,,,,,,,0,0,0,0,0,0,0,0,0,0,0,0,0
2.0,1.0,2.0,Week 1,Delta limit and penalty,The delta limit for this sub-heat is 12000 and the penalty percentage is 2%,255,2026-02-12 12:53:24.476343,RTM1P47,0.18,0.17,0.19,1000000.0,,1000000.0,,,,,,8.0,,,,,,,0,0,0,0,0,0,0,0,0,0,0,0,0
1.0,1.0,2.0,Week 1,Risk free rate and current annualized volatility of RTM,The current risk free rate is 0%. RTM is an ETF that mimics one of the major indices in the simulated world and its current annualized realized volatility is 22%. This simulation consists of 20 trading days that are each 15 ticks in length.,255,2026-02-12 12:53:24.476343,RTM1C48,1.74,1.73,1.75,1000000.0,,1000000.0,,,40.0,150.0,40.0,,30.0,60.0,,,,,0,0,0,0,0,0,0,0,0,0,0,0,0
,,,,,,255,2026-02-12 12:53:24.476343,RTM1P48,0.43,0.42,0.44,1000000.0,,1000000.0,,,,,,,,,,,,,0,0,0,0,0,0,0,0,0,0,0,0,0
,,,,,,255,2026-02-12 12:53:24.476343,RTM1C49,1.08,1.07,1.09,1000000.0,,1000000.0,,,,108.0,,,,,120.0,60.0,,,0,0,0,0,0,0,0,0,0,0,0,0,0
,,,,,,255,2026-02-12 12:53:24.476343,RTM1P49,0.76,0.75,0.77,1000000.0,,1000000.0,,,8.0,,,40.0,,,,,32.0,,0,0,0,0,0,0,0,0,0,0,0,0,0
,,,,,,255,2026-02-12 12:53:24.476343,RTM1C50,0.66,0.65,0.67,1000000.0,,1000000.0,,,,,,,,,30.0,30.0,,,0,0,0,0,0,0,0,0,0,0,0,0,0
,,,,,,255,2026-02-12 12:53:24.476343,RTM1P50,1.35,1.34,1.36,1000000.0,,1000000.0,,,,,,,,,,,13.0,,0,0,0,0,0,0,0,0,0,0,0,0,0
,,,,,,255,2026-02-12 12:53:24.476343,RTM1C51,0.37,0.36,0.38,1000000.0,,1000000.0,,,,,15.0,,,,,,,,0,0,0,0,0,0,0,0,0,0,0,0,0
,,,,,,255,2026-02-12 12:53:24.476343,RTM1P51,2.05,2.04,2.06,1000000.0,,1000000.0,,,,,,100.0,,,,,15.0,,0,0,0,0,0,0,0,0,0,0,0,0,0
,,,,,,255,2026-02-12 12:53:24.476343,RTM1C52,0.16,0.15,0.17,1000000.0,,1000000.0,,,,,,,30.0,30.0,,,,,0,0,0,0,0,0,0,0,0,0,0,0,0
,,,,,,255,2026-02-12 12:53:24.476343,RTM1P52,2.85,2.84,2.86,1000000.0,,1000000.0,,,,,,,,,,,,,0,0,0,0,0,0,0,0,0,0,0,0,0
,,,,,,255,2026-02-12 12:53:24.476343,RTM1C53,0.07,0.06,0.08,1000000.0,,1000000.0,,,,,30.0,20.0,,,,,,,0,0,0,0,0,0,0,0,0,0,0,0,0
,,,,,,255,2026-02-12 12:53:24.476343,RTM1P53,3.75,3.74,3.76,1000000.0,,1000000.0,,,,,,,,,,,,99.0,0,0,0,0,0,0,0,0,0,0,0,0,0
,,,,,,255,2026-02-12 12:53:24.476343,RTM1C54,0.03,0.02,0.04,1000000.0,,1000000.0,,,,,,,,,,,,,0,0,0,0,0,0,0,0,0,0,0,0,0
,,,,,,255,2026-02-12 12:53:24.476343,RTM1P54,4.71,4.7,4.72,1000000.0,,1000000.0,,,,,,,,,,,,,0,0,0,0,0,0,0,0,0,0,0,0,0
8.0,1.0,224.0,Week 4,Announcement 3,The analysts have informed you that the realized volatility of RTM this week will be 37%,256,2026-02-12 12:53:25.505486,RTM,49.48,49.47,49.49,100000000.0,190.0,100000000.0,20.0,200.0,,,,,,,,,,,0,0,0,0,0,0,0,0,0,0,0,0,0
7.0,1.0,186.0,,News 3,The analysts have informed you that the realized volatility of RTM next week will be between 34% and 39%,256,2026-02-12 12:53:25.505486,RTM1C45,4.49,4.48,4.5,1000000.0,,1000000.0,,,68.0,50.0,,,,,,,,,0,0,0,0,0,0,0,0,0,0,0,0,0
6.0,1.0,149.0,Week 3,Announcement 2,The analysts have informed you that the realized volatility of RTM this week will be 25%,256,2026-02-12 12:53:25.505486,RTM1P45,0.02,0.01,0.03,1000000.0,,1000000.0,,,,,,,,,,,,,0,0,0,0,0,0,0,0,0,0,0,0,0
5.0,1.0,111.0,,News 2,The analysts have informed you that the realized volatility of RTM next week will be between 21% and 26%,256,2026-02-12 12:53:25.505486,RTM1C46,3.54,3.53,3.55,1000000.0,,1000000.0,,,,,54.0,,,,,,,,0,0,0,0,0,0,0,0,0,0,0,0,0
4.0,1.0,74.0,Week 2,Announcement 1,The analysts have informed you that the realized volatility of RTM this week will be 39%,256,2026-02-12 12:53:25.505486,RTM1P46,0.06,0.05,0.07,1000000.0,,1000000.0,,,,,45.0,,,,,,,,0,0,0,0,0,0,0,0,0,0,0,0,0
3.0,1.0,35.0,,News 1,The analysts have informed you that the realized volatility of RTM next week will be between 36% and 41%,256,2026-02-12 12:53:25.505486,RTM1C47,2.63,2.62,2.64,1000000.0,,1000000.0,,,43.0,200.0,71.0,,,,,,,,0,0,0,0,0,0,0,0,0,0,0,0,0
2.0,1.0,2.0,Week 1,Delta limit and penalty,The delta limit for this sub-heat is 12000 and the penalty percentage is 2%,256,2026-02-12 12:53:25.505486,RTM1P47,0.15,0.14,0.16,1000000.0,,1000000.0,,,,,,8.0,,,,,,,0,0,0,0,0,0,0,0,0,0,0,0,0
1.0,1.0,2.0,Week 1,Risk free rate and current annualized volatility of RTM,The current risk free rate is 0%. RTM is an ETF that mimics one of the major indices in the simulated world and its current annualized realized volatility is 22%. This simulation consists of 20 trading days that are each 15 ticks in length.,256,2026-02-12 12:53:25.505486,RTM1C48,1.87,1.86,1.88,1000000.0,,1000000.0,,,40.0,150.0,40.0,,30.0,60.0,,,,,0,0,0,0,0,0,0,0,0,0,0,0,0
,,,,,,256,2026-02-12 12:53:25.505486,RTM1P48,0.39,0.38,0.4,1000000.0,,1000000.0,,,,,,,,,,,,,0,0,0,0,0,0,0,0,0,0,0,0,0
,,,,,,256,2026-02-12 12:53:25.505486,RTM1C49,1.22,1.21,1.23,1000000.0,,1000000.0,,,,108.0,,,,,120.0,60.0,,,0,0,0,0,0,0,0,0,0,0,0,0,0
,,,,,,256,2026-02-12 12:53:25.505486,RTM1P49,0.74,0.73,0.75,1000000.0,,1000000.0,,,8.0,,,40.0,,,,,32.0,,0,0,0,0,0,0,0,0,0,0,0,0,0
,,,,,,256,2026-02-12 12:53:25.505486,RTM1C50,0.8,0.79,0.81,1000000.0,,1000000.0,,,,,,,,,30.0,30.0,,,0,0,0,0,0,0,0,0,0,0,0,0,0
,,,,,,256,2026-02-12 12:53:25.505486,RTM1P50,1.32,1.31,1.33,1000000.0,,1000000.0,,,,,,,,,,,13.0,,0,0,0,0,0,0,0,0,0,0,0,0,0
,,,,,,256,2026-02-12 12:53:25.505486,RTM1C51,0.36,0.35,0.37,1000000.0,,1000000.0,,,,,15.0,,,,,,,,0,0,0,0,0,0,0,0,0,0,0,0,0
,,,,,,256,2026-02-12 12:53:25.505486,RTM1P51,1.88,1.87,1.89,1000000.0,,1000000.0,,,,,,100.0,,,,,15.0,,0,0,0,0,0,0,0,0,0,0,0,0,0
,,,,,,256,2026-02-12 12:53:25.505486,RTM1C52,0.18,0.17,0.19,1000000.0,,1000000.0,,,,,,,30.0,30.0,,,,,0,0,0,0,0,0,0,0,0,0,0,0,0
,,,,,,256,2026-02-12 12:53:25.505486,RTM1P52,2.71,2.7,2.72,1000000.0,,1000000.0,,,,,,,,,,,,,0,0,0,0,0,0,0,0,0,0,0,0,0
,,,,,,256,2026-02-12 12:53:25.505486,RTM1C53,0.07,0.06,0.08,1000000.0,,1000000.0,,,,,30.0,20.0,,,,,,,0,0,0,0,0,0,0,0,0,0,0,0,0
,,,,,,256,2026-02-12 12:53:25.505486,RTM1P53,3.59,3.58,3.6,1000000.0,,1000000.0,,,,,,,,,,,,99.0,0,0,0,0,0,0,0,0,0,0,0,0,0
,,,,,,256,2026-02-12 12:53:25.505486,RTM1C54,0.04,0.03,0.05,1000000.0,,1000000.0,,,,,,,,,,,,,0,0,0,0,0,0,0,0,0,0,0,0,0
,,,,,,256,2026-02-12 12:53:25.505486,RTM1P54,4.56,4.55,4.57,1000000.0,,1000000.0,,,,,,,,,,,,,0,0,0,0,0,0,0,0,0,0,0,0,0
8.0,1.0,224.0,Week 4,Announcement 3,The analysts have informed you that the realized volatility of RTM this week will be 37%,257,2026-02-12 12:53:26.536390,RTM,49.74,49.73,49.75,100000000.0,190.0,100000000.0,20.0,200.0,,,,,,,,,,0,0,0,0,0,0,0,0,0,0,0,0,0,0
7.0,1.0,186.0,,News 3,The analysts have informed you that the realized volatility of RTM next week will be between 34% and 39%,257,2026-02-12 12:53:26.536390,RTM1C45,4.75,4.74,4.76,1000000.0,,1000000.0,,,68.0,50.0,,,,,,,,0,0,0,0,0,0,0,0,0,0,0,0,0,0
6.0,1.0,149.0,Week 3,Announcement 2,The analysts have informed you that the realized volatility of RTM this week will be 25%,257,2026-02-12 12:53:26.536390,RTM1P45,0.02,0.01,0.03,1000000.0,,1000000.0,,,,,,,,,,,,0,0,0,0,0,0,0,0,0,0,0,0,0,0
5.0,1.0,111.0,,News 2,The analysts have informed you that the realized volatility of RTM next week will be between 21% and 26%,257,2026-02-12 12:53:26.536390,RTM1C46,3.79,3.78,3.8,1000000.0,,1000000.0,,,,,54.0,,,,,,,0,0,0,0,0,0,0,0,0,0,0,0,0,0
4.0,1.0,74.0,Week 2,Announcement 1,The analysts have informed you that the realized volatility of RTM this week will be 39%,257,2026-02-12 12:53:26.536390,RTM1P46,0.04,0.03,0.05,1000000.0,,1000000.0,,,,,45.0,,,,,,,0,0,0,0,0,0,0,0,0,0,0,0,0,0
3.0,1.0,35.0,,News 1,The analysts have informed you that the realized volatility of RTM next week will be between 36% and 41%,257,2026-02-12 12:53:26.536390,RTM1C47,2.85,2.84,2.86,1000000.0,,1000000.0,,,43.0,200.0,71.0,,,,,,,0,0,0,0,0,0,0,0,0,0,0,0,0,0
2.0,1.0,2.0,Week 1,Delta limit and penalty,The delta limit for this sub-heat is 12000 and the penalty percentage is 2%,257,2026-02-12 12:53:26.536390,RTM1P47,0.11,0.1,0.12,1000000.0,,1000000.0,,,,,,8.0,,,,,,0,0,0,0,0,0,0,0,0,0,0,0,0,0
1.0,1.0,2.0,Week 1,Risk free rate and current annualized volatility of RTM,The current risk free rate is 0%. RTM is an ETF that mimics one of the major indices in the simulated world and its current annualized realized volatility is 22%. This simulation consists of 20 trading days that are each 15 ticks in length.,257,2026-02-12 12:53:26.536390,RTM1C48,2.03,2.02,2.04,1000000.0,,1000000.0,,,40.0,150.0,40.0,,60.0,,,,,0,0,0,0,0,0,0,0,0,0,0,0,0,0
,,,,,,257,2026-02-12 12:53:26.536390,RTM1P48,0.29,0.28,0.3,1000000.0,,1000000.0,,,,,,,,,,,,0,0,0,0,0,0,0,0,0,0,0,0,0,0
,,,,,,257,2026-02-12 12:53:26.536390,RTM1C49,1.36,1.35,1.37,1000000.0,,1000000.0,,,,108.0,,,,12.0,120.0,60.0,,0,0,0,0,0,0,0,0,0,0,0,0,0,0
,,,,,,257,2026-02-12 12:53:26.536390,RTM1P49,0.62,0.61,0.63,1000000.0,,1000000.0,,,8.0,,,40.0,,16.0,,,,0,0,0,0,0,0,0,0,0,0,0,0,0,0
,,,,,,257,2026-02-12 12:53:26.536390,RTM1C50,0.85,0.84,0.86,1000000.0,,1000000.0,,,,,,,,,30.0,30.0,,0,0,0,0,0,0,0,0,0,0,0,0,0,0
,,,,,,257,2026-02-12 12:53:26.536390,RTM1P50,1.11,1.1,1.12,1000000.0,,1000000.0,,,,,,,,,,,,0,0,0,0,0,0,0,0,0,0,0,0,0,0
,,,,,,257,2026-02-12 12:53:26.536390,RTM1C51,0.43,0.42,0.44,1000000.0,,1000000.0,,,,,15.0,,,,,,,0,0,0,0,0,0,0,0,0,0,0,0,0,0
,,,,,,257,2026-02-12 12:53:26.536390,RTM1P51,1.69,1.68,1.7,1000000.0,,1000000.0,,,,,,100.0,,15.0,,,,0,0,0,0,0,0,0,0,0,0,0,0,0,0
,,,,,,257,2026-02-12 12:53:26.536390,RTM1C52,0.2,0.19,0.21,1000000.0,,1000000.0,,,,,,,30.0,,,,30.0,0,0,0,0,0,0,0,0,0,0,0,0,0,0
,,,,,,257,2026-02-12 12:53:26.536390,RTM1P52,2.46,2.45,2.47,1000000.0,,1000000.0,,,,,,,,,,,,0,0,0,0,0,0,0,0,0,0,0,0,0,0
,,,,,,257,2026-02-12 12:53:26.536390,RTM1C53,0.11,0.1,0.12,1000000.0,,1000000.0,,,,,30.0,20.0,,,,,,0,0,0,0,0,0,0,0,0,0,0,0,0,0
,,,,,,257,2026-02-12 12:53:26.536390,RTM1P53,3.36,3.35,3.37,1000000.0,,1000000.0,,,,,,,,,,,,0,0,0,0,0,0,0,0,0,0,0,0,0,0
,,,,,,257,2026-02-12 12:53:26.536390,RTM1C54,0.03,0.02,0.04,1000000.0,,1000000.0,,,,,,,,,,,,0,0,0,0,0,0,0,0,0,0,0,0,0,0
,,,,,,257,2026-02-12 12:53:26.536390,RTM1P54,4.29,4.28,4.3,1000000.0,,1000000.0,,,,,,,,,,,,0,0,0,0,0,0,0,0,0,0,0,0,0,0
8.0,1.0,224.0,Week 4,Announcement 3,The analysts have informed you that the realized volatility of RTM this week will be 37%,258,2026-02-12 12:53:27.577455,RTM,50.41,50.4,50.42,100000000.0,190.0,100000000.0,20.0,200.0,,,,,,,,0,0,0,0,0,0,0,0,0,0,0,0,0,0,0,0
7.0,1.0,186.0,,News 3,The analysts have informed you that the realized volatility of RTM next week will be between 34% and 39%,258,2026-02-12 12:53:27.577455,RTM1C45,5.41,5.4,5.42,1000000.0,,1000000.0,,,68.0,50.0,,,,,,0,0,0,0,0,0,0,0,0,0,0,0,0,0,0,0
6.0,1.0,149.0,Week 3,Announcement 2,The analysts have informed you that the realized volatility of RTM this week will be 25%,258,2026-02-12 12:53:27.577455,RTM1P45,0.02,0.01,0.03,1000000.0,,1000000.0,,,,,,,,,,0,0,0,0,0,0,0,0,0,0,0,0,0,0,0,0
5.0,1.0,111.0,,News 2,The analysts have informed you that the realized volatility of RTM next week will be between 21% and 26%,258,2026-02-12 12:53:27.577455,RTM1C46,4.43,4.42,4.44,1000000.0,,1000000.0,,,,,54.0,,,,,0,0,0,0,0,0,0,0,0,0,0,0,0,0,0,0
4.0,1.0,74.0,Week 2,Announcement 1,The analysts have informed you that the realized volatility of RTM this week will be 39%,258,2026-02-12 12:53:27.577455,RTM1P46,0.02,0.01,0.03,1000000.0,,1000000.0,,,,,45.0,,,,,0,0,0,0,0,0,0,0,0,0,0,0,0,0,0,0
3.0,1.0,35.0,,News 1,The analysts have informed you that the realized volatility of RTM next week will be between 36% and 41%,258,2026-02-12 12:53:27.577455,RTM1C47,3.48,3.47,3.49,1000000.0,,1000000.0,,,43.0,200.0,41.0,,,,,0,0,0,0,0,0,0,0,0,0,0,0,0,0,0,0
2.0,1.0,2.0,Week 1,Delta limit and penalty,The delta limit for this sub-heat is 12000 and the penalty percentage is 2%,258,2026-02-12 12:53:27.577455,RTM1P47,0.07,0.06,0.08,1000000.0,,1000000.0,,,,,,8.0,,,,0,0,0,0,0,0,0,0,0,0,0,0,0,0,0,0
1.0,1.0,2.0,Week 1,Risk free rate and current annualized volatility of RTM,The current risk free rate is 0%. RTM is an ETF that mimics one of the major indices in the simulated world and its current annualized realized volatility is 22%. This simulation consists of 20 trading days that are each 15 ticks in length.,258,2026-02-12 12:53:27.577455,RTM1C48,2.57,2.56,2.58,1000000.0,,1000000.0,,,40.0,150.0,,,,,,0,0,0,0,0,0,0,0,0,0,0,0,0,0,0,0
,,,,,,258,2026-02-12 12:53:27.577455,RTM1P48,0.16,0.15,0.17,1000000.0,,1000000.0,,,,,,,,,,0,0,0,0,0,0,0,0,0,0,0,0,0,0,0,0
,,,,,,258,2026-02-12 12:53:27.577455,RTM1C49,1.75,1.74,1.76,1000000.0,,1000000.0,,,,108.0,,,12.0,120.0,60.0,0,0,0,0,0,0,0,0,0,0,0,0,0,0,0,0
,,,,,,258,2026-02-12 12:53:27.577455,RTM1P49,0.34,0.33,0.35,1000000.0,,1000000.0,,,,,,40.0,,,,0,0,0,0,0,0,0,0,0,0,0,0,0,0,0,0
,,,,,,258,2026-02-12 12:53:27.577455,RTM1C50,1.18,1.17,1.19,1000000.0,,1000000.0,,,,,,,,30.0,30.0,0,0,0,0,0,0,0,0,0,0,0,0,0,0,0,0
,,,,,,258,2026-02-12 12:53:27.577455,RTM1P50,0.77,0.76,0.78,1000000.0,,1000000.0,,,,,,,,,,0,0,0,0,0,0,0,0,0,0,0,0,0,0,0,0
,,,,,,258,2026-02-12 12:53:27.577455,RTM1C51,0.63,0.62,0.64,1000000.0,,1000000.0,,,,,,,,,,0,0,0,0,0,0,0,0,0,0,0,0,0,0,0,0
,,,,,,258,2026-02-12 12:53:27.577455,RTM1P51,1.22,1.21,1.23,1000000.0,,1000000.0,,,,,,100.0,,,,0,0,0,0,0,0,0,0,0,0,0,0,0,0,0,0
,,,,,,258,2026-02-12 12:53:27.577455,RTM1C52,0.37,0.36,0.38,1000000.0,,1000000.0,,,,,,,,,,0,0,0,0,0,0,0,0,0,0,0,0,0,0,0,0
,,,,,,258,2026-02-12 12:53:27.577455,RTM1P52,1.96,1.95,1.97,1000000.0,,1000000.0,,,,,,,,,,0,0,0,0,0,0,0,0,0,0,0,0,0,0,0,0
,,,,,,258,2026-02-12 12:53:27.577455,RTM1C53,0.16,0.15,0.17,1000000.0,,1000000.0,,,,,30.0,20.0,,,,0,0,0,0,0,0,0,0,0,0,0,0,0,0,0,0
,,,,,,258,2026-02-12 12:53:27.577455,RTM1P53,2.75,2.74,2.76,1000000.0,,1000000.0,,,,,,,,,,0,0,0,0,0,0,0,0,0,0,0,0,0,0,0,0
,,,,,,258,2026-02-12 12:53:27.577455,RTM1C54,0.07,0.06,0.08,1000000.0,,1000000.0,,,,,,,,,,0,0,0,0,0,0,0,0,0,0,0,0,0,0,0,0
,,,,,,258,2026-02-12 12:53:27.577455,RTM1P54,3.66,3.65,3.67,1000000.0,,1000000.0,,,,,,,,,,0,0,0,0,0,0,0,0,0,0,0,0,0,0,0,0
8.0,1.0,224.0,Week 4,Announcement 3,The analysts have informed you that the realized volatility of RTM this week will be 37%,259,2026-02-12 12:53:28.606222,RTM,50.75,50.74,50.76,100000000.0,190.0,100000000.0,20.0,200.0,,,,,,,,0,0,0,0,0,0,0,0,0,0,0,0,0,0,0,0
7.0,1.0,186.0,,News 3,The analysts have informed you that the realized volatility of RTM next week will be between 34% and 39%,259,2026-02-12 12:53:28.606222,RTM1C45,5.75,5.74,5.76,1000000.0,,1000000.0,,,68.0,50.0,,,,,,0,0,0,0,0,0,0,0,0,0,0,0,0,0,0,0
6.0,1.0,149.0,Week 3,Announcement 2,The analysts have informed you that the realized volatility of RTM this week will be 25%,259,2026-02-12 12:53:28.606222,RTM1P45,0.02,0.01,0.03,1000000.0,,1000000.0,,,,,,,,,,0,0,0,0,0,0,0,0,0,0,0,0,0,0,0,0
5.0,1.0,111.0,,News 2,The analysts have informed you that the realized volatility of RTM next week will be between 21% and 26%,259,2026-02-12 12:53:28.606222,RTM1C46,4.76,4.75,4.77,1000000.0,,1000000.0,,,,,54.0,,,,,0,0,0,0,0,0,0,0,0,0,0,0,0,0,0,0
4.0,1.0,74.0,Week 2,Announcement 1,The analysts have informed you that the realized volatility of RTM this week will be 39%,259,2026-02-12 12:53:28.606222,RTM1P46,0.02,0.01,0.03,1000000.0,,1000000.0,,,,,45.0,,,,,0,0,0,0,0,0,0,0,0,0,0,0,0,0,0,0
3.0,1.0,35.0,,News 1,The analysts have informed you that the realized volatility of RTM next week will be between 36% and 41%,259,2026-02-12 12:53:28.606222,RTM1C47,3.79,3.78,3.8,1000000.0,,1000000.0,,,43.0,200.0,,,,,,0,0,0,0,0,0,0,0,0,0,0,0,0,0,0,0
2.0,1.0,2.0,Week 1,Delta limit and penalty,The delta limit for this sub-heat is 12000 and the penalty percentage is 2%,259,2026-02-12 12:53:28.606222,RTM1P47,0.04,0.03,0.05,1000000.0,,1000000.0,,,,,,8.0,,,,0,0,0,0,0,0,0,0,0,0,0,0,0,0,0,0
1.0,1.0,2.0,Week 1,Risk free rate and current annualized volatility of RTM,The current risk free rate is 0%. RTM is an ETF that mimics one of the major indices in the simulated world and its current annualized realized volatility is 22%. This simulation consists of 20 trading days that are each 15 ticks in length.,259,2026-02-12 12:53:28.606222,RTM1C48,2.85,2.84,2.86,1000000.0,,1000000.0,,,40.0,150.0,,,,,,0,0,0,0,0,0,0,0,0,0,0,0,0,0,0,0
,,,,,,259,2026-02-12 12:53:28.606222,RTM1P48,0.1,0.09,0.11,1000000.0,,1000000.0,,,,,,,,,,0,0,0,0,0,0,0,0,0,0,0,0,0,0,0,0
,,,,,,259,2026-02-12 12:53:28.606222,RTM1C49,2.02,2.01,2.03,1000000.0,,1000000.0,,,,108.0,,,12.0,120.0,60.0,0,0,0,0,0,0,0,0,0,0,0,0,0,0,0,0
,,,,,,259,2026-02-12 12:53:28.606222,RTM1P49,0.27,0.26,0.28,1000000.0,,1000000.0,,,,,,40.0,,,,0,0,0,0,0,0,0,0,0,0,0,0,0,0,0,0
,,,,,,259,2026-02-12 12:53:28.606222,RTM1C50,1.37,1.36,1.38,1000000.0,,1000000.0,,,,,,,,30.0,30.0,0,0,0,0,0,0,0,0,0,0,0,0,0,0,0,0
,,,,,,259,2026-02-12 12:53:28.606222,RTM1P50,0.62,0.61,0.63,1000000.0,,1000000.0,,,,,,,,,,0,0,0,0,0,0,0,0,0,0,0,0,0,0,0,0
,,,,,,259,2026-02-12 12:53:28.606222,RTM1C51,0.78,0.77,0.79,1000000.0,,1000000.0,,,,,,,,,,0,0,0,0,0,0,0,0,0,0,0,0,0,0,0,0
,,,,,,259,2026-02-12 12:53:28.606222,RTM1P51,1.03,1.02,1.04,1000000.0,,1000000.0,,,,,,100.0,,,,0,0,0,0,0,0,0,0,0,0,0,0,0,0,0,0
,,,,,,259,2026-02-12 12:53:28.606222,RTM1C52,0.46,0.45,0.47,1000000.0,,1000000.0,,,,,,,,,,0,0,0,0,0,0,0,0,0,0,0,0,0,0,0,0
,,,,,,259,2026-02-12 12:53:28.606222,RTM1P52,1.71,1.7,1.72,1000000.0,,1000000.0,,,,,,,,,,0,0,0,0,0,0,0,0,0,0,0,0,0,0,0,0
,,,,,,259,2026-02-12 12:53:28.606222,RTM1C53,0.23,0.22,0.24,1000000.0,,1000000.0,,,,,,20.0,,,,0,0,0,0,0,0,0,0,0,0,0,0,0,0,0,0
,,,,,,259,2026-02-12 12:53:28.606222,RTM1P53,2.48,2.47,2.49,1000000.0,,1000000.0,,,,,,,,,,0,0,0,0,0,0,0,0,0,0,0,0,0,0,0,0
,,,,,,259,2026-02-12 12:53:28.606222,RTM1C54,0.09,0.08,0.1,1000000.0,,1000000.0,,,,,,,,,,0,0,0,0,0,0,0,0,0,0,0,0,0,0,0,0
,,,,,,259,2026-02-12 12:53:28.606222,RTM1P54,3.34,3.33,3.35,1000000.0,,1000000.0,,,,,,,,,,0,0,0,0,0,0,0,0,0,0,0,0,0,0,0,0
8.0,1.0,224.0,Week 4,Announcement 3,The analysts have informed you that the realized volatility of RTM this week will be 37%,260,2026-02-12 12:53:29.636512,RTM,51.17,51.16,51.18,100000000.0,190.0,100000000.0,200.0,,,,,,,,0,0,0,0,0,0,0,0,0,0,0,0,0,0,0,0,0
7.0,1.0,186.0,,News 3,The analysts have informed you that the realized volatility of RTM next week will be between 34% and 39%,260,2026-02-12 12:53:29.636512,RTM1C45,6.17,6.16,6.18,1000000.0,,1000000.0,,68.0,50.0,,,,,,0,0,0,0,0,0,0,0,0,0,0,0,0,0,0,0,0
6.0,1.0,149.0,Week 3,Announcement 2,The analysts have informed you that the realized volatility of RTM this week will be 25%,260,2026-02-12 12:53:29.636512,RTM1P45,0.02,0.01,0.03,1000000.0,,1000000.0,,,,,,,,,0,0,0,0,0,0,0,0,0,0,0,0,0,0,0,0,0
5.0,1.0,111.0,,News 2,The analysts have informed you that the realized volatility of RTM next week will be between 21% and 26%,260,2026-02-12 12:53:29.636512,RTM1C46,5.18,5.17,5.19,1000000.0,,1000000.0,,,,,,,,,0,0,0,0,0,0,0,0,0,0,0,0,0,0,0,0,0
4.0,1.0,74.0,Week 2,Announcement 1,The analysts have informed you that the realized volatility of RTM this week will be 39%,260,2026-02-12 12:53:29.636512,RTM1P46,0.02,0.01,0.03,1000000.0,,1000000.0,,,,45.0,,,,,0,0,0,0,0,0,0,0,0,0,0,0,0,0,0,0,0
3.0,1.0,35.0,,News 1,The analysts have informed you that the realized volatility of RTM next week will be between 36% and 41%,260,2026-02-12 12:53:29.636512,RTM1C47,4.2,4.19,4.21,1000000.0,,1000000.0,,43.0,200.0,,,,,,0,0,0,0,0,0,0,0,0,0,0,0,0,0,0,0,0
2.0,1.0,2.0,Week 1,Delta limit and penalty,The delta limit for this sub-heat is 12000 and the penalty percentage is 2%,260,2026-02-12 12:53:29.636512,RTM1P47,0.03,0.02,0.04,1000000.0,,1000000.0,,,,,8.0,,,,0,0,0,0,0,0,0,0,0,0,0,0,0,0,0,0,0
1.0,1.0,2.0,Week 1,Risk free rate and current annualized volatility of RTM,The current risk free rate is 0%. RTM is an ETF that mimics one of the major indices in the simulated world and its current annualized realized volatility is 22%. This simulation consists of 20 trading days that are each 15 ticks in length.,260,2026-02-12 12:53:29.636512,RTM1C48,3.25,3.24,3.26,1000000.0,,1000000.0,,40.0,150.0,,,,,,0,0,0,0,0,0,0,0,0,0,0,0,0,0,0,0,0
,,,,,,260,2026-02-12 12:53:29.636512,RTM1P48,0.08,0.07,0.09,1000000.0,,1000000.0,,,,,,,,,0,0,0,0,0,0,0,0,0,0,0,0,0,0,0,0,0
,,,,,,260,2026-02-12 12:53:29.636512,RTM1C49,2.37,2.36,2.38,1000000.0,,1000000.0,,,108.0,,,12.0,120.0,60.0,0,0,0,0,0,0,0,0,0,0,0,0,0,0,0,0,0
,,,,,,260,2026-02-12 12:53:29.636512,RTM1P49,0.2,0.19,0.21,1000000.0,,1000000.0,,,,,40.0,,,,0,0,0,0,0,0,0,0,0,0,0,0,0,0,0,0,0
,,,,,,260,2026-02-12 12:53:29.636512,RTM1C50,1.66,1.65,1.67,1000000.0,,1000000.0,,,,,,,30.0,30.0,0,0,0,0,0,0,0,0,0,0,0,0,0,0,0,0,0
,,,,,,260,2026-02-12 12:53:29.636512,RTM1P50,0.49,0.48,0.5,1000000.0,,1000000.0,,,,,,,,,0,0,0,0,0,0,0,0,0,0,0,0,0,0,0,0,0
,,,,,,260,2026-02-12 12:53:29.636512,RTM1C51,0.96,0.95,0.97,1000000.0,,1000000.0,,,,,,,,,0,0,0,0,0,0,0,0,0,0,0,0,0,0,0,0,0
,,,,,,260,2026-02-12 12:53:29.636512,RTM1P51,0.79,0.78,0.8,1000000.0,,1000000.0,,,,,100.0,,,,0,0,0,0,0,0,0,0,0,0,0,0,0,0,0,0,0
,,,,,,260,2026-02-12 12:53:29.636512,RTM1C52,0.56,0.55,0.57,1000000.0,,1000000.0,,,,,,,,,0,0,0,0,0,0,0,0,0,0,0,0,0,0,0,0,0
,,,,,,260,2026-02-12 12:53:29.636512,RTM1P52,1.39,1.38,1.4,1000000.0,,1000000.0,,,,,,,,,0,0,0,0,0,0,0,0,0,0,0,0,0,0,0,0,0
,,,,,,260,2026-02-12 12:53:29.636512,RTM1C53,0.29,0.28,0.3,1000000.0,,1000000.0,,,,,,,,,0,0,0,0,0,0,0,0,0,0,0,0,0,0,0,0,0
,,,,,,260,2026-02-12 12:53:29.636512,RTM1P53,2.12,2.11,2.13,1000000.0,,1000000.0,,,,,,,,,0,0,0,0,0,0,0,0,0,0,0,0,0,0,0,0,0
,,,,,,260,2026-02-12 12:53:29.636512,RTM1C54,0.14,0.13,0.15,1000000.0,,1000000.0,,,,,,,,,0,0,0,0,0,0,0,0,0,0,0,0,0,0,0,0,0
,,,,,,260,2026-02-12 12:53:29.636512,RTM1P54,2.97,2.96,2.98,1000000.0,,1000000.0,,,,,,,,,0,0,0,0,0,0,0,0,0,0,0,0,0,0,0,0,0
8.0,1.0,224.0,Week 4,Announcement 3,The analysts have informed you that the realized volatility of RTM this week will be 37%,261,2026-02-12 12:53:30.665689,RTM,51.34,51.33,51.35,100000000.0,190.0,100000000.0,200.0,,,,,,,,0,0,0,0,0,0,0,0,0,0,0,0,0,0,0,0,0
7.0,1.0,186.0,,News 3,The analysts have informed you that the realized volatility of RTM next week will be between 34% and 39%,261,2026-02-12 12:53:30.665689,RTM1C45,6.34,6.33,6.35,1000000.0,,1000000.0,,68.0,50.0,,,,,,0,0,0,0,0,0,0,0,0,0,0,0,0,0,0,0,0
6.0,1.0,149.0,Week 3,Announcement 2,The analysts have informed you that the realized volatility of RTM this week will be 25%,261,2026-02-12 12:53:30.665689,RTM1P45,0.02,0.01,0.03,1000000.0,,1000000.0,,,,,,,,,0,0,0,0,0,0,0,0,0,0,0,0,0,0,0,0,0
5.0,1.0,111.0,,News 2,The analysts have informed you that the realized volatility of RTM next week will be between 21% and 26%,261,2026-02-12 12:53:30.665689,RTM1C46,5.34,5.33,5.35,1000000.0,,1000000.0,,,,,,,,,0,0,0,0,0,0,0,0,0,0,0,0,0,0,0,0,0
4.0,1.0,74.0,Week 2,Announcement 1,The analysts have informed you that the realized volatility of RTM this week will be 39%,261,2026-02-12 12:53:30.665689,RTM1P46,0.02,0.01,0.03,1000000.0,,1000000.0,,,,45.0,,,,,0,0,0,0,0,0,0,0,0,0,0,0,0,0,0,0,0
3.0,1.0,35.0,,News 1,The analysts have informed you that the realized volatility of RTM next week will be between 36% and 41%,261,2026-02-12 12:53:30.665689,RTM1C47,4.36,4.35,4.37,1000000.0,,1000000.0,,43.0,200.0,,,,,,0,0,0,0,0,0,0,0,0,0,0,0,0,0,0,0,0
2.0,1.0,2.0,Week 1,Delta limit and penalty,The delta limit for this sub-heat is 12000 and the penalty percentage is 2%,261,2026-02-12 12:53:30.665689,RTM1P47,0.02,0.01,0.03,1000000.0,,1000000.0,,,,,8.0,,,,0,0,0,0,0,0,0,0,0,0,0,0,0,0,0,0,0
1.0,1.0,2.0,Week 1,Risk free rate and current annualized volatility of RTM,The current risk free rate is 0%. RTM is an ETF that mimics one of the major indices in the simulated world and its current annualized realized volatility is 22%. This simulation consists of 20 trading days that are each 15 ticks in length.,261,2026-02-12 12:53:30.665689,RTM1C48,3.4,3.39,3.41,1000000.0,,1000000.0,,40.0,150.0,,,,,,0,0,0,0,0,0,0,0,0,0,0,0,0,0,0,0,0
,,,,,,261,2026-02-12 12:53:30.665689,RTM1P48,0.06,0.05,0.07,1000000.0,,1000000.0,,,,,,,,,0,0,0,0,0,0,0,0,0,0,0,0,0,0,0,0,0
,,,,,,261,2026-02-12 12:53:30.665689,RTM1C49,2.51,2.5,2.52,1000000.0,,1000000.0,,,108.0,,,12.0,120.0,60.0,0,0,0,0,0,0,0,0,0,0,0,0,0,0,0,0,0
,,,,,,261,2026-02-12 12:53:30.665689,RTM1P49,0.17,0.16,0.18,1000000.0,,1000000.0,,,,,40.0,,,,0,0,0,0,0,0,0,0,0,0,0,0,0,0,0,0,0
,,,,,,261,2026-02-12 12:53:30.665689,RTM1C50,1.76,1.75,1.77,1000000.0,,1000000.0,,,,,,,30.0,30.0,0,0,0,0,0,0,0,0,0,0,0,0,0,0,0,0,0
,,,,,,261,2026-02-12 12:53:30.665689,RTM1P50,0.42,0.41,0.43,1000000.0,,1000000.0,,,,,,,,,0,0,0,0,0,0,0,0,0,0,0,0,0,0,0,0,0
,,,,,,261,2026-02-12 12:53:30.665689,RTM1C51,1.05,1.04,1.06,1000000.0,,1000000.0,,,,,,,,,0,0,0,0,0,0,0,0,0,0,0,0,0,0,0,0,0
,,,,,,261,2026-02-12 12:53:30.665689,RTM1P51,0.71,0.7,0.72,1000000.0,,1000000.0,,,,,100.0,,,,0,0,0,0,0,0,0,0,0,0,0,0,0,0,0,0,0
,,,,,,261,2026-02-12 12:53:30.665689,RTM1C52,0.61,0.6,0.62,1000000.0,,1000000.0,,,,,,,,,0,0,0,0,0,0,0,0,0,0,0,0,0,0,0,0,0
,,,,,,261,2026-02-12 12:53:30.665689,RTM1P52,1.27,1.26,1.28,1000000.0,,1000000.0,,,,,,,,,0,0,0,0,0,0,0,0,0,0,0,0,0,0,0,0,0
,,,,,,261,2026-02-12 12:53:30.665689,RTM1C53,0.32,0.31,0.33,1000000.0,,1000000.0,,,,,,,,,0,0,0,0,0,0,0,0,0,0,0,0,0,0,0,0,0
,,,,,,261,2026-02-12 12:53:30.665689,RTM1P53,1.99,1.98,2.0,1000000.0,,1000000.0,,,,,,,,,0,0,0,0,0,0,0,0,0,0,0,0,0,0,0,0,0
,,,,,,261,2026-02-12 12:53:30.665689,RTM1C54,0.14,0.13,0.15,1000000.0,,1000000.0,,,,,,,,,0,0,0,0,0,0,0,0,0,0,0,0,0,0,0,0,0
,,,,,,261,2026-02-12 12:53:30.665689,RTM1P54,2.8,2.79,2.81,1000000.0,,1000000.0,,,,,,,,,0,0,0,0,0,0,0,0,0,0,0,0,0,0,0,0,0
8.0,1.0,224.0,Week 4,Announcement 3,The analysts have informed you that the realized volatility of RTM this week will be 37%,262,2026-02-12 12:53:31.712437,RTM,51.32,51.3,51.32,100000000.0,2983.0,180.0,100000000.0,200.0,,,,,,,,0,0,0,0,0,0,0,0,0,0,0,0,0,0,0,0
7.0,1.0,186.0,,News 3,The analysts have informed you that the realized volatility of RTM next week will be between 34% and 39%,262,2026-02-12 12:53:31.712437,RTM1C45,6.31,6.3,6.32,1000000.0,68.0,,1000000.0,,50.0,,,,,,,0,0,0,0,0,0,0,0,0,0,0,0,0,0,0,0
6.0,1.0,149.0,Week 3,Announcement 2,The analysts have informed you that the realized volatility of RTM this week will be 25%,262,2026-02-12 12:53:31.712437,RTM1P45,0.02,0.01,0.03,1000000.0,,,1000000.0,,,,,,,,,0,0,0,0,0,0,0,0,0,0,0,0,0,0,0,0
5.0,1.0,111.0,,News 2,The analysts have informed you that the realized volatility of RTM next week will be between 21% and 26%,262,2026-02-12 12:53:31.712437,RTM1C46,5.31,5.3,5.32,1000000.0,,,1000000.0,,,,,,,,,0,0,0,0,0,0,0,0,0,0,0,0,0,0,0,0
4.0,1.0,74.0,Week 2,Announcement 1,The analysts have informed you that the realized volatility of RTM this week will be 39%,262,2026-02-12 12:53:31.712437,RTM1P46,0.02,0.01,0.03,1000000.0,,,1000000.0,,,45.0,,,,,,0,0,0,0,0,0,0,0,0,0,0,0,0,0,0,0
3.0,1.0,35.0,,News 1,The analysts have informed you that the realized volatility of RTM next week will be between 36% and 41%,262,2026-02-12 12:53:31.712437,RTM1C47,4.34,4.33,4.35,1000000.0,43.0,,1000000.0,,200.0,,,,,,,0,0,0,0,0,0,0,0,0,0,0,0,0,0,0,0
2.0,1.0,2.0,Week 1,Delta limit and penalty,The delta limit for this sub-heat is 12000 and the penalty percentage is 2%,262,2026-02-12 12:53:31.712437,RTM1P47,0.02,0.01,0.03,1000000.0,,,1000000.0,,,,8.0,,,,,0,0,0,0,0,0,0,0,0,0,0,0,0,0,0,0
1.0,1.0,2.0,Week 1,Risk free rate and current annualized volatility of RTM,The current risk free rate is 0%. RTM is an ETF that mimics one of the major indices in the simulated world and its current annualized realized volatility is 22%. This simulation consists of 20 trading days that are each 15 ticks in length.,262,2026-02-12 12:53:31.712437,RTM1C48,3.37,3.36,3.38,1000000.0,40.0,,1000000.0,,150.0,,,,,,,0,0,0,0,0,0,0,0,0,0,0,0,0,0,0,0
,,,,,,262,2026-02-12 12:53:31.712437,RTM1P48,0.05,0.04,0.06,1000000.0,,,1000000.0,,,,,,,,,0,0,0,0,0,0,0,0,0,0,0,0,0,0,0,0
,,,,,,262,2026-02-12 12:53:31.712437,RTM1C49,2.48,2.47,2.49,1000000.0,,,1000000.0,,108.0,,,12.0,120.0,60.0,,0,0,0,0,0,0,0,0,0,0,0,0,0,0,0,0
,,,,,,262,2026-02-12 12:53:31.712437,RTM1P49,0.16,0.15,0.17,1000000.0,,,1000000.0,,,,40.0,,,,,0,0,0,0,0,0,0,0,0,0,0,0,0,0,0,0
,,,,,,262,2026-02-12 12:53:31.712437,RTM1C50,1.68,1.67,1.69,1000000.0,,,1000000.0,,,,,,30.0,30.0,30.0,0,0,0,0,0,0,0,0,0,0,0,0,0,0,0,0
,,,,,,262,2026-02-12 12:53:31.712437,RTM1P50,0.36,0.35,0.37,1000000.0,,,1000000.0,,,,,,,,,0,0,0,0,0,0,0,0,0,0,0,0,0,0,0,0
,,,,,,262,2026-02-12 12:53:31.712437,RTM1C51,1.05,1.04,1.06,1000000.0,,,1000000.0,,,,,,30.0,,,0,0,0,0,0,0,0,0,0,0,0,0,0,0,0,0
,,,,,,262,2026-02-12 12:53:31.712437,RTM1P51,0.74,0.73,0.75,1000000.0,,,1000000.0,,,,100.0,,,,,0,0,0,0,0,0,0,0,0,0,0,0,0,0,0,0
,,,,,,262,2026-02-12 12:53:31.712437,RTM1C52,0.55,0.54,0.56,1000000.0,,,1000000.0,,,,,,,,,0,0,0,0,0,0,0,0,0,0,0,0,0,0,0,0
,,,,,,262,2026-02-12 12:53:31.712437,RTM1P52,1.24,1.23,1.25,1000000.0,,,1000000.0,,,,,,,,,0,0,0,0,0,0,0,0,0,0,0,0,0,0,0,0
,,,,,,262,2026-02-12 12:53:31.712437,RTM1C53,0.3,0.29,0.31,1000000.0,,,1000000.0,,,,,,,,,0,0,0,0,0,0,0,0,0,0,0,0,0,0,0,0
,,,,,,262,2026-02-12 12:53:31.712437,RTM1P53,1.99,1.98,2.0,1000000.0,,,1000000.0,,,,,,,,,0,0,0,0,0,0,0,0,0,0,0,0,0,0,0,0
,,,,,,262,2026-02-12 12:53:31.712437,RTM1C54,0.14,0.13,0.15,1000000.0,,,1000000.0,,,,,,,,,0,0,0,0,0,0,0,0,0,0,0,0,0,0,0,0
,,,,,,262,2026-02-12 12:53:31.712437,RTM1P54,2.83,2.82,2.84,1000000.0,,,1000000.0,,,,,,,,,0,0,0,0,0,0,0,0,0,0,0,0,0,0,0,0
8.0,1.0,224.0,Week 4,Announcement 3,The analysts have informed you that the realized volatility of RTM this week will be 37%,263,2026-02-12 12:53:32.755759,RTM,51.16,51.14,51.16,100000000.0,190.0,100000000.0,200.0,,,,,,,,,,,0,0,0,0,0,0,0,0,0,0,0,0,0,0
7.0,1.0,186.0,,News 3,The analysts have informed you that the realized volatility of RTM next week will be between 34% and 39%,263,2026-02-12 12:53:32.755759,RTM1C45,6.15,6.14,6.16,1000000.0,,1000000.0,,68.0,50.0,,,,,,,,,0,0,0,0,0,0,0,0,0,0,0,0,0,0
6.0,1.0,149.0,Week 3,Announcement 2,The analysts have informed you that the realized volatility of RTM this week will be 25%,263,2026-02-12 12:53:32.755759,RTM1P45,0.02,0.01,0.03,1000000.0,,1000000.0,,,,,,,,,,,,0,0,0,0,0,0,0,0,0,0,0,0,0,0
5.0,1.0,111.0,,News 2,The analysts have informed you that the realized volatility of RTM next week will be between 21% and 26%,263,2026-02-12 12:53:32.755759,RTM1C46,5.16,5.15,5.17,1000000.0,,1000000.0,,,,,,,,,,,,0,0,0,0,0,0,0,0,0,0,0,0,0,0
4.0,1.0,74.0,Week 2,Announcement 1,The analysts have informed you that the realized volatility of RTM this week will be 39%,263,2026-02-12 12:53:32.755759,RTM1P46,0.02,0.01,0.03,1000000.0,,1000000.0,,,,45.0,,,,,,,,0,0,0,0,0,0,0,0,0,0,0,0,0,0
3.0,1.0,35.0,,News 1,The analysts have informed you that the realized volatility of RTM next week will be between 36% and 41%,263,2026-02-12 12:53:32.755759,RTM1C47,4.17,4.16,4.18,1000000.0,,1000000.0,,43.0,200.0,,,,,,,,,0,0,0,0,0,0,0,0,0,0,0,0,0,0
2.0,1.0,2.0,Week 1,Delta limit and penalty,The delta limit for this sub-heat is 12000 and the penalty percentage is 2%,263,2026-02-12 12:53:32.755759,RTM1P47,0.02,0.01,0.03,1000000.0,,1000000.0,,,,,8.0,,,,,,,0,0,0,0,0,0,0,0,0,0,0,0,0,0
1.0,1.0,2.0,Week 1,Risk free rate and current annualized volatility of RTM,The current risk free rate is 0%. RTM is an ETF that mimics one of the major indices in the simulated world and its current annualized realized volatility is 22%. This simulation consists of 20 trading days that are each 15 ticks in length.,263,2026-02-12 12:53:32.755759,RTM1C48,3.2,3.19,3.21,1000000.0,,1000000.0,,40.0,150.0,,,,,,,,,0,0,0,0,0,0,0,0,0,0,0,0,0,0
,,,,,,263,2026-02-12 12:53:32.755759,RTM1P48,0.05,0.04,0.06,1000000.0,,1000000.0,,,,,,,,,,,,0,0,0,0,0,0,0,0,0,0,0,0,0,0
,,,,,,263,2026-02-12 12:53:32.755759,RTM1C49,2.32,2.31,2.33,1000000.0,,1000000.0,,,108.0,,,12.0,120.0,60.0,30.0,,,0,0,0,0,0,0,0,0,0,0,0,0,0,0
,,,,,,263,2026-02-12 12:53:32.755759,RTM1P49,0.16,0.15,0.17,1000000.0,,1000000.0,,,,,40.0,,,,,,,0,0,0,0,0,0,0,0,0,0,0,0,0,0
,,,,,,263,2026-02-12 12:53:32.755759,RTM1C50,1.55,1.54,1.56,1000000.0,,1000000.0,,,,,,,30.0,30.0,,30.0,,0,0,0,0,0,0,0,0,0,0,0,0,0,0
,,,,,,263,2026-02-12 12:53:32.755759,RTM1P50,0.4,0.39,0.41,1000000.0,,1000000.0,,,,,,,,,,,22.0,0,0,0,0,0,0,0,0,0,0,0,0,0,0
,,,,,,263,2026-02-12 12:53:32.755759,RTM1C51,0.94,0.94,0.96,1000000.0,,1000000.0,,,,,,,,,,,,0,0,0,0,0,0,0,0,0,0,0,0,0,0
,,,,,,263,2026-02-12 12:53:32.755759,RTM1P51,0.79,0.78,0.8,1000000.0,,1000000.0,,,,,100.0,,,,,,,0,0,0,0,0,0,0,0,0,0,0,0,0,0
,,,,,,263,2026-02-12 12:53:32.755759,RTM1C52,0.52,0.51,0.53,1000000.0,,1000000.0,,,,,,,,,,,,0,0,0,0,0,0,0,0,0,0,0,0,0,0
,,,,,,263,2026-02-12 12:53:32.755759,RTM1P52,1.37,1.36,1.38,1000000.0,,1000000.0,,,,,,,,,,,,0,0,0,0,0,0,0,0,0,0,0,0,0,0
,,,,,,263,2026-02-12 12:53:32.755759,RTM1C53,0.24,0.23,0.25,1000000.0,,1000000.0,,,,,,,,,,,,0,0,0,0,0,0,0,0,0,0,0,0,0,0
,,,,,,263,2026-02-12 12:53:32.755759,RTM1P53,2.08,2.07,2.09,1000000.0,,1000000.0,,,,,,,,,,,,0,0,0,0,0,0,0,0,0,0,0,0,0,0
,,,,,,263,2026-02-12 12:53:32.755759,RTM1C54,0.1,0.09,0.11,1000000.0,,1000000.0,,,,,,,,,,,,0,0,0,0,0,0,0,0,0,0,0,0,0,0
,,,,,,263,2026-02-12 12:53:32.755759,RTM1P54,2.95,2.94,2.96,1000000.0,,1000000.0,,,,,,,,,,,,0,0,0,0,0,0,0,0,0,0,0,0,0,0
8.0,1.0,224.0,Week 4,Announcement 3,The analysts have informed you that the realized volatility of RTM this week will be 37%,264,2026-02-12 12:53:33.796540,RTM,51.18,51.18,51.2,100000000.0,524.0,180.0,100000000.0,200.0,,,,,,,,,,0,0,0,0,0,0,0,0,0,0,0,0,0,0
7.0,1.0,186.0,,News 3,The analysts have informed you that the realized volatility of RTM next week will be between 34% and 39%,264,2026-02-12 12:53:33.796540,RTM1C45,6.18,6.18,6.2,1000000.0,68.0,,1000000.0,,50.0,,,,,,,,,0,0,0,0,0,0,0,0,0,0,0,0,0,0
6.0,1.0,149.0,Week 3,Announcement 2,The analysts have informed you that the realized volatility of RTM this week will be 25%,264,2026-02-12 12:53:33.796540,RTM1P45,0.03,0.01,0.03,1000000.0,,,1000000.0,,,,,,,,,,,0,0,0,0,0,0,0,0,0,0,0,0,0,0
5.0,1.0,111.0,,News 2,The analysts have informed you that the realized volatility of RTM next week will be between 21% and 26%,264,2026-02-12 12:53:33.796540,RTM1C46,5.18,5.18,5.2,1000000.0,,,1000000.0,,,,,,,,,,,0,0,0,0,0,0,0,0,0,0,0,0,0,0
4.0,1.0,74.0,Week 2,Announcement 1,The analysts have informed you that the realized volatility of RTM this week will be 39%,264,2026-02-12 12:53:33.796540,RTM1P46,0.01,0.01,0.03,1000000.0,,,1000000.0,,,45.0,,,,,,,,0,0,0,0,0,0,0,0,0,0,0,0,0,0
3.0,1.0,35.0,,News 1,The analysts have informed you that the realized volatility of RTM next week will be between 36% and 41%,264,2026-02-12 12:53:33.796540,RTM1C47,4.2,4.2,4.22,1000000.0,43.0,,1000000.0,,200.0,,,,,,,,,0,0,0,0,0,0,0,0,0,0,0,0,0,0
2.0,1.0,2.0,Week 1,Delta limit and penalty,The delta limit for this sub-heat is 12000 and the penalty percentage is 2%,264,2026-02-12 12:53:33.796540,RTM1P47,0.01,0.01,0.03,1000000.0,,,1000000.0,,,,8.0,,,,,,,0,0,0,0,0,0,0,0,0,0,0,0,0,0
1.0,1.0,2.0,Week 1,Risk free rate and current annualized volatility of RTM,The current risk free rate is 0%. RTM is an ETF that mimics one of the major indices in the simulated world and its current annualized realized volatility is 22%. This simulation consists of 20 trading days that are each 15 ticks in length.,264,2026-02-12 12:53:33.796540,RTM1C48,3.24,3.23,3.25,1000000.0,40.0,,1000000.0,,150.0,,,,,,,,,0,0,0,0,0,0,0,0,0,0,0,0,0,0
,,,,,,264,2026-02-12 12:53:33.796540,RTM1P48,0.05,0.04,0.06,1000000.0,,,1000000.0,,,,,,,,,,,0,0,0,0,0,0,0,0,0,0,0,0,0,0
,,,,,,264,2026-02-12 12:53:33.796540,RTM1C49,2.34,2.33,2.35,1000000.0,,,1000000.0,,108.0,,,12.0,120.0,60.0,30.0,,,0,0,0,0,0,0,0,0,0,0,0,0,0,0
,,,,,,264,2026-02-12 12:53:33.796540,RTM1P49,0.16,0.15,0.17,1000000.0,,,1000000.0,,,,40.0,,,,,,,0,0,0,0,0,0,0,0,0,0,0,0,0,0
,,,,,,264,2026-02-12 12:53:33.796540,RTM1C50,1.59,1.58,1.6,1000000.0,,,1000000.0,,,,,,30.0,30.0,,30.0,,0,0,0,0,0,0,0,0,0,0,0,0,0,0
,,,,,,264,2026-02-12 12:53:33.796540,RTM1P50,0.41,0.4,0.41,1000000.0,,,1000000.0,,,,,,,,,,22.0,0,0,0,0,0,0,0,0,0,0,0,0,0,0
,,,,,,264,2026-02-12 12:53:33.796540,RTM1C51,0.94,0.92,0.94,1000000.0,,,1000000.0,,,,,,,,,,,0,0,0,0,0,0,0,0,0,0,0,0,0,0
,,,,,,264,2026-02-12 12:53:33.796540,RTM1P51,0.75,0.74,0.76,1000000.0,,,1000000.0,,,,100.0,,,,,,,0,0,0,0,0,0,0,0,0,0,0,0,0,0
,,,,,,264,2026-02-12 12:53:33.796540,RTM1C52,0.5,0.49,0.51,1000000.0,,,1000000.0,,,,,,,,,,,0,0,0,0,0,0,0,0,0,0,0,0,0,0
,,,,,,264,2026-02-12 12:53:33.796540,RTM1P52,1.32,1.31,1.33,1000000.0,,,1000000.0,,,,,,,,,,,0,0,0,0,0,0,0,0,0,0,0,0,0,0
,,,,,,264,2026-02-12 12:53:33.796540,RTM1C53,0.25,0.24,0.26,1000000.0,,,1000000.0,,,,,,,,,,,0,0,0,0,0,0,0,0,0,0,0,0,0,0
,,,,,,264,2026-02-12 12:53:33.796540,RTM1P53,2.06,2.05,2.07,1000000.0,,,1000000.0,,,,,,,,,,,0,0,0,0,0,0,0,0,0,0,0,0,0,0
,,,,,,264,2026-02-12 12:53:33.796540,RTM1C54,0.1,0.09,0.11,1000000.0,,,1000000.0,,,,,,,,,,,0,0,0,0,0,0,0,0,0,0,0,0,0,0
,,,,,,264,2026-02-12 12:53:33.796540,RTM1P54,2.91,2.9,2.92,1000000.0,,,1000000.0,,,,,,,,,,,0,0,0,0,0,0,0,0,0,0,0,0,0,0
8.0,1.0,224.0,Week 4,Announcement 3,The analysts have informed you that the realized volatility of RTM this week will be 37%,265,2026-02-12 12:53:34.846010,RTM,51.2,51.2,51.22,100000000.0,5079.0,524.0,170.0,100000000.0,200.0,,,,,,,,,,0,0,0,0,0,0,0,0,0,0,0,0,0
7.0,1.0,186.0,,News 3,The analysts have informed you that the realized volatility of RTM next week will be between 34% and 39%,265,2026-02-12 12:53:34.846010,RTM1C45,6.2,6.2,6.22,1000000.0,,68.0,,1000000.0,,50.0,,,,,,,,,0,0,0,0,0,0,0,0,0,0,0,0,0
6.0,1.0,149.0,Week 3,Announcement 2,The analysts have informed you that the realized volatility of RTM this week will be 25%,265,2026-02-12 12:53:34.846010,RTM1P45,0.03,0.01,0.03,1000000.0,,,,1000000.0,,,,,,,,,,,0,0,0,0,0,0,0,0,0,0,0,0,0
5.0,1.0,111.0,,News 2,The analysts have informed you that the realized volatility of RTM next week will be between 21% and 26%,265,2026-02-12 12:53:34.846010,RTM1C46,5.22,5.2,5.22,1000000.0,,,,1000000.0,,,,,,,,,,,0,0,0,0,0,0,0,0,0,0,0,0,0
4.0,1.0,74.0,Week 2,Announcement 1,The analysts have informed you that the realized volatility of RTM this week will be 39%,265,2026-02-12 12:53:34.846010,RTM1P46,0.03,0.01,0.03,1000000.0,,,,1000000.0,,,45.0,,,,,,,,0,0,0,0,0,0,0,0,0,0,0,0,0
3.0,1.0,35.0,,News 1,The analysts have informed you that the realized volatility of RTM next week will be between 36% and 41%,265,2026-02-12 12:53:34.846010,RTM1C47,4.24,4.22,4.24,1000000.0,,43.0,,1000000.0,,200.0,,,,,,,,,0,0,0,0,0,0,0,0,0,0,0,0,0
2.0,1.0,2.0,Week 1,Delta limit and penalty,The delta limit for this sub-heat is 12000 and the penalty percentage is 2%,265,2026-02-12 12:53:34.846010,RTM1P47,0.03,0.01,0.03,1000000.0,,,,1000000.0,,,,8.0,,,,,,,0,0,0,0,0,0,0,0,0,0,0,0,0
1.0,1.0,2.0,Week 1,Risk free rate and current annualized volatility of RTM,The current risk free rate is 0%. RTM is an ETF that mimics one of the major indices in the simulated world and its current annualized realized volatility is 22%. This simulation consists of 20 trading days that are each 15 ticks in length.,265,2026-02-12 12:53:34.846010,RTM1C48,3.26,3.24,3.26,1000000.0,,40.0,,1000000.0,,150.0,,,,,,,,,0,0,0,0,0,0,0,0,0,0,0,0,0
,,,,,,265,2026-02-12 12:53:34.846010,RTM1P48,0.05,0.03,0.05,1000000.0,,,,1000000.0,,,,,,,,,,,0,0,0,0,0,0,0,0,0,0,0,0,0
,,,,,,265,2026-02-12 12:53:34.846010,RTM1C49,2.33,2.33,2.35,1000000.0,,,,1000000.0,,108.0,,,12.0,120.0,60.0,30.0,,,0,0,0,0,0,0,0,0,0,0,0,0,0
,,,,,,265,2026-02-12 12:53:34.846010,RTM1P49,0.14,0.12,0.14,1000000.0,,,,1000000.0,,,,40.0,,,,,,,0,0,0,0,0,0,0,0,0,0,0,0,0
,,,,,,265,2026-02-12 12:53:34.846010,RTM1C50,1.56,1.54,1.56,1000000.0,,,,1000000.0,,,15.0,,,30.0,30.0,,30.0,,0,0,0,0,0,0,0,0,0,0,0,0,0
,,,,,,265,2026-02-12 12:53:34.846010,RTM1P50,0.35,0.33,0.35,1000000.0,,,,1000000.0,,,15.0,,,,,,,22.0,0,0,0,0,0,0,0,0,0,0,0,0,0
,,,,,,265,2026-02-12 12:53:34.846010,RTM1C51,0.92,0.9,0.92,1000000.0,,,,1000000.0,,,,,,,,,,,0,0,0,0,0,0,0,0,0,0,0,0,0
,,,,,,265,2026-02-12 12:53:34.846010,RTM1P51,0.71,0.69,0.71,1000000.0,,,,1000000.0,,,,100.0,,,,,,,0,0,0,0,0,0,0,0,0,0,0,0,0
,,,,,,265,2026-02-12 12:53:34.846010,RTM1C52,0.48,0.48,0.5,1000000.0,,,,1000000.0,,,,,,,,,,,0,0,0,0,0,0,0,0,0,0,0,0,0
,,,,,,265,2026-02-12 12:53:34.846010,RTM1P52,1.27,1.27,1.29,1000000.0,,,,1000000.0,,,,,,,,,,,0,0,0,0,0,0,0,0,0,0,0,0,0
,,,,,,265,2026-02-12 12:53:34.846010,RTM1C53,0.23,0.23,0.25,1000000.0,,,,1000000.0,,,,,,,,,,,0,0,0,0,0,0,0,0,0,0,0,0,0
,,,,,,265,2026-02-12 12:53:34.846010,RTM1P53,2.04,2.02,2.04,1000000.0,,,,1000000.0,,,,,,,,,,,0,0,0,0,0,0,0,0,0,0,0,0,0
,,,,,,265,2026-02-12 12:53:34.846010,RTM1C54,0.1,0.08,0.1,1000000.0,,,,1000000.0,,,,,,,,,,,0,0,0,0,0,0,0,0,0,0,0,0,0
,,,,,,265,2026-02-12 12:53:34.846010,RTM1P54,2.89,2.87,2.89,1000000.0,,,,1000000.0,,,,,,,,,,,0,0,0,0,0,0,0,0,0,0,0,0,0
8.0,1.0,224.0,Week 4,Announcement 3,The analysts have informed you that the realized volatility of RTM this week will be 37%,266,2026-02-12 12:53:35.886305,RTM,51.49,51.47,51.49,100000000.0,1516.0,5079.0,160.0,100000000.0,200.0,,,,,,,,0,0,0,0,0,0,0,0,0,0,0,0,0,0,0
7.0,1.0,186.0,,News 3,The analysts have informed you that the realized volatility of RTM next week will be between 34% and 39%,266,2026-02-12 12:53:35.886305,RTM1C45,6.47,6.47,6.49,1000000.0,68.0,,,1000000.0,,50.0,,,,,,,0,0,0,0,0,0,0,0,0,0,0,0,0,0,0
6.0,1.0,149.0,Week 3,Announcement 2,The analysts have informed you that the realized volatility of RTM this week will be 25%,266,2026-02-12 12:53:35.886305,RTM1P45,0.01,0.01,0.03,1000000.0,,,,1000000.0,,,,,,,,,0,0,0,0,0,0,0,0,0,0,0,0,0,0,0
5.0,1.0,111.0,,News 2,The analysts have informed you that the realized volatility of RTM next week will be between 21% and 26%,266,2026-02-12 12:53:35.886305,RTM1C46,5.47,5.47,5.49,1000000.0,,,,1000000.0,,,,,,,,,0,0,0,0,0,0,0,0,0,0,0,0,0,0,0
4.0,1.0,74.0,Week 2,Announcement 1,The analysts have informed you that the realized volatility of RTM this week will be 39%,266,2026-02-12 12:53:35.886305,RTM1P46,0.01,0.01,0.03,1000000.0,,,,1000000.0,,,45.0,,,,,,0,0,0,0,0,0,0,0,0,0,0,0,0,0,0
3.0,1.0,35.0,,News 1,The analysts have informed you that the realized volatility of RTM next week will be between 36% and 41%,266,2026-02-12 12:53:35.886305,RTM1C47,4.49,4.47,4.49,1000000.0,43.0,,,1000000.0,,200.0,,,,,,,0,0,0,0,0,0,0,0,0,0,0,0,0,0,0
2.0,1.0,2.0,Week 1,Delta limit and penalty,The delta limit for this sub-heat is 12000 and the penalty percentage is 2%,266,2026-02-12 12:53:35.886305,RTM1P47,0.02,0.01,0.03,1000000.0,,,,1000000.0,,,,8.0,,,,,0,0,0,0,0,0,0,0,0,0,0,0,0,0,0
1.0,1.0,2.0,Week 1,Risk free rate and current annualized volatility of RTM,The current risk free rate is 0%. RTM is an ETF that mimics one of the major indices in the simulated world and its current annualized realized volatility is 22%. This simulation consists of 20 trading days that are each 15 ticks in length.,266,2026-02-12 12:53:35.886305,RTM1C48,3.51,3.49,3.51,1000000.0,40.0,,,1000000.0,,150.0,,,,,,,0,0,0,0,0,0,0,0,0,0,0,0,0,0,0
,,,,,,266,2026-02-12 12:53:35.886305,RTM1P48,0.03,0.02,0.04,1000000.0,,,,1000000.0,,,,,,,,,0,0,0,0,0,0,0,0,0,0,0,0,0,0,0
,,,,,,266,2026-02-12 12:53:35.886305,RTM1C49,2.59,2.58,2.6,1000000.0,,,,1000000.0,,108.0,,,12.0,120.0,60.0,,0,0,0,0,0,0,0,0,0,0,0,0,0,0,0
,,,,,,266,2026-02-12 12:53:35.886305,RTM1P49,0.11,0.1,0.12,1000000.0,,,,1000000.0,,,24.0,40.0,,,,,0,0,0,0,0,0,0,0,0,0,0,0,0,0,0
,,,,,,266,2026-02-12 12:53:35.886305,RTM1C50,1.74,1.74,1.76,1000000.0,,,,1000000.0,,,,,,30.0,30.0,,0,0,0,0,0,0,0,0,0,0,0,0,0,0,0
,,,,,,266,2026-02-12 12:53:35.886305,RTM1P50,0.27,0.26,0.28,1000000.0,,,,1000000.0,,,15.0,,,,,22.0,0,0,0,0,0,0,0,0,0,0,0,0,0,0,0
,,,,,,266,2026-02-12 12:53:35.886305,RTM1C51,1.09,1.08,1.1,1000000.0,,,,1000000.0,,,,,12.0,,30.0,,0,0,0,0,0,0,0,0,0,0,0,0,0,0,0
,,,,,,266,2026-02-12 12:53:35.886305,RTM1P51,0.63,0.61,0.63,1000000.0,,,,1000000.0,,,,100.0,,,,,0,0,0,0,0,0,0,0,0,0,0,0,0,0,0
,,,,,,266,2026-02-12 12:53:35.886305,RTM1C52,0.58,0.56,0.58,1000000.0,,,,1000000.0,,,,,,,,,0,0,0,0,0,0,0,0,0,0,0,0,0,0,0
,,,,,,266,2026-02-12 12:53:35.886305,RTM1P52,1.11,1.09,1.11,1000000.0,,,,1000000.0,,,,,,,,,0,0,0,0,0,0,0,0,0,0,0,0,0,0,0
,,,,,,266,2026-02-12 12:53:35.886305,RTM1C53,0.29,0.28,0.3,1000000.0,,,,1000000.0,,,,,,,,,0,0,0,0,0,0,0,0,0,0,0,0,0,0,0
,,,,,,266,2026-02-12 12:53:35.886305,RTM1P53,1.81,1.8,1.82,1000000.0,,,,1000000.0,,,18.0,,,,,,0,0,0,0,0,0,0,0,0,0,0,0,0,0,0
,,,,,,266,2026-02-12 12:53:35.886305,RTM1C54,0.12,0.11,0.13,1000000.0,,,,1000000.0,,,,,,,,,0,0,0,0,0,0,0,0,0,0,0,0,0,0,0
,,,,,,266,2026-02-12 12:53:35.886305,RTM1P54,2.65,2.64,2.66,1000000.0,,,,1000000.0,,,,,,,,,0,0,0,0,0,0,0,0,0,0,0,0,0,0,0
8.0,1.0,224.0,Week 4,Announcement 3,The analysts have informed you that the realized volatility of RTM this week will be 37%,267,2026-02-12 12:53:36.917948,RTM,51.9,51.88,51.9,100000000.0,6073.0,5079.0,150.0,100000000.0,100.0,,,,,,,,0,0,0,0,0,0,0,0,0,0,0,0,0,0,0
7.0,1.0,186.0,,News 3,The analysts have informed you that the realized volatility of RTM next week will be between 34% and 39%,267,2026-02-12 12:53:36.917948,RTM1C45,6.89,6.88,6.9,1000000.0,68.0,,,1000000.0,,50.0,,,,,,,0,0,0,0,0,0,0,0,0,0,0,0,0,0,0
6.0,1.0,149.0,Week 3,Announcement 2,The analysts have informed you that the realized volatility of RTM this week will be 25%,267,2026-02-12 12:53:36.917948,RTM1P45,0.01,0.01,0.03,1000000.0,,,,1000000.0,,,,,,,,,0,0,0,0,0,0,0,0,0,0,0,0,0,0,0
5.0,1.0,111.0,,News 2,The analysts have informed you that the realized volatility of RTM next week will be between 21% and 26%,267,2026-02-12 12:53:36.917948,RTM1C46,5.89,5.88,5.9,1000000.0,,,,1000000.0,,,,,,,,,0,0,0,0,0,0,0,0,0,0,0,0,0,0,0
4.0,1.0,74.0,Week 2,Announcement 1,The analysts have informed you that the realized volatility of RTM this week will be 39%,267,2026-02-12 12:53:36.917948,RTM1P46,0.02,0.01,0.03,1000000.0,,,,1000000.0,,,45.0,,,,,,0,0,0,0,0,0,0,0,0,0,0,0,0,0,0
3.0,1.0,35.0,,News 1,The analysts have informed you that the realized volatility of RTM next week will be between 36% and 41%,267,2026-02-12 12:53:36.917948,RTM1C47,4.89,4.89,4.91,1000000.0,43.0,,,1000000.0,,200.0,,,,,,,0,0,0,0,0,0,0,0,0,0,0,0,0,0,0
2.0,1.0,2.0,Week 1,Delta limit and penalty,The delta limit for this sub-heat is 12000 and the penalty percentage is 2%,267,2026-02-12 12:53:36.917948,RTM1P47,0.01,0.01,0.03,1000000.0,,,,1000000.0,,,,8.0,,,,,0,0,0,0,0,0,0,0,0,0,0,0,0,0,0
1.0,1.0,2.0,Week 1,Risk free rate and current annualized volatility of RTM,The current risk free rate is 0%. RTM is an ETF that mimics one of the major indices in the simulated world and its current annualized realized volatility is 22%. This simulation consists of 20 trading days that are each 15 ticks in length.,267,2026-02-12 12:53:36.917948,RTM1C48,3.91,3.9,3.92,1000000.0,40.0,,,1000000.0,,150.0,,,,,,,0,0,0,0,0,0,0,0,0,0,0,0,0,0,0
,,,,,,267,2026-02-12 12:53:36.917948,RTM1P48,0.02,0.01,0.03,1000000.0,,,,1000000.0,,,,,,,,,0,0,0,0,0,0,0,0,0,0,0,0,0,0,0
,,,,,,267,2026-02-12 12:53:36.917948,RTM1C49,2.96,2.95,2.97,1000000.0,,,,1000000.0,,108.0,,,12.0,120.0,60.0,,0,0,0,0,0,0,0,0,0,0,0,0,0,0,0
,,,,,,267,2026-02-12 12:53:36.917948,RTM1P49,0.06,0.05,0.07,1000000.0,,,,1000000.0,,,24.0,40.0,,,,,0,0,0,0,0,0,0,0,0,0,0,0,0,0,0
,,,,,,267,2026-02-12 12:53:36.917948,RTM1C50,2.1,2.08,2.1,1000000.0,,,,1000000.0,,,,,,30.0,30.0,,0,0,0,0,0,0,0,0,0,0,0,0,0,0,0
,,,,,,267,2026-02-12 12:53:36.917948,RTM1P50,0.2,0.19,0.21,1000000.0,,,,1000000.0,,,15.0,,,,,22.0,0,0,0,0,0,0,0,0,0,0,0,0,0,0,0
,,,,,,267,2026-02-12 12:53:36.917948,RTM1C51,1.32,1.3,1.32,1000000.0,,,,1000000.0,,,,,12.0,,30.0,,0,0,0,0,0,0,0,0,0,0,0,0,0,0,0
,,,,,,267,2026-02-12 12:53:36.917948,RTM1P51,0.43,0.41,0.43,1000000.0,,,,1000000.0,,,,100.0,,,,,0,0,0,0,0,0,0,0,0,0,0,0,0,0,0
,,,,,,267,2026-02-12 12:53:36.917948,RTM1C52,0.75,0.73,0.75,1000000.0,,,,1000000.0,,,,,,,,,0,0,0,0,0,0,0,0,0,0,0,0,0,0,0
,,,,,,267,2026-02-12 12:53:36.917948,RTM1P52,0.85,0.84,0.86,1000000.0,,,,1000000.0,,,,,,,,,0,0,0,0,0,0,0,0,0,0,0,0,0,0,0
,,,,,,267,2026-02-12 12:53:36.917948,RTM1C53,0.36,0.36,0.38,1000000.0,,,,1000000.0,,,,,,,,,0,0,0,0,0,0,0,0,0,0,0,0,0,0,0
,,,,,,267,2026-02-12 12:53:36.917948,RTM1P53,1.47,1.47,1.49,1000000.0,,,,1000000.0,,,18.0,,,,,,0,0,0,0,0,0,0,0,0,0,0,0,0,0,0
,,,,,,267,2026-02-12 12:53:36.917948,RTM1C54,0.15,0.15,0.17,1000000.0,,,,1000000.0,,,,,,,,,0,0,0,0,0,0,0,0,0,0,0,0,0,0,0
,,,,,,267,2026-02-12 12:53:36.917948,RTM1P54,2.25,2.25,2.27,1000000.0,,,,1000000.0,,,,,,,,,0,0,0,0,0,0,0,0,0,0,0,0,0,0,0
8.0,1.0,224.0,Week 4,Announcement 3,The analysts have informed you that the realized volatility of RTM this week will be 37%,268,2026-02-12 12:53:37.951548,RTM,51.93,51.91,51.93,100000000.0,6073.0,5079.0,150.0,100000000.0,100.0,,,,,,,0,0,0,0,0,0,0,0,0,0,0,0,0,0,0,0
7.0,1.0,186.0,,News 3,The analysts have informed you that the realized volatility of RTM next week will be between 34% and 39%,268,2026-02-12 12:53:37.951548,RTM1C45,6.93,6.91,6.93,1000000.0,68.0,,,1000000.0,,50.0,,,,,,0,0,0,0,0,0,0,0,0,0,0,0,0,0,0,0
6.0,1.0,149.0,Week 3,Announcement 2,The analysts have informed you that the realized volatility of RTM this week will be 25%,268,2026-02-12 12:53:37.951548,RTM1P45,0.01,0.01,0.03,1000000.0,,,,1000000.0,,,,,,,,0,0,0,0,0,0,0,0,0,0,0,0,0,0,0,0
5.0,1.0,111.0,,News 2,The analysts have informed you that the realized volatility of RTM next week will be between 21% and 26%,268,2026-02-12 12:53:37.951548,RTM1C46,5.91,5.91,5.93,1000000.0,,,,1000000.0,,,,,,,,0,0,0,0,0,0,0,0,0,0,0,0,0,0,0,0
4.0,1.0,74.0,Week 2,Announcement 1,The analysts have informed you that the realized volatility of RTM this week will be 39%,268,2026-02-12 12:53:37.951548,RTM1P46,0.01,0.01,0.03,1000000.0,,,,1000000.0,,,45.0,,,,,0,0,0,0,0,0,0,0,0,0,0,0,0,0,0,0
3.0,1.0,35.0,,News 1,The analysts have informed you that the realized volatility of RTM next week will be between 36% and 41%,268,2026-02-12 12:53:37.951548,RTM1C47,4.91,4.91,4.93,1000000.0,43.0,,,1000000.0,,200.0,,,,,,0,0,0,0,0,0,0,0,0,0,0,0,0,0,0,0
2.0,1.0,2.0,Week 1,Delta limit and penalty,The delta limit for this sub-heat is 12000 and the penalty percentage is 2%,268,2026-02-12 12:53:37.951548,RTM1P47,0.03,0.01,0.03,1000000.0,,,,1000000.0,,,,8.0,,,,0,0,0,0,0,0,0,0,0,0,0,0,0,0,0,0
1.0,1.0,2.0,Week 1,Risk free rate and current annualized volatility of RTM,The current risk free rate is 0%. RTM is an ETF that mimics one of the major indices in the simulated world and its current annualized realized volatility is 22%. This simulation consists of 20 trading days that are each 15 ticks in length.,268,2026-02-12 12:53:37.951548,RTM1C48,3.93,3.92,3.94,1000000.0,40.0,,,1000000.0,,150.0,,,,,,0,0,0,0,0,0,0,0,0,0,0,0,0,0,0,0
,,,,,,268,2026-02-12 12:53:37.951548,RTM1P48,0.02,0.01,0.03,1000000.0,,,,1000000.0,,,,,,,,0,0,0,0,0,0,0,0,0,0,0,0,0,0,0,0
,,,,,,268,2026-02-12 12:53:37.951548,RTM1C49,2.99,2.97,2.99,1000000.0,,,,1000000.0,,108.0,,,12.0,120.0,60.0,0,0,0,0,0,0,0,0,0,0,0,0,0,0,0,0
,,,,,,268,2026-02-12 12:53:37.951548,RTM1P49,0.07,0.05,0.07,1000000.0,,,,1000000.0,,,24.0,40.0,,,,0,0,0,0,0,0,0,0,0,0,0,0,0,0,0,0
,,,,,,268,2026-02-12 12:53:37.951548,RTM1C50,2.09,2.07,2.09,1000000.0,,,,1000000.0,,,,,,30.0,30.0,0,0,0,0,0,0,0,0,0,0,0,0,0,0,0,0
,,,,,,268,2026-02-12 12:53:37.951548,RTM1P50,0.17,0.15,0.17,1000000.0,,,,1000000.0,,,15.0,,,,,0,0,0,0,0,0,0,0,0,0,0,0,0,0,0,0
,,,,,,268,2026-02-12 12:53:37.951548,RTM1C51,1.31,1.31,1.33,1000000.0,,,,1000000.0,,,,,12.0,,30.0,0,0,0,0,0,0,0,0,0,0,0,0,0,0,0,0
,,,,,,268,2026-02-12 12:53:37.951548,RTM1P51,0.4,0.39,0.41,1000000.0,,,,1000000.0,,,,100.0,,,,0,0,0,0,0,0,0,0,0,0,0,0,0,0,0,0
,,,,,,268,2026-02-12 12:53:37.951548,RTM1C52,0.75,0.73,0.75,1000000.0,,,,1000000.0,,,,,,,,0,0,0,0,0,0,0,0,0,0,0,0,0,0,0,0
,,,,,,268,2026-02-12 12:53:37.951548,RTM1P52,0.83,0.81,0.83,1000000.0,,,,1000000.0,,,,,,,,0,0,0,0,0,0,0,0,0,0,0,0,0,0,0,0
,,,,,,268,2026-02-12 12:53:37.951548,RTM1C53,0.36,0.35,0.37,1000000.0,,,,1000000.0,,,,,,,,0,0,0,0,0,0,0,0,0,0,0,0,0,0,0,0
,,,,,,268,2026-02-12 12:53:37.951548,RTM1P53,1.44,1.43,1.45,1000000.0,,,,1000000.0,,,18.0,,,,,0,0,0,0,0,0,0,0,0,0,0,0,0,0,0,0
,,,,,,268,2026-02-12 12:53:37.951548,RTM1C54,0.16,0.15,0.17,1000000.0,,,,1000000.0,,,,,,,,0,0,0,0,0,0,0,0,0,0,0,0,0,0,0,0
,,,,,,268,2026-02-12 12:53:37.951548,RTM1P54,2.24,2.23,2.25,1000000.0,,,,1000000.0,,,,,,,,0,0,0,0,0,0,0,0,0,0,0,0,0,0,0,0
8.0,1.0,224.0,Week 4,Announcement 3,The analysts have informed you that the realized volatility of RTM this week will be 37%,269,2026-02-12 12:53:38.979695,RTM,50.87,50.87,50.89,100000000.0,190.0,100000000.0,100.0,,,,,,,,0,0,0,0,0,0,0,0,0,0,0,0,0,0,0,0,0
7.0,1.0,186.0,,News 3,The analysts have informed you that the realized volatility of RTM next week will be between 34% and 39%,269,2026-02-12 12:53:38.979695,RTM1C45,5.87,5.87,5.89,1000000.0,,1000000.0,,68.0,50.0,,,,,,0,0,0,0,0,0,0,0,0,0,0,0,0,0,0,0,0
6.0,1.0,149.0,Week 3,Announcement 2,The analysts have informed you that the realized volatility of RTM this week will be 25%,269,2026-02-12 12:53:38.979695,RTM1P45,0.02,0.01,0.03,1000000.0,,1000000.0,,,,,,,,,0,0,0,0,0,0,0,0,0,0,0,0,0,0,0,0,0
5.0,1.0,111.0,,News 2,The analysts have informed you that the realized volatility of RTM next week will be between 21% and 26%,269,2026-02-12 12:53:38.979695,RTM1C46,4.88,4.88,4.9,1000000.0,,1000000.0,,,,,,,,,0,0,0,0,0,0,0,0,0,0,0,0,0,0,0,0,0
4.0,1.0,74.0,Week 2,Announcement 1,The analysts have informed you that the realized volatility of RTM this week will be 39%,269,2026-02-12 12:53:38.979695,RTM1P46,0.02,0.01,0.03,1000000.0,,1000000.0,,,,45.0,,,,,0,0,0,0,0,0,0,0,0,0,0,0,0,0,0,0,0
3.0,1.0,35.0,,News 1,The analysts have informed you that the realized volatility of RTM next week will be between 36% and 41%,269,2026-02-12 12:53:38.979695,RTM1C47,3.9,3.89,3.91,1000000.0,,1000000.0,,43.0,200.0,,,,,,0,0,0,0,0,0,0,0,0,0,0,0,0,0,0,0,0
2.0,1.0,2.0,Week 1,Delta limit and penalty,The delta limit for this sub-heat is 12000 and the penalty percentage is 2%,269,2026-02-12 12:53:38.979695,RTM1P47,0.01,0.01,0.03,1000000.0,,1000000.0,,,,,8.0,,,,0,0,0,0,0,0,0,0,0,0,0,0,0,0,0,0,0
1.0,1.0,2.0,Week 1,Risk free rate and current annualized volatility of RTM,The current risk free rate is 0%. RTM is an ETF that mimics one of the major indices in the simulated world and its current annualized realized volatility is 22%. This simulation consists of 20 trading days that are each 15 ticks in length.,269,2026-02-12 12:53:38.979695,RTM1C48,2.92,2.92,2.94,1000000.0,,1000000.0,,40.0,150.0,,,,,,0,0,0,0,0,0,0,0,0,0,0,0,0,0,0,0,0
,,,,,,269,2026-02-12 12:53:38.979695,RTM1P48,0.04,0.04,0.06,1000000.0,,1000000.0,,,,,,,,,0,0,0,0,0,0,0,0,0,0,0,0,0,0,0,0,0
,,,,,,269,2026-02-12 12:53:38.979695,RTM1C49,2.03,2.02,2.04,1000000.0,,1000000.0,,,108.0,,,12.0,120.0,60.0,0,0,0,0,0,0,0,0,0,0,0,0,0,0,0,0,0
,,,,,,269,2026-02-12 12:53:38.979695,RTM1P49,0.15,0.14,0.16,1000000.0,,1000000.0,,,,,40.0,,,,0,0,0,0,0,0,0,0,0,0,0,0,0,0,0,0,0
,,,,,,269,2026-02-12 12:53:38.979695,RTM1C50,1.26,1.26,1.28,1000000.0,,1000000.0,,,,,,,30.0,30.0,0,0,0,0,0,0,0,0,0,0,0,0,0,0,0,0,0
,,,,,,269,2026-02-12 12:53:38.979695,RTM1P50,0.37,0.37,0.39,1000000.0,,1000000.0,,,,15.0,,,,,0,0,0,0,0,0,0,0,0,0,0,0,0,0,0,0,0
,,,,,,269,2026-02-12 12:53:38.979695,RTM1C51,0.7,0.68,0.7,1000000.0,,1000000.0,,,,,,,,,0,0,0,0,0,0,0,0,0,0,0,0,0,0,0,0,0
,,,,,,269,2026-02-12 12:53:38.979695,RTM1P51,0.81,0.8,0.82,1000000.0,,1000000.0,,,,,100.0,,,,0,0,0,0,0,0,0,0,0,0,0,0,0,0,0,0,0
,,,,,,269,2026-02-12 12:53:38.979695,RTM1C52,0.32,0.31,0.33,1000000.0,,1000000.0,,,,,,,,,0,0,0,0,0,0,0,0,0,0,0,0,0,0,0,0,0
,,,,,,269,2026-02-12 12:53:38.979695,RTM1P52,1.44,1.43,1.45,1000000.0,,1000000.0,,,,,,,,,0,0,0,0,0,0,0,0,0,0,0,0,0,0,0,0,0
,,,,,,269,2026-02-12 12:53:38.979695,RTM1C53,0.14,0.13,0.15,1000000.0,,1000000.0,,,,,,,,,0,0,0,0,0,0,0,0,0,0,0,0,0,0,0,0,0
,,,,,,269,2026-02-12 12:53:38.979695,RTM1P53,2.25,2.24,2.26,1000000.0,,1000000.0,,,,,,,,,0,0,0,0,0,0,0,0,0,0,0,0,0,0,0,0,0
,,,,,,269,2026-02-12 12:53:38.979695,RTM1C54,0.05,0.04,0.06,1000000.0,,1000000.0,,,,,,,,,0,0,0,0,0,0,0,0,0,0,0,0,0,0,0,0,0
,,,,,,269,2026-02-12 12:53:38.979695,RTM1P54,3.16,3.16,3.18,1000000.0,,1000000.0,,,,,,,,,0,0,0,0,0,0,0,0,0,0,0,0,0,0,0,0,0
8.0,1.0,224.0,Week 4,Announcement 3,The analysts have informed you that the realized volatility of RTM this week will be 37%,270,2026-02-12 12:53:40.007556,RTM,50.81,50.81,50.83,100000000.0,190.0,100000000.0,5000.0,100.0,,,,,,,,0,0,0,0,0,0,0,0,0,0,0,0,0,0,0,0
7.0,1.0,186.0,,News 3,The analysts have informed you that the realized volatility of RTM next week will be between 34% and 39%,270,2026-02-12 12:53:40.007556,RTM1C45,5.82,5.81,5.83,1000000.0,,1000000.0,,,68.0,50.0,,,,,,0,0,0,0,0,0,0,0,0,0,0,0,0,0,0,0
6.0,1.0,149.0,Week 3,Announcement 2,The analysts have informed you that the realized volatility of RTM this week will be 25%,270,2026-02-12 12:53:40.007556,RTM1P45,0.02,0.01,0.03,1000000.0,,1000000.0,,,,,,,,,,0,0,0,0,0,0,0,0,0,0,0,0,0,0,0,0
5.0,1.0,111.0,,News 2,The analysts have informed you that the realized volatility of RTM next week will be between 21% and 26%,270,2026-02-12 12:53:40.007556,RTM1C46,4.83,4.81,4.83,1000000.0,,1000000.0,,,,,,,,,,0,0,0,0,0,0,0,0,0,0,0,0,0,0,0,0
4.0,1.0,74.0,Week 2,Announcement 1,The analysts have informed you that the realized volatility of RTM this week will be 39%,270,2026-02-12 12:53:40.007556,RTM1P46,0.03,0.01,0.03,1000000.0,,1000000.0,,,,,45.0,,,,,0,0,0,0,0,0,0,0,0,0,0,0,0,0,0,0
3.0,1.0,35.0,,News 1,The analysts have informed you that the realized volatility of RTM next week will be between 36% and 41%,270,2026-02-12 12:53:40.007556,RTM1C47,3.84,3.82,3.84,1000000.0,,1000000.0,,,43.0,200.0,,,,,,0,0,0,0,0,0,0,0,0,0,0,0,0,0,0,0
2.0,1.0,2.0,Week 1,Delta limit and penalty,The delta limit for this sub-heat is 12000 and the penalty percentage is 2%,270,2026-02-12 12:53:40.007556,RTM1P47,0.03,0.01,0.03,1000000.0,,1000000.0,,,,,,8.0,,,,0,0,0,0,0,0,0,0,0,0,0,0,0,0,0,0
1.0,1.0,2.0,Week 1,Risk free rate and current annualized volatility of RTM,The current risk free rate is 0%. RTM is an ETF that mimics one of the major indices in the simulated world and its current annualized realized volatility is 22%. This simulation consists of 20 trading days that are each 15 ticks in length.,270,2026-02-12 12:53:40.007556,RTM1C48,2.86,2.86,2.88,1000000.0,,1000000.0,,,40.0,150.0,,,,,,0,0,0,0,0,0,0,0,0,0,0,0,0,0,0,0
,,,,,,270,2026-02-12 12:53:40.007556,RTM1P48,0.04,0.04,0.06,1000000.0,,1000000.0,,,,,,,,,,0,0,0,0,0,0,0,0,0,0,0,0,0,0,0,0
,,,,,,270,2026-02-12 12:53:40.007556,RTM1C49,1.97,1.96,1.98,1000000.0,,1000000.0,,,,108.0,,,12.0,120.0,60.0,0,0,0,0,0,0,0,0,0,0,0,0,0,0,0,0
,,,,,,270,2026-02-12 12:53:40.007556,RTM1P49,0.16,0.15,0.17,1000000.0,,1000000.0,,,,,,40.0,,,,0,0,0,0,0,0,0,0,0,0,0,0,0,0,0,0
,,,,,,270,2026-02-12 12:53:40.007556,RTM1C50,1.23,1.21,1.23,1000000.0,,1000000.0,,,,,,,,30.0,30.0,0,0,0,0,0,0,0,0,0,0,0,0,0,0,0,0
,,,,,,270,2026-02-12 12:53:40.007556,RTM1P50,0.41,0.39,0.41,1000000.0,,1000000.0,,,,,,,,,,0,0,0,0,0,0,0,0,0,0,0,0,0,0,0,0
,,,,,,270,2026-02-12 12:53:40.007556,RTM1C51,0.66,0.65,0.67,1000000.0,,1000000.0,,,,,,,,,,0,0,0,0,0,0,0,0,0,0,0,0,0,0,0,0
,,,,,,270,2026-02-12 12:53:40.007556,RTM1P51,0.84,0.83,0.85,1000000.0,,1000000.0,,,,,,100.0,,,,0,0,0,0,0,0,0,0,0,0,0,0,0,0,0,0
,,,,,,270,2026-02-12 12:53:40.007556,RTM1C52,0.3,0.3,0.32,1000000.0,,1000000.0,,,,,,,,,,0,0,0,0,0,0,0,0,0,0,0,0,0,0,0,0
,,,,,,270,2026-02-12 12:53:40.007556,RTM1P52,1.48,1.48,1.5,1000000.0,,1000000.0,,,,,,,,,,0,0,0,0,0,0,0,0,0,0,0,0,0,0,0,0
,,,,,,270,2026-02-12 12:53:40.007556,RTM1C53,0.12,0.11,0.13,1000000.0,,1000000.0,,,,,,,,,,0,0,0,0,0,0,0,0,0,0,0,0,0,0,0,0
,,,,,,270,2026-02-12 12:53:40.007556,RTM1P53,2.3,2.29,2.31,1000000.0,,1000000.0,,,,,,,,,,0,0,0,0,0,0,0,0,0,0,0,0,0,0,0,0
,,,,,,270,2026-02-12 12:53:40.007556,RTM1C54,0.04,0.03,0.05,1000000.0,,1000000.0,,,,,,,,,,0,0,0,0,0,0,0,0,0,0,0,0,0,0,0,0
,,,,,,270,2026-02-12 12:53:40.007556,RTM1P54,3.22,3.21,3.23,1000000.0,,1000000.0,,,,,,,,,,0,0,0,0,0,0,0,0,0,0,0,0,0,0,0,0
8.0,1.0,224.0,Week 4,Announcement 3,The analysts have informed you that the realized volatility of RTM this week will be 37%,271,2026-02-12 12:53:41.035660,RTM,51.01,51.01,51.03,100000000.0,190.0,100000000.0,5000.0,100.0,,,,,,,,0,0,0,0,0,0,0,0,0,0,0,0,0,0,0,0
7.0,1.0,186.0,,News 3,The analysts have informed you that the realized volatility of RTM next week will be between 34% and 39%,271,2026-02-12 12:53:41.035660,RTM1C45,6.01,6.01,6.03,1000000.0,,1000000.0,,,68.0,50.0,,,,,,0,0,0,0,0,0,0,0,0,0,0,0,0,0,0,0
6.0,1.0,149.0,Week 3,Announcement 2,The analysts have informed you that the realized volatility of RTM this week will be 25%,271,2026-02-12 12:53:41.035660,RTM1P45,0.02,0.01,0.03,1000000.0,,1000000.0,,,,,,,,,,0,0,0,0,0,0,0,0,0,0,0,0,0,0,0,0
5.0,1.0,111.0,,News 2,The analysts have informed you that the realized volatility of RTM next week will be between 21% and 26%,271,2026-02-12 12:53:41.035660,RTM1C46,5.03,5.01,5.03,1000000.0,,1000000.0,,,,,,,,,,0,0,0,0,0,0,0,0,0,0,0,0,0,0,0,0
4.0,1.0,74.0,Week 2,Announcement 1,The analysts have informed you that the realized volatility of RTM this week will be 39%,271,2026-02-12 12:53:41.035660,RTM1P46,0.02,0.01,0.03,1000000.0,,1000000.0,,,,,45.0,,,,,0,0,0,0,0,0,0,0,0,0,0,0,0,0,0,0
3.0,1.0,35.0,,News 1,The analysts have informed you that the realized volatility of RTM next week will be between 36% and 41%,271,2026-02-12 12:53:41.035660,RTM1C47,4.03,4.02,4.04,1000000.0,,1000000.0,,,43.0,200.0,,,,,,0,0,0,0,0,0,0,0,0,0,0,0,0,0,0,0
2.0,1.0,2.0,Week 1,Delta limit and penalty,The delta limit for this sub-heat is 12000 and the penalty percentage is 2%,271,2026-02-12 12:53:41.035660,RTM1P47,0.02,0.01,0.03,1000000.0,,1000000.0,,,,,,8.0,,,,0,0,0,0,0,0,0,0,0,0,0,0,0,0,0,0
1.0,1.0,2.0,Week 1,Risk free rate and current annualized volatility of RTM,The current risk free rate is 0%. RTM is an ETF that mimics one of the major indices in the simulated world and its current annualized realized volatility is 22%. This simulation consists of 20 trading days that are each 15 ticks in length.,271,2026-02-12 12:53:41.035660,RTM1C48,3.05,3.05,3.07,1000000.0,,1000000.0,,,40.0,150.0,,,,,,0,0,0,0,0,0,0,0,0,0,0,0,0,0,0,0
,,,,,,271,2026-02-12 12:53:41.035660,RTM1P48,0.02,0.02,0.04,1000000.0,,1000000.0,,,,,,,,,,0,0,0,0,0,0,0,0,0,0,0,0,0,0,0,0
,,,,,,271,2026-02-12 12:53:41.035660,RTM1C49,2.15,2.14,2.16,1000000.0,,1000000.0,,,,108.0,,,12.0,120.0,60.0,0,0,0,0,0,0,0,0,0,0,0,0,0,0,0,0
,,,,,,271,2026-02-12 12:53:41.035660,RTM1P49,0.12,0.11,0.13,1000000.0,,1000000.0,,,,,,40.0,,,,0,0,0,0,0,0,0,0,0,0,0,0,0,0,0,0
,,,,,,271,2026-02-12 12:53:41.035660,RTM1C50,1.34,1.34,1.36,1000000.0,,1000000.0,,,,,,,,30.0,30.0,0,0,0,0,0,0,0,0,0,0,0,0,0,0,0,0
,,,,,,271,2026-02-12 12:53:41.035660,RTM1P50,0.31,0.31,0.33,1000000.0,,1000000.0,,,,,,,,,,0,0,0,0,0,0,0,0,0,0,0,0,0,0,0,0
,,,,,,271,2026-02-12 12:53:41.035660,RTM1C51,0.74,0.74,0.76,1000000.0,,1000000.0,,,,,,,,,,0,0,0,0,0,0,0,0,0,0,0,0,0,0,0,0
,,,,,,271,2026-02-12 12:53:41.035660,RTM1P51,0.73,0.72,0.74,1000000.0,,1000000.0,,,,,,100.0,,,,0,0,0,0,0,0,0,0,0,0,0,0,0,0,0,0
,,,,,,271,2026-02-12 12:53:41.035660,RTM1C52,0.35,0.33,0.35,1000000.0,,1000000.0,,,,,,,,,,0,0,0,0,0,0,0,0,0,0,0,0,0,0,0,0
,,,,,,271,2026-02-12 12:53:41.035660,RTM1P52,1.33,1.31,1.33,1000000.0,,1000000.0,,,,,,,,,,0,0,0,0,0,0,0,0,0,0,0,0,0,0,0,0
,,,,,,271,2026-02-12 12:53:41.035660,RTM1C53,0.15,0.14,0.16,1000000.0,,1000000.0,,,,,,,,,,0,0,0,0,0,0,0,0,0,0,0,0,0,0,0,0
,,,,,,271,2026-02-12 12:53:41.035660,RTM1P53,2.13,2.12,2.14,1000000.0,,1000000.0,,,,,,,,,,0,0,0,0,0,0,0,0,0,0,0,0,0,0,0,0
,,,,,,271,2026-02-12 12:53:41.035660,RTM1C54,0.05,0.04,0.06,1000000.0,,1000000.0,,,,,,,,,,0,0,0,0,0,0,0,0,0,0,0,0,0,0,0,0
,,,,,,271,2026-02-12 12:53:41.035660,RTM1P54,3.04,3.02,3.04,1000000.0,,1000000.0,,,,,,,,,,0,0,0,0,0,0,0,0,0,0,0,0,0,0,0,0
8.0,1.0,224.0,Week 4,Announcement 3,The analysts have informed you that the realized volatility of RTM this week will be 37%,272,2026-02-12 12:53:42.064677,RTM,50.31,50.31,50.33,100000000.0,190.0,100000000.0,5000.0,100.0,,,,,,,,0,0,0,0,0,0,0,0,0,0,0,0,0,0,0,0
7.0,1.0,186.0,,News 3,The analysts have informed you that the realized volatility of RTM next week will be between 34% and 39%,272,2026-02-12 12:53:42.064677,RTM1C45,5.33,5.31,5.33,1000000.0,,1000000.0,,,68.0,50.0,,,,,,0,0,0,0,0,0,0,0,0,0,0,0,0,0,0,0
6.0,1.0,149.0,Week 3,Announcement 2,The analysts have informed you that the realized volatility of RTM this week will be 25%,272,2026-02-12 12:53:42.064677,RTM1P45,0.01,0.01,0.03,1000000.0,,1000000.0,,,,,,,,,,0,0,0,0,0,0,0,0,0,0,0,0,0,0,0,0
5.0,1.0,111.0,,News 2,The analysts have informed you that the realized volatility of RTM next week will be between 21% and 26%,272,2026-02-12 12:53:42.064677,RTM1C46,4.32,4.32,4.34,1000000.0,,1000000.0,,,,,,,,,,0,0,0,0,0,0,0,0,0,0,0,0,0,0,0,0
4.0,1.0,74.0,Week 2,Announcement 1,The analysts have informed you that the realized volatility of RTM this week will be 39%,272,2026-02-12 12:53:42.064677,RTM1P46,0.01,0.01,0.03,1000000.0,,1000000.0,,,,,45.0,,,,,0,0,0,0,0,0,0,0,0,0,0,0,0,0,0,0
3.0,1.0,35.0,,News 1,The analysts have informed you that the realized volatility of RTM next week will be between 36% and 41%,272,2026-02-12 12:53:42.064677,RTM1C47,3.33,3.33,3.35,1000000.0,,1000000.0,,,43.0,200.0,,,,,,0,0,0,0,0,0,0,0,0,0,0,0,0,0,0,0
2.0,1.0,2.0,Week 1,Delta limit and penalty,The delta limit for this sub-heat is 12000 and the penalty percentage is 2%,272,2026-02-12 12:53:42.064677,RTM1P47,0.01,0.01,0.03,1000000.0,,1000000.0,,,,,,8.0,,,,0,0,0,0,0,0,0,0,0,0,0,0,0,0,0,0
1.0,1.0,2.0,Week 1,Risk free rate and current annualized volatility of RTM,The current risk free rate is 0%. RTM is an ETF that mimics one of the major indices in the simulated world and its current annualized realized volatility is 22%. This simulation consists of 20 trading days that are each 15 ticks in length.,272,2026-02-12 12:53:42.064677,RTM1C48,2.4,2.38,2.4,1000000.0,,1000000.0,,,40.0,150.0,,,,,,0,0,0,0,0,0,0,0,0,0,0,0,0,0,0,0
,,,,,,272,2026-02-12 12:53:42.064677,RTM1P48,0.07,0.05,0.07,1000000.0,,1000000.0,,,,,,,,,,0,0,0,0,0,0,0,0,0,0,0,0,0,0,0,0
,,,,,,272,2026-02-12 12:53:42.064677,RTM1C49,1.56,1.54,1.56,1000000.0,,1000000.0,,,,108.0,,,12.0,120.0,60.0,0,0,0,0,0,0,0,0,0,0,0,0,0,0,0,0
,,,,,,272,2026-02-12 12:53:42.064677,RTM1P49,0.23,0.21,0.23,1000000.0,,1000000.0,,,,,,40.0,,,,0,0,0,0,0,0,0,0,0,0,0,0,0,0,0,0
,,,,,,272,2026-02-12 12:53:42.064677,RTM1C50,0.87,0.86,0.88,1000000.0,,1000000.0,,,,,,,,30.0,30.0,0,0,0,0,0,0,0,0,0,0,0,0,0,0,0,0
,,,,,,272,2026-02-12 12:53:42.064677,RTM1P50,0.54,0.54,0.56,1000000.0,,1000000.0,,,,,,,,,,0,0,0,0,0,0,0,0,0,0,0,0,0,0,0,0
,,,,,,272,2026-02-12 12:53:42.064677,RTM1C51,0.43,0.41,0.43,1000000.0,,1000000.0,,,,,,,,,,0,0,0,0,0,0,0,0,0,0,0,0,0,0,0,0
,,,,,,272,2026-02-12 12:53:42.064677,RTM1P51,1.1,1.09,1.11,1000000.0,,1000000.0,,,,,,100.0,,,,0,0,0,0,0,0,0,0,0,0,0,0,0,0,0,0
,,,,,,272,2026-02-12 12:53:42.064677,RTM1C52,0.17,0.16,0.18,1000000.0,,1000000.0,,,,,,,,,,0,0,0,0,0,0,0,0,0,0,0,0,0,0,0,0
,,,,,,272,2026-02-12 12:53:42.064677,RTM1P52,1.84,1.83,1.85,1000000.0,,1000000.0,,,,,,,,,,0,0,0,0,0,0,0,0,0,0,0,0,0,0,0,0
,,,,,,272,2026-02-12 12:53:42.064677,RTM1C53,0.06,0.05,0.07,1000000.0,,1000000.0,,,,,,,,,,0,0,0,0,0,0,0,0,0,0,0,0,0,0,0,0
,,,,,,272,2026-02-12 12:53:42.064677,RTM1P53,2.73,2.72,2.74,1000000.0,,1000000.0,,,,,,,,,,0,0,0,0,0,0,0,0,0,0,0,0,0,0,0,0
,,,,,,272,2026-02-12 12:53:42.064677,RTM1C54,0.02,0.01,0.03,1000000.0,,1000000.0,,,,,,,,,,0,0,0,0,0,0,0,0,0,0,0,0,0,0,0,0
,,,,,,272,2026-02-12 12:53:42.064677,RTM1P54,3.7,3.68,3.7,1000000.0,,1000000.0,,,,,,,,,,0,0,0,0,0,0,0,0,0,0,0,0,0,0,0,0
8.0,1.0,224.0,Week 4,Announcement 3,The analysts have informed you that the realized volatility of RTM this week will be 37%,273,2026-02-12 12:53:43.092824,RTM,50.03,50.03,50.04,100000000.0,190.0,2148.0,100000000.0,10000.0,5000.0,100.0,,,,,,,,,,0,0,0,0,0,0,0,0,0,0,0,0,0,0
7.0,1.0,186.0,,News 3,The analysts have informed you that the realized volatility of RTM next week will be between 34% and 39%,273,2026-02-12 12:53:43.092824,RTM1C45,5.05,5.03,5.05,1000000.0,,,1000000.0,,,,68.0,50.0,,,,,,,,0,0,0,0,0,0,0,0,0,0,0,0,0,0
6.0,1.0,149.0,Week 3,Announcement 2,The analysts have informed you that the realized volatility of RTM this week will be 25%,273,2026-02-12 12:53:43.092824,RTM1P45,0.01,0.01,0.03,1000000.0,,,1000000.0,,,,,,,,,,,,,0,0,0,0,0,0,0,0,0,0,0,0,0,0
5.0,1.0,111.0,,News 2,The analysts have informed you that the realized volatility of RTM next week will be between 21% and 26%,273,2026-02-12 12:53:43.092824,RTM1C46,4.05,4.03,4.05,1000000.0,,,1000000.0,,,,,,,,,,,,,0,0,0,0,0,0,0,0,0,0,0,0,0,0
4.0,1.0,74.0,Week 2,Announcement 1,The analysts have informed you that the realized volatility of RTM this week will be 39%,273,2026-02-12 12:53:43.092824,RTM1P46,0.02,0.01,0.03,1000000.0,,,1000000.0,,,,,,45.0,,,,,,,0,0,0,0,0,0,0,0,0,0,0,0,0,0
3.0,1.0,35.0,,News 1,The analysts have informed you that the realized volatility of RTM next week will be between 36% and 41%,273,2026-02-12 12:53:43.092824,RTM1C47,3.07,3.05,3.07,1000000.0,,,1000000.0,,,,43.0,200.0,,,,,,,,0,0,0,0,0,0,0,0,0,0,0,0,0,0
2.0,1.0,2.0,Week 1,Delta limit and penalty,The delta limit for this sub-heat is 12000 and the penalty percentage is 2%,273,2026-02-12 12:53:43.092824,RTM1P47,0.03,0.02,0.04,1000000.0,,,1000000.0,,,,,,,8.0,,,,,,0,0,0,0,0,0,0,0,0,0,0,0,0,0
1.0,1.0,2.0,Week 1,Risk free rate and current annualized volatility of RTM,The current risk free rate is 0%. RTM is an ETF that mimics one of the major indices in the simulated world and its current annualized realized volatility is 22%. This simulation consists of 20 trading days that are each 15 ticks in length.,273,2026-02-12 12:53:43.092824,RTM1C48,2.13,2.13,2.15,1000000.0,,,1000000.0,,,,40.0,150.0,,,,,,,,0,0,0,0,0,0,0,0,0,0,0,0,0,0
,,,,,,273,2026-02-12 12:53:43.092824,RTM1P48,0.09,0.09,0.11,1000000.0,,,1000000.0,,,,,,,,,,,,,0,0,0,0,0,0,0,0,0,0,0,0,0,0
,,,,,,273,2026-02-12 12:53:43.092824,RTM1C49,1.33,1.31,1.33,1000000.0,,,1000000.0,,,,,108.0,,,12.0,120.0,60.0,,,0,0,0,0,0,0,0,0,0,0,0,0,0,0
,,,,,,273,2026-02-12 12:53:43.092824,RTM1P49,0.29,0.27,0.29,1000000.0,,,1000000.0,,,,,,,40.0,,,,,,0,0,0,0,0,0,0,0,0,0,0,0,0,0
,,,,,,273,2026-02-12 12:53:43.092824,RTM1C50,0.71,0.69,0.71,1000000.0,,,1000000.0,,,,,,,,,30.0,30.0,,,0,0,0,0,0,0,0,0,0,0,0,0,0,0
,,,,,,273,2026-02-12 12:53:43.092824,RTM1P50,0.67,0.65,0.67,1000000.0,,,1000000.0,,,,,,,,,,,,,0,0,0,0,0,0,0,0,0,0,0,0,0,0
,,,,,,273,2026-02-12 12:53:43.092824,RTM1C51,0.31,0.31,0.33,1000000.0,,,1000000.0,,,,,,,,,,,,,0,0,0,0,0,0,0,0,0,0,0,0,0,0
,,,,,,273,2026-02-12 12:53:43.092824,RTM1P51,1.27,1.27,1.29,1000000.0,,,1000000.0,,,,,,,100.0,,,,96.0,,0,0,0,0,0,0,0,0,0,0,0,0,0,0
,,,,,,273,2026-02-12 12:53:43.092824,RTM1C52,0.13,0.11,0.13,1000000.0,,,1000000.0,,,,,,,,,,,,,0,0,0,0,0,0,0,0,0,0,0,0,0,0
,,,,,,273,2026-02-12 12:53:43.092824,RTM1P52,2.07,2.07,2.09,1000000.0,,,1000000.0,,,,,,,,,,,,,0,0,0,0,0,0,0,0,0,0,0,0,0,0
,,,,,,273,2026-02-12 12:53:43.092824,RTM1C53,0.04,0.03,0.05,1000000.0,,,1000000.0,,,,,,,,,,,,,0,0,0,0,0,0,0,0,0,0,0,0,0,0
,,,,,,273,2026-02-12 12:53:43.092824,RTM1P53,3.0,2.99,3.01,1000000.0,,,1000000.0,,,,,,,,,,,,23.0,0,0,0,0,0,0,0,0,0,0,0,0,0,0
,,,,,,273,2026-02-12 12:53:43.092824,RTM1C54,0.02,0.01,0.03,1000000.0,,,1000000.0,,,,,,,,,,,,,0,0,0,0,0,0,0,0,0,0,0,0,0,0
,,,,,,273,2026-02-12 12:53:43.092824,RTM1P54,3.96,3.96,3.98,1000000.0,,,1000000.0,,,,,,,,,,,,,0,0,0,0,0,0,0,0,0,0,0,0,0,0
8.0,1.0,224.0,Week 4,Announcement 3,The analysts have informed you that the realized volatility of RTM this week will be 37%,274,2026-02-12 12:53:44.121619,RTM,50.29,50.27,50.29,100000000.0,190.0,10000.0,100000000.0,5000.0,100.0,,,,,,,,,0,0,0,0,0,0,0,0,0,0,0,0,0,0,0,0
7.0,1.0,186.0,,News 3,The analysts have informed you that the realized volatility of RTM next week will be between 34% and 39%,274,2026-02-12 12:53:44.121619,RTM1C45,5.27,5.27,5.29,1000000.0,,,1000000.0,,,68.0,50.0,,,,,,,0,0,0,0,0,0,0,0,0,0,0,0,0,0,0,0
6.0,1.0,149.0,Week 3,Announcement 2,The analysts have informed you that the realized volatility of RTM this week will be 25%,274,2026-02-12 12:53:44.121619,RTM1P45,0.01,0.01,0.03,1000000.0,,,1000000.0,,,,,,,,,,,0,0,0,0,0,0,0,0,0,0,0,0,0,0,0,0
5.0,1.0,111.0,,News 2,The analysts have informed you that the realized volatility of RTM next week will be between 21% and 26%,274,2026-02-12 12:53:44.121619,RTM1C46,4.29,4.27,4.29,1000000.0,,,1000000.0,,,,,,,,,,,0,0,0,0,0,0,0,0,0,0,0,0,0,0,0,0
4.0,1.0,74.0,Week 2,Announcement 1,The analysts have informed you that the realized volatility of RTM this week will be 39%,274,2026-02-12 12:53:44.121619,RTM1P46,0.01,0.01,0.03,1000000.0,,,1000000.0,,,,,45.0,,,,,,0,0,0,0,0,0,0,0,0,0,0,0,0,0,0,0
3.0,1.0,35.0,,News 1,The analysts have informed you that the realized volatility of RTM next week will be between 36% and 41%,274,2026-02-12 12:53:44.121619,RTM1C47,3.3,3.28,3.3,1000000.0,,,1000000.0,,,43.0,200.0,,,,,,,0,0,0,0,0,0,0,0,0,0,0,0,0,0,0,0
2.0,1.0,2.0,Week 1,Delta limit and penalty,The delta limit for this sub-heat is 12000 and the penalty percentage is 2%,274,2026-02-12 12:53:44.121619,RTM1P47,0.02,0.01,0.03,1000000.0,,,1000000.0,,,,,,8.0,,,,,0,0,0,0,0,0,0,0,0,0,0,0,0,0,0,0
1.0,1.0,2.0,Week 1,Risk free rate and current annualized volatility of RTM,The current risk free rate is 0%. RTM is an ETF that mimics one of the major indices in the simulated world and its current annualized realized volatility is 22%. This simulation consists of 20 trading days that are each 15 ticks in length.,274,2026-02-12 12:53:44.121619,RTM1C48,2.36,2.34,2.36,1000000.0,,,1000000.0,,,40.0,150.0,,,,,,,0,0,0,0,0,0,0,0,0,0,0,0,0,0,0,0
,,,,,,274,2026-02-12 12:53:44.121619,RTM1P48,0.08,0.06,0.08,1000000.0,,,1000000.0,,,,,,,,,,,0,0,0,0,0,0,0,0,0,0,0,0,0,0,0,0
,,,,,,274,2026-02-12 12:53:44.121619,RTM1C49,1.5,1.49,1.51,1000000.0,,,1000000.0,,,,108.0,,,12.0,120.0,60.0,,0,0,0,0,0,0,0,0,0,0,0,0,0,0,0,0
,,,,,,274,2026-02-12 12:53:44.121619,RTM1P49,0.22,0.21,0.23,1000000.0,,,1000000.0,,,,,,40.0,,,,,0,0,0,0,0,0,0,0,0,0,0,0,0,0,0,0
,,,,,,274,2026-02-12 12:53:44.121619,RTM1C50,0.83,0.81,0.83,1000000.0,,,1000000.0,,,,,,,,30.0,30.0,,0,0,0,0,0,0,0,0,0,0,0,0,0,0,0,0
,,,,,,274,2026-02-12 12:53:44.121619,RTM1P50,0.55,0.53,0.55,1000000.0,,,1000000.0,,,,,,,,,,,0,0,0,0,0,0,0,0,0,0,0,0,0,0,0,0
,,,,,,274,2026-02-12 12:53:44.121619,RTM1C51,0.37,0.36,0.38,1000000.0,,,1000000.0,,,,,,,,,,,0,0,0,0,0,0,0,0,0,0,0,0,0,0,0,0
,,,,,,274,2026-02-12 12:53:44.121619,RTM1P51,1.08,1.08,1.1,1000000.0,,,1000000.0,,,,,,100.0,,,,,0,0,0,0,0,0,0,0,0,0,0,0,0,0,0,0
,,,,,,274,2026-02-12 12:53:44.121619,RTM1C52,0.14,0.13,0.15,1000000.0,,,1000000.0,,,,,,,,,,,0,0,0,0,0,0,0,0,0,0,0,0,0,0,0,0
,,,,,,274,2026-02-12 12:53:44.121619,RTM1P52,1.86,1.85,1.87,1000000.0,,,1000000.0,,,,,,,,,,,0,0,0,0,0,0,0,0,0,0,0,0,0,0,0,0
,,,,,,274,2026-02-12 12:53:44.121619,RTM1C53,0.05,0.04,0.06,1000000.0,,,1000000.0,,,,,,,,,,,0,0,0,0,0,0,0,0,0,0,0,0,0,0,0,0
,,,,,,274,2026-02-12 12:53:44.121619,RTM1P53,2.76,2.75,2.77,1000000.0,,,1000000.0,,,,,,,,,,23.0,0,0,0,0,0,0,0,0,0,0,0,0,0,0,0,0
,,,,,,274,2026-02-12 12:53:44.121619,RTM1C54,0.02,0.01,0.03,1000000.0,,,1000000.0,,,,,,,,,,,0,0,0,0,0,0,0,0,0,0,0,0,0,0,0,0
,,,,,,274,2026-02-12 12:53:44.121619,RTM1P54,3.73,3.72,3.74,1000000.0,,,1000000.0,,,,,,,,,,,0,0,0,0,0,0,0,0,0,0,0,0,0,0,0,0
8.0,1.0,224.0,Week 4,Announcement 3,The analysts have informed you that the realized volatility of RTM this week will be 37%,275,2026-02-12 12:53:45.169413,RTM,50.17,50.15,50.17,100000000.0,190.0,100000000.0,5000.0,100.0,,,,,,,,,0,0,0,0,0,0,0,0,0,0,0,0,0,0,0,0,0
7.0,1.0,186.0,,News 3,The analysts have informed you that the realized volatility of RTM next week will be between 34% and 39%,275,2026-02-12 12:53:45.169413,RTM1C45,5.16,5.15,5.17,1000000.0,,1000000.0,,,68.0,50.0,,,,,,,0,0,0,0,0,0,0,0,0,0,0,0,0,0,0,0,0
6.0,1.0,149.0,Week 3,Announcement 2,The analysts have informed you that the realized volatility of RTM this week will be 25%,275,2026-02-12 12:53:45.169413,RTM1P45,0.03,0.01,0.03,1000000.0,,1000000.0,,,,,,,,,,,0,0,0,0,0,0,0,0,0,0,0,0,0,0,0,0,0
5.0,1.0,111.0,,News 2,The analysts have informed you that the realized volatility of RTM next week will be between 21% and 26%,275,2026-02-12 12:53:45.169413,RTM1C46,4.16,4.15,4.17,1000000.0,,1000000.0,,,,,,,,,,,0,0,0,0,0,0,0,0,0,0,0,0,0,0,0,0,0
4.0,1.0,74.0,Week 2,Announcement 1,The analysts have informed you that the realized volatility of RTM this week will be 39%,275,2026-02-12 12:53:45.169413,RTM1P46,0.02,0.01,0.03,1000000.0,,1000000.0,,,,,45.0,,,,,,0,0,0,0,0,0,0,0,0,0,0,0,0,0,0,0,0
3.0,1.0,35.0,,News 1,The analysts have informed you that the realized volatility of RTM next week will be between 36% and 41%,275,2026-02-12 12:53:45.169413,RTM1C47,3.18,3.16,3.18,1000000.0,,1000000.0,,,43.0,200.0,,,,,,,0,0,0,0,0,0,0,0,0,0,0,0,0,0,0,0,0
2.0,1.0,2.0,Week 1,Delta limit and penalty,The delta limit for this sub-heat is 12000 and the penalty percentage is 2%,275,2026-02-12 12:53:45.169413,RTM1P47,0.03,0.01,0.03,1000000.0,,1000000.0,,,,,,8.0,,,,,0,0,0,0,0,0,0,0,0,0,0,0,0,0,0,0,0
1.0,1.0,2.0,Week 1,Risk free rate and current annualized volatility of RTM,The current risk free rate is 0%. RTM is an ETF that mimics one of the major indices in the simulated world and its current annualized realized volatility is 22%. This simulation consists of 20 trading days that are each 15 ticks in length.,275,2026-02-12 12:53:45.169413,RTM1C48,2.23,2.21,2.23,1000000.0,,1000000.0,,,40.0,150.0,,,,,,,0,0,0,0,0,0,0,0,0,0,0,0,0,0,0,0,0
,,,,,,275,2026-02-12 12:53:45.169413,RTM1P48,0.06,0.06,0.08,1000000.0,,1000000.0,,,,,,,,,,,0,0,0,0,0,0,0,0,0,0,0,0,0,0,0,0,0
,,,,,,275,2026-02-12 12:53:45.169413,RTM1C49,1.39,1.38,1.4,1000000.0,,1000000.0,,,,108.0,,,12.0,120.0,60.0,,0,0,0,0,0,0,0,0,0,0,0,0,0,0,0,0,0
,,,,,,275,2026-02-12 12:53:45.169413,RTM1P49,0.24,0.22,0.24,1000000.0,,1000000.0,,,,,,40.0,,,,,0,0,0,0,0,0,0,0,0,0,0,0,0,0,0,0,0
,,,,,,275,2026-02-12 12:53:45.169413,RTM1C50,0.74,0.72,0.74,1000000.0,,1000000.0,,,,,,,,30.0,30.0,,0,0,0,0,0,0,0,0,0,0,0,0,0,0,0,0,0
,,,,,,275,2026-02-12 12:53:45.169413,RTM1P50,0.57,0.57,0.59,1000000.0,,1000000.0,,,,,,,,,,,0,0,0,0,0,0,0,0,0,0,0,0,0,0,0,0,0
,,,,,,275,2026-02-12 12:53:45.169413,RTM1C51,0.32,0.31,0.33,1000000.0,,1000000.0,,,,,,,,,,,0,0,0,0,0,0,0,0,0,0,0,0,0,0,0,0,0
,,,,,,275,2026-02-12 12:53:45.169413,RTM1P51,1.15,1.15,1.17,1000000.0,,1000000.0,,,,,,100.0,,,,,0,0,0,0,0,0,0,0,0,0,0,0,0,0,0,0,0
,,,,,,275,2026-02-12 12:53:45.169413,RTM1C52,0.12,0.11,0.13,1000000.0,,1000000.0,,,,,,,,,,,0,0,0,0,0,0,0,0,0,0,0,0,0,0,0,0,0
,,,,,,275,2026-02-12 12:53:45.169413,RTM1P52,1.96,1.95,1.97,1000000.0,,1000000.0,,,,,,,,,,,0,0,0,0,0,0,0,0,0,0,0,0,0,0,0,0,0
,,,,,,275,2026-02-12 12:53:45.169413,RTM1C53,0.03,0.02,0.04,1000000.0,,1000000.0,,,,,,,,,,,0,0,0,0,0,0,0,0,0,0,0,0,0,0,0,0,0
,,,,,,275,2026-02-12 12:53:45.169413,RTM1P53,2.88,2.87,2.89,1000000.0,,1000000.0,,,,,,,,,,23.0,0,0,0,0,0,0,0,0,0,0,0,0,0,0,0,0,0
,,,,,,275,2026-02-12 12:53:45.169413,RTM1C54,0.03,0.01,0.03,1000000.0,,1000000.0,,,,,,,,,,,0,0,0,0,0,0,0,0,0,0,0,0,0,0,0,0,0
,,,,,,275,2026-02-12 12:53:45.169413,RTM1P54,3.86,3.84,3.86,1000000.0,,1000000.0,,,,,,,,,,,0,0,0,0,0,0,0,0,0,0,0,0,0,0,0,0,0
8.0,1.0,224.0,Week 4,Announcement 3,The analysts have informed you that the realized volatility of RTM this week will be 37%,276,2026-02-12 12:53:46.198554,RTM,50.11,50.11,50.13,100000000.0,190.0,100000000.0,5000.0,100.0,,,,,,,,,0,0,0,0,0,0,0,0,0,0,0,0,0,0,0,0,0
7.0,1.0,186.0,,News 3,The analysts have informed you that the realized volatility of RTM next week will be between 34% and 39%,276,2026-02-12 12:53:46.198554,RTM1C45,5.11,5.11,5.13,1000000.0,,1000000.0,,,68.0,50.0,,,,,,,0,0,0,0,0,0,0,0,0,0,0,0,0,0,0,0,0
6.0,1.0,149.0,Week 3,Announcement 2,The analysts have informed you that the realized volatility of RTM this week will be 25%,276,2026-02-12 12:53:46.198554,RTM1P45,0.03,0.01,0.03,1000000.0,,1000000.0,,,,,,,,,,,0,0,0,0,0,0,0,0,0,0,0,0,0,0,0,0,0
5.0,1.0,111.0,,News 2,The analysts have informed you that the realized volatility of RTM next week will be between 21% and 26%,276,2026-02-12 12:53:46.198554,RTM1C46,4.11,4.11,4.13,1000000.0,,1000000.0,,,,,,,,,,,0,0,0,0,0,0,0,0,0,0,0,0,0,0,0,0,0
4.0,1.0,74.0,Week 2,Announcement 1,The analysts have informed you that the realized volatility of RTM this week will be 39%,276,2026-02-12 12:53:46.198554,RTM1P46,0.01,0.01,0.03,1000000.0,,1000000.0,,,,,45.0,,,,,,0,0,0,0,0,0,0,0,0,0,0,0,0,0,0,0,0
3.0,1.0,35.0,,News 1,The analysts have informed you that the realized volatility of RTM next week will be between 36% and 41%,276,2026-02-12 12:53:46.198554,RTM1C47,3.12,3.12,3.14,1000000.0,,1000000.0,,,43.0,200.0,,,,,,,0,0,0,0,0,0,0,0,0,0,0,0,0,0,0,0,0
2.0,1.0,2.0,Week 1,Delta limit and penalty,The delta limit for this sub-heat is 12000 and the penalty percentage is 2%,276,2026-02-12 12:53:46.198554,RTM1P47,0.01,0.01,0.03,1000000.0,,1000000.0,,,,,,8.0,,,,,0,0,0,0,0,0,0,0,0,0,0,0,0,0,0,0,0
1.0,1.0,2.0,Week 1,Risk free rate and current annualized volatility of RTM,The current risk free rate is 0%. RTM is an ETF that mimics one of the major indices in the simulated world and its current annualized realized volatility is 22%. This simulation consists of 20 trading days that are each 15 ticks in length.,276,2026-02-12 12:53:46.198554,RTM1C48,2.19,2.17,2.19,1000000.0,,1000000.0,,,40.0,150.0,,,,,,,0,0,0,0,0,0,0,0,0,0,0,0,0,0,0,0,0
,,,,,,276,2026-02-12 12:53:46.198554,RTM1P48,0.07,0.05,0.07,1000000.0,,1000000.0,,,,,,,,,,,0,0,0,0,0,0,0,0,0,0,0,0,0,0,0,0,0
,,,,,,276,2026-02-12 12:53:46.198554,RTM1C49,1.35,1.33,1.35,1000000.0,,1000000.0,,,,108.0,,,12.0,120.0,60.0,,0,0,0,0,0,0,0,0,0,0,0,0,0,0,0,0,0
,,,,,,276,2026-02-12 12:53:46.198554,RTM1P49,0.21,0.21,0.23,1000000.0,,1000000.0,,,,,,40.0,,,,,0,0,0,0,0,0,0,0,0,0,0,0,0,0,0,0,0
,,,,,,276,2026-02-12 12:53:46.198554,RTM1C50,0.69,0.69,0.71,1000000.0,,1000000.0,,,,,,,,30.0,30.0,,0,0,0,0,0,0,0,0,0,0,0,0,0,0,0,0,0
,,,,,,276,2026-02-12 12:53:46.198554,RTM1P50,0.58,0.58,0.6,1000000.0,,1000000.0,,,,,,,,,,,0,0,0,0,0,0,0,0,0,0,0,0,0,0,0,0,0
,,,,,,276,2026-02-12 12:53:46.198554,RTM1C51,0.3,0.29,0.31,1000000.0,,1000000.0,,,,,,,,,,,0,0,0,0,0,0,0,0,0,0,0,0,0,0,0,0,0
,,,,,,276,2026-02-12 12:53:46.198554,RTM1P51,1.19,1.18,1.2,1000000.0,,1000000.0,,,,,,100.0,,,,,0,0,0,0,0,0,0,0,0,0,0,0,0,0,0,0,0
,,,,,,276,2026-02-12 12:53:46.198554,RTM1C52,0.1,0.09,0.11,1000000.0,,1000000.0,,,,,,,,,,,0,0,0,0,0,0,0,0,0,0,0,0,0,0,0,0,0
,,,,,,276,2026-02-12 12:53:46.198554,RTM1P52,1.98,1.97,1.99,1000000.0,,1000000.0,,,,,,,,,,,0,0,0,0,0,0,0,0,0,0,0,0,0,0,0,0,0
,,,,,,276,2026-02-12 12:53:46.198554,RTM1C53,0.03,0.02,0.04,1000000.0,,1000000.0,,,,,,,,,,,0,0,0,0,0,0,0,0,0,0,0,0,0,0,0,0,0
,,,,,,276,2026-02-12 12:53:46.198554,RTM1P53,2.91,2.9,2.92,1000000.0,,1000000.0,,,,,,,,,,23.0,0,0,0,0,0,0,0,0,0,0,0,0,0,0,0,0,0
,,,,,,276,2026-02-12 12:53:46.198554,RTM1C54,0.02,0.01,0.03,1000000.0,,1000000.0,,,,,,,,,,,0,0,0,0,0,0,0,0,0,0,0,0,0,0,0,0,0
,,,,,,276,2026-02-12 12:53:46.198554,RTM1P54,3.88,3.88,3.9,1000000.0,,1000000.0,,,,,,,,,,,0,0,0,0,0,0,0,0,0,0,0,0,0,0,0,0,0
8.0,1.0,224.0,Week 4,Announcement 3,The analysts have informed you that the realized volatility of RTM this week will be 37%,277,2026-02-12 12:53:47.226953,RTM,50.51,50.49,50.51,100000000.0,190.0,100000000.0,5000.0,100.0,,,,,,,,,0,0,0,0,0,0,0,0,0,0,0,0,0,0,0,0,0
7.0,1.0,186.0,,News 3,The analysts have informed you that the realized volatility of RTM next week will be between 34% and 39%,277,2026-02-12 12:53:47.226953,RTM1C45,5.5,5.49,5.51,1000000.0,,1000000.0,,,68.0,50.0,,,,,,,0,0,0,0,0,0,0,0,0,0,0,0,0,0,0,0,0
6.0,1.0,149.0,Week 3,Announcement 2,The analysts have informed you that the realized volatility of RTM this week will be 25%,277,2026-02-12 12:53:47.226953,RTM1P45,0.03,0.01,0.03,1000000.0,,1000000.0,,,,,,,,,,,0,0,0,0,0,0,0,0,0,0,0,0,0,0,0,0,0
5.0,1.0,111.0,,News 2,The analysts have informed you that the realized volatility of RTM next week will be between 21% and 26%,277,2026-02-12 12:53:47.226953,RTM1C46,4.5,4.49,4.51,1000000.0,,1000000.0,,,,,,,,,,,0,0,0,0,0,0,0,0,0,0,0,0,0,0,0,0,0
4.0,1.0,74.0,Week 2,Announcement 1,The analysts have informed you that the realized volatility of RTM this week will be 39%,277,2026-02-12 12:53:47.226953,RTM1P46,0.02,0.01,0.03,1000000.0,,1000000.0,,,,,45.0,,,,,,0,0,0,0,0,0,0,0,0,0,0,0,0,0,0,0,0
3.0,1.0,35.0,,News 1,The analysts have informed you that the realized volatility of RTM next week will be between 36% and 41%,277,2026-02-12 12:53:47.226953,RTM1C47,3.5,3.5,3.52,1000000.0,,1000000.0,,,43.0,200.0,,,,,,,0,0,0,0,0,0,0,0,0,0,0,0,0,0,0,0,0
2.0,1.0,2.0,Week 1,Delta limit and penalty,The delta limit for this sub-heat is 12000 and the penalty percentage is 2%,277,2026-02-12 12:53:47.226953,RTM1P47,0.01,0.01,0.03,1000000.0,,1000000.0,,,,,,8.0,,,,,0,0,0,0,0,0,0,0,0,0,0,0,0,0,0,0,0
1.0,1.0,2.0,Week 1,Risk free rate and current annualized volatility of RTM,The current risk free rate is 0%. RTM is an ETF that mimics one of the major indices in the simulated world and its current annualized realized volatility is 22%. This simulation consists of 20 trading days that are each 15 ticks in length.,277,2026-02-12 12:53:47.226953,RTM1C48,2.54,2.53,2.55,1000000.0,,1000000.0,,,40.0,150.0,,,,,,,0,0,0,0,0,0,0,0,0,0,0,0,0,0,0,0,0
,,,,,,277,2026-02-12 12:53:47.226953,RTM1P48,0.05,0.03,0.05,1000000.0,,1000000.0,,,,,,,,,,,0,0,0,0,0,0,0,0,0,0,0,0,0,0,0,0,0
,,,,,,277,2026-02-12 12:53:47.226953,RTM1C49,1.62,1.62,1.64,1000000.0,,1000000.0,,,,108.0,,,12.0,120.0,60.0,,0,0,0,0,0,0,0,0,0,0,0,0,0,0,0,0,0
,,,,,,277,2026-02-12 12:53:47.226953,RTM1P49,0.14,0.12,0.14,1000000.0,,1000000.0,,,,,,40.0,,,,,0,0,0,0,0,0,0,0,0,0,0,0,0,0,0,0,0
,,,,,,277,2026-02-12 12:53:47.226953,RTM1C50,0.9,0.89,0.91,1000000.0,,1000000.0,,,,,,,,30.0,30.0,100.0,0,0,0,0,0,0,0,0,0,0,0,0,0,0,0,0,0
,,,,,,277,2026-02-12 12:53:47.226953,RTM1P50,0.4,0.39,0.41,1000000.0,,1000000.0,,,,,,,,,,,0,0,0,0,0,0,0,0,0,0,0,0,0,0,0,0,0
,,,,,,277,2026-02-12 12:53:47.226953,RTM1C51,0.42,0.4,0.42,1000000.0,,1000000.0,,,,,,,,,,,0,0,0,0,0,0,0,0,0,0,0,0,0,0,0,0,0
,,,,,,277,2026-02-12 12:53:47.226953,RTM1P51,0.91,0.9,0.92,1000000.0,,1000000.0,,,,,,100.0,,,,,0,0,0,0,0,0,0,0,0,0,0,0,0,0,0,0,0
,,,,,,277,2026-02-12 12:53:47.226953,RTM1C52,0.14,0.13,0.15,1000000.0,,1000000.0,,,,,,,,,,,0,0,0,0,0,0,0,0,0,0,0,0,0,0,0,0,0
,,,,,,277,2026-02-12 12:53:47.226953,RTM1P52,1.64,1.63,1.65,1000000.0,,1000000.0,,,,,,,,,,,0,0,0,0,0,0,0,0,0,0,0,0,0,0,0,0,0
,,,,,,277,2026-02-12 12:53:47.226953,RTM1C53,0.05,0.03,0.05,1000000.0,,1000000.0,,,,,,,,,,,0,0,0,0,0,0,0,0,0,0,0,0,0,0,0,0,0
,,,,,,277,2026-02-12 12:53:47.226953,RTM1P53,2.55,2.53,2.55,1000000.0,,1000000.0,,,,,,,,,,,0,0,0,0,0,0,0,0,0,0,0,0,0,0,0,0,0
,,,,,,277,2026-02-12 12:53:47.226953,RTM1C54,0.03,0.01,0.03,1000000.0,,1000000.0,,,,,,,,,,,0,0,0,0,0,0,0,0,0,0,0,0,0,0,0,0,0
,,,,,,277,2026-02-12 12:53:47.226953,RTM1P54,3.52,3.5,3.52,1000000.0,,1000000.0,,,,,,,,,,,0,0,0,0,0,0,0,0,0,0,0,0,0,0,0,0,0
8.0,1.0,224.0,Week 4,Announcement 3,The analysts have informed you that the realized volatility of RTM this week will be 37%,278,2026-02-12 12:53:48.257904,RTM,50.17,50.17,50.19,100000000.0,190.0,100000000.0,5000.0,100.0,,,,,,,,0,0,0,0,0,0,0,0,0,0,0,0,0,0,0,0,0,0
7.0,1.0,186.0,,News 3,The analysts have informed you that the realized volatility of RTM next week will be between 34% and 39%,278,2026-02-12 12:53:48.257904,RTM1C45,5.17,5.17,5.19,1000000.0,,1000000.0,,,68.0,50.0,,,,,,0,0,0,0,0,0,0,0,0,0,0,0,0,0,0,0,0,0
6.0,1.0,149.0,Week 3,Announcement 2,The analysts have informed you that the realized volatility of RTM this week will be 25%,278,2026-02-12 12:53:48.257904,RTM1P45,0.01,0.01,0.03,1000000.0,,1000000.0,,,,,,,,,,0,0,0,0,0,0,0,0,0,0,0,0,0,0,0,0,0,0
5.0,1.0,111.0,,News 2,The analysts have informed you that the realized volatility of RTM next week will be between 21% and 26%,278,2026-02-12 12:53:48.257904,RTM1C46,4.17,4.17,4.19,1000000.0,,1000000.0,,,,,,,,,,0,0,0,0,0,0,0,0,0,0,0,0,0,0,0,0,0,0
4.0,1.0,74.0,Week 2,Announcement 1,The analysts have informed you that the realized volatility of RTM this week will be 39%,278,2026-02-12 12:53:48.257904,RTM1P46,0.01,0.01,0.03,1000000.0,,1000000.0,,,,,45.0,,,,,0,0,0,0,0,0,0,0,0,0,0,0,0,0,0,0,0,0
3.0,1.0,35.0,,News 1,The analysts have informed you that the realized volatility of RTM next week will be between 36% and 41%,278,2026-02-12 12:53:48.257904,RTM1C47,3.18,3.18,3.2,1000000.0,,1000000.0,,,43.0,200.0,,,,,,0,0,0,0,0,0,0,0,0,0,0,0,0,0,0,0,0,0
2.0,1.0,2.0,Week 1,Delta limit and penalty,The delta limit for this sub-heat is 12000 and the penalty percentage is 2%,278,2026-02-12 12:53:48.257904,RTM1P47,0.03,0.01,0.03,1000000.0,,1000000.0,,,,,,8.0,,,,0,0,0,0,0,0,0,0,0,0,0,0,0,0,0,0,0,0
1.0,1.0,2.0,Week 1,Risk free rate and current annualized volatility of RTM,The current risk free rate is 0%. RTM is an ETF that mimics one of the major indices in the simulated world and its current annualized realized volatility is 22%. This simulation consists of 20 trading days that are each 15 ticks in length.,278,2026-02-12 12:53:48.257904,RTM1C48,2.23,2.21,2.23,1000000.0,,1000000.0,,,40.0,150.0,,,,,,0,0,0,0,0,0,0,0,0,0,0,0,0,0,0,0,0,0
,,,,,,278,2026-02-12 12:53:48.257904,RTM1P48,0.04,0.03,0.05,1000000.0,,1000000.0,,,,,,,,,,0,0,0,0,0,0,0,0,0,0,0,0,0,0,0,0,0,0
,,,,,,278,2026-02-12 12:53:48.257904,RTM1C49,1.36,1.36,1.38,1000000.0,,1000000.0,,,,108.0,,,12.0,120.0,60.0,0,0,0,0,0,0,0,0,0,0,0,0,0,0,0,0,0,0
,,,,,,278,2026-02-12 12:53:48.257904,RTM1P49,0.19,0.18,0.2,1000000.0,,1000000.0,,,,,,40.0,,,,0,0,0,0,0,0,0,0,0,0,0,0,0,0,0,0,0,0
,,,,,,278,2026-02-12 12:53:48.257904,RTM1C50,0.7,0.69,0.71,1000000.0,,1000000.0,,,,,,,,30.0,30.0,0,0,0,0,0,0,0,0,0,0,0,0,0,0,0,0,0,0
,,,,,,278,2026-02-12 12:53:48.257904,RTM1P50,0.52,0.52,0.54,1000000.0,,1000000.0,,,,,,,,,,0,0,0,0,0,0,0,0,0,0,0,0,0,0,0,0,0,0
,,,,,,278,2026-02-12 12:53:48.257904,RTM1C51,0.3,0.28,0.3,1000000.0,,1000000.0,,,,,,,,,,0,0,0,0,0,0,0,0,0,0,0,0,0,0,0,0,0,0
,,,,,,278,2026-02-12 12:53:48.257904,RTM1P51,1.12,1.1,1.12,1000000.0,,1000000.0,,,,,,100.0,,,,0,0,0,0,0,0,0,0,0,0,0,0,0,0,0,0,0,0
,,,,,,278,2026-02-12 12:53:48.257904,RTM1C52,0.09,0.08,0.1,1000000.0,,1000000.0,,,,,,,,,,0,0,0,0,0,0,0,0,0,0,0,0,0,0,0,0,0,0
,,,,,,278,2026-02-12 12:53:48.257904,RTM1P52,1.91,1.9,1.92,1000000.0,,1000000.0,,,,,,,,,,0,0,0,0,0,0,0,0,0,0,0,0,0,0,0,0,0,0
,,,,,,278,2026-02-12 12:53:48.257904,RTM1C53,0.02,0.01,0.03,1000000.0,,1000000.0,,,,,,,,,,0,0,0,0,0,0,0,0,0,0,0,0,0,0,0,0,0,0
,,,,,,278,2026-02-12 12:53:48.257904,RTM1P53,2.85,2.84,2.86,1000000.0,,1000000.0,,,,,,,,,,0,0,0,0,0,0,0,0,0,0,0,0,0,0,0,0,0,0
,,,,,,278,2026-02-12 12:53:48.257904,RTM1C54,0.01,0.01,0.03,1000000.0,,1000000.0,,,,,,,,,,0,0,0,0,0,0,0,0,0,0,0,0,0,0,0,0,0,0
,,,,,,278,2026-02-12 12:53:48.257904,RTM1P54,3.82,3.82,3.84,1000000.0,,1000000.0,,,,,,,,,,0,0,0,0,0,0,0,0,0,0,0,0,0,0,0,0,0,0
8.0,1.0,224.0,Week 4,Announcement 3,The analysts have informed you that the realized volatility of RTM this week will be 37%,279,2026-02-12 12:53:49.289630,RTM,50.51,50.49,50.51,100000000.0,190.0,100000000.0,5000.0,100.0,,,,,,,,,0,0,0,0,0,0,0,0,0,0,0,0,0,0,0,0,0
7.0,1.0,186.0,,News 3,The analysts have informed you that the realized volatility of RTM next week will be between 34% and 39%,279,2026-02-12 12:53:49.289630,RTM1C45,5.5,5.49,5.51,1000000.0,,1000000.0,,,68.0,50.0,,,,,,,0,0,0,0,0,0,0,0,0,0,0,0,0,0,0,0,0
6.0,1.0,149.0,Week 3,Announcement 2,The analysts have informed you that the realized volatility of RTM this week will be 25%,279,2026-02-12 12:53:49.289630,RTM1P45,0.03,0.01,0.03,1000000.0,,1000000.0,,,,,,,,,,,0,0,0,0,0,0,0,0,0,0,0,0,0,0,0,0,0
5.0,1.0,111.0,,News 2,The analysts have informed you that the realized volatility of RTM next week will be between 21% and 26%,279,2026-02-12 12:53:49.289630,RTM1C46,4.5,4.49,4.51,1000000.0,,1000000.0,,,,,,,,,,,0,0,0,0,0,0,0,0,0,0,0,0,0,0,0,0,0
4.0,1.0,74.0,Week 2,Announcement 1,The analysts have informed you that the realized volatility of RTM this week will be 39%,279,2026-02-12 12:53:49.289630,RTM1P46,0.01,0.01,0.03,1000000.0,,1000000.0,,,,,45.0,,,,,,0,0,0,0,0,0,0,0,0,0,0,0,0,0,0,0,0
3.0,1.0,35.0,,News 1,The analysts have informed you that the realized volatility of RTM next week will be between 36% and 41%,279,2026-02-12 12:53:49.289630,RTM1C47,3.5,3.5,3.52,1000000.0,,1000000.0,,,43.0,200.0,,,,,,,0,0,0,0,0,0,0,0,0,0,0,0,0,0,0,0,0
2.0,1.0,2.0,Week 1,Delta limit and penalty,The delta limit for this sub-heat is 12000 and the penalty percentage is 2%,279,2026-02-12 12:53:49.289630,RTM1P47,0.01,0.01,0.03,1000000.0,,1000000.0,,,,,,8.0,,,,,0,0,0,0,0,0,0,0,0,0,0,0,0,0,0,0,0
1.0,1.0,2.0,Week 1,Risk free rate and current annualized volatility of RTM,The current risk free rate is 0%. RTM is an ETF that mimics one of the major indices in the simulated world and its current annualized realized volatility is 22%. This simulation consists of 20 trading days that are each 15 ticks in length.,279,2026-02-12 12:53:49.289630,RTM1C48,2.52,2.52,2.54,1000000.0,,1000000.0,,,40.0,150.0,,,,,,,0,0,0,0,0,0,0,0,0,0,0,0,0,0,0,0,0
,,,,,,279,2026-02-12 12:53:49.289630,RTM1P48,0.01,0.01,0.03,1000000.0,,1000000.0,,,,,,,,,,,0,0,0,0,0,0,0,0,0,0,0,0,0,0,0,0,0
,,,,,,279,2026-02-12 12:53:49.289630,RTM1C49,1.62,1.61,1.63,1000000.0,,1000000.0,,,,108.0,,,12.0,120.0,60.0,,0,0,0,0,0,0,0,0,0,0,0,0,0,0,0,0,0
,,,,,,279,2026-02-12 12:53:49.289630,RTM1P49,0.1,0.1,0.12,1000000.0,,1000000.0,,,,,,40.0,,,,,0,0,0,0,0,0,0,0,0,0,0,0,0,0,0,0,0
,,,,,,279,2026-02-12 12:53:49.289630,RTM1C50,0.88,0.87,0.89,1000000.0,,1000000.0,,,,,,,,30.0,30.0,,0,0,0,0,0,0,0,0,0,0,0,0,0,0,0,0,0
,,,,,,279,2026-02-12 12:53:49.289630,RTM1P50,0.38,0.37,0.39,1000000.0,,1000000.0,,,,,,,,,,,0,0,0,0,0,0,0,0,0,0,0,0,0,0,0,0,0
,,,,,,279,2026-02-12 12:53:49.289630,RTM1C51,0.38,0.37,0.39,1000000.0,,1000000.0,,,,,,,,,,,0,0,0,0,0,0,0,0,0,0,0,0,0,0,0,0,0
,,,,,,279,2026-02-12 12:53:49.289630,RTM1P51,0.88,0.87,0.89,1000000.0,,1000000.0,,,,,,100.0,,,,,0,0,0,0,0,0,0,0,0,0,0,0,0,0,0,0,0
,,,,,,279,2026-02-12 12:53:49.289630,RTM1C52,0.13,0.12,0.14,1000000.0,,1000000.0,,,,,,,,,,,0,0,0,0,0,0,0,0,0,0,0,0,0,0,0,0,0
,,,,,,279,2026-02-12 12:53:49.289630,RTM1P52,1.63,1.62,1.64,1000000.0,,1000000.0,,,,,,,,,,,0,0,0,0,0,0,0,0,0,0,0,0,0,0,0,0,0
,,,,,,279,2026-02-12 12:53:49.289630,RTM1C53,0.04,0.02,0.04,1000000.0,,1000000.0,,,,,,,,,,,0,0,0,0,0,0,0,0,0,0,0,0,0,0,0,0,0
,,,,,,279,2026-02-12 12:53:49.289630,RTM1P53,2.52,2.52,2.54,1000000.0,,1000000.0,,,,,,,,,,61.0,0,0,0,0,0,0,0,0,0,0,0,0,0,0,0,0,0
,,,,,,279,2026-02-12 12:53:49.289630,RTM1C54,0.03,0.01,0.03,1000000.0,,1000000.0,,,,,,,,,,,0,0,0,0,0,0,0,0,0,0,0,0,0,0,0,0,0
,,,,,,279,2026-02-12 12:53:49.289630,RTM1P54,3.51,3.49,3.51,1000000.0,,1000000.0,,,,,,,,,,,0,0,0,0,0,0,0,0,0,0,0,0,0,0,0,0,0
8.0,1.0,224.0,Week 4,Announcement 3,The analysts have informed you that the realized volatility of RTM this week will be 37%,280,2026-02-12 12:53:50.317889,RTM,50.82,50.8,50.82,100000000.0,3537.0,180.0,100000000.0,5000.0,100.0,,,,,,,,,0,0,0,0,0,0,0,0,0,0,0,0,0,0,0,0
7.0,1.0,186.0,,News 3,The analysts have informed you that the realized volatility of RTM next week will be between 34% and 39%,280,2026-02-12 12:53:50.317889,RTM1C45,5.8,5.8,5.82,1000000.0,,,1000000.0,,,68.0,50.0,,,,,,,0,0,0,0,0,0,0,0,0,0,0,0,0,0,0,0
6.0,1.0,149.0,Week 3,Announcement 2,The analysts have informed you that the realized volatility of RTM this week will be 25%,280,2026-02-12 12:53:50.317889,RTM1P45,0.01,0.01,0.03,1000000.0,,,1000000.0,,,,,,,,,,,0,0,0,0,0,0,0,0,0,0,0,0,0,0,0,0
5.0,1.0,111.0,,News 2,The analysts have informed you that the realized volatility of RTM next week will be between 21% and 26%,280,2026-02-12 12:53:50.317889,RTM1C46,4.8,4.8,4.82,1000000.0,,,1000000.0,,,,,,,,,,,0,0,0,0,0,0,0,0,0,0,0,0,0,0,0,0
4.0,1.0,74.0,Week 2,Announcement 1,The analysts have informed you that the realized volatility of RTM this week will be 39%,280,2026-02-12 12:53:50.317889,RTM1P46,0.01,0.01,0.03,1000000.0,,,1000000.0,,,,,45.0,,,,,,0,0,0,0,0,0,0,0,0,0,0,0,0,0,0,0
3.0,1.0,35.0,,News 1,The analysts have informed you that the realized volatility of RTM next week will be between 36% and 41%,280,2026-02-12 12:53:50.317889,RTM1C47,3.82,3.8,3.82,1000000.0,,,1000000.0,,,43.0,200.0,,,,,,,0,0,0,0,0,0,0,0,0,0,0,0,0,0,0,0
2.0,1.0,2.0,Week 1,Delta limit and penalty,The delta limit for this sub-heat is 12000 and the penalty percentage is 2%,280,2026-02-12 12:53:50.317889,RTM1P47,0.01,0.01,0.03,1000000.0,,,1000000.0,,,,,,8.0,,,,,0,0,0,0,0,0,0,0,0,0,0,0,0,0,0,0
1.0,1.0,2.0,Week 1,Risk free rate and current annualized volatility of RTM,The current risk free rate is 0%. RTM is an ETF that mimics one of the major indices in the simulated world and its current annualized realized volatility is 22%. This simulation consists of 20 trading days that are each 15 ticks in length.,280,2026-02-12 12:53:50.317889,RTM1C48,2.83,2.81,2.83,1000000.0,,,1000000.0,,,40.0,150.0,,,,,,,0,0,0,0,0,0,0,0,0,0,0,0,0,0,0,0
,,,,,,280,2026-02-12 12:53:50.317889,RTM1P48,0.02,0.01,0.03,1000000.0,,,1000000.0,,,,,,,,,,,0,0,0,0,0,0,0,0,0,0,0,0,0,0,0,0
,,,,,,280,2026-02-12 12:53:50.317889,RTM1C49,1.88,1.87,1.89,1000000.0,,,1000000.0,,,,108.0,,,12.0,120.0,60.0,,0,0,0,0,0,0,0,0,0,0,0,0,0,0,0,0
,,,,,,280,2026-02-12 12:53:50.317889,RTM1P49,0.07,0.06,0.08,1000000.0,,,1000000.0,,,,,,40.0,,,,,0,0,0,0,0,0,0,0,0,0,0,0,0,0,0,0
,,,,,,280,2026-02-12 12:53:50.317889,RTM1C50,1.08,1.06,1.08,1000000.0,,,1000000.0,,,,,,,,30.0,30.0,,0,0,0,0,0,0,0,0,0,0,0,0,0,0,0,0
,,,,,,280,2026-02-12 12:53:50.317889,RTM1P50,0.27,0.25,0.27,1000000.0,,,1000000.0,,,,,,,,,,,0,0,0,0,0,0,0,0,0,0,0,0,0,0,0,0
,,,,,,280,2026-02-12 12:53:50.317889,RTM1C51,0.49,0.49,0.51,1000000.0,,,1000000.0,,,,,,,,,,,0,0,0,0,0,0,0,0,0,0,0,0,0,0,0,0
,,,,,,280,2026-02-12 12:53:50.317889,RTM1P51,0.68,0.68,0.7,1000000.0,,,1000000.0,,,,,,100.0,,,,,0,0,0,0,0,0,0,0,0,0,0,0,0,0,0,0
,,,,,,280,2026-02-12 12:53:50.317889,RTM1C52,0.18,0.16,0.18,1000000.0,,,1000000.0,,,,,,,,,,,0,0,0,0,0,0,0,0,0,0,0,0,0,0,0,0
,,,,,,280,2026-02-12 12:53:50.317889,RTM1P52,1.37,1.36,1.38,1000000.0,,,1000000.0,,,,,,,,,,,0,0,0,0,0,0,0,0,0,0,0,0,0,0,0,0
,,,,,,280,2026-02-12 12:53:50.317889,RTM1C53,0.05,0.04,0.06,1000000.0,,,1000000.0,,,,,,,,,,,0,0,0,0,0,0,0,0,0,0,0,0,0,0,0,0
,,,,,,280,2026-02-12 12:53:50.317889,RTM1P53,2.24,2.23,2.25,1000000.0,,,1000000.0,,,,,,,,,,61.0,0,0,0,0,0,0,0,0,0,0,0,0,0,0,0,0
,,,,,,280,2026-02-12 12:53:50.317889,RTM1C54,0.01,0.01,0.03,1000000.0,,,1000000.0,,,,,,,,,,,0,0,0,0,0,0,0,0,0,0,0,0,0,0,0,0
,,,,,,280,2026-02-12 12:53:50.317889,RTM1P54,3.2,3.19,3.21,1000000.0,,,1000000.0,,,,,,,,,,,0,0,0,0,0,0,0,0,0,0,0,0,0,0,0,0
8.0,1.0,224.0,Week 4,Announcement 3,The analysts have informed you that the realized volatility of RTM this week will be 37%,281,2026-02-12 12:53:51.353003,RTM,50.92,50.9,50.92,100000000.0,3537.0,180.0,100000000.0,5000.0,100.0,,,,,,,,,0,0,0,0,0,0,0,0,0,0,0,0,0,0,0,0
7.0,1.0,186.0,,News 3,The analysts have informed you that the realized volatility of RTM next week will be between 34% and 39%,281,2026-02-12 12:53:51.353003,RTM1C45,5.91,5.9,5.92,1000000.0,,,1000000.0,,,68.0,50.0,,,,,,,0,0,0,0,0,0,0,0,0,0,0,0,0,0,0,0
6.0,1.0,149.0,Week 3,Announcement 2,The analysts have informed you that the realized volatility of RTM this week will be 25%,281,2026-02-12 12:53:51.353003,RTM1P45,0.02,0.01,0.03,1000000.0,,,1000000.0,,,,,,,,,,,0,0,0,0,0,0,0,0,0,0,0,0,0,0,0,0
5.0,1.0,111.0,,News 2,The analysts have informed you that the realized volatility of RTM next week will be between 21% and 26%,281,2026-02-12 12:53:51.353003,RTM1C46,4.91,4.9,4.92,1000000.0,,,1000000.0,,,,,,,,,,,0,0,0,0,0,0,0,0,0,0,0,0,0,0,0,0
4.0,1.0,74.0,Week 2,Announcement 1,The analysts have informed you that the realized volatility of RTM this week will be 39%,281,2026-02-12 12:53:51.353003,RTM1P46,0.02,0.01,0.03,1000000.0,,,1000000.0,,,,,45.0,,,,,,0,0,0,0,0,0,0,0,0,0,0,0,0,0,0,0
3.0,1.0,35.0,,News 1,The analysts have informed you that the realized volatility of RTM next week will be between 36% and 41%,281,2026-02-12 12:53:51.353003,RTM1C47,3.9,3.9,3.92,1000000.0,,,1000000.0,,,43.0,200.0,,,,,,,0,0,0,0,0,0,0,0,0,0,0,0,0,0,0,0
2.0,1.0,2.0,Week 1,Delta limit and penalty,The delta limit for this sub-heat is 12000 and the penalty percentage is 2%,281,2026-02-12 12:53:51.353003,RTM1P47,0.01,0.01,0.03,1000000.0,,,1000000.0,,,,,,8.0,,,,,0,0,0,0,0,0,0,0,0,0,0,0,0,0,0,0
1.0,1.0,2.0,Week 1,Risk free rate and current annualized volatility of RTM,The current risk free rate is 0%. RTM is an ETF that mimics one of the major indices in the simulated world and its current annualized realized volatility is 22%. This simulation consists of 20 trading days that are each 15 ticks in length.,281,2026-02-12 12:53:51.353003,RTM1C48,2.92,2.91,2.93,1000000.0,,,1000000.0,,,40.0,150.0,,,,,,,0,0,0,0,0,0,0,0,0,0,0,0,0,0,0,0
,,,,,,281,2026-02-12 12:53:51.353003,RTM1P48,0.01,0.01,0.03,1000000.0,,,1000000.0,,,,,,,,,,,0,0,0,0,0,0,0,0,0,0,0,0,0,0,0,0
,,,,,,281,2026-02-12 12:53:51.353003,RTM1C49,1.96,1.95,1.97,1000000.0,,,1000000.0,,,,108.0,,,12.0,120.0,60.0,,0,0,0,0,0,0,0,0,0,0,0,0,0,0,0,0
,,,,,,281,2026-02-12 12:53:51.353003,RTM1P49,0.05,0.04,0.06,1000000.0,,,1000000.0,,,,,,40.0,,,,,0,0,0,0,0,0,0,0,0,0,0,0,0,0,0,0
,,,,,,281,2026-02-12 12:53:51.353003,RTM1C50,1.12,1.11,1.13,1000000.0,,,1000000.0,,,,,,,,30.0,30.0,,0,0,0,0,0,0,0,0,0,0,0,0,0,0,0,0
,,,,,,281,2026-02-12 12:53:51.353003,RTM1P50,0.23,0.21,0.23,1000000.0,,,1000000.0,,,,,,,,,,,0,0,0,0,0,0,0,0,0,0,0,0,0,0,0,0
,,,,,,281,2026-02-12 12:53:51.353003,RTM1C51,0.53,0.51,0.53,1000000.0,,,1000000.0,,,,,,,,,,,0,0,0,0,0,0,0,0,0,0,0,0,0,0,0,0
,,,,,,281,2026-02-12 12:53:51.353003,RTM1P51,0.62,0.6,0.62,1000000.0,,,1000000.0,,,,,,100.0,,,,,0,0,0,0,0,0,0,0,0,0,0,0,0,0,0,0
,,,,,,281,2026-02-12 12:53:51.353003,RTM1C52,0.19,0.18,0.2,1000000.0,,,1000000.0,,,,,,,,,,,0,0,0,0,0,0,0,0,0,0,0,0,0,0,0,0
,,,,,,281,2026-02-12 12:53:51.353003,RTM1P52,1.28,1.27,1.29,1000000.0,,,1000000.0,,,,,,,,,,,0,0,0,0,0,0,0,0,0,0,0,0,0,0,0,0
,,,,,,281,2026-02-12 12:53:51.353003,RTM1C53,0.05,0.04,0.06,1000000.0,,,1000000.0,,,,,,,,,,,0,0,0,0,0,0,0,0,0,0,0,0,0,0,0,0
,,,,,,281,2026-02-12 12:53:51.353003,RTM1P53,2.15,2.13,2.15,1000000.0,,,1000000.0,,,,,,,,,,61.0,0,0,0,0,0,0,0,0,0,0,0,0,0,0,0,0
,,,,,,281,2026-02-12 12:53:51.353003,RTM1C54,0.02,0.01,0.03,1000000.0,,,1000000.0,,,,,,,,,,,0,0,0,0,0,0,0,0,0,0,0,0,0,0,0,0
,,,,,,281,2026-02-12 12:53:51.353003,RTM1P54,3.11,3.09,3.11,1000000.0,,,1000000.0,,,,,,,,,,,0,0,0,0,0,0,0,0,0,0,0,0,0,0,0,0
8.0,1.0,224.0,Week 4,Announcement 3,The analysts have informed you that the realized volatility of RTM this week will be 37%,282,2026-02-12 12:53:52.391957,RTM,51.08,51.06,51.08,100000000.0,3537.0,180.0,100000000.0,5000.0,100.0,,,,,,,,,0,0,0,0,0,0,0,0,0,0,0,0,0,0,0,0
7.0,1.0,186.0,,News 3,The analysts have informed you that the realized volatility of RTM next week will be between 34% and 39%,282,2026-02-12 12:53:52.391957,RTM1C45,6.06,6.06,6.08,1000000.0,,,1000000.0,,,68.0,50.0,,,,,,,0,0,0,0,0,0,0,0,0,0,0,0,0,0,0,0
6.0,1.0,149.0,Week 3,Announcement 2,The analysts have informed you that the realized volatility of RTM this week will be 25%,282,2026-02-12 12:53:52.391957,RTM1P45,0.01,0.01,0.03,1000000.0,,,1000000.0,,,,,,,,,,,0,0,0,0,0,0,0,0,0,0,0,0,0,0,0,0
5.0,1.0,111.0,,News 2,The analysts have informed you that the realized volatility of RTM next week will be between 21% and 26%,282,2026-02-12 12:53:52.391957,RTM1C46,5.06,5.06,5.08,1000000.0,,,1000000.0,,,,,,,,,,,0,0,0,0,0,0,0,0,0,0,0,0,0,0,0,0
4.0,1.0,74.0,Week 2,Announcement 1,The analysts have informed you that the realized volatility of RTM this week will be 39%,282,2026-02-12 12:53:52.391957,RTM1P46,0.01,0.01,0.03,1000000.0,,,1000000.0,,,,,45.0,,,,,,0,0,0,0,0,0,0,0,0,0,0,0,0,0,0,0
3.0,1.0,35.0,,News 1,The analysts have informed you that the realized volatility of RTM next week will be between 36% and 41%,282,2026-02-12 12:53:52.391957,RTM1C47,4.06,4.06,4.08,1000000.0,,,1000000.0,,,43.0,200.0,,,,,,,0,0,0,0,0,0,0,0,0,0,0,0,0,0,0,0
2.0,1.0,2.0,Week 1,Delta limit and penalty,The delta limit for this sub-heat is 12000 and the penalty percentage is 2%,282,2026-02-12 12:53:52.391957,RTM1P47,0.01,0.01,0.03,1000000.0,,,1000000.0,,,,,,8.0,,,,,0,0,0,0,0,0,0,0,0,0,0,0,0,0,0,0
1.0,1.0,2.0,Week 1,Risk free rate and current annualized volatility of RTM,The current risk free rate is 0%. RTM is an ETF that mimics one of the major indices in the simulated world and its current annualized realized volatility is 22%. This simulation consists of 20 trading days that are each 15 ticks in length.,282,2026-02-12 12:53:52.391957,RTM1C48,3.08,3.06,3.08,1000000.0,,,1000000.0,,,40.0,150.0,,,,,,,0,0,0,0,0,0,0,0,0,0,0,0,0,0,0,0
,,,,,,282,2026-02-12 12:53:52.391957,RTM1P48,0.01,0.01,0.03,1000000.0,,,1000000.0,,,,,,,,,,,0,0,0,0,0,0,0,0,0,0,0,0,0,0,0,0
,,,,,,282,2026-02-12 12:53:52.391957,RTM1C49,2.12,2.1,2.12,1000000.0,,,1000000.0,,,,108.0,,,12.0,120.0,60.0,,0,0,0,0,0,0,0,0,0,0,0,0,0,0,0,0
,,,,,,282,2026-02-12 12:53:52.391957,RTM1P49,0.04,0.03,0.05,1000000.0,,,1000000.0,,,,,,40.0,,,,,0,0,0,0,0,0,0,0,0,0,0,0,0,0,0,0
,,,,,,282,2026-02-12 12:53:52.391957,RTM1C50,1.24,1.23,1.25,1000000.0,,,1000000.0,,,,,,,,30.0,30.0,,0,0,0,0,0,0,0,0,0,0,0,0,0,0,0,0
,,,,,,282,2026-02-12 12:53:52.391957,RTM1P50,0.17,0.16,0.18,1000000.0,,,1000000.0,,,,,,,,,,,0,0,0,0,0,0,0,0,0,0,0,0,0,0,0,0
,,,,,,282,2026-02-12 12:53:52.391957,RTM1C51,0.59,0.58,0.6,1000000.0,,,1000000.0,,,,,,,,,,,0,0,0,0,0,0,0,0,0,0,0,0,0,0,0,0
,,,,,,282,2026-02-12 12:53:52.391957,RTM1P51,0.52,0.51,0.53,1000000.0,,,1000000.0,,,,,,100.0,,,,,0,0,0,0,0,0,0,0,0,0,0,0,0,0,0,0
,,,,,,282,2026-02-12 12:53:52.391957,RTM1C52,0.2,0.19,0.21,1000000.0,,,1000000.0,,,,,,,,,,,0,0,0,0,0,0,0,0,0,0,0,0,0,0,0,0
,,,,,,282,2026-02-12 12:53:52.391957,RTM1P52,1.14,1.13,1.15,1000000.0,,,1000000.0,,,,,,,,,,,0,0,0,0,0,0,0,0,0,0,0,0,0,0,0,0
,,,,,,282,2026-02-12 12:53:52.391957,RTM1C53,0.05,0.04,0.06,1000000.0,,,1000000.0,,,,,,,,,,,0,0,0,0,0,0,0,0,0,0,0,0,0,0,0,0
,,,,,,282,2026-02-12 12:53:52.391957,RTM1P53,1.99,1.98,2.0,1000000.0,,,1000000.0,,,,,,,,,,61.0,0,0,0,0,0,0,0,0,0,0,0,0,0,0,0,0
,,,,,,282,2026-02-12 12:53:52.391957,RTM1C54,0.02,0.01,0.03,1000000.0,,,1000000.0,,,,,,,,,,,0,0,0,0,0,0,0,0,0,0,0,0,0,0,0,0
,,,,,,282,2026-02-12 12:53:52.391957,RTM1P54,2.95,2.93,2.95,1000000.0,,,1000000.0,,,,,,,,,,,0,0,0,0,0,0,0,0,0,0,0,0,0,0,0,0
8.0,1.0,224.0,Week 4,Announcement 3,The analysts have informed you that the realized volatility of RTM this week will be 37%,283,2026-02-12 12:53:53.419729,RTM,51.33,51.33,51.35,100000000.0,3537.0,180.0,100000000.0,5000.0,100.0,,,,,,,,,0,0,0,0,0,0,0,0,0,0,0,0,0,0,0,0
7.0,1.0,186.0,,News 3,The analysts have informed you that the realized volatility of RTM next week will be between 34% and 39%,283,2026-02-12 12:53:53.419729,RTM1C45,6.34,6.33,6.35,1000000.0,,,1000000.0,,,68.0,50.0,,,,,,,0,0,0,0,0,0,0,0,0,0,0,0,0,0,0,0
6.0,1.0,149.0,Week 3,Announcement 2,The analysts have informed you that the realized volatility of RTM this week will be 25%,283,2026-02-12 12:53:53.419729,RTM1P45,0.02,0.01,0.03,1000000.0,,,1000000.0,,,,,,,,,,,0,0,0,0,0,0,0,0,0,0,0,0,0,0,0,0
5.0,1.0,111.0,,News 2,The analysts have informed you that the realized volatility of RTM next week will be between 21% and 26%,283,2026-02-12 12:53:53.419729,RTM1C46,5.34,5.33,5.35,1000000.0,,,1000000.0,,,,,,,,,,,0,0,0,0,0,0,0,0,0,0,0,0,0,0,0,0
4.0,1.0,74.0,Week 2,Announcement 1,The analysts have informed you that the realized volatility of RTM this week will be 39%,283,2026-02-12 12:53:53.419729,RTM1P46,0.02,0.01,0.03,1000000.0,,,1000000.0,,,,,45.0,,,,,,0,0,0,0,0,0,0,0,0,0,0,0,0,0,0,0
3.0,1.0,35.0,,News 1,The analysts have informed you that the realized volatility of RTM next week will be between 36% and 41%,283,2026-02-12 12:53:53.419729,RTM1C47,4.34,4.33,4.35,1000000.0,,,1000000.0,,,43.0,200.0,,,,,,,0,0,0,0,0,0,0,0,0,0,0,0,0,0,0,0
2.0,1.0,2.0,Week 1,Delta limit and penalty,The delta limit for this sub-heat is 12000 and the penalty percentage is 2%,283,2026-02-12 12:53:53.419729,RTM1P47,0.02,0.01,0.03,1000000.0,,,1000000.0,,,,,,8.0,,,,,0,0,0,0,0,0,0,0,0,0,0,0,0,0,0,0
1.0,1.0,2.0,Week 1,Risk free rate and current annualized volatility of RTM,The current risk free rate is 0%. RTM is an ETF that mimics one of the major indices in the simulated world and its current annualized realized volatility is 22%. This simulation consists of 20 trading days that are each 15 ticks in length.,283,2026-02-12 12:53:53.419729,RTM1C48,3.35,3.34,3.36,1000000.0,,,1000000.0,,,40.0,150.0,,,,,,,0,0,0,0,0,0,0,0,0,0,0,0,0,0,0,0
,,,,,,283,2026-02-12 12:53:53.419729,RTM1P48,0.02,0.01,0.03,1000000.0,,,1000000.0,,,,,,,,,,,0,0,0,0,0,0,0,0,0,0,0,0,0,0,0,0
,,,,,,283,2026-02-12 12:53:53.419729,RTM1C49,2.36,2.35,2.37,1000000.0,,,1000000.0,,,,108.0,,,12.0,120.0,60.0,,0,0,0,0,0,0,0,0,0,0,0,0,0,0,0,0
,,,,,,283,2026-02-12 12:53:53.419729,RTM1P49,0.03,0.01,0.03,1000000.0,,,1000000.0,,,,,,40.0,,,,,0,0,0,0,0,0,0,0,0,0,0,0,0,0,0,0
,,,,,,283,2026-02-12 12:53:53.419729,RTM1C50,1.45,1.44,1.46,1000000.0,,,1000000.0,,,,,,,,30.0,30.0,,0,0,0,0,0,0,0,0,0,0,0,0,0,0,0,0
,,,,,,283,2026-02-12 12:53:53.419729,RTM1P50,0.11,0.1,0.12,1000000.0,,,1000000.0,,,,,,,,,,,0,0,0,0,0,0,0,0,0,0,0,0,0,0,0,0
,,,,,,283,2026-02-12 12:53:53.419729,RTM1C51,0.72,0.71,0.73,1000000.0,,,1000000.0,,,,,,,,,,,0,0,0,0,0,0,0,0,0,0,0,0,0,0,0,0
,,,,,,283,2026-02-12 12:53:53.419729,RTM1P51,0.38,0.36,0.38,1000000.0,,,1000000.0,,,,,,100.0,,,,,0,0,0,0,0,0,0,0,0,0,0,0,0,0,0,0
,,,,,,283,2026-02-12 12:53:53.419729,RTM1C52,0.27,0.26,0.28,1000000.0,,,1000000.0,,,,,,,,,,,0,0,0,0,0,0,0,0,0,0,0,0,0,0,0,0
,,,,,,283,2026-02-12 12:53:53.419729,RTM1P52,0.94,0.92,0.94,1000000.0,,,1000000.0,,,,,,,,,,,0,0,0,0,0,0,0,0,0,0,0,0,0,0,0,0
,,,,,,283,2026-02-12 12:53:53.419729,RTM1C53,0.08,0.06,0.08,1000000.0,,,1000000.0,,,,,,,,,,,0,0,0,0,0,0,0,0,0,0,0,0,0,0,0,0
,,,,,,283,2026-02-12 12:53:53.419729,RTM1P53,1.72,1.72,1.74,1000000.0,,,1000000.0,,,,,,,,,,61.0,0,0,0,0,0,0,0,0,0,0,0,0,0,0,0,0
,,,,,,283,2026-02-12 12:53:53.419729,RTM1C54,0.01,0.01,0.03,1000000.0,,,1000000.0,,,,,,,,,,,0,0,0,0,0,0,0,0,0,0,0,0,0,0,0,0
,,,,,,283,2026-02-12 12:53:53.419729,RTM1P54,2.68,2.66,2.68,1000000.0,,,1000000.0,,,,,,,,,,,0,0,0,0,0,0,0,0,0,0,0,0,0,0,0,0
8.0,1.0,224.0,Week 4,Announcement 3,The analysts have informed you that the realized volatility of RTM this week will be 37%,284,2026-02-12 12:53:54.453496,RTM,51.02,51.02,51.04,100000000.0,3537.0,180.0,100000000.0,5000.0,100.0,,,,,,,,,0,0,0,0,0,0,0,0,0,0,0,0,0,0,0,0
7.0,1.0,186.0,,News 3,The analysts have informed you that the realized volatility of RTM next week will be between 34% and 39%,284,2026-02-12 12:53:54.453496,RTM1C45,6.02,6.02,6.04,1000000.0,,,1000000.0,,,68.0,50.0,,,,,,,0,0,0,0,0,0,0,0,0,0,0,0,0,0,0,0
6.0,1.0,149.0,Week 3,Announcement 2,The analysts have informed you that the realized volatility of RTM this week will be 25%,284,2026-02-12 12:53:54.453496,RTM1P45,0.03,0.01,0.03,1000000.0,,,1000000.0,,,,,,,,,,,0,0,0,0,0,0,0,0,0,0,0,0,0,0,0,0
5.0,1.0,111.0,,News 2,The analysts have informed you that the realized volatility of RTM next week will be between 21% and 26%,284,2026-02-12 12:53:54.453496,RTM1C46,5.02,5.02,5.04,1000000.0,,,1000000.0,,,,,,,,,,,0,0,0,0,0,0,0,0,0,0,0,0,0,0,0,0
4.0,1.0,74.0,Week 2,Announcement 1,The analysts have informed you that the realized volatility of RTM this week will be 39%,284,2026-02-12 12:53:54.453496,RTM1P46,0.01,0.01,0.03,1000000.0,,,1000000.0,,,,,45.0,,,,,,0,0,0,0,0,0,0,0,0,0,0,0,0,0,0,0
3.0,1.0,35.0,,News 1,The analysts have informed you that the realized volatility of RTM next week will be between 36% and 41%,284,2026-02-12 12:53:54.453496,RTM1C47,4.02,4.02,4.04,1000000.0,,,1000000.0,,,43.0,200.0,,,,,,,0,0,0,0,0,0,0,0,0,0,0,0,0,0,0,0
2.0,1.0,2.0,Week 1,Delta limit and penalty,The delta limit for this sub-heat is 12000 and the penalty percentage is 2%,284,2026-02-12 12:53:54.453496,RTM1P47,0.03,0.01,0.03,1000000.0,,,1000000.0,,,,,,8.0,,,,,0,0,0,0,0,0,0,0,0,0,0,0,0,0,0,0
1.0,1.0,2.0,Week 1,Risk free rate and current annualized volatility of RTM,The current risk free rate is 0%. RTM is an ETF that mimics one of the major indices in the simulated world and its current annualized realized volatility is 22%. This simulation consists of 20 trading days that are each 15 ticks in length.,284,2026-02-12 12:53:54.453496,RTM1C48,3.04,3.03,3.05,1000000.0,,,1000000.0,,,40.0,150.0,,,,,,,0,0,0,0,0,0,0,0,0,0,0,0,0,0,0,0
,,,,,,284,2026-02-12 12:53:54.453496,RTM1P48,0.02,0.01,0.03,1000000.0,,,1000000.0,,,,,,,,,,,0,0,0,0,0,0,0,0,0,0,0,0,0,0,0,0
,,,,,,284,2026-02-12 12:53:54.453496,RTM1C49,2.07,2.05,2.07,1000000.0,,,1000000.0,,,,108.0,,,12.0,120.0,60.0,,0,0,0,0,0,0,0,0,0,0,0,0,0,0,0,0
,,,,,,284,2026-02-12 12:53:54.453496,RTM1P49,0.04,0.02,0.04,1000000.0,,,1000000.0,,,,,,40.0,,,,,0,0,0,0,0,0,0,0,0,0,0,0,0,0,0,0
,,,,,,284,2026-02-12 12:53:54.453496,RTM1C50,1.19,1.17,1.19,1000000.0,,,1000000.0,,,,,,,,30.0,30.0,,0,0,0,0,0,0,0,0,0,0,0,0,0,0,0,0
,,,,,,284,2026-02-12 12:53:54.453496,RTM1P50,0.15,0.14,0.16,1000000.0,,,1000000.0,,,,,,,,,,,0,0,0,0,0,0,0,0,0,0,0,0,0,0,0,0
,,,,,,284,2026-02-12 12:53:54.453496,RTM1C51,0.53,0.52,0.54,1000000.0,,,1000000.0,,,,,,,,,,,0,0,0,0,0,0,0,0,0,0,0,0,0,0,0,0
,,,,,,284,2026-02-12 12:53:54.453496,RTM1P51,0.5,0.49,0.51,1000000.0,,,1000000.0,,,,,,100.0,,,,,0,0,0,0,0,0,0,0,0,0,0,0,0,0,0,0
,,,,,,284,2026-02-12 12:53:54.453496,RTM1C52,0.17,0.16,0.18,1000000.0,,,1000000.0,,,,,,,,,,,0,0,0,0,0,0,0,0,0,0,0,0,0,0,0,0
,,,,,,284,2026-02-12 12:53:54.453496,RTM1P52,1.14,1.13,1.15,1000000.0,,,1000000.0,,,,,,,,,,,0,0,0,0,0,0,0,0,0,0,0,0,0,0,0,0
,,,,,,284,2026-02-12 12:53:54.453496,RTM1C53,0.04,0.03,0.05,1000000.0,,,1000000.0,,,,,,,,,,,0,0,0,0,0,0,0,0,0,0,0,0,0,0,0,0
,,,,,,284,2026-02-12 12:53:54.453496,RTM1P53,2.0,1.99,2.01,1000000.0,,,1000000.0,,,,,,,,,,61.0,0,0,0,0,0,0,0,0,0,0,0,0,0,0,0,0
,,,,,,284,2026-02-12 12:53:54.453496,RTM1C54,0.02,0.01,0.03,1000000.0,,,1000000.0,,,,,,,,,,,0,0,0,0,0,0,0,0,0,0,0,0,0,0,0,0
,,,,,,284,2026-02-12 12:53:54.453496,RTM1P54,2.98,2.96,2.98,1000000.0,,,1000000.0,,,,,,,,,,,0,0,0,0,0,0,0,0,0,0,0,0,0,0,0,0
8.0,1.0,224.0,Week 4,Announcement 3,The analysts have informed you that the realized volatility of RTM this week will be 37%,285,2026-02-12 12:53:55.494041,RTM,51.1,51.08,51.1,100000000.0,3537.0,180.0,100000000.0,5000.0,100.0,,,,,,,,0,0,0,0,0,0,0,0,0,0,0,0,0,0,0,0,0
7.0,1.0,186.0,,News 3,The analysts have informed you that the realized volatility of RTM next week will be between 34% and 39%,285,2026-02-12 12:53:55.494041,RTM1C45,6.09,6.08,6.1,1000000.0,,,1000000.0,,,68.0,50.0,,,,,,0,0,0,0,0,0,0,0,0,0,0,0,0,0,0,0,0
6.0,1.0,149.0,Week 3,Announcement 2,The analysts have informed you that the realized volatility of RTM this week will be 25%,285,2026-02-12 12:53:55.494041,RTM1P45,0.01,0.01,0.03,1000000.0,,,1000000.0,,,,,,,,,,0,0,0,0,0,0,0,0,0,0,0,0,0,0,0,0,0
5.0,1.0,111.0,,News 2,The analysts have informed you that the realized volatility of RTM next week will be between 21% and 26%,285,2026-02-12 12:53:55.494041,RTM1C46,5.08,5.08,5.1,1000000.0,,,1000000.0,,,,,,,,,,0,0,0,0,0,0,0,0,0,0,0,0,0,0,0,0,0
4.0,1.0,74.0,Week 2,Announcement 1,The analysts have informed you that the realized volatility of RTM this week will be 39%,285,2026-02-12 12:53:55.494041,RTM1P46,0.01,0.01,0.03,1000000.0,,,1000000.0,,,,,45.0,,,,,0,0,0,0,0,0,0,0,0,0,0,0,0,0,0,0,0
3.0,1.0,35.0,,News 1,The analysts have informed you that the realized volatility of RTM next week will be between 36% and 41%,285,2026-02-12 12:53:55.494041,RTM1C47,4.08,4.08,4.1,1000000.0,,,1000000.0,,,43.0,200.0,,,,,,0,0,0,0,0,0,0,0,0,0,0,0,0,0,0,0,0
2.0,1.0,2.0,Week 1,Delta limit and penalty,The delta limit for this sub-heat is 12000 and the penalty percentage is 2%,285,2026-02-12 12:53:55.494041,RTM1P47,0.02,0.01,0.03,1000000.0,,,1000000.0,,,,,,8.0,,,,0,0,0,0,0,0,0,0,0,0,0,0,0,0,0,0,0
1.0,1.0,2.0,Week 1,Risk free rate and current annualized volatility of RTM,The current risk free rate is 0%. RTM is an ETF that mimics one of the major indices in the simulated world and its current annualized realized volatility is 22%. This simulation consists of 20 trading days that are each 15 ticks in length.,285,2026-02-12 12:53:55.494041,RTM1C48,3.09,3.08,3.1,1000000.0,,,1000000.0,,,40.0,150.0,,,,,,0,0,0,0,0,0,0,0,0,0,0,0,0,0,0,0,0
,,,,,,285,2026-02-12 12:53:55.494041,RTM1P48,0.02,0.01,0.03,1000000.0,,,1000000.0,,,,,,,,,,0,0,0,0,0,0,0,0,0,0,0,0,0,0,0,0,0
,,,,,,285,2026-02-12 12:53:55.494041,RTM1C49,2.11,2.1,2.12,1000000.0,,,1000000.0,,,,108.0,,,12.0,120.0,60.0,0,0,0,0,0,0,0,0,0,0,0,0,0,0,0,0,0
,,,,,,285,2026-02-12 12:53:55.494041,RTM1P49,0.03,0.01,0.03,1000000.0,,,1000000.0,,,,,,40.0,,,,0,0,0,0,0,0,0,0,0,0,0,0,0,0,0,0,0
,,,,,,285,2026-02-12 12:53:55.494041,RTM1C50,1.22,1.2,1.22,1000000.0,,,1000000.0,,,,,,,,30.0,30.0,0,0,0,0,0,0,0,0,0,0,0,0,0,0,0,0,0
,,,,,,285,2026-02-12 12:53:55.494041,RTM1P50,0.14,0.12,0.14,1000000.0,,,1000000.0,,,,,,,,,,0,0,0,0,0,0,0,0,0,0,0,0,0,0,0,0,0
,,,,,,285,2026-02-12 12:53:55.494041,RTM1C51,0.55,0.53,0.55,1000000.0,,,1000000.0,,,,,,,,,,0,0,0,0,0,0,0,0,0,0,0,0,0,0,0,0,0
,,,,,,285,2026-02-12 12:53:55.494041,RTM1P51,0.45,0.44,0.46,1000000.0,,,1000000.0,,,,,,100.0,,,,0,0,0,0,0,0,0,0,0,0,0,0,0,0,0,0,0
,,,,,,285,2026-02-12 12:53:55.494041,RTM1C52,0.16,0.16,0.18,1000000.0,,,1000000.0,,,,,,,,,,0,0,0,0,0,0,0,0,0,0,0,0,0,0,0,0,0
,,,,,,285,2026-02-12 12:53:55.494041,RTM1P52,1.09,1.07,1.09,1000000.0,,,1000000.0,,,,,,,,,,0,0,0,0,0,0,0,0,0,0,0,0,0,0,0,0,0
,,,,,,285,2026-02-12 12:53:55.494041,RTM1C53,0.03,0.03,0.05,1000000.0,,,1000000.0,,,,,,,,,,0,0,0,0,0,0,0,0,0,0,0,0,0,0,0,0,0
,,,,,,285,2026-02-12 12:53:55.494041,RTM1P53,1.96,1.94,1.96,1000000.0,,,1000000.0,,,,,,,,,,0,0,0,0,0,0,0,0,0,0,0,0,0,0,0,0,0
,,,,,,285,2026-02-12 12:53:55.494041,RTM1C54,0.01,0.01,0.03,1000000.0,,,1000000.0,,,,,,,,,,0,0,0,0,0,0,0,0,0,0,0,0,0,0,0,0,0
,,,,,,285,2026-02-12 12:53:55.494041,RTM1P54,2.93,2.91,2.93,1000000.0,,,1000000.0,,,,,,,,,,0,0,0,0,0,0,0,0,0,0,0,0,0,0,0,0,0
8.0,1.0,224.0,Week 4,Announcement 3,The analysts have informed you that the realized volatility of RTM this week will be 37%,286,2026-02-12 12:53:56.580577,RTM,51.17,51.15,51.17,100000000.0,190.0,100000000.0,5000.0,100.0,,,,,,,,0,0,0,0,0,0,0,0,0,0,0,0,0,0,0,0,0,0
7.0,1.0,186.0,,News 3,The analysts have informed you that the realized volatility of RTM next week will be between 34% and 39%,286,2026-02-12 12:53:56.580577,RTM1C45,6.15,6.15,6.17,1000000.0,,1000000.0,,,68.0,50.0,,,,,,0,0,0,0,0,0,0,0,0,0,0,0,0,0,0,0,0,0
6.0,1.0,149.0,Week 3,Announcement 2,The analysts have informed you that the realized volatility of RTM this week will be 25%,286,2026-02-12 12:53:56.580577,RTM1P45,0.01,0.01,0.03,1000000.0,,1000000.0,,,,,,,,,,0,0,0,0,0,0,0,0,0,0,0,0,0,0,0,0,0,0
5.0,1.0,111.0,,News 2,The analysts have informed you that the realized volatility of RTM next week will be between 21% and 26%,286,2026-02-12 12:53:56.580577,RTM1C46,5.15,5.15,5.17,1000000.0,,1000000.0,,,,,,,,,,0,0,0,0,0,0,0,0,0,0,0,0,0,0,0,0,0,0
4.0,1.0,74.0,Week 2,Announcement 1,The analysts have informed you that the realized volatility of RTM this week will be 39%,286,2026-02-12 12:53:56.580577,RTM1P46,0.01,0.01,0.03,1000000.0,,1000000.0,,,,,45.0,,,,,0,0,0,0,0,0,0,0,0,0,0,0,0,0,0,0,0,0
3.0,1.0,35.0,,News 1,The analysts have informed you that the realized volatility of RTM next week will be between 36% and 41%,286,2026-02-12 12:53:56.580577,RTM1C47,4.15,4.15,4.17,1000000.0,,1000000.0,,,43.0,200.0,,,,,,0,0,0,0,0,0,0,0,0,0,0,0,0,0,0,0,0,0
2.0,1.0,2.0,Week 1,Delta limit and penalty,The delta limit for this sub-heat is 12000 and the penalty percentage is 2%,286,2026-02-12 12:53:56.580577,RTM1P47,0.02,0.01,0.03,1000000.0,,1000000.0,,,,,,8.0,,,,0,0,0,0,0,0,0,0,0,0,0,0,0,0,0,0,0,0
1.0,1.0,2.0,Week 1,Risk free rate and current annualized volatility of RTM,The current risk free rate is 0%. RTM is an ETF that mimics one of the major indices in the simulated world and its current annualized realized volatility is 22%. This simulation consists of 20 trading days that are each 15 ticks in length.,286,2026-02-12 12:53:56.580577,RTM1C48,3.17,3.15,3.17,1000000.0,,1000000.0,,,40.0,150.0,,,,,,0,0,0,0,0,0,0,0,0,0,0,0,0,0,0,0,0,0
,,,,,,286,2026-02-12 12:53:56.580577,RTM1P48,0.01,0.01,0.03,1000000.0,,1000000.0,,,,,,,,,,0,0,0,0,0,0,0,0,0,0,0,0,0,0,0,0,0,0
,,,,,,286,2026-02-12 12:53:56.580577,RTM1C49,2.18,2.16,2.18,1000000.0,,1000000.0,,,,108.0,,,12.0,120.0,60.0,0,0,0,0,0,0,0,0,0,0,0,0,0,0,0,0,0,0
,,,,,,286,2026-02-12 12:53:56.580577,RTM1P49,0.01,0.01,0.03,1000000.0,,1000000.0,,,,,,40.0,,,,0,0,0,0,0,0,0,0,0,0,0,0,0,0,0,0,0,0
,,,,,,286,2026-02-12 12:53:56.580577,RTM1C50,1.27,1.25,1.27,1000000.0,,1000000.0,,,,,,,,30.0,30.0,0,0,0,0,0,0,0,0,0,0,0,0,0,0,0,0,0,0
,,,,,,286,2026-02-12 12:53:56.580577,RTM1P50,0.11,0.09,0.11,1000000.0,,1000000.0,,,,,,,,,,0,0,0,0,0,0,0,0,0,0,0,0,0,0,0,0,0,0
,,,,,,286,2026-02-12 12:53:56.580577,RTM1C51,0.57,0.55,0.57,1000000.0,,1000000.0,,,,,,,,,,0,0,0,0,0,0,0,0,0,0,0,0,0,0,0,0,0,0
,,,,,,286,2026-02-12 12:53:56.580577,RTM1P51,0.4,0.39,0.41,1000000.0,,1000000.0,,,,,,100.0,,,,0,0,0,0,0,0,0,0,0,0,0,0,0,0,0,0,0,0
,,,,,,286,2026-02-12 12:53:56.580577,RTM1C52,0.17,0.16,0.18,1000000.0,,1000000.0,,,,,,,,,,0,0,0,0,0,0,0,0,0,0,0,0,0,0,0,0,0,0
,,,,,,286,2026-02-12 12:53:56.580577,RTM1P52,1.01,1.0,1.02,1000000.0,,1000000.0,,,,,,,,,,0,0,0,0,0,0,0,0,0,0,0,0,0,0,0,0,0,0
,,,,,,286,2026-02-12 12:53:56.580577,RTM1C53,0.03,0.02,0.04,1000000.0,,1000000.0,,,,,,,,,,0,0,0,0,0,0,0,0,0,0,0,0,0,0,0,0,0,0
,,,,,,286,2026-02-12 12:53:56.580577,RTM1P53,1.88,1.87,1.89,1000000.0,,1000000.0,,,,,,,,,,0,0,0,0,0,0,0,0,0,0,0,0,0,0,0,0,0,0
,,,,,,286,2026-02-12 12:53:56.580577,RTM1C54,0.01,0.01,0.03,1000000.0,,1000000.0,,,,,,,,,,0,0,0,0,0,0,0,0,0,0,0,0,0,0,0,0,0,0
,,,,,,286,2026-02-12 12:53:56.580577,RTM1P54,2.85,2.84,2.86,1000000.0,,1000000.0,,,,,,,,,,0,0,0,0,0,0,0,0,0,0,0,0,0,0,0,0,0,0
8.0,1.0,224.0,Week 4,Announcement 3,The analysts have informed you that the realized volatility of RTM this week will be 37%,287,2026-02-12 12:53:57.610474,RTM,50.92,50.92,50.94,100000000.0,190.0,100000000.0,5000.0,100.0,,,,,,,,0,0,0,0,0,0,0,0,0,0,0,0,0,0,0,0,0,0
7.0,1.0,186.0,,News 3,The analysts have informed you that the realized volatility of RTM next week will be between 34% and 39%,287,2026-02-12 12:53:57.610474,RTM1C45,5.94,5.92,5.94,1000000.0,,1000000.0,,,68.0,50.0,,,,,,0,0,0,0,0,0,0,0,0,0,0,0,0,0,0,0,0,0
6.0,1.0,149.0,Week 3,Announcement 2,The analysts have informed you that the realized volatility of RTM this week will be 25%,287,2026-02-12 12:53:57.610474,RTM1P45,0.01,0.01,0.03,1000000.0,,1000000.0,,,,,,,,,,0,0,0,0,0,0,0,0,0,0,0,0,0,0,0,0,0,0
5.0,1.0,111.0,,News 2,The analysts have informed you that the realized volatility of RTM next week will be between 21% and 26%,287,2026-02-12 12:53:57.610474,RTM1C46,4.93,4.92,4.94,1000000.0,,1000000.0,,,,,,,,,,0,0,0,0,0,0,0,0,0,0,0,0,0,0,0,0,0,0
4.0,1.0,74.0,Week 2,Announcement 1,The analysts have informed you that the realized volatility of RTM this week will be 39%,287,2026-02-12 12:53:57.610474,RTM1P46,0.02,0.01,0.03,1000000.0,,1000000.0,,,,,45.0,,,,,0,0,0,0,0,0,0,0,0,0,0,0,0,0,0,0,0,0
3.0,1.0,35.0,,News 1,The analysts have informed you that the realized volatility of RTM next week will be between 36% and 41%,287,2026-02-12 12:53:57.610474,RTM1C47,3.93,3.92,3.94,1000000.0,,1000000.0,,,43.0,200.0,,,,,,0,0,0,0,0,0,0,0,0,0,0,0,0,0,0,0,0,0
2.0,1.0,2.0,Week 1,Delta limit and penalty,The delta limit for this sub-heat is 12000 and the penalty percentage is 2%,287,2026-02-12 12:53:57.610474,RTM1P47,0.02,0.01,0.03,1000000.0,,1000000.0,,,,,,8.0,,,,0,0,0,0,0,0,0,0,0,0,0,0,0,0,0,0,0,0
1.0,1.0,2.0,Week 1,Risk free rate and current annualized volatility of RTM,The current risk free rate is 0%. RTM is an ETF that mimics one of the major indices in the simulated world and its current annualized realized volatility is 22%. This simulation consists of 20 trading days that are each 15 ticks in length.,287,2026-02-12 12:53:57.610474,RTM1C48,2.94,2.92,2.94,1000000.0,,1000000.0,,,40.0,150.0,,,,,,0,0,0,0,0,0,0,0,0,0,0,0,0,0,0,0,0,0
,,,,,,287,2026-02-12 12:53:57.610474,RTM1P48,0.02,0.01,0.03,1000000.0,,1000000.0,,,,,,,,,,0,0,0,0,0,0,0,0,0,0,0,0,0,0,0,0,0,0
,,,,,,287,2026-02-12 12:53:57.610474,RTM1C49,1.96,1.94,1.96,1000000.0,,1000000.0,,,,108.0,,,12.0,120.0,60.0,0,0,0,0,0,0,0,0,0,0,0,0,0,0,0,0,0,0
,,,,,,287,2026-02-12 12:53:57.610474,RTM1P49,0.03,0.01,0.03,1000000.0,,1000000.0,,,,,,40.0,,,,0,0,0,0,0,0,0,0,0,0,0,0,0,0,0,0,0,0
,,,,,,287,2026-02-12 12:53:57.610474,RTM1C50,1.07,1.05,1.07,1000000.0,,1000000.0,,,,,,,,30.0,30.0,0,0,0,0,0,0,0,0,0,0,0,0,0,0,0,0,0,0
,,,,,,287,2026-02-12 12:53:57.610474,RTM1P50,0.12,0.12,0.14,1000000.0,,1000000.0,,,,,,,,,,0,0,0,0,0,0,0,0,0,0,0,0,0,0,0,0,0,0
,,,,,,287,2026-02-12 12:53:57.610474,RTM1C51,0.42,0.4,0.42,1000000.0,,1000000.0,,,,,,,,,,0,0,0,0,0,0,0,0,0,0,0,0,0,0,0,0,0,0
,,,,,,287,2026-02-12 12:53:57.610474,RTM1P51,0.49,0.47,0.49,1000000.0,,1000000.0,,,,,,100.0,,,,0,0,0,0,0,0,0,0,0,0,0,0,0,0,0,0,0,0
,,,,,,287,2026-02-12 12:53:57.610474,RTM1C52,0.11,0.11,0.13,1000000.0,,1000000.0,,,,,,,,,,0,0,0,0,0,0,0,0,0,0,0,0,0,0,0,0,0,0
,,,,,,287,2026-02-12 12:53:57.610474,RTM1P52,1.17,1.17,1.19,1000000.0,,1000000.0,,,,,,,,,,0,0,0,0,0,0,0,0,0,0,0,0,0,0,0,0,0,0
,,,,,,287,2026-02-12 12:53:57.610474,RTM1C53,0.03,0.01,0.03,1000000.0,,1000000.0,,,,,,,,,,0,0,0,0,0,0,0,0,0,0,0,0,0,0,0,0,0,0
,,,,,,287,2026-02-12 12:53:57.610474,RTM1P53,2.08,2.08,2.1,1000000.0,,1000000.0,,,,,,,,,,0,0,0,0,0,0,0,0,0,0,0,0,0,0,0,0,0,0
,,,,,,287,2026-02-12 12:53:57.610474,RTM1C54,0.01,0.01,0.03,1000000.0,,1000000.0,,,,,,,,,,0,0,0,0,0,0,0,0,0,0,0,0,0,0,0,0,0,0
,,,,,,287,2026-02-12 12:53:57.610474,RTM1P54,3.06,3.06,3.08,1000000.0,,1000000.0,,,,,,,,,,0,0,0,0,0,0,0,0,0,0,0,0,0,0,0,0,0,0
8.0,1.0,224.0,Week 4,Announcement 3,The analysts have informed you that the realized volatility of RTM this week will be 37%,288,2026-02-12 12:53:58.641660,RTM,50.51,50.49,50.51,100000000.0,190.0,100000000.0,5000.0,100.0,,,,,,,,0,0,0,0,0,0,0,0,0,0,0,0,0,0,0,0,0,0
7.0,1.0,186.0,,News 3,The analysts have informed you that the realized volatility of RTM next week will be between 34% and 39%,288,2026-02-12 12:53:58.641660,RTM1C45,5.49,5.49,5.51,1000000.0,,1000000.0,,,68.0,50.0,,,,,,0,0,0,0,0,0,0,0,0,0,0,0,0,0,0,0,0,0
6.0,1.0,149.0,Week 3,Announcement 2,The analysts have informed you that the realized volatility of RTM this week will be 25%,288,2026-02-12 12:53:58.641660,RTM1P45,0.03,0.01,0.03,1000000.0,,1000000.0,,,,,,,,,,0,0,0,0,0,0,0,0,0,0,0,0,0,0,0,0,0,0
5.0,1.0,111.0,,News 2,The analysts have informed you that the realized volatility of RTM next week will be between 21% and 26%,288,2026-02-12 12:53:58.641660,RTM1C46,4.49,4.49,4.51,1000000.0,,1000000.0,,,,,,,,,,0,0,0,0,0,0,0,0,0,0,0,0,0,0,0,0,0,0
4.0,1.0,74.0,Week 2,Announcement 1,The analysts have informed you that the realized volatility of RTM this week will be 39%,288,2026-02-12 12:53:58.641660,RTM1P46,0.03,0.01,0.03,1000000.0,,1000000.0,,,,,45.0,,,,,0,0,0,0,0,0,0,0,0,0,0,0,0,0,0,0,0,0
3.0,1.0,35.0,,News 1,The analysts have informed you that the realized volatility of RTM next week will be between 36% and 41%,288,2026-02-12 12:53:58.641660,RTM1C47,3.49,3.49,3.51,1000000.0,,1000000.0,,,43.0,200.0,,,,,,0,0,0,0,0,0,0,0,0,0,0,0,0,0,0,0,0,0
2.0,1.0,2.0,Week 1,Delta limit and penalty,The delta limit for this sub-heat is 12000 and the penalty percentage is 2%,288,2026-02-12 12:53:58.641660,RTM1P47,0.03,0.01,0.03,1000000.0,,1000000.0,,,,,,8.0,,,,0,0,0,0,0,0,0,0,0,0,0,0,0,0,0,0,0,0
1.0,1.0,2.0,Week 1,Risk free rate and current annualized volatility of RTM,The current risk free rate is 0%. RTM is an ETF that mimics one of the major indices in the simulated world and its current annualized realized volatility is 22%. This simulation consists of 20 trading days that are each 15 ticks in length.,288,2026-02-12 12:53:58.641660,RTM1C48,2.51,2.49,2.51,1000000.0,,1000000.0,,,40.0,150.0,,,,,,0,0,0,0,0,0,0,0,0,0,0,0,0,0,0,0,0,0
,,,,,,288,2026-02-12 12:53:58.641660,RTM1P48,0.01,0.01,0.03,1000000.0,,1000000.0,,,,,,,,,,0,0,0,0,0,0,0,0,0,0,0,0,0,0,0,0,0,0
,,,,,,288,2026-02-12 12:53:58.641660,RTM1C49,1.53,1.53,1.55,1000000.0,,1000000.0,,,,108.0,,,12.0,120.0,60.0,0,0,0,0,0,0,0,0,0,0,0,0,0,0,0,0,0,0
,,,,,,288,2026-02-12 12:53:58.641660,RTM1P49,0.03,0.03,0.05,1000000.0,,1000000.0,,,,,,40.0,,,,0,0,0,0,0,0,0,0,0,0,0,0,0,0,0,0,0,0
,,,,,,288,2026-02-12 12:53:58.641660,RTM1C50,0.73,0.71,0.73,1000000.0,,1000000.0,,,,,,,,30.0,30.0,0,0,0,0,0,0,0,0,0,0,0,0,0,0,0,0,0,0
,,,,,,288,2026-02-12 12:53:58.641660,RTM1P50,0.24,0.22,0.24,1000000.0,,1000000.0,,,,,,,,,,0,0,0,0,0,0,0,0,0,0,0,0,0,0,0,0,0,0
,,,,,,288,2026-02-12 12:53:58.641660,RTM1C51,0.24,0.22,0.24,1000000.0,,1000000.0,,,,,,,,,,0,0,0,0,0,0,0,0,0,0,0,0,0,0,0,0,0,0
,,,,,,288,2026-02-12 12:53:58.641660,RTM1P51,0.74,0.73,0.75,1000000.0,,1000000.0,,,,,,100.0,,,,0,0,0,0,0,0,0,0,0,0,0,0,0,0,0,0,0,0
,,,,,,288,2026-02-12 12:53:58.641660,RTM1C52,0.03,0.03,0.05,1000000.0,,1000000.0,,,,,,,,,,0,0,0,0,0,0,0,0,0,0,0,0,0,0,0,0,0,0
,,,,,,288,2026-02-12 12:53:58.641660,RTM1P52,1.53,1.53,1.55,1000000.0,,1000000.0,,,,,,,,,,0,0,0,0,0,0,0,0,0,0,0,0,0,0,0,0,0,0
,,,,,,288,2026-02-12 12:53:58.641660,RTM1C53,0.03,0.01,0.03,1000000.0,,1000000.0,,,,,,,,,,0,0,0,0,0,0,0,0,0,0,0,0,0,0,0,0,0,0
,,,,,,288,2026-02-12 12:53:58.641660,RTM1P53,2.51,2.5,2.52,1000000.0,,1000000.0,,,,,,,,,,0,0,0,0,0,0,0,0,0,0,0,0,0,0,0,0,0,0
,,,,,,288,2026-02-12 12:53:58.641660,RTM1C54,0.02,0.01,0.03,1000000.0,,1000000.0,,,,,,,,,,0,0,0,0,0,0,0,0,0,0,0,0,0,0,0,0,0,0
,,,,,,288,2026-02-12 12:53:58.641660,RTM1P54,3.49,3.49,3.51,1000000.0,,1000000.0,,,,,,,,,,0,0,0,0,0,0,0,0,0,0,0,0,0,0,0,0,0,0
8.0,1.0,224.0,Week 4,Announcement 3,The analysts have informed you that the realized volatility of RTM this week will be 37%,290,2026-02-12 12:53:59.683115,RTM,51.17,51.16,51.18,100000000.0,190.0,100000000.0,5000.0,100.0,,,,,,,,0,0,0,0,0,0,0,0,0,0,0,0,0,0,0,0,0,0
7.0,1.0,186.0,,News 3,The analysts have informed you that the realized volatility of RTM next week will be between 34% and 39%,290,2026-02-12 12:53:59.683115,RTM1C45,6.17,6.16,6.18,1000000.0,,1000000.0,,,68.0,50.0,,,,,,0,0,0,0,0,0,0,0,0,0,0,0,0,0,0,0,0,0
6.0,1.0,149.0,Week 3,Announcement 2,The analysts have informed you that the realized volatility of RTM this week will be 25%,290,2026-02-12 12:53:59.683115,RTM1P45,0.02,0.01,0.03,1000000.0,,1000000.0,,,,,,,,,,0,0,0,0,0,0,0,0,0,0,0,0,0,0,0,0,0,0
5.0,1.0,111.0,,News 2,The analysts have informed you that the realized volatility of RTM next week will be between 21% and 26%,290,2026-02-12 12:53:59.683115,RTM1C46,5.17,5.16,5.18,1000000.0,,1000000.0,,,,,,,,,,0,0,0,0,0,0,0,0,0,0,0,0,0,0,0,0,0,0
4.0,1.0,74.0,Week 2,Announcement 1,The analysts have informed you that the realized volatility of RTM this week will be 39%,290,2026-02-12 12:53:59.683115,RTM1P46,0.02,0.01,0.03,1000000.0,,1000000.0,,,,,45.0,,,,,0,0,0,0,0,0,0,0,0,0,0,0,0,0,0,0,0,0
3.0,1.0,35.0,,News 1,The analysts have informed you that the realized volatility of RTM next week will be between 36% and 41%,290,2026-02-12 12:53:59.683115,RTM1C47,4.17,4.16,4.18,1000000.0,,1000000.0,,,43.0,200.0,,,,,,0,0,0,0,0,0,0,0,0,0,0,0,0,0,0,0,0,0
2.0,1.0,2.0,Week 1,Delta limit and penalty,The delta limit for this sub-heat is 12000 and the penalty percentage is 2%,290,2026-02-12 12:53:59.683115,RTM1P47,0.02,0.01,0.03,1000000.0,,1000000.0,,,,,,8.0,,,,0,0,0,0,0,0,0,0,0,0,0,0,0,0,0,0,0,0
1.0,1.0,2.0,Week 1,Risk free rate and current annualized volatility of RTM,The current risk free rate is 0%. RTM is an ETF that mimics one of the major indices in the simulated world and its current annualized realized volatility is 22%. This simulation consists of 20 trading days that are each 15 ticks in length.,290,2026-02-12 12:53:59.683115,RTM1C48,3.17,3.16,3.18,1000000.0,,1000000.0,,,40.0,150.0,,,,,,0,0,0,0,0,0,0,0,0,0,0,0,0,0,0,0,0,0
,,,,,,290,2026-02-12 12:53:59.683115,RTM1P48,0.02,0.01,0.03,1000000.0,,1000000.0,,,,,,,,,,0,0,0,0,0,0,0,0,0,0,0,0,0,0,0,0,0,0
,,,,,,290,2026-02-12 12:53:59.683115,RTM1C49,2.17,2.16,2.18,1000000.0,,1000000.0,,,,108.0,,,12.0,120.0,60.0,0,0,0,0,0,0,0,0,0,0,0,0,0,0,0,0,0,0
,,,,,,290,2026-02-12 12:53:59.683115,RTM1P49,0.02,0.01,0.03,1000000.0,,1000000.0,,,,,,40.0,,,,0,0,0,0,0,0,0,0,0,0,0,0,0,0,0,0,0,0
,,,,,,290,2026-02-12 12:53:59.683115,RTM1C50,1.23,1.22,1.24,1000000.0,,1000000.0,,,,,,,,30.0,30.0,0,0,0,0,0,0,0,0,0,0,0,0,0,0,0,0,0,0
,,,,,,290,2026-02-12 12:53:59.683115,RTM1P50,0.06,0.05,0.07,1000000.0,,1000000.0,,,,,,,,,,0,0,0,0,0,0,0,0,0,0,0,0,0,0,0,0,0,0
,,,,,,290,2026-02-12 12:53:59.683115,RTM1C51,0.49,0.48,0.5,1000000.0,,1000000.0,,,,,,,,,,0,0,0,0,0,0,0,0,0,0,0,0,0,0,0,0,0,0
,,,,,,290,2026-02-12 12:53:59.683115,RTM1P51,0.32,0.31,0.33,1000000.0,,1000000.0,,,,,,100.0,,,,0,0,0,0,0,0,0,0,0,0,0,0,0,0,0,0,0,0
,,,,,,290,2026-02-12 12:53:59.683115,RTM1C52,0.12,0.11,0.13,1000000.0,,1000000.0,,,,,,,,,,0,0,0,0,0,0,0,0,0,0,0,0,0,0,0,0,0,0
,,,,,,290,2026-02-12 12:53:59.683115,RTM1P52,0.95,0.94,0.96,1000000.0,,1000000.0,,,,,,,,,,0,0,0,0,0,0,0,0,0,0,0,0,0,0,0,0,0,0
,,,,,,290,2026-02-12 12:53:59.683115,RTM1C53,0.02,0.01,0.03,1000000.0,,1000000.0,,,,,,,,,,0,0,0,0,0,0,0,0,0,0,0,0,0,0,0,0,0,0
,,,,,,290,2026-02-12 12:53:59.683115,RTM1P53,1.85,1.84,1.86,1000000.0,,1000000.0,,,,,,,,,,0,0,0,0,0,0,0,0,0,0,0,0,0,0,0,0,0,0
,,,,,,290,2026-02-12 12:53:59.683115,RTM1C54,0.02,0.01,0.03,1000000.0,,1000000.0,,,,,,,,,,0,0,0,0,0,0,0,0,0,0,0,0,0,0,0,0,0,0
,,,,,,290,2026-02-12 12:53:59.683115,RTM1P54,2.83,2.82,2.84,1000000.0,,1000000.0,,,,,,,,,,0,0,0,0,0,0,0,0,0,0,0,0,0,0,0,0,0,0
8.0,1.0,224.0,Week 4,Announcement 3,The analysts have informed you that the realized volatility of RTM this week will be 37%,291,2026-02-12 12:54:00.723899,RTM,51.75,51.73,51.75,100000000.0,190.0,100000000.0,5000.0,100.0,,,,,,,,,0,0,0,0,0,0,0,0,0,0,0,0,0,0,0,0,0
7.0,1.0,186.0,,News 3,The analysts have informed you that the realized volatility of RTM next week will be between 34% and 39%,291,2026-02-12 12:54:00.723899,RTM1C45,6.74,6.73,6.75,1000000.0,,1000000.0,,,68.0,50.0,,,,,,,0,0,0,0,0,0,0,0,0,0,0,0,0,0,0,0,0
6.0,1.0,149.0,Week 3,Announcement 2,The analysts have informed you that the realized volatility of RTM this week will be 25%,291,2026-02-12 12:54:00.723899,RTM1P45,0.02,0.01,0.03,1000000.0,,1000000.0,,,,,,,,,,,0,0,0,0,0,0,0,0,0,0,0,0,0,0,0,0,0
5.0,1.0,111.0,,News 2,The analysts have informed you that the realized volatility of RTM next week will be between 21% and 26%,291,2026-02-12 12:54:00.723899,RTM1C46,5.74,5.73,5.75,1000000.0,,1000000.0,,,,,,,,,,,0,0,0,0,0,0,0,0,0,0,0,0,0,0,0,0,0
4.0,1.0,74.0,Week 2,Announcement 1,The analysts have informed you that the realized volatility of RTM this week will be 39%,291,2026-02-12 12:54:00.723899,RTM1P46,0.02,0.01,0.02,1000000.0,,1000000.0,,,,,90.0,45.0,,,,,0,0,0,0,0,0,0,0,0,0,0,0,0,0,0,0,0
3.0,1.0,35.0,,News 1,The analysts have informed you that the realized volatility of RTM next week will be between 36% and 41%,291,2026-02-12 12:54:00.723899,RTM1C47,4.74,4.73,4.75,1000000.0,,1000000.0,,,43.0,200.0,,,,,,,0,0,0,0,0,0,0,0,0,0,0,0,0,0,0,0,0
2.0,1.0,2.0,Week 1,Delta limit and penalty,The delta limit for this sub-heat is 12000 and the penalty percentage is 2%,291,2026-02-12 12:54:00.723899,RTM1P47,0.02,0.01,0.02,1000000.0,,1000000.0,100.0,,,,,,8.0,,,,0,0,0,0,0,0,0,0,0,0,0,0,0,0,0,0,0
1.0,1.0,2.0,Week 1,Risk free rate and current annualized volatility of RTM,The current risk free rate is 0%. RTM is an ETF that mimics one of the major indices in the simulated world and its current annualized realized volatility is 22%. This simulation consists of 20 trading days that are each 15 ticks in length.,291,2026-02-12 12:54:00.723899,RTM1C48,3.74,3.73,3.75,1000000.0,,1000000.0,,,40.0,150.0,,,,100.0,,,0,0,0,0,0,0,0,0,0,0,0,0,0,0,0,0,0
,,,,,,291,2026-02-12 12:54:00.723899,RTM1P48,0.02,0.01,0.03,1000000.0,,1000000.0,,,,,,,,,,,0,0,0,0,0,0,0,0,0,0,0,0,0,0,0,0,0
,,,,,,291,2026-02-12 12:54:00.723899,RTM1C49,2.74,2.73,2.75,1000000.0,,1000000.0,,,,108.0,,,,120.0,12.0,60.0,0,0,0,0,0,0,0,0,0,0,0,0,0,0,0,0,0
,,,,,,291,2026-02-12 12:54:00.723899,RTM1P49,0.02,0.01,0.03,1000000.0,,1000000.0,,,,,,,40.0,,,,0,0,0,0,0,0,0,0,0,0,0,0,0,0,0,0,0
,,,,,,291,2026-02-12 12:54:00.723899,RTM1C50,1.75,1.74,1.76,1000000.0,,1000000.0,,,,,,,,30.0,,30.0,0,0,0,0,0,0,0,0,0,0,0,0,0,0,0,0,0
,,,,,,291,2026-02-12 12:54:00.723899,RTM1P50,0.02,0.01,0.03,1000000.0,,1000000.0,,,,,,,,,,,0,0,0,0,0,0,0,0,0,0,0,0,0,0,0,0,0
,,,,,,291,2026-02-12 12:54:00.723899,RTM1C51,0.85,0.84,0.86,1000000.0,,1000000.0,,,,,,,,,,,0,0,0,0,0,0,0,0,0,0,0,0,0,0,0,0,0
,,,,,,291,2026-02-12 12:54:00.723899,RTM1P51,0.11,0.1,0.12,1000000.0,,1000000.0,,,,,,,100.0,,,,0,0,0,0,0,0,0,0,0,0,0,0,0,0,0,0,0
,,,,,,291,2026-02-12 12:54:00.723899,RTM1C52,0.28,0.27,0.29,1000000.0,,1000000.0,,,,,,,,,,,0,0,0,0,0,0,0,0,0,0,0,0,0,0,0,0,0
,,,,,,291,2026-02-12 12:54:00.723899,RTM1P52,0.54,0.53,0.55,1000000.0,,1000000.0,,,,,,,,,,,0,0,0,0,0,0,0,0,0,0,0,0,0,0,0,0,0
,,,,,,291,2026-02-12 12:54:00.723899,RTM1C53,0.05,0.04,0.06,1000000.0,,1000000.0,,,,,,,,,,,0,0,0,0,0,0,0,0,0,0,0,0,0,0,0,0,0
,,,,,,291,2026-02-12 12:54:00.723899,RTM1P53,1.31,1.3,1.32,1000000.0,,1000000.0,,,,,,,,,,,0,0,0,0,0,0,0,0,0,0,0,0,0,0,0,0,0
,,,,,,291,2026-02-12 12:54:00.723899,RTM1C54,0.02,0.01,0.03,1000000.0,,1000000.0,,,,,,,,,,,0,0,0,0,0,0,0,0,0,0,0,0,0,0,0,0,0
,,,,,,291,2026-02-12 12:54:00.723899,RTM1P54,2.27,2.25,2.27,1000000.0,,1000000.0,,,,,,,,,,,0,0,0,0,0,0,0,0,0,0,0,0,0,0,0,0,0
8.0,1.0,224.0,Week 4,Announcement 3,The analysts have informed you that the realized volatility of RTM this week will be 37%,292,2026-02-12 12:54:01.753322,RTM,52.13,52.12,52.14,100000000.0,190.0,100000000.0,,,,,,,,,,,0,0,0,0,0,0,0,0,0,0,0,0,0,0,0,0,0
7.0,1.0,186.0,,News 3,The analysts have informed you that the realized volatility of RTM next week will be between 34% and 39%,292,2026-02-12 12:54:01.753322,RTM1C45,7.13,7.12,7.14,1000000.0,,1000000.0,68.0,50.0,,,,,,,,,0,0,0,0,0,0,0,0,0,0,0,0,0,0,0,0,0
6.0,1.0,149.0,Week 3,Announcement 2,The analysts have informed you that the realized volatility of RTM this week will be 25%,292,2026-02-12 12:54:01.753322,RTM1P45,0.02,0.01,0.03,1000000.0,,1000000.0,,,,,,,,,,,0,0,0,0,0,0,0,0,0,0,0,0,0,0,0,0,0
5.0,1.0,111.0,,News 2,The analysts have informed you that the realized volatility of RTM next week will be between 21% and 26%,292,2026-02-12 12:54:01.753322,RTM1C46,6.13,6.12,6.14,1000000.0,,1000000.0,,,,,,,,,,,0,0,0,0,0,0,0,0,0,0,0,0,0,0,0,0,0
4.0,1.0,74.0,Week 2,Announcement 1,The analysts have informed you that the realized volatility of RTM this week will be 39%,292,2026-02-12 12:54:01.753322,RTM1P46,0.02,0.01,0.02,1000000.0,,1000000.0,,,90.0,45.0,,,,,,,0,0,0,0,0,0,0,0,0,0,0,0,0,0,0,0,0
3.0,1.0,35.0,,News 1,The analysts have informed you that the realized volatility of RTM next week will be between 36% and 41%,292,2026-02-12 12:54:01.753322,RTM1C47,5.13,5.12,5.14,1000000.0,,1000000.0,43.0,200.0,,,,,,,,,0,0,0,0,0,0,0,0,0,0,0,0,0,0,0,0,0
2.0,1.0,2.0,Week 1,Delta limit and penalty,The delta limit for this sub-heat is 12000 and the penalty percentage is 2%,292,2026-02-12 12:54:01.753322,RTM1P47,0.02,0.01,0.02,1000000.0,,1000000.0,,,90.0,,100.0,8.0,,,,,0,0,0,0,0,0,0,0,0,0,0,0,0,0,0,0,0
1.0,1.0,2.0,Week 1,Risk free rate and current annualized volatility of RTM,The current risk free rate is 0%. RTM is an ETF that mimics one of the major indices in the simulated world and its current annualized realized volatility is 22%. This simulation consists of 20 trading days that are each 15 ticks in length.,292,2026-02-12 12:54:01.753322,RTM1C48,4.13,4.12,4.14,1000000.0,,1000000.0,40.0,150.0,,,,,100.0,100.0,,,0,0,0,0,0,0,0,0,0,0,0,0,0,0,0,0,0
,,,,,,292,2026-02-12 12:54:01.753322,RTM1P48,0.02,0.01,0.02,1000000.0,,1000000.0,,,100.0,,100.0,,,,,,0,0,0,0,0,0,0,0,0,0,0,0,0,0,0,0,0
,,,,,,292,2026-02-12 12:54:01.753322,RTM1C49,3.13,3.12,3.14,1000000.0,,1000000.0,,108.0,,,,,220.0,60.0,12.0,,0,0,0,0,0,0,0,0,0,0,0,0,0,0,0,0,0
,,,,,,292,2026-02-12 12:54:01.753322,RTM1P49,0.02,0.01,0.03,1000000.0,,1000000.0,,,,,,40.0,,,,,0,0,0,0,0,0,0,0,0,0,0,0,0,0,0,0,0
,,,,,,292,2026-02-12 12:54:01.753322,RTM1C50,2.13,2.12,2.14,1000000.0,,1000000.0,,,,,,,30.0,30.0,,,0,0,0,0,0,0,0,0,0,0,0,0,0,0,0,0,0
,,,,,,292,2026-02-12 12:54:01.753322,RTM1P50,0.02,0.01,0.03,1000000.0,,1000000.0,,,100.0,,100.0,,,,,,0,0,0,0,0,0,0,0,0,0,0,0,0,0,0,0,0
,,,,,,292,2026-02-12 12:54:01.753322,RTM1C51,1.17,1.16,1.18,1000000.0,,1000000.0,,,,,,,,,,,0,0,0,0,0,0,0,0,0,0,0,0,0,0,0,0,0
,,,,,,292,2026-02-12 12:54:01.753322,RTM1P51,0.05,0.04,0.06,1000000.0,,1000000.0,,,,,60.0,100.0,,,,,0,0,0,0,0,0,0,0,0,0,0,0,0,0,0,0,0
,,,,,,292,2026-02-12 12:54:01.753322,RTM1C52,0.44,0.44,0.46,1000000.0,,1000000.0,,,,,,,,,,1.0,0,0,0,0,0,0,0,0,0,0,0,0,0,0,0,0,0
,,,,,,292,2026-02-12 12:54:01.753322,RTM1P52,0.32,0.31,0.33,1000000.0,,1000000.0,,,,,,,,,,,0,0,0,0,0,0,0,0,0,0,0,0,0,0,0,0,0
,,,,,,292,2026-02-12 12:54:01.753322,RTM1C53,0.08,0.07,0.09,1000000.0,,1000000.0,,,,,,,,,,,0,0,0,0,0,0,0,0,0,0,0,0,0,0,0,0,0
,,,,,,292,2026-02-12 12:54:01.753322,RTM1P53,0.95,0.94,0.96,1000000.0,,1000000.0,,,,,,,,,,,0,0,0,0,0,0,0,0,0,0,0,0,0,0,0,0,0
,,,,,,292,2026-02-12 12:54:01.753322,RTM1C54,0.01,0.01,0.03,1000000.0,,1000000.0,,,,,,,,,,,0,0,0,0,0,0,0,0,0,0,0,0,0,0,0,0,0
,,,,,,292,2026-02-12 12:54:01.753322,RTM1P54,1.88,1.87,1.89,1000000.0,,1000000.0,,,,,,,,,,,0,0,0,0,0,0,0,0,0,0,0,0,0,0,0,0,0
8.0,1.0,224.0,Week 4,Announcement 3,The analysts have informed you that the realized volatility of RTM this week will be 37%,293,2026-02-12 12:54:02.781150,RTM,52.2,52.19,52.21,100000000.0,5000.0,180.0,100000000.0,,,,,,,,,0,0,0,0,0,0,0,0,0,0,0,0,0,0,0,0,0,0
7.0,1.0,186.0,,News 3,The analysts have informed you that the realized volatility of RTM next week will be between 34% and 39%,293,2026-02-12 12:54:02.781150,RTM1C45,7.19,7.19,7.21,1000000.0,,,1000000.0,68.0,50.0,,,,,,,0,0,0,0,0,0,0,0,0,0,0,0,0,0,0,0,0,0
6.0,1.0,149.0,Week 3,Announcement 2,The analysts have informed you that the realized volatility of RTM this week will be 25%,293,2026-02-12 12:54:02.781150,RTM1P45,0.01,0.01,0.03,1000000.0,,,1000000.0,,,,,,,,,0,0,0,0,0,0,0,0,0,0,0,0,0,0,0,0,0,0
5.0,1.0,111.0,,News 2,The analysts have informed you that the realized volatility of RTM next week will be between 21% and 26%,293,2026-02-12 12:54:02.781150,RTM1C46,6.2,6.19,6.21,1000000.0,,,1000000.0,,,,,,,,,0,0,0,0,0,0,0,0,0,0,0,0,0,0,0,0,0,0
4.0,1.0,74.0,Week 2,Announcement 1,The analysts have informed you that the realized volatility of RTM this week will be 39%,293,2026-02-12 12:54:02.781150,RTM1P46,0.02,0.01,0.02,1000000.0,,,1000000.0,,,90.0,45.0,,,,,0,0,0,0,0,0,0,0,0,0,0,0,0,0,0,0,0,0
3.0,1.0,35.0,,News 1,The analysts have informed you that the realized volatility of RTM next week will be between 36% and 41%,293,2026-02-12 12:54:02.781150,RTM1C47,5.2,5.19,5.21,1000000.0,,,1000000.0,43.0,200.0,,,,,,,0,0,0,0,0,0,0,0,0,0,0,0,0,0,0,0,0,0
2.0,1.0,2.0,Week 1,Delta limit and penalty,The delta limit for this sub-heat is 12000 and the penalty percentage is 2%,293,2026-02-12 12:54:02.781150,RTM1P47,0.02,0.01,0.02,1000000.0,,,1000000.0,,,90.0,,185.0,8.0,,,0,0,0,0,0,0,0,0,0,0,0,0,0,0,0,0,0,0
1.0,1.0,2.0,Week 1,Risk free rate and current annualized volatility of RTM,The current risk free rate is 0%. RTM is an ETF that mimics one of the major indices in the simulated world and its current annualized realized volatility is 22%. This simulation consists of 20 trading days that are each 15 ticks in length.,293,2026-02-12 12:54:02.781150,RTM1C48,4.2,4.19,4.21,1000000.0,100.0,,1000000.0,40.0,150.0,,,,,100.0,,0,0,0,0,0,0,0,0,0,0,0,0,0,0,0,0,0,0
,,,,,,293,2026-02-12 12:54:02.781150,RTM1P48,0.02,0.01,0.02,1000000.0,,,1000000.0,,,100.0,21.0,,,,,0,0,0,0,0,0,0,0,0,0,0,0,0,0,0,0,0,0
,,,,,,293,2026-02-12 12:54:02.781150,RTM1C49,3.2,3.19,3.21,1000000.0,220.0,,1000000.0,,108.0,,,,,60.0,12.0,0,0,0,0,0,0,0,0,0,0,0,0,0,0,0,0,0,0
,,,,,,293,2026-02-12 12:54:02.781150,RTM1P49,0.03,0.01,0.03,1000000.0,,,1000000.0,,,,,,40.0,,,0,0,0,0,0,0,0,0,0,0,0,0,0,0,0,0,0,0
,,,,,,293,2026-02-12 12:54:02.781150,RTM1C50,2.21,2.19,2.21,1000000.0,30.0,,1000000.0,,,,,,,30.0,,0,0,0,0,0,0,0,0,0,0,0,0,0,0,0,0,0,0
,,,,,,293,2026-02-12 12:54:02.781150,RTM1P50,0.02,0.01,0.03,1000000.0,,,1000000.0,,,100.0,,100.0,,,,0,0,0,0,0,0,0,0,0,0,0,0,0,0,0,0,0,0
,,,,,,293,2026-02-12 12:54:02.781150,RTM1C51,1.23,1.22,1.24,1000000.0,,,1000000.0,,,,,,,,,0,0,0,0,0,0,0,0,0,0,0,0,0,0,0,0,0,0
,,,,,,293,2026-02-12 12:54:02.781150,RTM1P51,0.02,0.02,0.04,1000000.0,,,1000000.0,,,100.0,,60.0,100.0,,,0,0,0,0,0,0,0,0,0,0,0,0,0,0,0,0,0,0
,,,,,,293,2026-02-12 12:54:02.781150,RTM1C52,0.45,0.44,0.46,1000000.0,,,1000000.0,,,,,,,,,0,0,0,0,0,0,0,0,0,0,0,0,0,0,0,0,0,0
,,,,,,293,2026-02-12 12:54:02.781150,RTM1P52,0.25,0.24,0.26,1000000.0,,,1000000.0,,,,,,,,,0,0,0,0,0,0,0,0,0,0,0,0,0,0,0,0,0,0
,,,,,,293,2026-02-12 12:54:02.781150,RTM1C53,0.08,0.07,0.09,1000000.0,,,1000000.0,,,,,,,30.0,,0,0,0,0,0,0,0,0,0,0,0,0,0,0,0,0,0,0
,,,,,,293,2026-02-12 12:54:02.781150,RTM1P53,0.88,0.87,0.89,1000000.0,,,1000000.0,,,,,,,,,0,0,0,0,0,0,0,0,0,0,0,0,0,0,0,0,0,0
,,,,,,293,2026-02-12 12:54:02.781150,RTM1C54,0.02,0.01,0.03,1000000.0,,,1000000.0,,,,,,,,,0,0,0,0,0,0,0,0,0,0,0,0,0,0,0,0,0,0
,,,,,,293,2026-02-12 12:54:02.781150,RTM1P54,1.81,1.8,1.82,1000000.0,,,1000000.0,,,,,,,,,0,0,0,0,0,0,0,0,0,0,0,0,0,0,0,0,0,0
8.0,1.0,224.0,Week 4,Announcement 3,The analysts have informed you that the realized volatility of RTM this week will be 37%,294,2026-02-12 12:54:03.807645,RTM,52.33,52.33,52.35,100000000.0,15000.0,170.0,100000000.0,,,,,,,,,0,0,0,0,0,0,0,0,0,0,0,0,0,0,0,0,0,0
7.0,1.0,186.0,,News 3,The analysts have informed you that the realized volatility of RTM next week will be between 34% and 39%,294,2026-02-12 12:54:03.807645,RTM1C45,7.34,7.33,7.35,1000000.0,,,1000000.0,68.0,50.0,,,,,,,0,0,0,0,0,0,0,0,0,0,0,0,0,0,0,0,0,0
6.0,1.0,149.0,Week 3,Announcement 2,The analysts have informed you that the realized volatility of RTM this week will be 25%,294,2026-02-12 12:54:03.807645,RTM1P45,0.02,0.01,0.03,1000000.0,,,1000000.0,,,,,,,,,0,0,0,0,0,0,0,0,0,0,0,0,0,0,0,0,0,0
5.0,1.0,111.0,,News 2,The analysts have informed you that the realized volatility of RTM next week will be between 21% and 26%,294,2026-02-12 12:54:03.807645,RTM1C46,6.34,6.33,6.35,1000000.0,,,1000000.0,,,,,,,,,0,0,0,0,0,0,0,0,0,0,0,0,0,0,0,0,0,0
4.0,1.0,74.0,Week 2,Announcement 1,The analysts have informed you that the realized volatility of RTM this week will be 39%,294,2026-02-12 12:54:03.807645,RTM1P46,0.02,0.01,0.02,1000000.0,,,1000000.0,,,90.0,45.0,,,,,0,0,0,0,0,0,0,0,0,0,0,0,0,0,0,0,0,0
3.0,1.0,35.0,,News 1,The analysts have informed you that the realized volatility of RTM next week will be between 36% and 41%,294,2026-02-12 12:54:03.807645,RTM1C47,5.34,5.33,5.35,1000000.0,,,1000000.0,43.0,200.0,,,,,,,0,0,0,0,0,0,0,0,0,0,0,0,0,0,0,0,0,0
2.0,1.0,2.0,Week 1,Delta limit and penalty,The delta limit for this sub-heat is 12000 and the penalty percentage is 2%,294,2026-02-12 12:54:03.807645,RTM1P47,0.02,0.01,0.02,1000000.0,,,1000000.0,,,90.0,,185.0,8.0,,,0,0,0,0,0,0,0,0,0,0,0,0,0,0,0,0,0,0
1.0,1.0,2.0,Week 1,Risk free rate and current annualized volatility of RTM,The current risk free rate is 0%. RTM is an ETF that mimics one of the major indices in the simulated world and its current annualized realized volatility is 22%. This simulation consists of 20 trading days that are each 15 ticks in length.,294,2026-02-12 12:54:03.807645,RTM1C48,4.34,4.33,4.35,1000000.0,200.0,,1000000.0,40.0,150.0,,,,,100.0,,0,0,0,0,0,0,0,0,0,0,0,0,0,0,0,0,0,0
,,,,,,294,2026-02-12 12:54:03.807645,RTM1P48,0.02,0.01,0.02,1000000.0,,,1000000.0,,,100.0,21.0,97.0,,,,0,0,0,0,0,0,0,0,0,0,0,0,0,0,0,0,0,0
,,,,,,294,2026-02-12 12:54:03.807645,RTM1C49,3.34,3.33,3.35,1000000.0,320.0,,1000000.0,,108.0,,,,,60.0,12.0,0,0,0,0,0,0,0,0,0,0,0,0,0,0,0,0,0,0
,,,,,,294,2026-02-12 12:54:03.807645,RTM1P49,0.02,0.01,0.03,1000000.0,,,1000000.0,,,,,,40.0,,,0,0,0,0,0,0,0,0,0,0,0,0,0,0,0,0,0,0
,,,,,,294,2026-02-12 12:54:03.807645,RTM1C50,2.34,2.33,2.35,1000000.0,30.0,,1000000.0,,,,,,,30.0,,0,0,0,0,0,0,0,0,0,0,0,0,0,0,0,0,0,0
,,,,,,294,2026-02-12 12:54:03.807645,RTM1P50,0.02,0.01,0.02,1000000.0,,,1000000.0,,,100.0,,200.0,,,,0,0,0,0,0,0,0,0,0,0,0,0,0,0,0,0,0,0
,,,,,,294,2026-02-12 12:54:03.807645,RTM1C51,1.36,1.35,1.37,1000000.0,,,1000000.0,,,,,,,,,0,0,0,0,0,0,0,0,0,0,0,0,0,0,0,0,0,0
,,,,,,294,2026-02-12 12:54:03.807645,RTM1P51,0.02,0.01,0.03,1000000.0,,,1000000.0,,,100.0,,120.0,100.0,,,0,0,0,0,0,0,0,0,0,0,0,0,0,0,0,0,0,0
,,,,,,294,2026-02-12 12:54:03.807645,RTM1C52,0.52,0.51,0.53,1000000.0,,,1000000.0,,,,,,,,76.0,0,0,0,0,0,0,0,0,0,0,0,0,0,0,0,0,0,0
,,,,,,294,2026-02-12 12:54:03.807645,RTM1P52,0.17,0.16,0.18,1000000.0,,,1000000.0,,,,,,,,,0,0,0,0,0,0,0,0,0,0,0,0,0,0,0,0,0,0
,,,,,,294,2026-02-12 12:54:03.807645,RTM1C53,0.09,0.08,0.1,1000000.0,,,1000000.0,,,,,,,30.0,100.0,0,0,0,0,0,0,0,0,0,0,0,0,0,0,0,0,0,0
,,,,,,294,2026-02-12 12:54:03.807645,RTM1P53,0.75,0.74,0.76,1000000.0,,,1000000.0,,,,,,,,,0,0,0,0,0,0,0,0,0,0,0,0,0,0,0,0,0,0
,,,,,,294,2026-02-12 12:54:03.807645,RTM1C54,0.01,0.01,0.03,1000000.0,,,1000000.0,,,,,,,,,0,0,0,0,0,0,0,0,0,0,0,0,0,0,0,0,0,0
,,,,,,294,2026-02-12 12:54:03.807645,RTM1P54,1.67,1.65,1.67,1000000.0,,,1000000.0,,,,,,,,,0,0,0,0,0,0,0,0,0,0,0,0,0,0,0,0,0,0
8.0,1.0,224.0,Week 4,Announcement 3,The analysts have informed you that the realized volatility of RTM this week will be 37%,295,2026-02-12 12:54:04.836764,RTM,52.42,52.42,52.44,100000000.0,15000.0,10000.0,160.0,100000000.0,,,,,,,,0,0,0,0,0,0,0,0,0,0,0,0,0,0,0,0,0,0
7.0,1.0,186.0,,News 3,The analysts have informed you that the realized volatility of RTM next week will be between 34% and 39%,295,2026-02-12 12:54:04.836764,RTM1C45,7.43,7.42,7.44,1000000.0,,,,1000000.0,68.0,50.0,,,,,,0,0,0,0,0,0,0,0,0,0,0,0,0,0,0,0,0,0
6.0,1.0,149.0,Week 3,Announcement 2,The analysts have informed you that the realized volatility of RTM this week will be 25%,295,2026-02-12 12:54:04.836764,RTM1P45,0.02,0.01,0.03,1000000.0,,,,1000000.0,,,,,,,,0,0,0,0,0,0,0,0,0,0,0,0,0,0,0,0,0,0
5.0,1.0,111.0,,News 2,The analysts have informed you that the realized volatility of RTM next week will be between 21% and 26%,295,2026-02-12 12:54:04.836764,RTM1C46,6.43,6.42,6.44,1000000.0,,,,1000000.0,,,,,,,,0,0,0,0,0,0,0,0,0,0,0,0,0,0,0,0,0,0
4.0,1.0,74.0,Week 2,Announcement 1,The analysts have informed you that the realized volatility of RTM this week will be 39%,295,2026-02-12 12:54:04.836764,RTM1P46,0.02,0.01,0.02,1000000.0,,,,1000000.0,,,145.0,45.0,,,,0,0,0,0,0,0,0,0,0,0,0,0,0,0,0,0,0,0
3.0,1.0,35.0,,News 1,The analysts have informed you that the realized volatility of RTM next week will be between 36% and 41%,295,2026-02-12 12:54:04.836764,RTM1C47,5.43,5.42,5.44,1000000.0,,,,1000000.0,43.0,200.0,,,,,,0,0,0,0,0,0,0,0,0,0,0,0,0,0,0,0,0,0
2.0,1.0,2.0,Week 1,Delta limit and penalty,The delta limit for this sub-heat is 12000 and the penalty percentage is 2%,295,2026-02-12 12:54:04.836764,RTM1P47,0.02,0.01,0.02,1000000.0,,,,1000000.0,,,180.0,,270.0,8.0,,0,0,0,0,0,0,0,0,0,0,0,0,0,0,0,0,0,0
1.0,1.0,2.0,Week 1,Risk free rate and current annualized volatility of RTM,The current risk free rate is 0%. RTM is an ETF that mimics one of the major indices in the simulated world and its current annualized realized volatility is 22%. This simulation consists of 20 trading days that are each 15 ticks in length.,295,2026-02-12 12:54:04.836764,RTM1C48,4.43,4.42,4.44,1000000.0,200.0,,,1000000.0,40.0,150.0,,,,,200.0,0,0,0,0,0,0,0,0,0,0,0,0,0,0,0,0,0,0
,,,,,,295,2026-02-12 12:54:04.836764,RTM1P48,0.02,0.01,0.02,1000000.0,,,,1000000.0,,,200.0,42.0,117.0,,,0,0,0,0,0,0,0,0,0,0,0,0,0,0,0,0,0,0
,,,,,,295,2026-02-12 12:54:04.836764,RTM1C49,3.43,3.42,3.44,1000000.0,320.0,12.0,,1000000.0,,108.0,,,,,60.0,0,0,0,0,0,0,0,0,0,0,0,0,0,0,0,0,0,0
,,,,,,295,2026-02-12 12:54:04.836764,RTM1P49,0.02,0.01,0.02,1000000.0,,,,1000000.0,,,20.0,,,40.0,,0,0,0,0,0,0,0,0,0,0,0,0,0,0,0,0,0,0
,,,,,,295,2026-02-12 12:54:04.836764,RTM1C50,2.44,2.42,2.44,1000000.0,30.0,,,1000000.0,,,,,,,30.0,0,0,0,0,0,0,0,0,0,0,0,0,0,0,0,0,0,0
,,,,,,295,2026-02-12 12:54:04.836764,RTM1P50,0.01,0.01,0.03,1000000.0,,,,1000000.0,,,100.0,,100.0,,,0,0,0,0,0,0,0,0,0,0,0,0,0,0,0,0,0,0
,,,,,,295,2026-02-12 12:54:04.836764,RTM1C51,1.44,1.43,1.45,1000000.0,,,,1000000.0,,,,,,,,0,0,0,0,0,0,0,0,0,0,0,0,0,0,0,0,0,0
,,,,,,295,2026-02-12 12:54:04.836764,RTM1P51,0.02,0.01,0.03,1000000.0,,,,1000000.0,,,100.0,,120.0,100.0,,0,0,0,0,0,0,0,0,0,0,0,0,0,0,0,0,0,0
,,,,,,295,2026-02-12 12:54:04.836764,RTM1C52,0.55,0.54,0.56,1000000.0,,76.0,,1000000.0,,,,,,,,0,0,0,0,0,0,0,0,0,0,0,0,0,0,0,0,0,0
,,,,,,295,2026-02-12 12:54:04.836764,RTM1P52,0.12,0.11,0.13,1000000.0,,,,1000000.0,,,,,,,,0,0,0,0,0,0,0,0,0,0,0,0,0,0,0,0,0,0
,,,,,,295,2026-02-12 12:54:04.836764,RTM1C53,0.09,0.08,0.1,1000000.0,,100.0,,1000000.0,,,,,,,30.0,0,0,0,0,0,0,0,0,0,0,0,0,0,0,0,0,0,0
,,,,,,295,2026-02-12 12:54:04.836764,RTM1P53,0.65,0.64,0.66,1000000.0,,,,1000000.0,,,,,,,,0,0,0,0,0,0,0,0,0,0,0,0,0,0,0,0,0,0
,,,,,,295,2026-02-12 12:54:04.836764,RTM1C54,0.02,0.01,0.03,1000000.0,,,,1000000.0,,,,,,,,0,0,0,0,0,0,0,0,0,0,0,0,0,0,0,0,0,0
,,,,,,295,2026-02-12 12:54:04.836764,RTM1P54,1.57,1.56,1.58,1000000.0,,,,1000000.0,,,,,,,,0,0,0,0,0,0,0,0,0,0,0,0,0,0,0,0,0,0
8.0,1.0,224.0,Week 4,Announcement 3,The analysts have informed you that the realized volatility of RTM this week will be 37%,296,2026-02-12 12:54:05.867834,RTM,52.9,52.9,52.92,100000000.0,30000.0,10000.0,140.0,100000000.0,,,,,,,,0,0,0,0,0,0,0,0,0,0,0,0,0,0,0,0,0,0
7.0,1.0,186.0,,News 3,The analysts have informed you that the realized volatility of RTM next week will be between 34% and 39%,296,2026-02-12 12:54:05.867834,RTM1C45,7.91,7.9,7.92,1000000.0,,,,1000000.0,68.0,50.0,,,,,,0,0,0,0,0,0,0,0,0,0,0,0,0,0,0,0,0,0
6.0,1.0,149.0,Week 3,Announcement 2,The analysts have informed you that the realized volatility of RTM this week will be 25%,296,2026-02-12 12:54:05.867834,RTM1P45,0.02,0.01,0.03,1000000.0,,,,1000000.0,,,,,,,,0,0,0,0,0,0,0,0,0,0,0,0,0,0,0,0,0,0
5.0,1.0,111.0,,News 2,The analysts have informed you that the realized volatility of RTM next week will be between 21% and 26%,296,2026-02-12 12:54:05.867834,RTM1C46,6.91,6.9,6.92,1000000.0,,,,1000000.0,,,,,,,,0,0,0,0,0,0,0,0,0,0,0,0,0,0,0,0,0,0
4.0,1.0,74.0,Week 2,Announcement 1,The analysts have informed you that the realized volatility of RTM this week will be 39%,296,2026-02-12 12:54:05.867834,RTM1P46,0.02,0.01,0.02,1000000.0,,,,1000000.0,,,145.0,45.0,,,,0,0,0,0,0,0,0,0,0,0,0,0,0,0,0,0,0,0
3.0,1.0,35.0,,News 1,The analysts have informed you that the realized volatility of RTM next week will be between 36% and 41%,296,2026-02-12 12:54:05.867834,RTM1C47,5.91,5.9,5.92,1000000.0,,,,1000000.0,43.0,200.0,,,,,,0,0,0,0,0,0,0,0,0,0,0,0,0,0,0,0,0,0
2.0,1.0,2.0,Week 1,Delta limit and penalty,The delta limit for this sub-heat is 12000 and the penalty percentage is 2%,296,2026-02-12 12:54:05.867834,RTM1P47,0.02,0.01,0.02,1000000.0,,,,1000000.0,,,180.0,,270.0,8.0,,0,0,0,0,0,0,0,0,0,0,0,0,0,0,0,0,0,0
1.0,1.0,2.0,Week 1,Risk free rate and current annualized volatility of RTM,The current risk free rate is 0%. RTM is an ETF that mimics one of the major indices in the simulated world and its current annualized realized volatility is 22%. This simulation consists of 20 trading days that are each 15 ticks in length.,296,2026-02-12 12:54:05.867834,RTM1C48,4.91,4.9,4.92,1000000.0,200.0,,,1000000.0,40.0,150.0,,,,,200.0,0,0,0,0,0,0,0,0,0,0,0,0,0,0,0,0,0,0
,,,,,,296,2026-02-12 12:54:05.867834,RTM1P48,0.02,0.01,0.02,1000000.0,,,,1000000.0,,,200.0,42.0,117.0,,,0,0,0,0,0,0,0,0,0,0,0,0,0,0,0,0,0,0
,,,,,,296,2026-02-12 12:54:05.867834,RTM1C49,3.91,3.9,3.92,1000000.0,420.0,12.0,,1000000.0,,108.0,,,,,60.0,0,0,0,0,0,0,0,0,0,0,0,0,0,0,0,0,0,0
,,,,,,296,2026-02-12 12:54:05.867834,RTM1P49,0.02,0.01,0.02,1000000.0,,,,1000000.0,,,20.0,15.0,,40.0,,0,0,0,0,0,0,0,0,0,0,0,0,0,0,0,0,0,0
,,,,,,296,2026-02-12 12:54:05.867834,RTM1C50,2.91,2.9,2.92,1000000.0,30.0,,,1000000.0,,,,,,,30.0,0,0,0,0,0,0,0,0,0,0,0,0,0,0,0,0,0,0
,,,,,,296,2026-02-12 12:54:05.867834,RTM1P50,0.02,0.01,0.02,1000000.0,,,,1000000.0,,,200.0,,200.0,,,0,0,0,0,0,0,0,0,0,0,0,0,0,0,0,0,0,0
,,,,,,296,2026-02-12 12:54:05.867834,RTM1C51,1.91,1.9,1.92,1000000.0,,,,1000000.0,,,,,,,,0,0,0,0,0,0,0,0,0,0,0,0,0,0,0,0,0,0
,,,,,,296,2026-02-12 12:54:05.867834,RTM1P51,0.02,0.01,0.02,1000000.0,,,,1000000.0,,,200.0,,60.0,100.0,,0,0,0,0,0,0,0,0,0,0,0,0,0,0,0,0,0,0
,,,,,,296,2026-02-12 12:54:05.867834,RTM1C52,0.93,0.92,0.94,1000000.0,,152.0,,1000000.0,,,,,,,,0,0,0,0,0,0,0,0,0,0,0,0,0,0,0,0,0,0
,,,,,,296,2026-02-12 12:54:05.867834,RTM1P52,0.03,0.02,0.04,1000000.0,,,,1000000.0,,,,,,,,0,0,0,0,0,0,0,0,0,0,0,0,0,0,0,0,0,0
,,,,,,296,2026-02-12 12:54:05.867834,RTM1C53,0.22,0.21,0.23,1000000.0,,100.0,,1000000.0,,,,,,,30.0,0,0,0,0,0,0,0,0,0,0,0,0,0,0,0,0,0,0
,,,,,,296,2026-02-12 12:54:05.867834,RTM1P53,0.31,0.3,0.32,1000000.0,,,,1000000.0,,,,,,,,0,0,0,0,0,0,0,0,0,0,0,0,0,0,0,0,0,0
,,,,,,296,2026-02-12 12:54:05.867834,RTM1C54,0.03,0.01,0.03,1000000.0,,,,1000000.0,,,,,,,,0,0,0,0,0,0,0,0,0,0,0,0,0,0,0,0,0,0
,,,,,,296,2026-02-12 12:54:05.867834,RTM1P54,1.11,1.1,1.12,1000000.0,,,,1000000.0,,,,,,,,0,0,0,0,0,0,0,0,0,0,0,0,0,0,0,0,0,0
8.0,1.0,224.0,Week 4,Announcement 3,The analysts have informed you that the realized volatility of RTM this week will be 37%,297,2026-02-12 12:54:06.903757,RTM,52.95,52.95,52.97,100000000.0,30000.0,20000.0,130.0,100000000.0,,,,,,,,0,0,0,0,0,0,0,0,0,0,0,0,0,0,0,0,0,0
7.0,1.0,186.0,,News 3,The analysts have informed you that the realized volatility of RTM next week will be between 34% and 39%,297,2026-02-12 12:54:06.903757,RTM1C45,7.96,7.95,7.97,1000000.0,60.0,,,1000000.0,68.0,50.0,,,,,,0,0,0,0,0,0,0,0,0,0,0,0,0,0,0,0,0,0
6.0,1.0,149.0,Week 3,Announcement 2,The analysts have informed you that the realized volatility of RTM this week will be 25%,297,2026-02-12 12:54:06.903757,RTM1P45,0.02,0.01,0.03,1000000.0,,,,1000000.0,,,,,,,,0,0,0,0,0,0,0,0,0,0,0,0,0,0,0,0,0,0
5.0,1.0,111.0,,News 2,The analysts have informed you that the realized volatility of RTM next week will be between 21% and 26%,297,2026-02-12 12:54:06.903757,RTM1C46,6.96,6.95,6.97,1000000.0,,,,1000000.0,,,,,,,,0,0,0,0,0,0,0,0,0,0,0,0,0,0,0,0,0,0
4.0,1.0,74.0,Week 2,Announcement 1,The analysts have informed you that the realized volatility of RTM this week will be 39%,297,2026-02-12 12:54:06.903757,RTM1P46,0.02,0.01,0.02,1000000.0,,,,1000000.0,,,110.0,45.0,,,,0,0,0,0,0,0,0,0,0,0,0,0,0,0,0,0,0,0
3.0,1.0,35.0,,News 1,The analysts have informed you that the realized volatility of RTM next week will be between 36% and 41%,297,2026-02-12 12:54:06.903757,RTM1C47,5.96,5.95,5.97,1000000.0,,,,1000000.0,43.0,200.0,,,,,,0,0,0,0,0,0,0,0,0,0,0,0,0,0,0,0,0,0
2.0,1.0,2.0,Week 1,Delta limit and penalty,The delta limit for this sub-heat is 12000 and the penalty percentage is 2%,297,2026-02-12 12:54:06.903757,RTM1P47,0.02,0.01,0.02,1000000.0,,,,1000000.0,,,270.0,,255.0,8.0,,0,0,0,0,0,0,0,0,0,0,0,0,0,0,0,0,0,0
1.0,1.0,2.0,Week 1,Risk free rate and current annualized volatility of RTM,The current risk free rate is 0%. RTM is an ETF that mimics one of the major indices in the simulated world and its current annualized realized volatility is 22%. This simulation consists of 20 trading days that are each 15 ticks in length.,297,2026-02-12 12:54:06.903757,RTM1C48,4.97,4.95,4.97,1000000.0,280.0,,,1000000.0,40.0,150.0,,,,,300.0,0,0,0,0,0,0,0,0,0,0,0,0,0,0,0,0,0,0
,,,,,,297,2026-02-12 12:54:06.903757,RTM1P48,0.02,0.01,0.02,1000000.0,,,,1000000.0,,,200.0,42.0,137.0,,,0,0,0,0,0,0,0,0,0,0,0,0,0,0,0,0,0,0
,,,,,,297,2026-02-12 12:54:06.903757,RTM1C49,3.96,3.95,3.97,1000000.0,520.0,12.0,,1000000.0,,108.0,,,,,60.0,0,0,0,0,0,0,0,0,0,0,0,0,0,0,0,0,0,0
,,,,,,297,2026-02-12 12:54:06.903757,RTM1P49,0.03,0.01,0.03,1000000.0,,,,1000000.0,,,,,,40.0,,0,0,0,0,0,0,0,0,0,0,0,0,0,0,0,0,0,0
,,,,,,297,2026-02-12 12:54:06.903757,RTM1C50,2.95,2.95,2.97,1000000.0,30.0,,,1000000.0,,,,,,,30.0,0,0,0,0,0,0,0,0,0,0,0,0,0,0,0,0,0,0
,,,,,,297,2026-02-12 12:54:06.903757,RTM1P50,0.02,0.01,0.02,1000000.0,,,,1000000.0,,,200.0,,250.0,,,0,0,0,0,0,0,0,0,0,0,0,0,0,0,0,0,0,0
,,,,,,297,2026-02-12 12:54:06.903757,RTM1C51,1.96,1.95,1.97,1000000.0,,,,1000000.0,,,,,,,,0,0,0,0,0,0,0,0,0,0,0,0,0,0,0,0,0,0
,,,,,,297,2026-02-12 12:54:06.903757,RTM1P51,0.02,0.01,0.02,1000000.0,,,,1000000.0,,,200.0,,60.0,100.0,,0,0,0,0,0,0,0,0,0,0,0,0,0,0,0,0,0,0
,,,,,,297,2026-02-12 12:54:06.903757,RTM1C52,0.97,0.96,0.98,1000000.0,,152.0,,1000000.0,,,,,,,,0,0,0,0,0,0,0,0,0,0,0,0,0,0,0,0,0,0
,,,,,,297,2026-02-12 12:54:06.903757,RTM1P52,0.02,0.01,0.03,1000000.0,,,,1000000.0,,,,,,,,0,0,0,0,0,0,0,0,0,0,0,0,0,0,0,0,0,0
,,,,,,297,2026-02-12 12:54:06.903757,RTM1C53,0.21,0.2,0.22,1000000.0,,100.0,,1000000.0,,,,,,,30.0,0,0,0,0,0,0,0,0,0,0,0,0,0,0,0,0,0,0
,,,,,,297,2026-02-12 12:54:06.903757,RTM1P53,0.25,0.24,0.26,1000000.0,,,,1000000.0,,,,,,,,0,0,0,0,0,0,0,0,0,0,0,0,0,0,0,0,0,0
,,,,,,297,2026-02-12 12:54:06.903757,RTM1C54,0.02,0.01,0.03,1000000.0,,,,1000000.0,,,,,,,,0,0,0,0,0,0,0,0,0,0,0,0,0,0,0,0,0,0
,,,,,,297,2026-02-12 12:54:06.903757,RTM1P54,1.05,1.04,1.06,1000000.0,,,,1000000.0,,,,,,,,0,0,0,0,0,0,0,0,0,0,0,0,0,0,0,0,0,0
8.0,1.0,224.0,Week 4,Announcement 3,The analysts have informed you that the realized volatility of RTM this week will be 37%,298,2026-02-12 12:54:07.931361,RTM,53.19,53.17,53.19,100000000.0,30000.0,35000.0,110.0,100000000.0,,,,,,,,0,0,0,0,0,0,0,0,0,0,0,0,0,0,0,0,0,0
7.0,1.0,186.0,,News 3,The analysts have informed you that the realized volatility of RTM next week will be between 34% and 39%,298,2026-02-12 12:54:07.931361,RTM1C45,8.18,8.17,8.19,1000000.0,,60.0,,1000000.0,68.0,50.0,,,,,,0,0,0,0,0,0,0,0,0,0,0,0,0,0,0,0,0,0
6.0,1.0,149.0,Week 3,Announcement 2,The analysts have informed you that the realized volatility of RTM this week will be 25%,298,2026-02-12 12:54:07.931361,RTM1P45,0.02,0.01,0.03,1000000.0,,,,1000000.0,,,,,,,,0,0,0,0,0,0,0,0,0,0,0,0,0,0,0,0,0,0
5.0,1.0,111.0,,News 2,The analysts have informed you that the realized volatility of RTM next week will be between 21% and 26%,298,2026-02-12 12:54:07.931361,RTM1C46,7.18,7.17,7.19,1000000.0,,,,1000000.0,,,,,,,,0,0,0,0,0,0,0,0,0,0,0,0,0,0,0,0,0,0
4.0,1.0,74.0,Week 2,Announcement 1,The analysts have informed you that the realized volatility of RTM this week will be 39%,298,2026-02-12 12:54:07.931361,RTM1P46,0.02,0.01,0.02,1000000.0,,,,1000000.0,,,110.0,45.0,,,,0,0,0,0,0,0,0,0,0,0,0,0,0,0,0,0,0,0
3.0,1.0,35.0,,News 1,The analysts have informed you that the realized volatility of RTM next week will be between 36% and 41%,298,2026-02-12 12:54:07.931361,RTM1C47,6.18,6.17,6.19,1000000.0,,,,1000000.0,43.0,200.0,,,,,,0,0,0,0,0,0,0,0,0,0,0,0,0,0,0,0,0,0
2.0,1.0,2.0,Week 1,Delta limit and penalty,The delta limit for this sub-heat is 12000 and the penalty percentage is 2%,298,2026-02-12 12:54:07.931361,RTM1P47,0.02,0.01,0.02,1000000.0,,,,1000000.0,,,270.0,,335.0,8.0,,0,0,0,0,0,0,0,0,0,0,0,0,0,0,0,0,0,0
1.0,1.0,2.0,Week 1,Risk free rate and current annualized volatility of RTM,The current risk free rate is 0%. RTM is an ETF that mimics one of the major indices in the simulated world and its current annualized realized volatility is 22%. This simulation consists of 20 trading days that are each 15 ticks in length.,298,2026-02-12 12:54:07.931361,RTM1C48,5.18,5.17,5.19,1000000.0,,360.0,,1000000.0,40.0,150.0,,,,,300.0,0,0,0,0,0,0,0,0,0,0,0,0,0,0,0,0,0,0
,,,,,,298,2026-02-12 12:54:07.931361,RTM1P48,0.02,0.01,0.02,1000000.0,,,,1000000.0,,,300.0,63.0,157.0,,,0,0,0,0,0,0,0,0,0,0,0,0,0,0,0,0,0,0
,,,,,,298,2026-02-12 12:54:07.931361,RTM1C49,4.18,4.17,4.19,1000000.0,12.0,520.0,,1000000.0,,108.0,,,,,60.0,0,0,0,0,0,0,0,0,0,0,0,0,0,0,0,0,0,0
,,,,,,298,2026-02-12 12:54:07.931361,RTM1P49,0.02,0.01,0.02,1000000.0,,,,1000000.0,,,20.0,,,40.0,,0,0,0,0,0,0,0,0,0,0,0,0,0,0,0,0,0,0
,,,,,,298,2026-02-12 12:54:07.931361,RTM1C50,3.18,3.17,3.19,1000000.0,,30.0,,1000000.0,,,,,,,30.0,0,0,0,0,0,0,0,0,0,0,0,0,0,0,0,0,0,0
,,,,,,298,2026-02-12 12:54:07.931361,RTM1P50,0.02,0.01,0.02,1000000.0,,,,1000000.0,,,200.0,,150.0,,,0,0,0,0,0,0,0,0,0,0,0,0,0,0,0,0,0,0
,,,,,,298,2026-02-12 12:54:07.931361,RTM1C51,2.18,2.17,2.19,1000000.0,,,,1000000.0,,,,,,,,0,0,0,0,0,0,0,0,0,0,0,0,0,0,0,0,0,0
,,,,,,298,2026-02-12 12:54:07.931361,RTM1P51,0.01,0.01,0.02,1000000.0,,,,1000000.0,,,278.0,,60.0,100.0,,0,0,0,0,0,0,0,0,0,0,0,0,0,0,0,0,0,0
,,,,,,298,2026-02-12 12:54:07.931361,RTM1C52,1.18,1.17,1.19,1000000.0,152.0,,,1000000.0,,,,,,,,0,0,0,0,0,0,0,0,0,0,0,0,0,0,0,0,0,0
,,,,,,298,2026-02-12 12:54:07.931361,RTM1P52,0.02,0.01,0.03,1000000.0,,,,1000000.0,,,,,,,,0,0,0,0,0,0,0,0,0,0,0,0,0,0,0,0,0,0
,,,,,,298,2026-02-12 12:54:07.931361,RTM1C53,0.29,0.28,0.3,1000000.0,200.0,,,1000000.0,,,,,,,30.0,0,0,0,0,0,0,0,0,0,0,0,0,0,0,0,0,0,0
,,,,,,298,2026-02-12 12:54:07.931361,RTM1P53,0.12,0.1,0.12,1000000.0,,,,1000000.0,,,,,,,,0,0,0,0,0,0,0,0,0,0,0,0,0,0,0,0,0,0
,,,,,,298,2026-02-12 12:54:07.931361,RTM1C54,0.02,0.01,0.03,1000000.0,,,,1000000.0,,,,,,,,0,0,0,0,0,0,0,0,0,0,0,0,0,0,0,0,0,0
,,,,,,298,2026-02-12 12:54:07.931361,RTM1P54,0.83,0.82,0.84,1000000.0,,,,1000000.0,,,,,,,,0,0,0,0,0,0,0,0,0,0,0,0,0,0,0,0,0,0
8.0,1.0,224.0,Week 4,Announcement 3,The analysts have informed you that the realized volatility of RTM this week will be 37%,299,2026-02-12 12:54:08.960908,RTM,52.97,52.95,52.97,100000000.0,30000.0,35000.0,110.0,100000000.0,1479.0,3610.0,,,,,,,,0,0,0,0,0,0,0,0,0,0,0,0,0,0,0,0
7.0,1.0,186.0,,News 3,The analysts have informed you that the realized volatility of RTM next week will be between 34% and 39%,299,2026-02-12 12:54:08.960908,RTM1C45,7.96,7.95,7.97,1000000.0,,60.0,,1000000.0,,,68.0,50.0,,,,,,0,0,0,0,0,0,0,0,0,0,0,0,0,0,0,0
6.0,1.0,149.0,Week 3,Announcement 2,The analysts have informed you that the realized volatility of RTM this week will be 25%,299,2026-02-12 12:54:08.960908,RTM1P45,0.02,0.01,0.03,1000000.0,,,,1000000.0,,,,,,,,,,0,0,0,0,0,0,0,0,0,0,0,0,0,0,0,0
5.0,1.0,111.0,,News 2,The analysts have informed you that the realized volatility of RTM next week will be between 21% and 26%,299,2026-02-12 12:54:08.960908,RTM1C46,6.96,6.95,6.97,1000000.0,,,,1000000.0,,,,,,,,,,0,0,0,0,0,0,0,0,0,0,0,0,0,0,0,0
4.0,1.0,74.0,Week 2,Announcement 1,The analysts have informed you that the realized volatility of RTM this week will be 39%,299,2026-02-12 12:54:08.960908,RTM1P46,0.02,0.01,0.02,1000000.0,,,,1000000.0,,,,,110.0,45.0,,,,0,0,0,0,0,0,0,0,0,0,0,0,0,0,0,0
3.0,1.0,35.0,,News 1,The analysts have informed you that the realized volatility of RTM next week will be between 36% and 41%,299,2026-02-12 12:54:08.960908,RTM1C47,5.96,5.95,5.97,1000000.0,,,,1000000.0,,,43.0,200.0,,,10.0,,,0,0,0,0,0,0,0,0,0,0,0,0,0,0,0,0
2.0,1.0,2.0,Week 1,Delta limit and penalty,The delta limit for this sub-heat is 12000 and the penalty percentage is 2%,299,2026-02-12 12:54:08.960908,RTM1P47,0.02,0.01,0.02,1000000.0,,,,1000000.0,,,,,291.0,,335.0,8.0,,0,0,0,0,0,0,0,0,0,0,0,0,0,0,0,0
1.0,1.0,2.0,Week 1,Risk free rate and current annualized volatility of RTM,The current risk free rate is 0%. RTM is an ETF that mimics one of the major indices in the simulated world and its current annualized realized volatility is 22%. This simulation consists of 20 trading days that are each 15 ticks in length.,299,2026-02-12 12:54:08.960908,RTM1C48,4.96,4.95,4.97,1000000.0,,280.0,,1000000.0,,,40.0,150.0,,,,,300.0,0,0,0,0,0,0,0,0,0,0,0,0,0,0,0,0
,,,,,,299,2026-02-12 12:54:08.960908,RTM1P48,0.02,0.01,0.02,1000000.0,,,,1000000.0,,,,,400.0,63.0,157.0,,,0,0,0,0,0,0,0,0,0,0,0,0,0,0,0,0
,,,,,,299,2026-02-12 12:54:08.960908,RTM1C49,3.96,3.95,3.97,1000000.0,12.0,520.0,,1000000.0,,,,108.0,,,,,60.0,0,0,0,0,0,0,0,0,0,0,0,0,0,0,0,0
,,,,,,299,2026-02-12 12:54:08.960908,RTM1P49,0.02,0.01,0.02,1000000.0,,,,1000000.0,,,,,20.0,,,40.0,,0,0,0,0,0,0,0,0,0,0,0,0,0,0,0,0
,,,,,,299,2026-02-12 12:54:08.960908,RTM1C50,2.96,2.95,2.97,1000000.0,,30.0,,1000000.0,,,,,,,,,30.0,0,0,0,0,0,0,0,0,0,0,0,0,0,0,0,0
,,,,,,299,2026-02-12 12:54:08.960908,RTM1P50,0.02,0.01,0.02,1000000.0,,,,1000000.0,,,,,200.0,,200.0,,,0,0,0,0,0,0,0,0,0,0,0,0,0,0,0,0
,,,,,,299,2026-02-12 12:54:08.960908,RTM1C51,1.96,1.95,1.97,1000000.0,,,,1000000.0,,,,,,,,,,0,0,0,0,0,0,0,0,0,0,0,0,0,0,0,0
,,,,,,299,2026-02-12 12:54:08.960908,RTM1P51,0.02,0.01,0.03,1000000.0,,,,1000000.0,,,,,100.0,,60.0,100.0,,0,0,0,0,0,0,0,0,0,0,0,0,0,0,0,0
,,,,,,299,2026-02-12 12:54:08.960908,RTM1C52,0.96,0.95,0.97,1000000.0,152.0,,,1000000.0,,,,,,,,,,0,0,0,0,0,0,0,0,0,0,0,0,0,0,0,0
,,,,,,299,2026-02-12 12:54:08.960908,RTM1P52,0.02,0.01,0.03,1000000.0,,,,1000000.0,,,,,,,,,,0,0,0,0,0,0,0,0,0,0,0,0,0,0,0,0
,,,,,,299,2026-02-12 12:54:08.960908,RTM1C53,0.11,0.1,0.12,1000000.0,100.0,,,1000000.0,,,,,,,,,30.0,0,0,0,0,0,0,0,0,0,0,0,0,0,0,0,0
,,,,,,299,2026-02-12 12:54:08.960908,RTM1P53,0.15,0.14,0.16,1000000.0,,,,1000000.0,,,,,,,,,,0,0,0,0,0,0,0,0,0,0,0,0,0,0,0,0
,,,,,,299,2026-02-12 12:54:08.960908,RTM1C54,0.01,0.01,0.03,1000000.0,,,,1000000.0,,,,,,,,,,0,0,0,0,0,0,0,0,0,0,0,0,0,0,0,0
,,,,,,299,2026-02-12 12:54:08.960908,RTM1P54,1.04,1.03,1.05,1000000.0,,,,1000000.0,,,,,,,,,,0,0,0,0,0,0,0,0,0,0,0,0,0,0,0,0
8.0,1.0,224.0,Week 4,Announcement 3,The analysts have informed you that the realized volatility of RTM this week will be 37%,300,2026-02-12 12:54:09.993242,RTM,53.08,53.07,53.09,100000000.0,30000.0,35000.0,110.0,100000000.0,1479.0,3610.0,,,,,,,,0,0,0,0,0,0,0,0,0,0,0,0,0,0,0,0
7.0,1.0,186.0,,News 3,The analysts have informed you that the realized volatility of RTM next week will be between 34% and 39%,300,2026-02-12 12:54:09.993242,RTM1C45,8.08,8.07,8.09,1000000.0,,60.0,,1000000.0,,,68.0,50.0,,,,,,0,0,0,0,0,0,0,0,0,0,0,0,0,0,0,0
6.0,1.0,149.0,Week 3,Announcement 2,The analysts have informed you that the realized volatility of RTM this week will be 25%,300,2026-02-12 12:54:09.993242,RTM1P45,0.02,0.01,0.03,1000000.0,,,,1000000.0,,,,,,,,,,0,0,0,0,0,0,0,0,0,0,0,0,0,0,0,0
5.0,1.0,111.0,,News 2,The analysts have informed you that the realized volatility of RTM next week will be between 21% and 26%,300,2026-02-12 12:54:09.993242,RTM1C46,7.08,7.07,7.09,1000000.0,,,,1000000.0,,,,,,,,,,0,0,0,0,0,0,0,0,0,0,0,0,0,0,0,0
4.0,1.0,74.0,Week 2,Announcement 1,The analysts have informed you that the realized volatility of RTM this week will be 39%,300,2026-02-12 12:54:09.993242,RTM1P46,0.02,0.01,0.02,1000000.0,,,,1000000.0,,,,,55.0,45.0,,,,0,0,0,0,0,0,0,0,0,0,0,0,0,0,0,0
3.0,1.0,35.0,,News 1,The analysts have informed you that the realized volatility of RTM next week will be between 36% and 41%,300,2026-02-12 12:54:09.993242,RTM1C47,6.08,6.07,6.09,1000000.0,,,,1000000.0,,,43.0,200.0,,,10.0,,,0,0,0,0,0,0,0,0,0,0,0,0,0,0,0,0
2.0,1.0,2.0,Week 1,Delta limit and penalty,The delta limit for this sub-heat is 12000 and the penalty percentage is 2%,300,2026-02-12 12:54:09.993242,RTM1P47,0.02,0.01,0.02,1000000.0,,,,1000000.0,,,,,312.0,,415.0,8.0,,0,0,0,0,0,0,0,0,0,0,0,0,0,0,0,0
1.0,1.0,2.0,Week 1,Risk free rate and current annualized volatility of RTM,The current risk free rate is 0%. RTM is an ETF that mimics one of the major indices in the simulated world and its current annualized realized volatility is 22%. This simulation consists of 20 trading days that are each 15 ticks in length.,300,2026-02-12 12:54:09.993242,RTM1C48,5.08,5.07,5.09,1000000.0,,280.0,,1000000.0,,,40.0,150.0,,,,,300.0,0,0,0,0,0,0,0,0,0,0,0,0,0,0,0,0
,,,,,,300,2026-02-12 12:54:09.993242,RTM1P48,0.02,0.01,0.02,1000000.0,,,,1000000.0,,,,,400.0,63.0,177.0,,,0,0,0,0,0,0,0,0,0,0,0,0,0,0,0,0
,,,,,,300,2026-02-12 12:54:09.993242,RTM1C49,4.08,4.07,4.09,1000000.0,12.0,520.0,,1000000.0,,,,108.0,,,,,60.0,0,0,0,0,0,0,0,0,0,0,0,0,0,0,0,0
,,,,,,300,2026-02-12 12:54:09.993242,RTM1P49,0.02,0.01,0.02,1000000.0,,,,1000000.0,,,,,20.0,,,40.0,,0,0,0,0,0,0,0,0,0,0,0,0,0,0,0,0
,,,,,,300,2026-02-12 12:54:09.993242,RTM1C50,3.08,3.07,3.09,1000000.0,,30.0,,1000000.0,,,,,,,,,30.0,0,0,0,0,0,0,0,0,0,0,0,0,0,0,0,0
,,,,,,300,2026-02-12 12:54:09.993242,RTM1P50,0.02,0.01,0.02,1000000.0,,,,1000000.0,,,,,300.0,,150.0,,,0,0,0,0,0,0,0,0,0,0,0,0,0,0,0,0
,,,,,,300,2026-02-12 12:54:09.993242,RTM1C51,2.08,2.07,2.09,1000000.0,,,,1000000.0,,,,,,,,,,0,0,0,0,0,0,0,0,0,0,0,0,0,0,0,0
,,,,,,300,2026-02-12 12:54:09.993242,RTM1P51,0.02,0.01,0.02,1000000.0,,,,1000000.0,,,,,157.0,,60.0,100.0,,0,0,0,0,0,0,0,0,0,0,0,0,0,0,0,0
,,,,,,300,2026-02-12 12:54:09.993242,RTM1C52,1.08,1.07,1.09,1000000.0,152.0,,,1000000.0,,,,,,,,,,0,0,0,0,0,0,0,0,0,0,0,0,0,0,0,0
,,,,,,300,2026-02-12 12:54:09.993242,RTM1P52,0.02,0.01,0.03,1000000.0,,,,1000000.0,,,,,,,,,,0,0,0,0,0,0,0,0,0,0,0,0,0,0,0,0
,,,,,,300,2026-02-12 12:54:09.993242,RTM1C53,0.08,0.07,0.09,1000000.0,100.0,,,1000000.0,,,,,,,,,30.0,0,0,0,0,0,0,0,0,0,0,0,0,0,0,0,0
,,,,,,300,2026-02-12 12:54:09.993242,RTM1P53,0.02,0.01,0.03,1000000.0,,,,1000000.0,,,,,,,,,,0,0,0,0,0,0,0,0,0,0,0,0,0,0,0,0
,,,,,,300,2026-02-12 12:54:09.993242,RTM1C54,0.02,0.01,0.03,1000000.0,,,,1000000.0,,,,,,,,,,0,0,0,0,0,0,0,0,0,0,0,0,0,0,0,0
,,,,,,300,2026-02-12 12:54:09.993242,RTM1P54,0.92,0.91,0.93,1000000.0,,,,1000000.0,,,,,,,,,,0,0,0,0,0,0,0,0,0,0,0,0,0,0,0,0
8.0,1.0,224.0,Week 4,Announcement 3,The analysts have informed you that the realized volatility of RTM this week will be 37%,300,2026-02-12 12:54:11.019754,RTM,53.08,53.07,53.09,100000000.0,30000.0,35000.0,110.0,100000000.0,1479.0,3610.0,,,,,,,,0,0,0,0,0,0,0,0,0,0,0,0,0,0,0,0
7.0,1.0,186.0,,News 3,The analysts have informed you that the realized volatility of RTM next week will be between 34% and 39%,300,2026-02-12 12:54:11.019754,RTM1C45,8.08,8.07,8.09,1000000.0,,60.0,,1000000.0,,,68.0,50.0,,,,,,0,0,0,0,0,0,0,0,0,0,0,0,0,0,0,0
6.0,1.0,149.0,Week 3,Announcement 2,The analysts have informed you that the realized volatility of RTM this week will be 25%,300,2026-02-12 12:54:11.019754,RTM1P45,0.02,0.01,0.03,1000000.0,,,,1000000.0,,,,,,,,,,0,0,0,0,0,0,0,0,0,0,0,0,0,0,0,0
5.0,1.0,111.0,,News 2,The analysts have informed you that the realized volatility of RTM next week will be between 21% and 26%,300,2026-02-12 12:54:11.019754,RTM1C46,7.08,7.07,7.09,1000000.0,,,,1000000.0,,,,,,,,,,0,0,0,0,0,0,0,0,0,0,0,0,0,0,0,0
4.0,1.0,74.0,Week 2,Announcement 1,The analysts have informed you that the realized volatility of RTM this week will be 39%,300,2026-02-12 12:54:11.019754,RTM1P46,0.02,0.01,0.02,1000000.0,,,,1000000.0,,,,,55.0,45.0,,,,0,0,0,0,0,0,0,0,0,0,0,0,0,0,0,0
3.0,1.0,35.0,,News 1,The analysts have informed you that the realized volatility of RTM next week will be between 36% and 41%,300,2026-02-12 12:54:11.019754,RTM1C47,6.08,6.07,6.09,1000000.0,,,,1000000.0,,,43.0,200.0,,,10.0,,,0,0,0,0,0,0,0,0,0,0,0,0,0,0,0,0
2.0,1.0,2.0,Week 1,Delta limit and penalty,The delta limit for this sub-heat is 12000 and the penalty percentage is 2%,300,2026-02-12 12:54:11.019754,RTM1P47,0.02,0.01,0.02,1000000.0,,,,1000000.0,,,,,312.0,,415.0,8.0,,0,0,0,0,0,0,0,0,0,0,0,0,0,0,0,0
1.0,1.0,2.0,Week 1,Risk free rate and current annualized volatility of RTM,The current risk free rate is 0%. RTM is an ETF that mimics one of the major indices in the simulated world and its current annualized realized volatility is 22%. This simulation consists of 20 trading days that are each 15 ticks in length.,300,2026-02-12 12:54:11.019754,RTM1C48,5.08,5.07,5.09,1000000.0,,280.0,,1000000.0,,,40.0,150.0,,,,,300.0,0,0,0,0,0,0,0,0,0,0,0,0,0,0,0,0
,,,,,,300,2026-02-12 12:54:11.019754,RTM1P48,0.02,0.01,0.02,1000000.0,,,,1000000.0,,,,,400.0,63.0,177.0,,,0,0,0,0,0,0,0,0,0,0,0,0,0,0,0,0
,,,,,,300,2026-02-12 12:54:11.019754,RTM1C49,4.08,4.07,4.09,1000000.0,12.0,520.0,,1000000.0,,,,108.0,,,,,60.0,0,0,0,0,0,0,0,0,0,0,0,0,0,0,0,0
,,,,,,300,2026-02-12 12:54:11.019754,RTM1P49,0.02,0.01,0.02,1000000.0,,,,1000000.0,,,,,20.0,,,40.0,,0,0,0,0,0,0,0,0,0,0,0,0,0,0,0,0
,,,,,,300,2026-02-12 12:54:11.019754,RTM1C50,3.08,3.07,3.09,1000000.0,,30.0,,1000000.0,,,,,,,,,30.0,0,0,0,0,0,0,0,0,0,0,0,0,0,0,0,0
,,,,,,300,2026-02-12 12:54:11.019754,RTM1P50,0.02,0.01,0.02,1000000.0,,,,1000000.0,,,,,300.0,,150.0,,,0,0,0,0,0,0,0,0,0,0,0,0,0,0,0,0
,,,,,,300,2026-02-12 12:54:11.019754,RTM1C51,2.08,2.07,2.09,1000000.0,,,,1000000.0,,,,,,,,,,0,0,0,0,0,0,0,0,0,0,0,0,0,0,0,0
,,,,,,300,2026-02-12 12:54:11.019754,RTM1P51,0.02,0.01,0.02,1000000.0,,,,1000000.0,,,,,157.0,,60.0,100.0,,0,0,0,0,0,0,0,0,0,0,0,0,0,0,0,0
,,,,,,300,2026-02-12 12:54:11.019754,RTM1C52,1.08,1.07,1.09,1000000.0,152.0,,,1000000.0,,,,,,,,,,0,0,0,0,0,0,0,0,0,0,0,0,0,0,0,0
,,,,,,300,2026-02-12 12:54:11.019754,RTM1P52,0.02,0.01,0.03,1000000.0,,,,1000000.0,,,,,,,,,,0,0,0,0,0,0,0,0,0,0,0,0,0,0,0,0
,,,,,,300,2026-02-12 12:54:11.019754,RTM1C53,0.08,0.07,0.09,1000000.0,100.0,,,1000000.0,,,,,,,,,30.0,0,0,0,0,0,0,0,0,0,0,0,0,0,0,0,0
,,,,,,300,2026-02-12 12:54:11.019754,RTM1P53,0.02,0.01,0.03,1000000.0,,,,1000000.0,,,,,,,,,,0,0,0,0,0,0,0,0,0,0,0,0,0,0,0,0
,,,,,,300,2026-02-12 12:54:11.019754,RTM1C54,0.02,0.01,0.03,1000000.0,,,,1000000.0,,,,,,,,,,0,0,0,0,0,0,0,0,0,0,0,0,0,0,0,0
,,,,,,300,2026-02-12 12:54:11.019754,RTM1P54,0.92,0.91,0.93,1000000.0,,,,1000000.0,,,,,,,,,,0,0,0,0,0,0,0,0,0,0,0,0,0,0,0,0
8.0,1.0,224.0,Week 4,Announcement 3,The analysts have informed you that the realized volatility of RTM this week will be 37%,300,2026-02-12 12:54:12.049001,RTM,53.08,53.07,53.09,100000000.0,30000.0,35000.0,110.0,100000000.0,1479.0,3610.0,,,,,,,,0,0,0,0,0,0,0,0,0,0,0,0,0,0,0,0
7.0,1.0,186.0,,News 3,The analysts have informed you that the realized volatility of RTM next week will be between 34% and 39%,300,2026-02-12 12:54:12.049001,RTM1C45,8.08,8.07,8.09,1000000.0,,60.0,,1000000.0,,,68.0,50.0,,,,,,0,0,0,0,0,0,0,0,0,0,0,0,0,0,0,0
6.0,1.0,149.0,Week 3,Announcement 2,The analysts have informed you that the realized volatility of RTM this week will be 25%,300,2026-02-12 12:54:12.049001,RTM1P45,0.02,0.01,0.03,1000000.0,,,,1000000.0,,,,,,,,,,0,0,0,0,0,0,0,0,0,0,0,0,0,0,0,0
5.0,1.0,111.0,,News 2,The analysts have informed you that the realized volatility of RTM next week will be between 21% and 26%,300,2026-02-12 12:54:12.049001,RTM1C46,7.08,7.07,7.09,1000000.0,,,,1000000.0,,,,,,,,,,0,0,0,0,0,0,0,0,0,0,0,0,0,0,0,0
4.0,1.0,74.0,Week 2,Announcement 1,The analysts have informed you that the realized volatility of RTM this week will be 39%,300,2026-02-12 12:54:12.049001,RTM1P46,0.02,0.01,0.02,1000000.0,,,,1000000.0,,,,,55.0,45.0,,,,0,0,0,0,0,0,0,0,0,0,0,0,0,0,0,0
3.0,1.0,35.0,,News 1,The analysts have informed you that the realized volatility of RTM next week will be between 36% and 41%,300,2026-02-12 12:54:12.049001,RTM1C47,6.08,6.07,6.09,1000000.0,,,,1000000.0,,,43.0,200.0,,,10.0,,,0,0,0,0,0,0,0,0,0,0,0,0,0,0,0,0
2.0,1.0,2.0,Week 1,Delta limit and penalty,The delta limit for this sub-heat is 12000 and the penalty percentage is 2%,300,2026-02-12 12:54:12.049001,RTM1P47,0.02,0.01,0.02,1000000.0,,,,1000000.0,,,,,312.0,,415.0,8.0,,0,0,0,0,0,0,0,0,0,0,0,0,0,0,0,0
1.0,1.0,2.0,Week 1,Risk free rate and current annualized volatility of RTM,The current risk free rate is 0%. RTM is an ETF that mimics one of the major indices in the simulated world and its current annualized realized volatility is 22%. This simulation consists of 20 trading days that are each 15 ticks in length.,300,2026-02-12 12:54:12.049001,RTM1C48,5.08,5.07,5.09,1000000.0,,280.0,,1000000.0,,,40.0,150.0,,,,,300.0,0,0,0,0,0,0,0,0,0,0,0,0,0,0,0,0
,,,,,,300,2026-02-12 12:54:12.049001,RTM1P48,0.02,0.01,0.02,1000000.0,,,,1000000.0,,,,,400.0,63.0,177.0,,,0,0,0,0,0,0,0,0,0,0,0,0,0,0,0,0
,,,,,,300,2026-02-12 12:54:12.049001,RTM1C49,4.08,4.07,4.09,1000000.0,12.0,520.0,,1000000.0,,,,108.0,,,,,60.0,0,0,0,0,0,0,0,0,0,0,0,0,0,0,0,0
,,,,,,300,2026-02-12 12:54:12.049001,RTM1P49,0.02,0.01,0.02,1000000.0,,,,1000000.0,,,,,20.0,,,40.0,,0,0,0,0,0,0,0,0,0,0,0,0,0,0,0,0
,,,,,,300,2026-02-12 12:54:12.049001,RTM1C50,3.08,3.07,3.09,1000000.0,,30.0,,1000000.0,,,,,,,,,30.0,0,0,0,0,0,0,0,0,0,0,0,0,0,0,0,0
,,,,,,300,2026-02-12 12:54:12.049001,RTM1P50,0.02,0.01,0.02,1000000.0,,,,1000000.0,,,,,300.0,,150.0,,,0,0,0,0,0,0,0,0,0,0,0,0,0,0,0,0
,,,,,,300,2026-02-12 12:54:12.049001,RTM1C51,2.08,2.07,2.09,1000000.0,,,,1000000.0,,,,,,,,,,0,0,0,0,0,0,0,0,0,0,0,0,0,0,0,0
,,,,,,300,2026-02-12 12:54:12.049001,RTM1P51,0.02,0.01,0.02,1000000.0,,,,1000000.0,,,,,157.0,,60.0,100.0,,0,0,0,0,0,0,0,0,0,0,0,0,0,0,0,0
,,,,,,300,2026-02-12 12:54:12.049001,RTM1C52,1.08,1.07,1.09,1000000.0,152.0,,,1000000.0,,,,,,,,,,0,0,0,0,0,0,0,0,0,0,0,0,0,0,0,0
,,,,,,300,2026-02-12 12:54:12.049001,RTM1P52,0.02,0.01,0.03,1000000.0,,,,1000000.0,,,,,,,,,,0,0,0,0,0,0,0,0,0,0,0,0,0,0,0,0
,,,,,,300,2026-02-12 12:54:12.049001,RTM1C53,0.08,0.07,0.09,1000000.0,100.0,,,1000000.0,,,,,,,,,30.0,0,0,0,0,0,0,0,0,0,0,0,0,0,0,0,0
,,,,,,300,2026-02-12 12:54:12.049001,RTM1P53,0.02,0.01,0.03,1000000.0,,,,1000000.0,,,,,,,,,,0,0,0,0,0,0,0,0,0,0,0,0,0,0,0,0
,,,,,,300,2026-02-12 12:54:12.049001,RTM1C54,0.02,0.01,0.03,1000000.0,,,,1000000.0,,,,,,,,,,0,0,0,0,0,0,0,0,0,0,0,0,0,0,0,0
,,,,,,300,2026-02-12 12:54:12.049001,RTM1P54,0.92,0.91,0.93,1000000.0,,,,1000000.0,,,,,,,,,,0,0,0,0,0,0,0,0,0,0,0,0,0,0,0,0
8.0,1.0,224.0,Week 4,Announcement 3,The analysts have informed you that the realized volatility of RTM this week will be 37%,300,2026-02-12 12:54:13.079960,RTM,53.08,53.07,53.09,100000000.0,30000.0,35000.0,110.0,100000000.0,1479.0,3610.0,,,,,,,,0,0,0,0,0,0,0,0,0,0,0,0,0,0,0,0
7.0,1.0,186.0,,News 3,The analysts have informed you that the realized volatility of RTM next week will be between 34% and 39%,300,2026-02-12 12:54:13.079960,RTM1C45,8.08,8.07,8.09,1000000.0,,60.0,,1000000.0,,,68.0,50.0,,,,,,0,0,0,0,0,0,0,0,0,0,0,0,0,0,0,0
6.0,1.0,149.0,Week 3,Announcement 2,The analysts have informed you that the realized volatility of RTM this week will be 25%,300,2026-02-12 12:54:13.079960,RTM1P45,0.02,0.01,0.03,1000000.0,,,,1000000.0,,,,,,,,,,0,0,0,0,0,0,0,0,0,0,0,0,0,0,0,0
5.0,1.0,111.0,,News 2,The analysts have informed you that the realized volatility of RTM next week will be between 21% and 26%,300,2026-02-12 12:54:13.079960,RTM1C46,7.08,7.07,7.09,1000000.0,,,,1000000.0,,,,,,,,,,0,0,0,0,0,0,0,0,0,0,0,0,0,0,0,0
4.0,1.0,74.0,Week 2,Announcement 1,The analysts have informed you that the realized volatility of RTM this week will be 39%,300,2026-02-12 12:54:13.079960,RTM1P46,0.02,0.01,0.02,1000000.0,,,,1000000.0,,,,,55.0,45.0,,,,0,0,0,0,0,0,0,0,0,0,0,0,0,0,0,0
3.0,1.0,35.0,,News 1,The analysts have informed you that the realized volatility of RTM next week will be between 36% and 41%,300,2026-02-12 12:54:13.079960,RTM1C47,6.08,6.07,6.09,1000000.0,,,,1000000.0,,,43.0,200.0,,,10.0,,,0,0,0,0,0,0,0,0,0,0,0,0,0,0,0,0
2.0,1.0,2.0,Week 1,Delta limit and penalty,The delta limit for this sub-heat is 12000 and the penalty percentage is 2%,300,2026-02-12 12:54:13.079960,RTM1P47,0.02,0.01,0.02,1000000.0,,,,1000000.0,,,,,312.0,,415.0,8.0,,0,0,0,0,0,0,0,0,0,0,0,0,0,0,0,0
1.0,1.0,2.0,Week 1,Risk free rate and current annualized volatility of RTM,The current risk free rate is 0%. RTM is an ETF that mimics one of the major indices in the simulated world and its current annualized realized volatility is 22%. This simulation consists of 20 trading days that are each 15 ticks in length.,300,2026-02-12 12:54:13.079960,RTM1C48,5.08,5.07,5.09,1000000.0,,280.0,,1000000.0,,,40.0,150.0,,,,,300.0,0,0,0,0,0,0,0,0,0,0,0,0,0,0,0,0
,,,,,,300,2026-02-12 12:54:13.079960,RTM1P48,0.02,0.01,0.02,1000000.0,,,,1000000.0,,,,,400.0,63.0,177.0,,,0,0,0,0,0,0,0,0,0,0,0,0,0,0,0,0
,,,,,,300,2026-02-12 12:54:13.079960,RTM1C49,4.08,4.07,4.09,1000000.0,12.0,520.0,,1000000.0,,,,108.0,,,,,60.0,0,0,0,0,0,0,0,0,0,0,0,0,0,0,0,0
,,,,,,300,2026-02-12 12:54:13.079960,RTM1P49,0.02,0.01,0.02,1000000.0,,,,1000000.0,,,,,20.0,,,40.0,,0,0,0,0,0,0,0,0,0,0,0,0,0,0,0,0
,,,,,,300,2026-02-12 12:54:13.079960,RTM1C50,3.08,3.07,3.09,1000000.0,,30.0,,1000000.0,,,,,,,,,30.0,0,0,0,0,0,0,0,0,0,0,0,0,0,0,0,0
,,,,,,300,2026-02-12 12:54:13.079960,RTM1P50,0.02,0.01,0.02,1000000.0,,,,1000000.0,,,,,300.0,,150.0,,,0,0,0,0,0,0,0,0,0,0,0,0,0,0,0,0
,,,,,,300,2026-02-12 12:54:13.079960,RTM1C51,2.08,2.07,2.09,1000000.0,,,,1000000.0,,,,,,,,,,0,0,0,0,0,0,0,0,0,0,0,0,0,0,0,0
,,,,,,300,2026-02-12 12:54:13.079960,RTM1P51,0.02,0.01,0.02,1000000.0,,,,1000000.0,,,,,157.0,,60.0,100.0,,0,0,0,0,0,0,0,0,0,0,0,0,0,0,0,0
,,,,,,300,2026-02-12 12:54:13.079960,RTM1C52,1.08,1.07,1.09,1000000.0,152.0,,,1000000.0,,,,,,,,,,0,0,0,0,0,0,0,0,0,0,0,0,0,0,0,0
,,,,,,300,2026-02-12 12:54:13.079960,RTM1P52,0.02,0.01,0.03,1000000.0,,,,1000000.0,,,,,,,,,,0,0,0,0,0,0,0,0,0,0,0,0,0,0,0,0
,,,,,,300,2026-02-12 12:54:13.079960,RTM1C53,0.08,0.07,0.09,1000000.0,100.0,,,1000000.0,,,,,,,,,30.0,0,0,0,0,0,0,0,0,0,0,0,0,0,0,0,0
,,,,,,300,2026-02-12 12:54:13.079960,RTM1P53,0.02,0.01,0.03,1000000.0,,,,1000000.0,,,,,,,,,,0,0,0,0,0,0,0,0,0,0,0,0,0,0,0,0
,,,,,,300,2026-02-12 12:54:13.079960,RTM1C54,0.02,0.01,0.03,1000000.0,,,,1000000.0,,,,,,,,,,0,0,0,0,0,0,0,0,0,0,0,0,0,0,0,0
,,,,,,300,2026-02-12 12:54:13.079960,RTM1P54,0.92,0.91,0.93,1000000.0,,,,1000000.0,,,,,,,,,,0,0,0,0,0,0,0,0,0,0,0,0,0,0,0,0
8.0,1.0,224.0,Week 4,Announcement 3,The analysts have informed you that the realized volatility of RTM this week will be 37%,300,2026-02-12 12:54:14.110822,RTM,53.08,53.07,53.09,100000000.0,30000.0,35000.0,110.0,100000000.0,1479.0,3610.0,,,,,,,,0,0,0,0,0,0,0,0,0,0,0,0,0,0,0,0
7.0,1.0,186.0,,News 3,The analysts have informed you that the realized volatility of RTM next week will be between 34% and 39%,300,2026-02-12 12:54:14.110822,RTM1C45,8.08,8.07,8.09,1000000.0,,60.0,,1000000.0,,,68.0,50.0,,,,,,0,0,0,0,0,0,0,0,0,0,0,0,0,0,0,0
6.0,1.0,149.0,Week 3,Announcement 2,The analysts have informed you that the realized volatility of RTM this week will be 25%,300,2026-02-12 12:54:14.110822,RTM1P45,0.02,0.01,0.03,1000000.0,,,,1000000.0,,,,,,,,,,0,0,0,0,0,0,0,0,0,0,0,0,0,0,0,0
5.0,1.0,111.0,,News 2,The analysts have informed you that the realized volatility of RTM next week will be between 21% and 26%,300,2026-02-12 12:54:14.110822,RTM1C46,7.08,7.07,7.09,1000000.0,,,,1000000.0,,,,,,,,,,0,0,0,0,0,0,0,0,0,0,0,0,0,0,0,0
4.0,1.0,74.0,Week 2,Announcement 1,The analysts have informed you that the realized volatility of RTM this week will be 39%,300,2026-02-12 12:54:14.110822,RTM1P46,0.02,0.01,0.02,1000000.0,,,,1000000.0,,,,,55.0,45.0,,,,0,0,0,0,0,0,0,0,0,0,0,0,0,0,0,0
3.0,1.0,35.0,,News 1,The analysts have informed you that the realized volatility of RTM next week will be between 36% and 41%,300,2026-02-12 12:54:14.110822,RTM1C47,6.08,6.07,6.09,1000000.0,,,,1000000.0,,,43.0,200.0,,,10.0,,,0,0,0,0,0,0,0,0,0,0,0,0,0,0,0,0
2.0,1.0,2.0,Week 1,Delta limit and penalty,The delta limit for this sub-heat is 12000 and the penalty percentage is 2%,300,2026-02-12 12:54:14.110822,RTM1P47,0.02,0.01,0.02,1000000.0,,,,1000000.0,,,,,312.0,,415.0,8.0,,0,0,0,0,0,0,0,0,0,0,0,0,0,0,0,0
1.0,1.0,2.0,Week 1,Risk free rate and current annualized volatility of RTM,The current risk free rate is 0%. RTM is an ETF that mimics one of the major indices in the simulated world and its current annualized realized volatility is 22%. This simulation consists of 20 trading days that are each 15 ticks in length.,300,2026-02-12 12:54:14.110822,RTM1C48,5.08,5.07,5.09,1000000.0,,280.0,,1000000.0,,,40.0,150.0,,,,,300.0,0,0,0,0,0,0,0,0,0,0,0,0,0,0,0,0
,,,,,,300,2026-02-12 12:54:14.110822,RTM1P48,0.02,0.01,0.02,1000000.0,,,,1000000.0,,,,,400.0,63.0,177.0,,,0,0,0,0,0,0,0,0,0,0,0,0,0,0,0,0
,,,,,,300,2026-02-12 12:54:14.110822,RTM1C49,4.08,4.07,4.09,1000000.0,12.0,520.0,,1000000.0,,,,108.0,,,,,60.0,0,0,0,0,0,0,0,0,0,0,0,0,0,0,0,0
,,,,,,300,2026-02-12 12:54:14.110822,RTM1P49,0.02,0.01,0.02,1000000.0,,,,1000000.0,,,,,20.0,,,40.0,,0,0,0,0,0,0,0,0,0,0,0,0,0,0,0,0
,,,,,,300,2026-02-12 12:54:14.110822,RTM1C50,3.08,3.07,3.09,1000000.0,,30.0,,1000000.0,,,,,,,,,30.0,0,0,0,0,0,0,0,0,0,0,0,0,0,0,0,0
,,,,,,300,2026-02-12 12:54:14.110822,RTM1P50,0.02,0.01,0.02,1000000.0,,,,1000000.0,,,,,300.0,,150.0,,,0,0,0,0,0,0,0,0,0,0,0,0,0,0,0,0
,,,,,,300,2026-02-12 12:54:14.110822,RTM1C51,2.08,2.07,2.09,1000000.0,,,,1000000.0,,,,,,,,,,0,0,0,0,0,0,0,0,0,0,0,0,0,0,0,0
,,,,,,300,2026-02-12 12:54:14.110822,RTM1P51,0.02,0.01,0.02,1000000.0,,,,1000000.0,,,,,157.0,,60.0,100.0,,0,0,0,0,0,0,0,0,0,0,0,0,0,0,0,0
,,,,,,300,2026-02-12 12:54:14.110822,RTM1C52,1.08,1.07,1.09,1000000.0,152.0,,,1000000.0,,,,,,,,,,0,0,0,0,0,0,0,0,0,0,0,0,0,0,0,0
,,,,,,300,2026-02-12 12:54:14.110822,RTM1P52,0.02,0.01,0.03,1000000.0,,,,1000000.0,,,,,,,,,,0,0,0,0,0,0,0,0,0,0,0,0,0,0,0,0
,,,,,,300,2026-02-12 12:54:14.110822,RTM1C53,0.08,0.07,0.09,1000000.0,100.0,,,1000000.0,,,,,,,,,30.0,0,0,0,0,0,0,0,0,0,0,0,0,0,0,0,0
,,,,,,300,2026-02-12 12:54:14.110822,RTM1P53,0.02,0.01,0.03,1000000.0,,,,1000000.0,,,,,,,,,,0,0,0,0,0,0,0,0,0,0,0,0,0,0,0,0
,,,,,,300,2026-02-12 12:54:14.110822,RTM1C54,0.02,0.01,0.03,1000000.0,,,,1000000.0,,,,,,,,,,0,0,0,0,0,0,0,0,0,0,0,0,0,0,0,0
,,,,,,300,2026-02-12 12:54:14.110822,RTM1P54,0.92,0.91,0.93,1000000.0,,,,1000000.0,,,,,,,,,,0,0,0,0,0,0,0,0,0,0,0,0,0,0,0,0
