news_id,period,tick,ticker,headline,body,tick,timestamp,ticker,last_price,bid_price,ask_price,BUY_UEBR-3,BUY_BOST-5,BUY_CALG-6,BUY_COLA-6,BUY_UOTB-4,BUY_LETH-1,BUY_CAMN-3,BUY_DUBL-1,BUY_CHUL-1,BUY_NAIT-1,BUY_CAMN-1,BUY_UEBR-2,SELL_CAMN-3,SELL_WRSW-5,SELL_WRSW-1,SELL_BOST-5,SELL_UEBR-2,SELL_UOTB-4,SELL_CAMN-1,SELL_CALG-6,SELL_UEBR-3,SELL_LETH-2,SELL_NAIT-1,SELL_BABS-2,SELL_REYK-3,SELL_ANON,SELL_LETH-1,BUY_ANON,SELL_DUBL-1,BUY_WRSW-1,BUY_UOTB-2,BUY_CHUL-3,BUY_CHUL-4,BUY_WRSW-5,SELL_UOTB-2,SELL_REYK-4,SELL_UOTB-1,SELL_CHUL-4,SELL_COLA-4,SELL_CAMN-6,SELL_BOST-6,SELL_LETH-3,SELL_CHUL-3
2.0,1.0,1.0,,Aggregate Position Limit,Your CRO has set the aggregate position limit to 10000 shares for this week.,4,2026-02-12 13:12:43.605969,SPNG,24.99,24.98,24.99,500.0,10000.0,2500.0,10000.0,1600.0,7500.0,9000.0,8100.0,6000.0,2082.0,3500.0,500.0,3000.0,352.0,11250.0,5000.0,500.0,300.0,3500.0,2500.0,500.0,3500.0,2082.0,9000.0,2000.0,110900.0,1875.0,,,,,,,,,,,,,,,,
1.0,1.0,1.0,,Welcome to the RITC 2026 Alogithmic Market Making Case - practice server,,4,2026-02-12 13:12:43.605969,SMMR,24.91,24.92,25.03,,,,,,,3000.0,,,2197.0,,,11000.0,,,,,800.0,3500.0,,250.0,3500.0,4102.0,,,912200.0,,1873500.0,1100.0,,,,,,,,,,,,,,
,,,,,,4,2026-02-12 13:12:43.605969,ATMN,24.9,25.02,25.04,250.0,,,,,,,1100.0,,,,,8000.0,108.0,9946.0,,,300.0,,,,,4083.0,,,229900.0,,945400.0,,11250.0,2750.0,4000.0,4000.0,5625.0,4150.0,1068.0,5200.0,4000.0,5500.0,,,,
,,,,,,4,2026-02-12 13:12:43.605969,WNTR,24.84,24.83,24.84,,,,,,,3000.0,,,,,,,,,,,300.0,3500.0,,,,,,,424600.0,,974200.0,7000.0,,5500.0,4000.0,4000.0,,2000.0,,5200.0,4000.0,5500.0,6000.0,15000.0,3750.0,4000.0
2.0,1.0,1.0,,Aggregate Position Limit,Your CRO has set the aggregate position limit to 10000 shares for this week.,5,2026-02-12 13:12:44.622408,SPNG,25.02,25.02,25.15,93400.0,15000.0,4219.0,2922.0,3500.0,6000.0,700.0,2000.0,5625.0,5625.0,2500.0,5000.0,250.0,1875.0,849.0,5625.0,6000.0,847500.0,5000.0,2750.0,2922.0,,,,,,,,,,,,,,,,,,,,,,,,,,,0,0,0,0,0,0,0,0,0,0,0
1.0,1.0,1.0,,Welcome to the RITC 2026 Alogithmic Market Making Case - practice server,,5,2026-02-12 13:12:44.622408,SMMR,24.96,24.97,25.0,316200.0,,,3722.0,3500.0,4961.0,2150.0,2000.0,,,,,,,,,,,3000.0,3200.0,3722.0,1500.0,5200.0,3500.0,1100.0,2000.0,3750.0,4000.0,5200.0,2000.0,3250.0,500.0,2200.0,250.0,,,,,,,,,,,,,,0,0,0,0,0,0,0,0,0,0,0
,,,,,,5,2026-02-12 13:12:44.622408,ATMN,25.07,25.07,25.08,92700.0,,5625.0,2962.0,3500.0,,,,5625.0,5625.0,,,250.0,,179.0,,,346200.0,8000.0,2150.0,,2400.0,,3500.0,1100.0,,,,5200.0,,,,,,6300.0,5911.0,500.0,8000.0,2250.0,8400.0,694.0,6000.0,4000.0,,,,,0,0,0,0,0,0,0,0,0,0,0
,,,,,,5,2026-02-12 13:12:44.622408,WNTR,25.01,24.85,24.86,336700.0,,,5046.0,,9000.0,2950.0,2000.0,,,,,500.0,,,,,515100.0,8000.0,5100.0,5046.0,800.0,,3500.0,,,,300.0,,,,,1100.0,,,,,,,,,6000.0,,800.0,10000.0,4000.0,10000.0,0,0,0,0,0,0,0,0,0,0,0
2.0,1.0,1.0,,Aggregate Position Limit,Your CRO has set the aggregate position limit to 10000 shares for this week.,6,2026-02-12 13:12:45.636445,SPNG,25.09,25.08,25.09,13300.0,1801.0,1100.0,3000.0,5000.0,5625.0,4500.0,3500.0,2625.0,10000.0,3000.0,4500.0,3500.0,952.0,5200.0,1875.0,12000.0,2625.0,115200.0,11000.0,436.0,1670.0,,,,,,,,,,,,,,,,,,,,,,,,,,,0,0,0,0,0,0,0,0,0,0,0,0,0,0,0,0,0,0
1.0,1.0,1.0,,Welcome to the RITC 2026 Alogithmic Market Making Case - practice server,,6,2026-02-12 13:12:45.636445,SMMR,24.88,24.95,24.99,2700.0,2046.0,1100.0,,,,,3500.0,,,,3250.0,3500.0,,5200.0,,,,,3000.0,,,316200.0,2150.0,9000.0,750.0,8000.0,2046.0,2000.0,2100.0,1353.0,,,,,,,,,,,,,,,,,,0,0,0,0,0,0,0,0,0,0,0,0,0,0,0,0,0,0
,,,,,,6,2026-02-12 13:12:45.636445,ATMN,25.07,25.07,25.08,1600.0,1628.0,3553.0,,,5625.0,,3500.0,,,,3500.0,3500.0,5.0,,2250.0,,2250.0,346200.0,9000.0,,,200600.0,,3000.0,,900.0,,1200.0,,1353.0,6000.0,7000.0,5625.0,5625.0,500.0,250.0,2250.0,5000.0,4000.0,6000.0,4000.0,,,,,,,0,0,0,0,0,0,0,0,0,0,0,0,0,0,0,0,0,0
,,,,,,6,2026-02-12 13:12:45.636445,WNTR,25.07,24.89,24.91,2400.0,2774.0,,,,,,3500.0,,,,,3500.0,,,,,,769200.0,8000.0,,,,,3000.0,,,,3650.0,4032.0,,,,,,,,,5000.0,,,,6300.0,6386.0,2400.0,4000.0,20000.0,1042.0,0,0,0,0,0,0,0,0,0,0,0,0,0,0,0,0,0,0
2.0,1.0,1.0,,Aggregate Position Limit,Your CRO has set the aggregate position limit to 10000 shares for this week.,7,2026-02-12 13:12:46.664350,SPNG,24.98,24.98,25.06,20000.0,5000.0,2625.0,3800.0,4000.0,4000.0,4500.0,9000.0,9200.0,105100.0,206700.0,4800.0,1836.0,2500.0,2812.0,250.0,3500.0,5250.0,3000.0,12000.0,,,,,,,,,,,,,,,,,,,,,,,,,,,,,0,0,0,0,0,0,0,0,0,0,0,0,0,0,0,0,0,0,0,0,0
1.0,1.0,1.0,,Welcome to the RITC 2026 Alogithmic Market Making Case - practice server,,7,2026-02-12 13:12:46.664350,SMMR,25.03,25.03,25.05,,,,3200.0,,,,9000.0,2200.0,94400.0,378100.0,800.0,4753.0,,,,3500.0,,,6000.0,5200.0,2275.0,1202.0,600.0,6000.0,2376.0,4200.0,1221.0,750.0,8840.0,2000.0,5950.0,4000.0,,,,,,,,,,,,,,,,0,0,0,0,0,0,0,0,0,0,0,0,0,0,0,0,0,0,0,0,0
,,,,,,7,2026-02-12 13:12:46.664350,ATMN,25.06,25.06,25.08,,,4500.0,,4000.0,8000.0,,3000.0,2200.0,107900.0,346200.0,600.0,,,,,3500.0,2250.0,,6000.0,,5511.0,,,,3847.0,2100.0,,2250.0,,,7000.0,1200.0,3500.0,436.0,5625.0,5625.0,2100.0,2250.0,2453.0,5000.0,4000.0,6000.0,4000.0,,,,,0,0,0,0,0,0,0,0,0,0,0,0,0,0,0,0,0,0,0,0,0
,,,,,,7,2026-02-12 13:12:46.664350,WNTR,25.06,25.05,25.06,,,,,,,,,1100.0,,442000.0,,3025.0,,,,3500.0,,750.0,14000.0,,3500.0,,8000.0,6000.0,5718.0,,,,,,,2900.0,3500.0,462.0,,,,,1100.0,,,6000.0,,5000.0,5000.0,10000.0,6000.0,0,0,0,0,0,0,0,0,0,0,0,0,0,0,0,0,0,0,0,0,0
2.0,1.0,1.0,,Aggregate Position Limit,Your CRO has set the aggregate position limit to 10000 shares for this week.,8,2026-02-12 13:12:47.678493,SPNG,25.09,25.1,25.14,2000.0,96600.0,5000.0,913.0,5000.0,4166.0,4500.0,402.0,238.0,178.0,3500.0,6000.0,1550.0,2500.0,3000.0,600.0,5625.0,5200.0,226500.0,3000.0,4000.0,356.0,7875.0,3000.0,12000.0,6000.0,2434.0,218.0,2000.0,,,,,,,,,,,,,,,,,,,,,,,0,0,0,0,0,0,0,0,0,0,0,0,0,0,0,0,0,0,0,0
1.0,1.0,1.0,,Welcome to the RITC 2026 Alogithmic Market Making Case - practice server,,8,2026-02-12 13:12:47.678493,SMMR,24.83,24.83,24.98,,739400.0,,,,,6000.0,,,,,,,,8947.0,,,,525300.0,,2000.0,178.0,,,9000.0,,2968.0,,4150.0,6000.0,6450.0,6746.0,750.0,12000.0,1100.0,,,,,,,,,,,,,,,,,0,0,0,0,0,0,0,0,0,0,0,0,0,0,0,0,0,0,0,0
,,,,,,8,2026-02-12 13:12:47.678493,ATMN,25.02,25.04,25.05,,425300.0,,,,4747.0,12000.0,,,,3500.0,,,,7699.0,300.0,11250.0,,232500.0,,,,4500.0,2250.0,3000.0,6000.0,2564.0,,,6000.0,950.0,,,,5103.0,2443.0,2250.0,6000.0,5625.0,4921.0,5000.0,6000.0,5625.0,2100.0,4000.0,4000.0,,,,,,0,0,0,0,0,0,0,0,0,0,0,0,0,0,0,0,0,0,0,0
,,,,,,8,2026-02-12 13:12:47.678493,WNTR,24.97,24.97,24.98,,122100.0,,,,,,1600.0,,,3500.0,,,,,8000.0,,1186.0,355200.0,,,,,750.0,6000.0,6000.0,,,,,,,,,,,,,,,,618.0,,2452.0,,4000.0,20000.0,2100.0,4008.0,10000.0,6000.0,0,0,0,0,0,0,0,0,0,0,0,0,0,0,0,0,0,0,0,0
2.0,1.0,1.0,,Aggregate Position Limit,Your CRO has set the aggregate position limit to 10000 shares for this week.,9,2026-02-12 13:12:48.693363,SPNG,25.08,25.07,25.08,1957.0,3000.0,11250.0,11250.0,6000.0,2625.0,3460.0,193500.0,6000.0,9000.0,1200.0,5625.0,6000.0,3166.0,6000.0,3164.0,6000.0,1673.0,15000.0,2625.0,111300.0,3000.0,2500.0,3460.0,3500.0,498.0,356.0,5000.0,,,,,,,,,,,,,,,,,,,,,,,,0,0,0,0,0,0,0,0,0,0,0,0,0,0,0,0,0,0,0,0,0,0
1.0,1.0,1.0,,Welcome to the RITC 2026 Alogithmic Market Making Case - practice server,,9,2026-02-12 13:12:48.693363,SMMR,24.87,24.87,24.89,,3000.0,,,,,,550600.0,6000.0,,1300.0,,,,6000.0,,6000.0,,,,,,,4884.0,3500.0,3500.0,356.0,,900.0,3780.0,750.0,3500.0,942.0,1500.0,5000.0,450.0,750.0,1500.0,4410.0,2000.0,1294.0,,,,,,,,,,,0,0,0,0,0,0,0,0,0,0,0,0,0,0,0,0,0,0,0,0,0,0
,,,,,,9,2026-02-12 13:12:48.693363,ATMN,24.99,24.98,24.99,,9000.0,5625.0,5625.0,,2250.0,,535400.0,6000.0,,1700.0,1076.0,6000.0,956.0,6000.0,5.0,3000.0,5625.0,,,201300.0,,,,3500.0,423.0,356.0,5000.0,,1470.0,,,838.0,,,,,4500.0,2100.0,,3747.0,6000.0,4000.0,953.0,2000.0,,,,,,,0,0,0,0,0,0,0,0,0,0,0,0,0,0,0,0,0,0,0,0,0,0
,,,,,,9,2026-02-12 13:12:48.693363,WNTR,24.99,24.98,24.99,1294.0,6000.0,,,500.0,,2644.0,122100.0,,,,,,,6000.0,,,,,,444500.0,,,2644.0,,,178.0,,1600.0,6115.0,,3500.0,,,,,,,,2900.0,3494.0,6000.0,,,,25000.0,356.0,6000.0,1404.0,6000.0,6000.0,0,0,0,0,0,0,0,0,0,0,0,0,0,0,0,0,0,0,0,0,0,0
2.0,1.0,1.0,,Aggregate Position Limit,Your CRO has set the aggregate position limit to 10000 shares for this week.,10,2026-02-12 13:12:49.709337,SPNG,25.05,25.07,25.14,5000.0,4130.0,3500.0,306000.0,8700.0,600.0,6000.0,2500.0,1200.0,4707.0,5000.0,1151.0,3000.0,226500.0,3000.0,12000.0,178.0,25000.0,1957.0,7875.0,3000.0,525.0,5625.0,2000.0,,,,,,,,,,,,,,,,,,,,,,,,,,,,,,,0,0,0,0,0,0,0,0,0,0,0,0,0,0,0,0,0,0,0,0
1.0,1.0,1.0,,Welcome to the RITC 2026 Alogithmic Market Making Case - practice server,,10,2026-02-12 13:12:49.709337,SMMR,24.91,24.91,24.93,,,3500.0,647900.0,,300.0,,,2950.0,,,,,320600.0,,,178.0,,3251.0,,750.0,1013.0,,5200.0,3500.0,3000.0,750.0,3057.0,942.0,913.0,1013.0,6000.0,450.0,3000.0,6000.0,6000.0,7800.0,,,,,,,,,,,,,,,,,,0,0,0,0,0,0,0,0,0,0,0,0,0,0,0,0,0,0,0,0
,,,,,,10,2026-02-12 13:12:49.709337,ATMN,24.88,24.91,24.97,,,,218200.0,,902.0,6000.0,,2000.0,,,,,85100.0,,,,,3057.0,2250.0,,943.0,5625.0,2000.0,,3000.0,2250.0,,,,943.0,12000.0,,6000.0,,,5200.0,5208.0,2000.0,4000.0,4000.0,2250.0,800.0,6300.0,3500.0,2000.0,3500.0,5108.0,,,,,,,0,0,0,0,0,0,0,0,0,0,0,0,0,0,0,0,0,0,0,0
,,,,,,10,2026-02-12 13:12:49.709337,WNTR,24.99,24.98,24.99,,,3500.0,112200.0,,2227.0,,,,,5000.0,,,220800.0,,,,,3251.0,,750.0,,,,,3000.0,,3251.0,,,2325.0,,,,6000.0,,,5750.0,,,,,4000.0,,3500.0,,2275.0,2917.0,14247.0,5834.0,6000.0,750.0,16000.0,1500.0,0,0,0,0,0,0,0,0,0,0,0,0,0,0,0,0,0,0,0,0
2.0,1.0,1.0,,Aggregate Position Limit,Your CRO has set the aggregate position limit to 10000 shares for this week.,11,2026-02-12 13:12:50.723254,SPNG,25.12,25.12,25.13,113900.0,4500.0,25000.0,372.0,4796.0,2500.0,3500.0,5000.0,3500.0,5200.0,15000.0,2400.0,3500.0,1600.0,6000.0,5000.0,111300.0,3000.0,472.0,2500.0,12000.0,4000.0,3057.0,2000.0,7875.0,,,,,,,,,,,,,,,,,,,,,,,0,0,0,0,0,0,0,0,0,0,0,0,0,0,0,0,0,0,0,0,0,0,0,0,0,0,0
1.0,1.0,1.0,,Welcome to the RITC 2026 Alogithmic Market Making Case - practice server,,11,2026-02-12 13:12:50.723254,SMMR,24.93,24.92,24.93,207300.0,,,3000.0,3083.0,,3500.0,10000.0,3500.0,,,,,8000.0,750.0,,120200.0,,,,,,1100.0,,,3000.0,2100.0,1100.0,6000.0,3500.0,4200.0,750.0,6000.0,,,,,,,,,,,,,,,0,0,0,0,0,0,0,0,0,0,0,0,0,0,0,0,0,0,0,0,0,0,0,0,0,0,0
,,,,,,11,2026-02-12 13:12:50.723254,ATMN,24.92,24.92,24.93,205900.0,12000.0,,902.0,2781.0,,3500.0,,2200.0,5200.0,,,6098.0,800.0,,,85100.0,,,,,,2200.0,2700.0,,,4888.0,,9000.0,3500.0,8400.0,3768.0,,1490.0,4000.0,4000.0,2250.0,2250.0,6000.0,7800.0,,,,,,,,0,0,0,0,0,0,0,0,0,0,0,0,0,0,0,0,0,0,0,0,0,0,0,0,0,0,0
,,,,,,11,2026-02-12 13:12:50.723254,WNTR,24.98,24.98,24.99,112200.0,,,763.0,3175.0,,3500.0,5000.0,,,,,3500.0,1600.0,,,98600.0,,,,,,5451.0,,,6000.0,4600.0,5451.0,6000.0,3500.0,1443.0,750.0,6000.0,,,,,,,,20000.0,6000.0,1348.0,6679.0,4500.0,1348.0,4000.0,0,0,0,0,0,0,0,0,0,0,0,0,0,0,0,0,0,0,0,0,0,0,0,0,0,0,0
2.0,1.0,1.0,,Aggregate Position Limit,Your CRO has set the aggregate position limit to 10000 shares for this week.,12,2026-02-12 13:12:51.743031,SPNG,25.12,25.12,25.13,15000.0,3500.0,7500.0,3500.0,1958.0,2500.0,966.0,15000.0,2400.0,3000.0,3000.0,5625.0,5625.0,1600.0,10000.0,3500.0,2500.0,5200.0,4000.0,498.0,3750.0,3000.0,1100.0,10500.0,3000.0,6000.0,4000.0,,,,,,,,,,,,,,,,,,,,,,0,0,0,0,0,0,0,0,0,0,0,0,0,0,0,0,0,0,0,0,0,0,0,0,0,0
1.0,1.0,1.0,,Welcome to the RITC 2026 Alogithmic Market Making Case - practice server,,12,2026-02-12 13:12:51.743031,SMMR,24.95,24.97,25.01,,,750.0,,,,,,,9000.0,1500.0,,,502.0,,3500.0,,6240.0,,,750.0,3000.0,1100.0,,,,,8400.0,4400.0,5000.0,217500.0,1304.0,414.0,4410.0,718900.0,6000.0,2150.0,,,,,,,,,,,,0,0,0,0,0,0,0,0,0,0,0,0,0,0,0,0,0,0,0,0,0,0,0,0,0,0
,,,,,,12,2026-02-12 13:12:51.743031,ATMN,24.93,24.92,24.93,,5700.0,2980.0,3500.0,2326.0,,902.0,,,,2250.0,,,800.0,,,,4690.0,,6098.0,7536.0,12000.0,4400.0,,,,,,,5000.0,316700.0,,,6146.0,,,1300.0,9000.0,928.0,6000.0,6000.0,5000.0,,,,,,,0,0,0,0,0,0,0,0,0,0,0,0,0,0,0,0,0,0,0,0,0,0,0,0,0,0
,,,,,,12,2026-02-12 13:12:51.743031,WNTR,24.95,24.97,24.99,,,1500.0,,2656.0,,600.0,,,3000.0,,,,2400.0,,3500.0,,,,7000.0,,3000.0,5257.0,,,,,2629.0,1550.0,5000.0,,,,,98600.0,4500.0,,,,,6000.0,,4000.0,20000.0,8000.0,1976.0,19422.0,6000.0,0,0,0,0,0,0,0,0,0,0,0,0,0,0,0,0,0,0,0,0,0,0,0,0,0,0
2.0,1.0,1.0,,Aggregate Position Limit,Your CRO has set the aggregate position limit to 10000 shares for this week.,13,2026-02-12 13:12:52.758744,SPNG,25.16,25.12,25.16,25000.0,2500.0,3750.0,3500.0,3500.0,800.0,5000.0,6000.0,2104.0,2400.0,3000.0,5625.0,382.0,5000.0,1100.0,2104.0,287200.0,3200.0,382.0,434.0,803.0,4000.0,9000.0,4000.0,3000.0,,,,,,,,,,,,,,,,,,,,,,,,,,,,,,0,0,0,0,0,0,0,0,0,0,0,0,0,0,0,0,0,0,0,0
1.0,1.0,1.0,,Welcome to the RITC 2026 Alogithmic Market Making Case - practice server,,13,2026-02-12 13:12:52.758744,SMMR,24.89,24.88,24.89,,,,,,,,6000.0,,,750.0,,404.0,,1100.0,2260.0,479400.0,3200.0,,,,,6000.0,,,5451.0,640800.0,414.0,1200.0,6000.0,6000.0,3500.0,750.0,3500.0,750.0,1004.0,1470.0,6000.0,,,,,,,,,,,,,,,,,0,0,0,0,0,0,0,0,0,0,0,0,0,0,0,0,0,0,0,0
,,,,,,13,2026-02-12 13:12:52.758744,ATMN,25.01,24.94,25.0,,,1490.0,,3500.0,,5000.0,,,,2250.0,3841.0,,,,,407500.0,4450.0,184.0,,,,6000.0,,,,316700.0,,,,6000.0,3500.0,,3500.0,,,,12000.0,4000.0,9000.0,5205.0,4000.0,6000.0,11250.0,2000.0,5625.0,,,,,,,,,0,0,0,0,0,0,0,0,0,0,0,0,0,0,0,0,0,0,0,0
,,,,,,13,2026-02-12 13:12:52.758744,WNTR,24.91,24.91,24.92,,,,,3500.0,2100.0,,3000.0,,,,,,,7651.0,2987.0,,,,,,4000.0,9000.0,,,,,,,,,3500.0,,,750.0,,4200.0,,,,,4000.0,6000.0,,,,25000.0,4042.0,4000.0,1186.0,10000.0,6000.0,297.0,6000.0,0,0,0,0,0,0,0,0,0,0,0,0,0,0,0,0,0,0,0,0
2.0,1.0,1.0,,Aggregate Position Limit,Your CRO has set the aggregate position limit to 10000 shares for this week.,14,2026-02-12 13:12:53.773735,SPNG,25.13,25.13,25.15,2500.0,3000.0,2370.0,2625.0,3000.0,5600.0,5000.0,5000.0,5625.0,5625.0,3500.0,5625.0,217.0,5250.0,2000.0,2947.0,3500.0,10000.0,25000.0,1100.0,494.0,3000.0,1972.0,,,,,,,,,,,,,,,,,,,,,,,,,,,,,,,0,0,0,0,0,0,0,0,0,0,0,0,0,0,0,0,0,0,0,0,0
1.0,1.0,1.0,,Welcome to the RITC 2026 Alogithmic Market Making Case - practice server,,14,2026-02-12 13:12:53.773735,SMMR,24.88,24.88,24.89,,,,,,,,,,,3500.0,,,,,1004.0,,,,1574.0,1910.0,9000.0,2900.0,537900.0,4000.0,567.0,3500.0,1910.0,5637.0,1957.0,6000.0,398800.0,2037.0,826.0,6000.0,750.0,1500.0,2000.0,,,,,,,,,,,,,,,,0,0,0,0,0,0,0,0,0,0,0,0,0,0,0,0,0,0,0,0,0
,,,,,,14,2026-02-12 13:12:53.773735,ATMN,25.01,24.97,24.98,,3000.0,,4500.0,,,5000.0,,5572.0,5625.0,3500.0,4220.0,,,,7200.0,,,,1574.0,,,,89400.0,4000.0,4200.0,3500.0,,,1574.0,,123200.0,1432.0,,6000.0,,2250.0,,6000.0,2000.0,786.0,943.0,3500.0,5625.0,943.0,268.0,,,,,,,,0,0,0,0,0,0,0,0,0,0,0,0,0,0,0,0,0,0,0,0,0
,,,,,,14,2026-02-12 13:12:53.773735,WNTR,25.04,24.88,24.9,,6000.0,,,,,,,,,,,,,6000.0,4470.0,,,,1294.0,,6000.0,,239400.0,6000.0,,,1664.0,7136.0,1353.0,,,158.0,,,,,,,4000.0,750.0,,,,,5200.0,4000.0,3077.0,4000.0,10000.0,6000.0,4703.0,212.0,0,0,0,0,0,0,0,0,0,0,0,0,0,0,0,0,0,0,0,0,0
2.0,1.0,1.0,,Aggregate Position Limit,Your CRO has set the aggregate position limit to 10000 shares for this week.,15,2026-02-12 13:12:54.789863,SPNG,25.15,25.15,25.16,310500.0,8668.0,10410.0,12000.0,3500.0,6000.0,8700.0,1200.0,6000.0,5449.0,25000.0,4353.0,5000.0,5250.0,4000.0,2343.0,5000.0,3000.0,108800.0,2000.0,191.0,673.0,,,,,,,,,,,,,,,,,,,,,,,,,,,0,0,0,0,0,0,0,0,0,0,0,0,0,0,0,0,0,0,0,0,0,0,0,0,0,0
1.0,1.0,1.0,,Welcome to the RITC 2026 Alogithmic Market Making Case - practice server,,15,2026-02-12 13:12:54.789863,SMMR,24.89,24.88,24.89,319100.0,,,,7000.0,,,2000.0,3000.0,,,2674.0,,,,750.0,,750.0,790400.0,3200.0,,,3500.0,4077.0,1516.0,378.0,10000.0,750.0,1957.0,502.0,3500.0,6000.0,1516.0,6000.0,,,,,,,,,,,,,,,0,0,0,0,0,0,0,0,0,0,0,0,0,0,0,0,0,0,0,0,0,0,0,0,0,0
,,,,,,15,2026-02-12 13:12:54.789863,ATMN,24.96,24.95,24.96,89400.0,,5625.0,,,2250.0,,2000.0,,,,1679.0,,,,,,2250.0,305500.0,2400.0,,,,,,11122.0,5000.0,,4353.0,1600.0,,6000.0,,,9000.0,842.0,2000.0,3184.0,11250.0,5626.0,3582.0,5730.0,3500.0,6000.0,3000.0,,,,0,0,0,0,0,0,0,0,0,0,0,0,0,0,0,0,0,0,0,0,0,0,0,0,0,0
,,,,,,15,2026-02-12 13:12:54.789863,WNTR,24.86,24.85,24.86,570700.0,,,,,,,6150.0,,,,5453.0,,,,,,,424400.0,8150.0,,,,2280.0,,,297.0,750.0,1353.0,,,500.0,,,,,,2137.0,,,,,5958.0,,,4000.0,400.0,6000.0,0,0,0,0,0,0,0,0,0,0,0,0,0,0,0,0,0,0,0,0,0,0,0,0,0,0
2.0,1.0,1.0,,Aggregate Position Limit,Your CRO has set the aggregate position limit to 10000 shares for this week.,16,2026-02-12 13:12:55.809706,SPNG,25.09,25.09,25.1,5625.0,3750.0,5000.0,206.0,3500.0,6000.0,3000.0,2500.0,11250.0,6000.0,6000.0,2625.0,105100.0,8700.0,1200.0,221800.0,2500.0,3500.0,758.0,430.0,4827.0,1334.0,2472.0,6500.0,3000.0,2625.0,3000.0,1600.0,5214.0,1300.0,,,,,,,,,,,,,,,,,,,,,,,,0,0,0,0,0,0,0,0,0,0,0,0,0,0,0,0,0,0,0,0,0,0
1.0,1.0,1.0,,Welcome to the RITC 2026 Alogithmic Market Making Case - practice server,,16,2026-02-12 13:12:55.809706,SMMR,25.14,24.9,25.09,,750.0,,,3500.0,2329.0,6000.0,,,,,,314700.0,,,1193400.0,,,,,,,,,,,,,,2150.0,2000.0,3500.0,7040.0,2013.0,4077.0,6300.0,3000.0,1100.0,159.0,12000.0,1100.0,1833.0,3000.0,,,,,,,,,,,0,0,0,0,0,0,0,0,0,0,0,0,0,0,0,0,0,0,0,0,0,0
,,,,,,16,2026-02-12 13:12:55.809706,ATMN,24.96,24.95,24.96,,,,,,,,,5625.0,,2250.0,2250.0,,,2000.0,205700.0,,,,2812.0,5625.0,1967.0,8490.0,,9000.0,,,2400.0,,2400.0,,,,,,6969.0,,4353.0,,,1679.0,,,2400.0,6000.0,842.0,6000.0,,,,,,,0,0,0,0,0,0,0,0,0,0,0,0,0,0,0,0,0,0,0,0,0,0
,,,,,,16,2026-02-12 13:12:55.809706,WNTR,24.86,24.86,24.9,,,,,,,3000.0,,,,,,212200.0,,4000.0,235500.0,,,,,,,,,,,,,,7200.0,2000.0,,,2057.0,5200.0,857.0,,1100.0,,,5453.0,,6000.0,1480.0,,,6000.0,25000.0,4000.0,4000.0,5200.0,6000.0,750.0,0,0,0,0,0,0,0,0,0,0,0,0,0,0,0,0,0,0,0,0,0,0
2.0,1.0,1.0,,Aggregate Position Limit,Your CRO has set the aggregate position limit to 10000 shares for this week.,17,2026-02-12 13:12:56.824163,SPNG,25.08,25.08,25.09,4794.0,500.0,694.0,2500.0,3500.0,107300.0,1278.0,6000.0,5200.0,3500.0,2000.0,11538.0,6000.0,788.0,3000.0,5200.0,2000.0,3500.0,800.0,20000.0,2500.0,3500.0,4500.0,6000.0,5625.0,4827.0,2472.0,,,,,,,,,,,,,,,,,,,,,,0,0,0,0,0,0,0,0,0,0,0,0,0,0,0,0,0,0,0,0,0,0,0,0,0,0,0
1.0,1.0,1.0,,Welcome to the RITC 2026 Alogithmic Market Making Case - practice server,,17,2026-02-12 13:12:56.824163,SMMR,25.13,25.13,25.14,,6000.0,1153.0,,12696.0,174100.0,2400.0,6000.0,,,,,,,,,,3500.0,5600.0,,,1876.0,6000.0,,,,,1609.0,1100.0,5000.0,533.0,708200.0,1100.0,1833.0,1200.0,,,,,,,,,,,,,,0,0,0,0,0,0,0,0,0,0,0,0,0,0,0,0,0,0,0,0,0,0,0,0,0,0,0
,,,,,,17,2026-02-12 13:12:56.824163,ATMN,24.99,24.98,24.99,5625.0,3000.0,,,,,4000.0,,,,,,,1428.0,9000.0,,,3500.0,,,,,12000.0,,,11250.0,11250.0,1599.0,3879.0,,6969.0,210900.0,,,2400.0,1629.0,10000.0,2000.0,2250.0,4500.0,290.0,2000.0,6000.0,,,,,,0,0,0,0,0,0,0,0,0,0,0,0,0,0,0,0,0,0,0,0,0,0,0,0,0,0,0
,,,,,,17,2026-02-12 13:12:56.824163,WNTR,24.89,24.87,24.89,,,,,3500.0,92300.0,800.0,3000.0,6397.0,3500.0,,,,,9000.0,,,3500.0,780.0,,,,,6000.0,,,,1791.0,1100.0,,857.0,,1456.0,,,,4000.0,4000.0,,750.0,368.0,,6000.0,25000.0,25000.0,594.0,6000.0,6000.0,0,0,0,0,0,0,0,0,0,0,0,0,0,0,0,0,0,0,0,0,0,0,0,0,0,0,0
2.0,1.0,1.0,,Aggregate Position Limit,Your CRO has set the aggregate position limit to 10000 shares for this week.,18,2026-02-12 13:12:57.843932,SPNG,25.07,25.07,25.08,5000.0,3500.0,896.0,3500.0,3000.0,2812.0,4000.0,197.0,531800.0,3200.0,2238.0,4000.0,3500.0,2238.0,6648.0,800.0,5625.0,3000.0,6750.0,5250.0,3000.0,4000.0,6000.0,108800.0,3750.0,694.0,,,,,,,,,,,,,,,,,,,,,,0,0,0,0,0,0,0,0,0,0,0,0,0,0,0,0,0,0,0,0,0,0,0,0,0,0,0,0
1.0,1.0,1.0,,Welcome to the RITC 2026 Alogithmic Market Making Case - practice server,,18,2026-02-12 13:12:57.843932,SMMR,25.14,25.12,25.14,,,300.0,3500.0,12000.0,,,,267400.0,,1753.0,,1876.0,,,,,6000.0,,,,,,1011500.0,,1153.0,3000.0,2556.0,5000.0,5799.0,1747.0,3500.0,11250.0,1100.0,1833.0,1200.0,,,,,,,,,,,,0,0,0,0,0,0,0,0,0,0,0,0,0,0,0,0,0,0,0,0,0,0,0,0,0,0,0,0
,,,,,,18,2026-02-12 13:12:57.843932,ATMN,24.98,24.96,24.98,,,4800.0,3500.0,,,10000.0,,,1300.0,1626.0,4000.0,3500.0,,,3920.0,5625.0,6000.0,,,,,,181900.0,,1242.0,,4979.0,,6969.0,,3500.0,,,,,1242.0,2250.0,5625.0,6000.0,5625.0,6000.0,,,,,,0,0,0,0,0,0,0,0,0,0,0,0,0,0,0,0,0,0,0,0,0,0,0,0,0,0,0,0
,,,,,,18,2026-02-12 13:12:57.843932,WNTR,25.07,25.07,25.08,,7000.0,1600.0,3500.0,3000.0,,,,206000.0,,1822.0,,,,,624.0,,3000.0,,,,,,322300.0,750.0,1567.0,,1100.0,,,5200.0,,,5453.0,,8150.0,1567.0,,,,,,18500.0,6000.0,360.0,6000.0,180.0,0,0,0,0,0,0,0,0,0,0,0,0,0,0,0,0,0,0,0,0,0,0,0,0,0,0,0,0
2.0,1.0,1.0,,Aggregate Position Limit,Your CRO has set the aggregate position limit to 10000 shares for this week.,19,2026-02-12 13:12:58.860197,SPNG,25.12,24.99,25.01,3500.0,9000.0,4830.0,5000.0,747.0,4000.0,2695.0,394.0,2625.0,1600.0,3500.0,6000.0,5625.0,6000.0,15000.0,5625.0,5000.0,1499.0,6750.0,108800.0,5214.0,4000.0,3000.0,,,,,,,,,,,,,,,,,,,,,,,,0,0,0,0,0,0,0,0,0,0,0,0,0,0,0,0,0,0,0,0,0,0,0,0,0,0,0,0,0,0
1.0,1.0,1.0,,Welcome to the RITC 2026 Alogithmic Market Making Case - practice server,,19,2026-02-12 13:12:58.860197,SMMR,25.13,25.12,25.13,3500.0,15000.0,,,,,750.0,,,800.0,3500.0,,,,,,,1100.0,,802500.0,,,6000.0,3500.0,3072.0,4055.0,362900.0,2100.0,6000.0,1747.0,5250.0,3500.0,2566.0,6000.0,1200.0,3072.0,1438.0,,,,,,,,,,0,0,0,0,0,0,0,0,0,0,0,0,0,0,0,0,0,0,0,0,0,0,0,0,0,0,0,0,0,0
,,,,,,19,2026-02-12 13:12:58.860197,ATMN,25.01,24.96,25.0,3500.0,3000.0,,,,8000.0,,,4500.0,,,,5625.0,6000.0,,,,,,210900.0,,4000.0,18000.0,3500.0,2691.0,2200.0,89400.0,,3000.0,560.0,,,,,,5382.0,2814.0,3923.0,5000.0,2000.0,6000.0,2250.0,752.0,384.0,5625.0,,0,0,0,0,0,0,0,0,0,0,0,0,0,0,0,0,0,0,0,0,0,0,0,0,0,0,0,0,0,0
,,,,,,19,2026-02-12 13:12:58.860197,WNTR,25.08,25.07,25.08,3500.0,,8000.0,,,,,,,6240.0,3500.0,,,6000.0,,,,1100.0,,235500.0,,,,,2670.0,,112000.0,685.0,,,,2275.0,,,4000.0,,,,594.0,,,,,,,20000.0,0,0,0,0,0,0,0,0,0,0,0,0,0,0,0,0,0,0,0,0,0,0,0,0,0,0,0,0,0,0
2.0,1.0,1.0,,Aggregate Position Limit,Your CRO has set the aggregate position limit to 10000 shares for this week.,20,2026-02-12 13:12:59.877710,SPNG,25.07,25.08,25.09,25.0,5204.0,187.0,15000.0,223.0,6000.0,3500.0,5200.0,3500.0,20000.0,2500.0,2400.0,2394.0,384900.0,1456.0,6000.0,19500.0,4000.0,5625.0,5625.0,5625.0,1200.0,,,,,,,,,,,,,,,,,,,,,,,,,,0,0,0,0,0,0,0,0,0,0,0,0,0,0,0,0,0,0,0,0,0,0,0,0,0,0,0,0,0
1.0,1.0,1.0,,Welcome to the RITC 2026 Alogithmic Market Making Case - practice server,,20,2026-02-12 13:12:59.877710,SMMR,25.08,25.08,25.13,,,,,,18000.0,,,,,,,3188.0,393100.0,2599.0,,,,,,,1200.0,362900.0,2450.0,3188.0,1000.0,1100.0,3000.0,10000.0,542.0,12000.0,3500.0,1283.0,10000.0,1600.0,6000.0,,,,,,,,,,,,0,0,0,0,0,0,0,0,0,0,0,0,0,0,0,0,0,0,0,0,0,0,0,0,0,0,0,0,0
,,,,,,20,2026-02-12 13:12:59.877710,ATMN,24.93,24.92,24.93,,,176.0,,,3000.0,,,,,,,5438.0,323800.0,1499.0,,,6000.0,5625.0,5625.0,5625.0,,641600.0,,3180.0,,1100.0,3694.0,,3500.0,9000.0,,,5000.0,1572.0,,6000.0,4000.0,4000.0,3200.0,6000.0,2250.0,6000.0,2250.0,,,,0,0,0,0,0,0,0,0,0,0,0,0,0,0,0,0,0,0,0,0,0,0,0,0,0,0,0,0,0
,,,,,,20,2026-02-12 13:12:59.877710,WNTR,25.06,25.07,25.08,,,,,,6000.0,1050.0,,3500.0,,,668.0,,235500.0,5453.0,6000.0,,,,,,6000.0,94000.0,1371.0,6667.0,1430.0,3699.0,1500.0,297.0,2275.0,3000.0,3500.0,,,,,,,,,,,12000.0,,10000.0,1265.0,10000.0,0,0,0,0,0,0,0,0,0,0,0,0,0,0,0,0,0,0,0,0,0,0,0,0,0,0,0,0,0
2.0,1.0,1.0,,Aggregate Position Limit,Your CRO has set the aggregate position limit to 10000 shares for this week.,21,2026-02-12 13:13:00.897270,SPNG,25.11,24.92,25.01,614700.0,3000.0,5625.0,6000.0,2695.0,5625.0,4000.0,4000.0,1200.0,16500.0,6000.0,496.0,5000.0,4000.0,5250.0,1500.0,200900.0,1456.0,354.0,2500.0,6000.0,7500.0,4000.0,5625.0,,,,,,,,,,,,,,,,,,,,,,,,,,0,0,0,0,0,0,0,0,0,0,0,0,0,0,0,0,0,0,0,0,0,0,0,0,0,0,0
1.0,1.0,1.0,,Welcome to the RITC 2026 Alogithmic Market Making Case - practice server,,21,2026-02-12 13:13:00.897270,SMMR,25.06,25.05,25.06,180300.0,18000.0,,,3000.0,,,,,,,,,,,,343500.0,,,,,,,,1000.0,2330.0,1100.0,5250.0,188.0,6000.0,2202.0,3500.0,4042.0,2202.0,8000.0,3000.0,10000.0,,,,,,,,,,,,,0,0,0,0,0,0,0,0,0,0,0,0,0,0,0,0,0,0,0,0,0,0,0,0,0,0,0
,,,,,,21,2026-02-12 13:13:00.897270,ATMN,24.86,24.91,24.92,530200.0,9000.0,22.0,,,103.0,,,4250.0,18000.0,,966.0,,,,,226600.0,1100.0,,,,,6000.0,,966.0,,,,,,,,3500.0,1783.0,800.0,3000.0,5000.0,988.0,2250.0,8344.0,1847.0,5625.0,5625.0,6000.0,,,,,,0,0,0,0,0,0,0,0,0,0,0,0,0,0,0,0,0,0,0,0,0,0,0,0,0,0,0
,,,,,,21,2026-02-12 13:13:00.897270,WNTR,25.04,25.04,25.06,94000.0,12000.0,,,3000.0,,,,,,6000.0,,,,,,342000.0,,,,,,,,,,6625.0,,,,,3500.0,2275.0,2437.0,6400.0,,,,,,,,,,12500.0,3500.0,823.0,6000.0,24000.0,0,0,0,0,0,0,0,0,0,0,0,0,0,0,0,0,0,0,0,0,0,0,0,0,0,0,0
2.0,1.0,1.0,,Aggregate Position Limit,Your CRO has set the aggregate position limit to 10000 shares for this week.,22,2026-02-12 13:13:01.913752,SPNG,25.08,25.03,25.08,683.0,2150.0,5600.0,1466.0,4152.0,4000.0,4000.0,332600.0,1200.0,4907.0,10000.0,4000.0,3500.0,5600.0,3500.0,5625.0,5625.0,2500.0,5625.0,,,,,,,,,,,,,,,,,,,,,,,,,,,,,,0,0,0,0,0,0,0,0,0,0,0,0,0,0,0,0,0,0,0,0,0,0,0,0,0,0,0,0
1.0,1.0,1.0,,Welcome to the RITC 2026 Alogithmic Market Making Case - practice server,,22,2026-02-12 13:13:01.913752,SMMR,25.04,25.04,25.06,,,,,,,,267400.0,,,,,3500.0,1160.0,7000.0,,,,,18000.0,1054.0,3500.0,2340.0,5250.0,2250.0,376.0,6000.0,439400.0,2029.0,6000.0,4341.0,2340.0,16500.0,,,,,,,,,,,,,,,,0,0,0,0,0,0,0,0,0,0,0,0,0,0,0,0,0,0,0,0,0,0,0,0,0,0,0,0
,,,,,,22,2026-02-12 13:13:01.913752,ATMN,24.9,24.88,24.9,,1.0,300.0,,6.0,,,423500.0,4250.0,,,2000.0,3500.0,,9450.0,,5625.0,,,9000.0,,,,,2250.0,178.0,,226600.0,1642.0,3000.0,,2340.0,,2250.0,18000.0,10000.0,10000.0,4500.0,6347.0,5000.0,921.0,,,,,,,,0,0,0,0,0,0,0,0,0,0,0,0,0,0,0,0,0,0,0,0,0,0,0,0,0,0,0,0
,,,,,,22,2026-02-12 13:13:01.913752,WNTR,25.0,24.98,25.0,,,3000.0,,,,4000.0,,1300.0,,,2000.0,,4800.0,,,,,,,,,1240.0,,750.0,,6000.0,235500.0,4052.0,,,,,,,,6000.0,,,594.0,,2000.0,5200.0,4000.0,6000.0,25000.0,6000.0,1300.0,0,0,0,0,0,0,0,0,0,0,0,0,0,0,0,0,0,0,0,0,0,0,0,0,0,0,0,0
2.0,1.0,1.0,,Aggregate Position Limit,Your CRO has set the aggregate position limit to 10000 shares for this week.,23,2026-02-12 13:13:02.928999,SPNG,25.04,25.04,25.06,8832.0,104500.0,20000.0,3816.0,4000.0,2400.0,2500.0,3011.0,3195.0,1451.0,1100.0,900.0,2500.0,683.0,2944.0,2000.0,5625.0,1595.0,12000.0,3000.0,5625.0,4000.0,106800.0,2696.0,354.0,2625.0,,,,,,,,,,,,,,,,,,,,,,,,,,,0,0,0,0,0,0,0,0,0,0,0,0,0,0,0,0,0,0,0,0,0,0,0,0
1.0,1.0,1.0,,Welcome to the RITC 2026 Alogithmic Market Making Case - practice server,,23,2026-02-12 13:13:02.928999,SMMR,24.99,24.99,25.0,,186100.0,,,6000.0,,,,,1451.0,,1160.0,,7000.0,,6000.0,,2233.0,,,,,234400.0,2200.0,,,5200.0,2250.0,1093.0,1112.0,9000.0,376.0,5250.0,2000.0,3500.0,7618.0,1093.0,2000.0,1112.0,,,,,,,,,,,,,,0,0,0,0,0,0,0,0,0,0,0,0,0,0,0,0,0,0,0,0,0,0,0,0
,,,,,,23,2026-02-12 13:13:02.928999,ATMN,24.87,24.86,24.87,,541600.0,,1.0,,900.0,,,,,,2400.0,,12696.0,,2000.0,,1899.0,,,,10000.0,116800.0,2200.0,,4500.0,,,,,3000.0,356.0,,4250.0,3500.0,,,,,6000.0,12000.0,652.0,10000.0,10000.0,10000.0,858.0,5625.0,,,,,,0,0,0,0,0,0,0,0,0,0,0,0,0,0,0,0,0,0,0,0,0,0,0,0
,,,,,,23,2026-02-12 13:13:02.928999,WNTR,25.08,24.98,24.99,,675400.0,,,,620.0,,,,,2809.0,,,,,,,2430.0,,,,,218000.0,6553.0,,,,,1945.0,,6000.0,318.0,,,3500.0,,1945.0,4000.0,,,5250.0,,,,6000.0,,,5000.0,3500.0,2000.0,6000.0,25000.0,0,0,0,0,0,0,0,0,0,0,0,0,0,0,0,0,0,0,0,0,0,0,0,0
2.0,1.0,1.0,,Aggregate Position Limit,Your CRO has set the aggregate position limit to 10000 shares for this week.,24,2026-02-12 13:13:03.944471,SPNG,25.09,25.06,25.09,2400.0,1356.0,8437.0,5625.0,10000.0,5000.0,5625.0,496.0,5000.0,2200.0,2000.0,6000.0,9414.0,5000.0,2468.0,6636.0,1155.0,3500.0,3500.0,1500.0,496.0,4000.0,3000.0,3000.0,,,,,,,,,,,,,,,,,,,,,,,,,0,0,0,0,0,0,0,0,0,0,0,0,0,0,0,0,0,0,0,0,0,0,0,0,0,0,0,0
1.0,1.0,1.0,,Welcome to the RITC 2026 Alogithmic Market Making Case - practice server,,24,2026-02-12 13:13:03.944471,SMMR,24.99,24.99,25.0,,1787.0,,,,,,856.0,,2556.0,2000.0,6000.0,12631.0,,,,,7000.0,3500.0,,856.0,,3000.0,,3500.0,1750.0,5200.0,2000.0,615000.0,2000.0,5250.0,2000.0,3300.0,1787.0,343500.0,2000.0,2894.0,,,,,,,,,,,,0,0,0,0,0,0,0,0,0,0,0,0,0,0,0,0,0,0,0,0,0,0,0,0,0,0,0,0
,,,,,,24,2026-02-12 13:13:03.944471,ATMN,24.85,24.85,24.87,,1998.0,,,,,,,,,2250.0,12000.0,,,5625.0,5625.0,5625.0,,3500.0,,,,,,3500.0,1757.0,,,649100.0,,18000.0,,5266.0,4455.0,323800.0,,,4000.0,6000.0,4500.0,5000.0,4500.0,6000.0,6000.0,,,,,0,0,0,0,0,0,0,0,0,0,0,0,0,0,0,0,0,0,0,0,0,0,0,0,0,0,0,0
,,,,,,24,2026-02-12 13:13:03.944471,WNTR,25.07,25.07,25.08,1170.0,5422.0,,,,,,,,,,9000.0,,,,,,,,,,,,,3500.0,3500.0,,,216600.0,,,,6553.0,,218000.0,5200.0,,,,,,1500.0,,6000.0,35000.0,6000.0,20000.0,1265.0,0,0,0,0,0,0,0,0,0,0,0,0,0,0,0,0,0,0,0,0,0,0,0,0,0,0,0,0
2.0,1.0,1.0,,Aggregate Position Limit,Your CRO has set the aggregate position limit to 10000 shares for this week.,25,2026-02-12 13:13:04.963499,SPNG,25.12,25.08,25.09,2250.0,10000.0,515.0,11250.0,5625.0,6000.0,730.0,5000.0,5625.0,5625.0,2200.0,3000.0,2000.0,9000.0,2625.0,2886.0,6000.0,6000.0,15000.0,2400.0,5382.0,4000.0,5812.0,3000.0,3500.0,15000.0,,,,,,,,,,,,,,,,,,,,,,,,,,,,0,0,0,0,0,0,0,0,0,0,0,0,0,0,0,0,0,0,0,0,0,0,0
1.0,1.0,1.0,,Welcome to the RITC 2026 Alogithmic Market Making Case - practice server,,25,2026-02-12 13:13:04.963499,SMMR,24.97,24.97,24.99,6000.0,,,,,,1390.0,,750.0,,4930.0,,1200.0,3000.0,,,3000.0,,,1600.0,,,,,,,6000.0,1750.0,3500.0,732600.0,1909.0,7000.0,9586.0,5500.0,1909.0,1040.0,856.0,5000.0,1112.0,116500.0,2000.0,,,,,,,,,,,,,0,0,0,0,0,0,0,0,0,0,0,0,0,0,0,0,0,0,0,0,0,0,0
,,,,,,25,2026-02-12 13:13:04.963499,ATMN,24.86,24.82,24.86,18000.0,,,,,,,,,1406.0,,,2000.0,9000.0,2250.0,,,,,1776.0,,,,,3500.0,,,,,661900.0,1960.0,,5200.0,3300.0,1960.0,,,5000.0,,116800.0,700.0,836.0,2000.0,5200.0,10000.0,2000.0,3642.0,5625.0,4500.0,5625.0,2000.0,,,0,0,0,0,0,0,0,0,0,0,0,0,0,0,0,0,0,0,0,0,0,0,0
,,,,,,25,2026-02-12 13:13:04.963499,WNTR,25.12,25.07,25.08,,,1806.0,,,,3120.0,,,,,,,6000.0,,,3000.0,,,,,,6000.0,,,,,3500.0,3500.0,202300.0,,,,,2164.0,,,,,1107800.0,2300.0,,,,,,,,,,,21500.0,23250.0,0,0,0,0,0,0,0,0,0,0,0,0,0,0,0,0,0,0,0,0,0,0,0
2.0,1.0,1.0,,Aggregate Position Limit,Your CRO has set the aggregate position limit to 10000 shares for this week.,26,2026-02-12 13:13:05.978254,SPNG,25.07,25.07,25.09,5000.0,3585.0,2332.0,4000.0,503900.0,7301.0,5000.0,11250.0,5625.0,5625.0,20000.0,2413.0,5625.0,3500.0,6400.0,2500.0,,,,,,,,,,,,,,,,,,,,,,,,,,,,,,,0,0,0,0,0,0,0,0,0,0,0,0,0,0,0,0,0,0,0,0,0,0,0,0,0,0,0,0,0,0
1.0,1.0,1.0,,Welcome to the RITC 2026 Alogithmic Market Making Case - practice server,,26,2026-02-12 13:13:05.978254,SMMR,24.91,24.91,24.92,,,,,914000.0,,,11250.0,,,,,,3500.0,1600.0,,3500.0,750.0,6504.0,2000.0,706.0,3128.0,7000.0,4628.0,5000.0,706.0,5500.0,6000.0,116500.0,1500.0,5812.0,,,,,,,,,,,,,,,,0,0,0,0,0,0,0,0,0,0,0,0,0,0,0,0,0,0,0,0,0,0,0,0,0,0,0,0,0,0
,,,,,,26,2026-02-12 13:13:05.978254,ATMN,24.83,24.8,24.83,,,,,545300.0,12000.0,,18000.0,5625.0,5625.0,,,5625.0,,2368.0,,,1379.0,,2000.0,,,3500.0,2269.0,5000.0,,2340.0,,233700.0,7982.0,,2250.0,2176.0,2000.0,352.0,10000.0,10000.0,6000.0,2250.0,,,,,,,,0,0,0,0,0,0,0,0,0,0,0,0,0,0,0,0,0,0,0,0,0,0,0,0,0,0,0,0,0,0
,,,,,,26,2026-02-12 13:13:05.978254,WNTR,25.07,25.07,25.08,,3200.0,,,194700.0,9000.0,,,,,,,,3500.0,5700.0,,,750.0,1100.0,,,,3500.0,2675.0,,,,3000.0,202600.0,,,,,,,,,,,5000.0,6000.0,4000.0,25000.0,904.0,10000.0,12000.0,0,0,0,0,0,0,0,0,0,0,0,0,0,0,0,0,0,0,0,0,0,0,0,0,0,0,0,0,0,0
2.0,1.0,1.0,,Aggregate Position Limit,Your CRO has set the aggregate position limit to 10000 shares for this week.,28,2026-02-12 13:13:07.001427,SPNG,25.09,25.09,25.1,90500.0,24446.0,3500.0,1506.0,15000.0,2500.0,5625.0,5625.0,2413.0,10000.0,5625.0,111000.0,10000.0,2500.0,4000.0,2200.0,11900.0,3500.0,2017.0,,,,,,,,,,,,,,,,,,,,,,,,,,,,,,0,0,0,0,0,0,0,0,0,0,0,0,0,0,0,0,0,0,0,0,0,0,0,0,0,0,0,0
1.0,1.0,1.0,,Welcome to the RITC 2026 Alogithmic Market Making Case - practice server,,28,2026-02-12 13:13:07.001427,SMMR,24.93,24.91,24.93,929900.0,,,556.0,,,,,,,,197400.0,,,1600.0,5500.0,,,2533.0,3500.0,1500.0,3000.0,3636.0,2000.0,6000.0,5000.0,702.0,9000.0,1112.0,1500.0,10500.0,,,,,,,,,,,,,,,,,,0,0,0,0,0,0,0,0,0,0,0,0,0,0,0,0,0,0,0,0,0,0,0,0,0,0,0,0
,,,,,,28,2026-02-12 13:13:07.001427,ATMN,24.82,24.8,24.82,340000.0,,3500.0,600.0,,,5.0,,,,5625.0,123900.0,,,800.0,3300.0,7000.0,3500.0,2484.0,,1633.0,6000.0,2200.0,2000.0,6000.0,,353.0,3000.0,,11464.0,,766.0,4000.0,6000.0,2250.0,6000.0,2250.0,10000.0,10000.0,5625.0,5625.0,,,,,,,,0,0,0,0,0,0,0,0,0,0,0,0,0,0,0,0,0,0,0,0,0,0,0,0,0,0,0,0
,,,,,,28,2026-02-12 13:13:07.001427,WNTR,25.05,25.05,25.07,200900.0,,3500.0,976.0,,,,,,,,86800.0,,,,,3500.0,3500.0,2928.0,,2250.0,9000.0,2200.0,,,,1732.0,6000.0,,1500.0,17250.0,,4000.0,,,,,,4000.0,,,10000.0,2960.0,5000.0,6000.0,25000.0,1800.0,950.0,0,0,0,0,0,0,0,0,0,0,0,0,0,0,0,0,0,0,0,0,0,0,0,0,0,0,0,0
2.0,1.0,1.0,,Aggregate Position Limit,Your CRO has set the aggregate position limit to 10000 shares for this week.,29,2026-02-12 13:13:08.029925,SPNG,25.1,25.08,25.1,2625.0,1968.0,4459.0,6000.0,9000.0,618100.0,7301.0,5812.0,11250.0,10000.0,111000.0,14224.0,9000.0,2500.0,800.0,5000.0,4400.0,3500.0,1968.0,5950.0,2625.0,,,,,,,,,,,,,,,,,,,,,,,,,0,0,0,0,0,0,0,0,0,0,0,0,0,0,0,0,0,0,0,0,0,0,0,0,0,0,0,0,0,0,0
1.0,1.0,1.0,,Welcome to the RITC 2026 Alogithmic Market Making Case - practice server,,29,2026-02-12 13:13:08.029925,SMMR,24.94,24.92,24.93,,2798.0,,,,839700.0,9000.0,,,,295100.0,,3000.0,,534.0,5000.0,5500.0,3500.0,2798.0,,,3500.0,800.0,1750.0,1013.0,1500.0,3636.0,4406.0,750.0,1152.0,5812.0,10500.0,,,,,,,,,,,,,,0,0,0,0,0,0,0,0,0,0,0,0,0,0,0,0,0,0,0,0,0,0,0,0,0,0,0,0,0,0,0
,,,,,,29,2026-02-12 13:13:08.029925,ATMN,24.79,24.79,24.8,4500.0,,,6000.0,,340000.0,9000.0,,,,236600.0,,3000.0,,3127.0,,,3500.0,2424.0,6074.0,6750.0,3500.0,,,,1633.0,4400.0,,3482.0,,,6000.0,4000.0,6000.0,1799.0,2000.0,6594.0,10000.0,,,,,,,,0,0,0,0,0,0,0,0,0,0,0,0,0,0,0,0,0,0,0,0,0,0,0,0,0,0,0,0,0,0,0
,,,,,,29,2026-02-12 13:13:08.029925,WNTR,25.06,25.08,25.09,,,,6000.0,,200900.0,6000.0,,,,86800.0,,15000.0,,,,1100.0,3500.0,,,,,900.0,,,1500.0,2200.0,2236.0,750.0,,5250.0,17250.0,4000.0,6000.0,,,,4000.0,14937.0,5000.0,6000.0,904.0,4000.0,950.0,6000.0,0,0,0,0,0,0,0,0,0,0,0,0,0,0,0,0,0,0,0,0,0,0,0,0,0,0,0,0,0,0,0
2.0,1.0,1.0,,Aggregate Position Limit,Your CRO has set the aggregate position limit to 10000 shares for this week.,29,2026-02-12 13:13:09.063401,SPNG,25.04,25.04,25.07,821.0,7432.0,1876.0,427700.0,3500.0,461.0,6000.0,2310.0,2625.0,3352.0,2500.0,2000.0,6746.0,25000.0,3200.0,5625.0,3352.0,5625.0,1664.0,111000.0,5000.0,5000.0,,,,,,,,,,,,,,,,,,,,,,,0,0,0,0,0,0,0,0,0,0,0,0,0,0,0,0,0,0,0,0,0,0,0,0,0,0,0,0,0,0,0,0
1.0,1.0,1.0,,Welcome to the RITC 2026 Alogithmic Market Making Case - practice server,,29,2026-02-12 13:13:09.063401,SMMR,24.91,24.91,24.93,,,3500.0,725200.0,3500.0,921.0,3000.0,,,4724.0,,2000.0,3500.0,,,,4724.0,,5826.0,411300.0,,,5062.0,5000.0,978.0,1500.0,5507.0,921.0,750.0,5812.0,10500.0,,,,,,,,,,,,,,0,0,0,0,0,0,0,0,0,0,0,0,0,0,0,0,0,0,0,0,0,0,0,0,0,0,0,0,0,0,0,0
,,,,,,29,2026-02-12 13:13:09.063401,ATMN,24.77,24.77,24.8,,,2437.0,456600.0,,,3000.0,,6750.0,4518.0,,,5625.0,,,,4518.0,,2526.0,123900.0,5000.0,,2526.0,,,,4193.0,,7584.0,,6000.0,12000.0,6000.0,4000.0,2000.0,6000.0,3500.0,6750.0,6594.0,10000.0,1008.0,,,,0,0,0,0,0,0,0,0,0,0,0,0,0,0,0,0,0,0,0,0,0,0,0,0,0,0,0,0,0,0,0,0
,,,,,,29,2026-02-12 13:13:09.063401,WNTR,25.05,25.04,25.05,,,,293600.0,3500.0,,3000.0,,,,,2000.0,2275.0,,5600.0,,4954.0,,,115000.0,,,4726.0,5000.0,,,5496.0,,,,,,6000.0,4000.0,,,,,,,,6000.0,25000.0,25000.0,0,0,0,0,0,0,0,0,0,0,0,0,0,0,0,0,0,0,0,0,0,0,0,0,0,0,0,0,0,0,0,0
2.0,1.0,1.0,,Aggregate Position Limit,Your CRO has set the aggregate position limit to 10000 shares for this week.,31,2026-02-12 13:13:10.090737,SPNG,25.03,25.04,25.09,2813.0,2813.0,2812.0,6502.0,4000.0,3500.0,15000.0,1692.0,1876.0,2500.0,1875.0,3000.0,4000.0,5625.0,3500.0,5625.0,111000.0,5000.0,25000.0,6000.0,6000.0,6000.0,2153.0,5625.0,2500.0,2200.0,,,,,,,,,,,,,,,,,,,,,,,,,,,0,0,0,0,0,0,0,0,0,0,0,0,0,0,0,0,0,0,0,0,0,0,0,0
1.0,1.0,1.0,,Welcome to the RITC 2026 Alogithmic Market Making Case - practice server,,31,2026-02-12 13:13:10.090737,SMMR,25.07,25.03,25.05,,,,,,,,800.0,3500.0,,750.0,6000.0,,,3500.0,,712300.0,,,,,,,,,4939.0,731600.0,4190.0,2042.0,5000.0,1262.0,1740.0,1799.0,1008.0,6000.0,1262.0,11250.0,1200.0,3000.0,,,,,,,,,,,,,,0,0,0,0,0,0,0,0,0,0,0,0,0,0,0,0,0,0,0,0,0,0,0,0
,,,,,,31,2026-02-12 13:13:10.090737,ATMN,24.79,24.79,24.82,,,,5200.0,,,,,2437.0,,,3000.0,,,3500.0,5625.0,,,,,,,,5625.0,,5500.0,238300.0,3626.0,,5000.0,537.0,,,5600.0,6000.0,,,,3000.0,836.0,9000.0,6000.0,4000.0,6000.0,2000.0,2516.0,1799.0,2102.0,,,,,0,0,0,0,0,0,0,0,0,0,0,0,0,0,0,0,0,0,0,0,0,0,0,0
,,,,,,31,2026-02-12 13:13:10.090737,WNTR,25.04,25.04,25.05,,,,,,,,300.0,3500.0,,,6000.0,,,3500.0,,201800.0,,,6000.0,6000.0,,,,,,,2764.0,,10000.0,2328.0,842.0,,1600.0,6000.0,2328.0,,,3000.0,,,6000.0,4000.0,6000.0,,,1799.0,2361.0,25848.0,30000.0,3500.0,4000.0,0,0,0,0,0,0,0,0,0,0,0,0,0,0,0,0,0,0,0,0,0,0,0,0
2.0,1.0,1.0,,Aggregate Position Limit,Your CRO has set the aggregate position limit to 10000 shares for this week.,32,2026-02-12 13:13:11.107052,SPNG,25.05,25.05,25.07,30000.0,564.0,5624.0,2813.0,2500.0,3500.0,5000.0,1330.0,703.0,15000.0,3568.0,1600.0,3500.0,10000.0,5000.0,6000.0,6000.0,6000.0,6459.0,105.0,3530.0,703.0,,,,,,,,,,,,,,,,,,,,,,,,,,,0,0,0,0,0,0,0,0,0,0,0,0,0,0,0,0,0,0,0,0,0,0,0,0,0,0,0,0
1.0,1.0,1.0,,Welcome to the RITC 2026 Alogithmic Market Making Case - practice server,,32,2026-02-12 13:13:11.107052,SMMR,24.99,24.99,25.03,,1600.0,,,,3500.0,,3090.0,,6000.0,,347.0,,,,,,,,,4939.0,1262.0,4264.0,2327.0,1740.0,292400.0,4000.0,3500.0,596100.0,4000.0,11250.0,3000.0,,,,,,,,,,,,,,,,,0,0,0,0,0,0,0,0,0,0,0,0,0,0,0,0,0,0,0,0,0,0,0,0,0,0,0,0
,,,,,,32,2026-02-12 13:13:11.107052,ATMN,24.82,24.77,24.79,,900.0,703.0,,,,,1664.0,,3000.0,4732.0,,3500.0,,,6000.0,,,,5200.0,1330.0,,2366.0,5200.0,,340000.0,2000.0,3500.0,283000.0,,,12000.0,3500.0,4000.0,6000.0,4000.0,6000.0,6000.0,5625.0,4000.0,6000.0,11250.0,1008.0,,,,,,0,0,0,0,0,0,0,0,0,0,0,0,0,0,0,0,0,0,0,0,0,0,0,0,0,0,0,0
,,,,,,32,2026-02-12 13:13:11.107052,WNTR,24.99,24.97,25.0,,,,,,,,2809.0,,,,1022.0,7000.0,,,,,,,,1330.0,6550.0,,,2000.0,878600.0,2000.0,3500.0,115000.0,,,3000.0,3500.0,,,,,23250.0,,,,,,904.0,5812.0,4000.0,25926.0,1983.0,0,0,0,0,0,0,0,0,0,0,0,0,0,0,0,0,0,0,0,0,0,0,0,0,0,0,0,0
2.0,1.0,1.0,,Aggregate Position Limit,Your CRO has set the aggregate position limit to 10000 shares for this week.,33,2026-02-12 13:13:12.131288,SPNG,25.1,25.04,25.09,930.0,11250.0,2666.0,1875.0,1302.0,12000.0,1587.0,606400.0,4000.0,3000.0,5250.0,4000.0,7500.0,6830.0,1587.0,84.0,861.0,4306.0,5250.0,3000.0,6000.0,2000.0,,,,,,,,,,,,,,,,,,,,,,,,,,,0,0,0,0,0,0,0,0,0,0,0,0,0,0,0,0,0,0,0,0,0,0,0,0,0,0,0,0
1.0,1.0,1.0,,Welcome to the RITC 2026 Alogithmic Market Making Case - practice server,,33,2026-02-12 13:13:12.131288,SMMR,25.1,25.09,25.1,,,,750.0,800.0,,1967.0,,,15000.0,,,750.0,3440.0,,5200.0,,,,9000.0,,,12228.0,1900.0,5950.0,1100.0,10000.0,6000.0,2275.0,600.0,10000.0,3500.0,403500.0,11250.0,,,,,,,,,,,,,,,0,0,0,0,0,0,0,0,0,0,0,0,0,0,0,0,0,0,0,0,0,0,0,0,0,0,0,0
,,,,,,33,2026-02-12 13:13:12.131288,ATMN,24.81,24.8,24.81,3086.0,5274.0,,1558.0,,,,428200.0,,3000.0,6000.0,4000.0,3632.0,1330.0,1760.0,5200.0,,,,12000.0,6000.0,,5200.0,3200.0,,2764.0,,,3500.0,1600.0,5000.0,3500.0,90900.0,,2250.0,3500.0,2000.0,22.0,5625.0,11250.0,2000.0,,,,,,,,0,0,0,0,0,0,0,0,0,0,0,0,0,0,0,0,0,0,0,0,0,0,0,0,0,0,0,0
,,,,,,33,2026-02-12 13:13:12.131288,WNTR,25.11,24.98,25.04,,,1727.0,,600.0,,7338.0,231300.0,4000.0,6000.0,6000.0,,,2200.0,,,,,,6000.0,,2150.0,,,1750.0,,,,,,,,656800.0,29250.0,,3500.0,,,,,,2116.0,6000.0,5812.0,1092.0,6000.0,4000.0,6000.0,0,0,0,0,0,0,0,0,0,0,0,0,0,0,0,0,0,0,0,0,0,0,0,0,0,0,0,0
2.0,1.0,1.0,,Aggregate Position Limit,Your CRO has set the aggregate position limit to 10000 shares for this week.,34,2026-02-12 13:13:13.165905,SPNG,24.91,24.89,24.91,5250.0,3805.0,436300.0,4000.0,4000.0,1406.0,2875.0,2500.0,3500.0,1100.0,3500.0,2148.0,10000.0,2702.0,2200.0,3500.0,12000.0,5625.0,5000.0,5382.0,5812.0,7875.0,82600.0,,,,,,,,,,,,,,,,,,,,,,,,,,,,,,,,,0,0,0,0,0,0,0,0,0,0,0,0,0,0,0,0,0,0,0,0,0
1.0,1.0,1.0,,Welcome to the RITC 2026 Alogithmic Market Making Case - practice server,,34,2026-02-12 13:13:13.165905,SMMR,24.94,24.94,24.95,,,924600.0,,,,,,,6504.0,,3000.0,,3565.0,,3500.0,,,,,,,233800.0,6000.0,4000.0,2250.0,6000.0,697.0,9000.0,6000.0,2275.0,1300.0,638.0,3020.0,10000.0,750.0,,,,,,,,,,,,,,,,,,,,0,0,0,0,0,0,0,0,0,0,0,0,0,0,0,0,0,0,0,0,0
,,,,,,34,2026-02-12 13:13:13.165905,ATMN,24.81,24.81,24.82,2250.0,2264.0,221900.0,,,,1678.0,,,1664.0,,3000.0,,2768.0,1100.0,3500.0,,5625.0,,,,,302900.0,6000.0,,2000.0,6000.0,,,6000.0,3500.0,,,8000.0,5000.0,3632.0,5625.0,5748.0,962.0,6000.0,5625.0,5619.0,6000.0,6000.0,4000.0,,,,,,,,,,,0,0,0,0,0,0,0,0,0,0,0,0,0,0,0,0,0,0,0,0,0
,,,,,,34,2026-02-12 13:13:13.165905,WNTR,24.98,24.95,24.98,,300.0,231300.0,4000.0,,,,,3500.0,,,6000.0,,4050.0,1100.0,,,,,,,,426500.0,,,2000.0,6000.0,,3000.0,6000.0,2262.0,3200.0,,,,,,50.0,,,,,6000.0,,,10000.0,12000.0,5812.0,10000.0,4050.0,795.0,904.0,2053.0,4000.0,23250.0,0,0,0,0,0,0,0,0,0,0,0,0,0,0,0,0,0,0,0,0,0
2.0,1.0,1.0,,Aggregate Position Limit,Your CRO has set the aggregate position limit to 10000 shares for this week.,35,2026-02-12 13:13:14.205535,SPNG,24.88,25.05,25.07,5000.0,1524.0,3500.0,2270.0,2017.0,5000.0,10000.0,436300.0,4000.0,4000.0,6000.0,1758.0,1200.0,1100.0,3000.0,2148.0,3200.0,2000.0,5625.0,45.0,5625.0,11250.0,3000.0,2500.0,6000.0,3500.0,6000.0,4500.0,2625.0,4000.0,,,,,,,,,,,,,,,,,,,,,,0,0,0,0,0,0,0,0,0,0,0,0,0,0,0,0,0,0,0,0,0,0,0,0,0
1.0,1.0,1.0,,Welcome to the RITC 2026 Alogithmic Market Making Case - practice server,,35,2026-02-12 13:13:14.205535,SMMR,24.93,24.9,24.91,,2330.0,3500.0,,,,,490800.0,,,,,2000.0,,,6000.0,,8000.0,,697.0,,,12000.0,,,3500.0,6000.0,,,,8000.0,5200.0,1600.0,1500.0,115900.0,2200.0,3500.0,2330.0,1500.0,,,,,,,,,,,,,0,0,0,0,0,0,0,0,0,0,0,0,0,0,0,0,0,0,0,0,0,0,0,0,0
,,,,,,35,2026-02-12 13:13:14.205535,ATMN,24.8,24.77,24.8,,,3500.0,1589.0,,,,528800.0,4000.0,,,1198.0,2150.0,1100.0,,9546.0,,,5625.0,5200.0,5625.0,5625.0,,,,,6000.0,,2250.0,,,5200.0,,1616.0,,2200.0,3500.0,,10664.0,2731.0,6000.0,917.0,588.0,1600.0,5000.0,962.0,,,,,,0,0,0,0,0,0,0,0,0,0,0,0,0,0,0,0,0,0,0,0,0,0,0,0,0
,,,,,,35,2026-02-12 13:13:14.205535,WNTR,24.96,24.96,24.97,,1959.0,3500.0,,,,6000.0,231300.0,10000.0,4000.0,,,,,,,3200.0,,,,,,9000.0,,,3500.0,6000.0,,,,,,2500.0,,330000.0,1100.0,,,,,,,,2400.0,,1092.0,35000.0,2491.0,4828.0,6000.0,8000.0,0,0,0,0,0,0,0,0,0,0,0,0,0,0,0,0,0,0,0,0,0,0,0,0,0
2.0,1.0,1.0,,Aggregate Position Limit,Your CRO has set the aggregate position limit to 10000 shares for this week.,36,2026-02-12 13:13:15.248810,SPNG,25.05,25.04,25.06,1100.0,2043.0,1524.0,3500.0,2500.0,879.0,2813.0,2017.0,7000.0,5488.0,4828.0,453.0,10000.0,2625.0,103700.0,4000.0,30000.0,2000.0,800.0,2500.0,32.0,5625.0,5625.0,3500.0,6000.0,15000.0,88300.0,,,,,,,,,,,,,,,,,,,,,,,,,,,,,0,0,0,0,0,0,0,0,0,0,0,0,0,0,0,0,0,0,0,0,0
1.0,1.0,1.0,,Welcome to the RITC 2026 Alogithmic Market Making Case - practice server,,36,2026-02-12 13:13:15.248810,SMMR,24.91,24.9,24.91,2200.0,1600.0,2330.0,3500.0,,,,,3500.0,2250.0,,,,,490800.0,,,,776.0,,697.0,,,3500.0,,,115900.0,4874.0,5200.0,2000.0,3500.0,4610.0,3300.0,2330.0,3000.0,2000.0,899.0,,,,,,,,,,,,,,,,,,,0,0,0,0,0,0,0,0,0,0,0,0,0,0,0,0,0,0,0,0,0
,,,,,,36,2026-02-12 13:13:15.248810,ATMN,24.78,24.76,24.78,2200.0,300.0,,3500.0,,,,,2281.0,1253.0,,,6000.0,,116600.0,4000.0,,,1600.0,,5200.0,5625.0,5625.0,,6000.0,,117900.0,,8350.0,,5937.0,8000.0,2200.0,1433.0,11275.0,,,6964.0,755.0,2000.0,4.0,5000.0,2250.0,,,,,,,,,,,,,0,0,0,0,0,0,0,0,0,0,0,0,0,0,0,0,0,0,0,0,0
,,,,,,36,2026-02-12 13:13:15.248810,WNTR,25.01,24.96,24.97,2200.0,800.0,2055.0,3500.0,,,,,5991.0,750.0,,,,,116300.0,4000.0,,3200.0,,,,,,,,,429400.0,,,,,,1100.0,2055.0,,,,,,,,,,35000.0,5000.0,4000.0,6000.0,59.0,4000.0,942.0,4828.0,6000.0,3000.0,4000.0,23250.0,0,0,0,0,0,0,0,0,0,0,0,0,0,0,0,0,0,0,0,0,0
2.0,1.0,1.0,,Aggregate Position Limit,Your CRO has set the aggregate position limit to 10000 shares for this week.,37,2026-02-12 13:13:16.271690,SPNG,25.06,25.06,25.09,10000.0,10708.0,1100.0,1663.0,10000.0,439.0,6000.0,2625.0,336000.0,4000.0,4000.0,6000.0,533.0,25000.0,199200.0,26.0,4500.0,6000.0,3500.0,1200.0,2625.0,5625.0,6000.0,4489.0,5625.0,,,,,,,,,,,,,,,,,,,,,,,,,,,,0,0,0,0,0,0,0,0,0,0,0,0,0,0,0,0,0,0,0,0,0,0,0,0
1.0,1.0,1.0,,Welcome to the RITC 2026 Alogithmic Market Making Case - practice server,,37,2026-02-12 13:13:16.271690,SMMR,24.91,24.91,24.92,,,,2066.0,,,6000.0,,384000.0,,,,,,115900.0,5200.0,,6000.0,,1300.0,,,,,,8143.0,1600.0,2000.0,3500.0,2437.0,3500.0,1553.0,1500.0,4000.0,600.0,2000.0,3500.0,932.0,5000.0,2250.0,1134.0,899.0,6000.0,6000.0,,,,,,,,,0,0,0,0,0,0,0,0,0,0,0,0,0,0,0,0,0,0,0,0,0,0,0,0
,,,,,,37,2026-02-12 13:13:16.271690,ATMN,24.76,24.75,24.76,,1946.0,,1692.0,,1416.0,3000.0,,528800.0,,,,,,117900.0,,,6000.0,3500.0,,4500.0,5625.0,10000.0,5625.0,5625.0,5200.0,317.0,4000.0,3500.0,3000.0,289.0,,,776.0,1600.0,2000.0,3500.0,,,,859.0,,6000.0,,703.0,2000.0,6000.0,1692.0,2223.0,,,,0,0,0,0,0,0,0,0,0,0,0,0,0,0,0,0,0,0,0,0,0,0,0,0
,,,,,,37,2026-02-12 13:13:16.271690,WNTR,25.02,24.97,24.99,,,,2107.0,,,3000.0,,116300.0,4000.0,,,2400.0,,666900.0,,,3000.0,,950.0,,,,,,,1600.0,,3500.0,,7000.0,2000.0,,,480.0,,,,,,,,6000.0,6000.0,,,,2107.0,1100.0,45000.0,5000.0,35250.0,0,0,0,0,0,0,0,0,0,0,0,0,0,0,0,0,0,0,0,0,0,0,0,0
2.0,1.0,1.0,,Aggregate Position Limit,Your CRO has set the aggregate position limit to 10000 shares for this week.,38,2026-02-12 13:13:17.293467,SPNG,25.04,25.04,25.05,12000.0,2500.0,10000.0,300.0,5625.0,5625.0,3500.0,20000.0,1367.0,3500.0,6000.0,2625.0,5185.0,790.0,2625.0,800.0,3500.0,888.0,5625.0,2500.0,3000.0,6000.0,1990.0,25000.0,88300.0,6000.0,13.0,4000.0,,,,,,,,,,,,,,,,,,,,,,,,,,,0,0,0,0,0,0,0,0,0,0,0,0,0,0,0,0,0,0,0,0,0,0
1.0,1.0,1.0,,Welcome to the RITC 2026 Alogithmic Market Making Case - practice server,,38,2026-02-12 13:13:17.293467,SMMR,24.94,24.91,24.94,9000.0,,,7200.0,,,,,1367.0,3500.0,,,,,,,3500.0,,,,12000.0,,2402.0,,218500.0,6000.0,5200.0,,7302.0,2402.0,2437.0,1553.0,2235.0,2467.0,2000.0,5000.0,899.0,6000.0,2000.0,,,,,,,,,,,,,,,,0,0,0,0,0,0,0,0,0,0,0,0,0,0,0,0,0,0,0,0,0,0
,,,,,,38,2026-02-12 13:13:17.293467,ATMN,24.74,24.73,24.74,6000.0,,,2536.0,,,3500.0,,1100.0,,,2250.0,,5625.0,,6400.0,3500.0,,,,6000.0,10000.0,3809.0,,99400.0,,5240.0,,,,,4786.0,1303.0,,,,,,,2000.0,206300.0,4000.0,3500.0,,,,,,,,,,,,0,0,0,0,0,0,0,0,0,0,0,0,0,0,0,0,0,0,0,0,0,0
,,,,,,38,2026-02-12 13:13:17.293467,WNTR,24.98,24.96,24.98,3000.0,,,,,,3500.0,,3323.0,,,,,,,480.0,3500.0,942.0,,,6000.0,,2573.0,,86800.0,6000.0,,,5275.0,2573.0,,,,1100.0,,,,4828.0,,,116300.0,4000.0,3500.0,4000.0,1900.0,5000.0,6000.0,4000.0,750.0,942.0,5000.0,4000.0,25374.0,750.0,0,0,0,0,0,0,0,0,0,0,0,0,0,0,0,0,0,0,0,0,0,0
2.0,1.0,1.0,,Aggregate Position Limit,Your CRO has set the aggregate position limit to 10000 shares for this week.,39,2026-02-12 13:13:18.318118,SPNG,25.04,25.03,25.04,5250.0,5625.0,2500.0,4752.0,3500.0,2045.0,2622.0,1404.0,1686.0,6000.0,4000.0,4000.0,3500.0,84500.0,7500.0,2461.0,10000.0,395.0,3500.0,2622.0,2500.0,3000.0,5625.0,5000.0,2000.0,4000.0,3500.0,800.0,9238.0,2045.0,2250.0,110900.0,1200.0,,,,,,,,,,,,,,,,,,,,0,0,0,0,0,0,0,0,0,0,0,0,0,0,0,0,0,0,0,0,0,0,0,0
1.0,1.0,1.0,,Welcome to the RITC 2026 Alogithmic Market Making Case - practice server,,39,2026-02-12 13:13:18.318118,SMMR,24.92,24.92,24.93,,,,,3500.0,2980.0,,2400.0,3053.0,15000.0,,,3500.0,222400.0,750.0,,,,3500.0,,,12000.0,,,,,3500.0,300.0,2250.0,2980.0,,115900.0,,2437.0,2943.0,5200.0,1468.0,5000.0,4153.0,1134.0,6000.0,,,,,,,,,,,,0,0,0,0,0,0,0,0,0,0,0,0,0,0,0,0,0,0,0,0,0,0,0,0
,,,,,,39,2026-02-12 13:13:18.318118,ATMN,24.66,24.71,24.73,,8.0,,44.0,,2132.0,,951.0,1686.0,6000.0,,4000.0,,412200.0,2250.0,,,5625.0,7000.0,,,12000.0,,,,,3500.0,800.0,2250.0,2132.0,,99400.0,,3000.0,,5240.0,1303.0,,1367.0,,,755.0,3200.0,10000.0,10000.0,800.0,2250.0,,,,,,0,0,0,0,0,0,0,0,0,0,0,0,0,0,0,0,0,0,0,0,0,0,0,0
,,,,,,39,2026-02-12 13:13:18.318118,WNTR,24.97,24.97,24.98,,,,,3500.0,3240.0,,800.0,,6000.0,,,3500.0,401800.0,,,,,3500.0,,,9000.0,,,,,,,750.0,3240.0,,184300.0,,6000.0,100.0,,,,1100.0,,6000.0,,1900.0,,,,,10000.0,6000.0,5000.0,40374.0,4828.0,0,0,0,0,0,0,0,0,0,0,0,0,0,0,0,0,0,0,0,0,0,0,0,0
2.0,1.0,1.0,,Aggregate Position Limit,Your CRO has set the aggregate position limit to 10000 shares for this week.,40,2026-02-12 13:13:19.349854,SPNG,25.04,25.03,25.04,5625.0,3252.0,888.0,562.0,2500.0,6000.0,5000.0,1100.0,5000.0,1988.0,3500.0,499.0,1750.0,129.0,6000.0,6000.0,5250.0,103700.0,5000.0,1988.0,1600.0,2500.0,5625.0,5000.0,1100.0,7000.0,2744.0,10500.0,2250.0,110900.0,5625.0,1200.0,2625.0,3000.0,1801.0,,,,,,,,,,,,,,,,,,,,,,0,0,0,0,0,0,0,0,0,0,0,0,0,0,0,0,0,0,0,0
1.0,1.0,1.0,,Welcome to the RITC 2026 Alogithmic Market Making Case - practice server,,40,2026-02-12 13:13:19.349854,SMMR,24.95,24.96,24.97,,,,2400.0,,6000.0,,4153.0,,2418.0,,,3500.0,,12000.0,,,224900.0,,2418.0,,,,,1100.0,,,11250.0,,801600.0,,1200.0,,3000.0,,5723.0,1261.0,882.0,774.0,1134.0,6000.0,3500.0,6000.0,,,,,,,,,,,,,,0,0,0,0,0,0,0,0,0,0,0,0,0,0,0,0,0,0,0,0
,,,,,,40,2026-02-12 13:13:19.349854,ATMN,24.67,24.65,24.67,,3.0,,600.0,,,,,,,3500.0,,,,6000.0,,,322500.0,,1932.0,800.0,,,,1100.0,3500.0,,,,,,,,9000.0,,5610.0,,,637.0,,,7000.0,,8000.0,3200.0,3000.0,2000.0,6913.0,10000.0,10000.0,10000.0,,,,,,0,0,0,0,0,0,0,0,0,0,0,0,0,0,0,0,0,0,0,0
,,,,,,40,2026-02-12 13:13:19.349854,WNTR,24.98,24.94,24.97,,,,784.0,,,,1686.0,,,3500.0,,,,6000.0,6000.0,,401800.0,,2670.0,800.0,,,,2200.0,,,24000.0,,298700.0,,,,6000.0,,2000.0,100.0,3746.0,,,6000.0,,,,950.0,6000.0,,1980.0,6000.0,6000.0,,6000.0,10000.0,4000.0,5000.0,4000.0,0,0,0,0,0,0,0,0,0,0,0,0,0,0,0,0,0,0,0,0
2.0,1.0,1.0,,Aggregate Position Limit,Your CRO has set the aggregate position limit to 10000 shares for this week.,41,2026-02-12 13:13:20.379213,SPNG,25.02,25.03,25.04,829.0,5244.0,10000.0,5000.0,593.0,3500.0,1698.0,2200.0,5250.0,6000.0,108100.0,687.0,7500.0,4000.0,3500.0,224500.0,5625.0,5250.0,11250.0,2200.0,5000.0,5602.0,4000.0,5738.0,10500.0,2250.0,6000.0,,,,,,,,,,,,,,,,0,0,0,0,0,0,0,0,0,0,0,0,0,0,0,0,0,0,0,0,0,0,0,0,0,0,0,0,0,0,0,0,0,0
1.0,1.0,1.0,,Welcome to the RITC 2026 Alogithmic Market Making Case - practice server,,41,2026-02-12 13:13:20.379213,SMMR,24.98,24.98,24.99,,,,,800.0,3500.0,2070.0,3300.0,,12000.0,224900.0,,,,3500.0,712900.0,,,,,,,,750.0,11250.0,,,7838.0,6000.0,5000.0,6000.0,1261.0,4284.0,600.0,3000.0,1200.0,4140.0,,,,,,0,0,0,0,0,0,0,0,0,0,0,0,0,0,0,0,0,0,0,0,0,0,0,0,0,0,0,0,0,0,0,0,0,0
,,,,,,41,2026-02-12 13:13:20.379213,ATMN,24.64,24.64,24.65,,,,,1200.0,3500.0,3308.0,,,6000.0,322500.0,,,,3500.0,95100.0,,,,3300.0,5000.0,11900.0,10000.0,,,,,4550.0,3740.0,5000.0,,,4522.0,1600.0,6000.0,,3308.0,2000.0,2000.0,10000.0,,,0,0,0,0,0,0,0,0,0,0,0,0,0,0,0,0,0,0,0,0,0,0,0,0,0,0,0,0,0,0,0,0,0,0
,,,,,,41,2026-02-12 13:13:20.379213,WNTR,25.07,25.07,25.1,,,,,1602.0,3500.0,3668.0,,,3000.0,124300.0,,,,,529700.0,,,,1100.0,,,4000.0,,29250.0,,6000.0,7000.0,2080.0,2000.0,,5253.0,,,,6400.0,,2000.0,,6000.0,5000.0,6000.0,0,0,0,0,0,0,0,0,0,0,0,0,0,0,0,0,0,0,0,0,0,0,0,0,0,0,0,0,0,0,0,0,0,0
2.0,1.0,1.0,,Aggregate Position Limit,Your CRO has set the aggregate position limit to 10000 shares for this week.,42,2026-02-12 13:13:21.417900,SPNG,25.03,25.03,25.05,753.0,5250.0,7122.0,5000.0,1925.0,3500.0,2259.0,623.0,108100.0,6000.0,172.0,7500.0,4000.0,4000.0,829.0,113600.0,5625.0,6000.0,5625.0,3500.0,2400.0,5625.0,2625.0,4400.0,6000.0,2500.0,4000.0,5000.0,,,,,,,,,,,,,,,,,,,,,,,,0,0,0,0,0,0,0,0,0,0,0,0,0,0,0,0,0,0,0,0,0,0,0,0,0
1.0,1.0,1.0,,Welcome to the RITC 2026 Alogithmic Market Making Case - practice server,,42,2026-02-12 13:13:21.417900,SMMR,25.07,25.05,25.07,800.0,,,,2346.0,,,,335400.0,15000.0,,,,,,403500.0,,,,3500.0,600.0,,,,,,,,5000.0,3300.0,2000.0,2943.0,6000.0,1300.0,2000.0,1500.0,6000.0,1140.0,4000.0,11250.0,6000.0,,,,,,,,,,,0,0,0,0,0,0,0,0,0,0,0,0,0,0,0,0,0,0,0,0,0,0,0,0,0
,,,,,,42,2026-02-12 13:13:21.417900,ATMN,24.63,24.63,24.64,600.0,,,,1756.0,3500.0,,,429500.0,6000.0,,6750.0,,,,95100.0,,,,,800.0,,,3300.0,10000.0,,10000.0,5000.0,5000.0,,,,,3200.0,,,6000.0,624.0,,4500.0,,2275.0,2000.0,3000.0,10000.0,3631.0,10000.0,5950.0,,,,0,0,0,0,0,0,0,0,0,0,0,0,0,0,0,0,0,0,0,0,0,0,0,0,0
,,,,,,42,2026-02-12 13:13:21.417900,WNTR,24.94,24.96,24.97,3740.0,,,,4616.0,,,,103800.0,,,750.0,,,,226800.0,,6000.0,,3500.0,8000.0,,,,,,,,,,1272.0,35.0,,,,750.0,3000.0,,,,,3500.0,,,,,,,612.0,15000.0,800.0,0,0,0,0,0,0,0,0,0,0,0,0,0,0,0,0,0,0,0,0,0,0,0,0,0
2.0,1.0,1.0,,Aggregate Position Limit,Your CRO has set the aggregate position limit to 10000 shares for this week.,43,2026-02-12 13:13:22.442282,SPNG,24.94,25.03,25.04,172.0,2928.0,3000.0,1907.0,340400.0,3750.0,4000.0,2625.0,5625.0,4000.0,3227.0,6000.0,1200.0,1100.0,10000.0,2545.0,4800.0,5856.0,5063.0,5625.0,7000.0,2044.0,2500.0,2625.0,2200.0,,,,,,,,,,,,,,,,,,,,,,,,,,,,,0,0,0,0,0,0,0,0,0,0,0,0,0,0,0,0,0,0,0,0,0,0,0
1.0,1.0,1.0,,Welcome to the RITC 2026 Alogithmic Market Making Case - practice server,,43,2026-02-12 13:13:22.442282,SMMR,24.96,24.95,24.96,,,,437.0,222400.0,,,,,,,,4000.0,6353.0,,907.0,,,,,3500.0,2488.0,,,,7740.0,3500.0,907.0,800.0,6000.0,553800.0,3000.0,5000.0,3500.0,750.0,4000.0,11250.0,6000.0,871.0,,,,,,,,,,,,,,,0,0,0,0,0,0,0,0,0,0,0,0,0,0,0,0,0,0,0,0,0,0,0
,,,,,,43,2026-02-12 13:13:22.442282,ATMN,24.62,24.62,24.64,,,9000.0,1876.0,650200.0,9000.0,,,,,,,3200.0,,,,800.0,,,,3500.0,1915.0,,4500.0,5500.0,,3500.0,,,,95100.0,,5000.0,5950.0,2250.0,,4500.0,,,3000.0,6000.0,10000.0,20000.0,6000.0,,,,,,,,,,0,0,0,0,0,0,0,0,0,0,0,0,0,0,0,0,0,0,0,0,0,0,0
,,,,,,43,2026-02-12 13:13:22.442282,WNTR,24.96,24.95,24.96,,,3000.0,,,750.0,,,,,,,2000.0,1100.0,,,7200.0,,,,3500.0,,,,,424.0,3500.0,,2400.0,,116000.0,3000.0,,3500.0,750.0,,,,,,,,,,5000.0,4000.0,5200.0,2400.0,10000.0,5000.0,1275.0,5200.0,4000.0,0,0,0,0,0,0,0,0,0,0,0,0,0,0,0,0,0,0,0,0,0,0,0
2.0,1.0,1.0,,Aggregate Position Limit,Your CRO has set the aggregate position limit to 10000 shares for this week.,44,2026-02-12 13:13:23.467722,SPNG,25.05,25.04,25.05,82700.0,5337.0,10000.0,399.0,4426.0,3561.0,1492.0,3500.0,2500.0,6000.0,3000.0,4000.0,20000.0,5625.0,5625.0,4376.0,3500.0,5250.0,2409.0,5209.0,800.0,110100.0,3000.0,2500.0,6000.0,4000.0,5250.0,2869.0,4000.0,,,,,,,,,,,,,,,,,,,,,,,,,0,0,0,0,0,0,0,0,0,0,0,0,0,0,0,0,0,0,0,0,0,0,0
1.0,1.0,1.0,,Welcome to the RITC 2026 Alogithmic Market Making Case - practice server,,44,2026-02-12 13:13:23.467722,SMMR,24.95,24.95,24.96,409100.0,,,,,,,3500.0,,,3000.0,,,,,5731.0,3500.0,,,,300.0,457900.0,6000.0,,,,5250.0,,,3305.0,7453.0,4000.0,2580.0,3949.0,1221.0,6610.0,2200.0,5000.0,1221.0,3300.0,,,,,,,,,,,,,,0,0,0,0,0,0,0,0,0,0,0,0,0,0,0,0,0,0,0,0,0,0,0
,,,,,,44,2026-02-12 13:13:23.467722,ATMN,24.63,24.63,24.64,231600.0,,,1500.0,,,,3500.0,,,6000.0,,,,5625.0,4621.0,,2250.0,,,4000.0,95100.0,3000.0,,10000.0,,,,,3648.0,,3200.0,,,,2905.0,,5000.0,,2000.0,2000.0,5000.0,3000.0,12000.0,5625.0,2250.0,6000.0,313.0,,,,,,0,0,0,0,0,0,0,0,0,0,0,0,0,0,0,0,0,0,0,0,0,0,0
,,,,,,44,2026-02-12 13:13:23.467722,WNTR,24.98,24.99,25.01,,,,800.0,,,,3500.0,,,6000.0,,,,,7043.0,,,,5200.0,992.0,437300.0,,,6000.0,6000.0,12000.0,,8000.0,3305.0,1100.0,,5631.0,,,,1100.0,5000.0,,,,5000.0,,,,,,6000.0,20000.0,3000.0,7367.0,612.0,4000.0,0,0,0,0,0,0,0,0,0,0,0,0,0,0,0,0,0,0,0,0,0,0,0
2.0,1.0,1.0,,Aggregate Position Limit,Your CRO has set the aggregate position limit to 10000 shares for this week.,45,2026-02-12 13:13:24.509396,SPNG,25.1,25.04,25.07,5000.0,326.0,10000.0,600.0,3500.0,233.0,473200.0,1200.0,401.0,1100.0,3000.0,11250.0,401.0,221000.0,6000.0,3111.0,13.0,5250.0,4000.0,15750.0,8250.0,5625.0,1200.0,,,,,,,,,,,,,,,,,,,,,,,,,,,,0,0,0,0,0,0,0,0,0,0,0,0,0,0,0,0,0,0,0,0,0,0,0,0,0,0
1.0,1.0,1.0,,Welcome to the RITC 2026 Alogithmic Market Making Case - practice server,,45,2026-02-12 13:13:24.509396,SMMR,25.0,25.0,25.01,,,,1600.0,3500.0,,233500.0,4000.0,,7561.0,,,,344100.0,6000.0,,,,,5250.0,,,4000.0,2354.0,3305.0,3000.0,6000.0,666.0,666.0,3993.0,900.0,2308.0,6000.0,,,,,,,,,,,,,,,,,,0,0,0,0,0,0,0,0,0,0,0,0,0,0,0,0,0,0,0,0,0,0,0,0,0,0
,,,,,,45,2026-02-12 13:13:24.509396,ATMN,24.54,24.6,24.62,,,,,,2813.0,537700.0,1200.0,,,,,,95100.0,3000.0,,5267.0,2250.0,,,,,2000.0,,,15000.0,,,,2000.0,1600.0,2308.0,,618.0,2250.0,6000.0,5200.0,6000.0,4000.0,5625.0,5625.0,3500.0,2270.0,5000.0,2250.0,6000.0,,,,,0,0,0,0,0,0,0,0,0,0,0,0,0,0,0,0,0,0,0,0,0,0,0,0,0,0
,,,,,,45,2026-02-12 13:13:24.509396,WNTR,24.92,24.92,24.94,,,,800.0,3500.0,,523500.0,1300.0,,1100.0,,6000.0,,116000.0,3000.0,3000.0,,,6000.0,,,,2000.0,3317.0,,3000.0,,,,2862.0,656.0,1100.0,6000.0,510.0,,,147.0,6000.0,4000.0,,,3500.0,3317.0,10000.0,,,1275.0,6000.0,10000.0,4000.0,0,0,0,0,0,0,0,0,0,0,0,0,0,0,0,0,0,0,0,0,0,0,0,0,0,0
2.0,1.0,1.0,,Aggregate Position Limit,Your CRO has set the aggregate position limit to 10000 shares for this week.,46,2026-02-12 13:13:25.548989,SPNG,24.99,24.96,24.99,3500.0,10000.0,2500.0,1899.0,387.0,3000.0,3903.0,2795.0,243.0,1400.0,4310.0,724.0,2625.0,119800.0,1200.0,832.0,15000.0,9105.0,2500.0,1600.0,5063.0,9000.0,5625.0,5625.0,5625.0,658.0,6000.0,401.0,2625.0,110100.0,,,,,,,,,,,,,,,,,,,,,,,,0,0,0,0,0,0,0,0,0,0,0,0,0,0,0,0,0,0,0,0,0,0,0
1.0,1.0,1.0,,Welcome to the RITC 2026 Alogithmic Market Making Case - practice server,,46,2026-02-12 13:13:25.548989,SMMR,25.01,25.0,25.01,3500.0,,,2221.0,2400.0,3000.0,1494.0,4667.0,,,1250.0,,,116800.0,4000.0,,,5638.0,,600.0,1250.0,6000.0,,,,,6000.0,1060.0,,217100.0,500.0,952.0,3993.0,3500.0,3408.0,764.0,,,,,,,,,,,,,,,,,,0,0,0,0,0,0,0,0,0,0,0,0,0,0,0,0,0,0,0,0,0,0,0
,,,,,,46,2026-02-12 13:13:25.548989,ATMN,24.61,24.58,24.61,3500.0,,,1942.0,696.0,15000.0,2916.0,,,,1327.0,,4500.0,213000.0,1200.0,,,2916.0,,1600.0,2969.0,6000.0,5625.0,5625.0,,,,,,,,,209.0,3500.0,1100.0,,5200.0,12000.0,4000.0,6000.0,10000.0,5000.0,5267.0,1300.0,2250.0,2000.0,,,,,,,,0,0,0,0,0,0,0,0,0,0,0,0,0,0,0,0,0,0,0,0,0,0,0
,,,,,,46,2026-02-12 13:13:25.548989,WNTR,25.01,25.07,25.08,3500.0,,,3744.0,800.0,6000.0,2916.0,,3763.0,,625.0,,,88100.0,,,,,,450.0,,3000.0,,,,,,,,321300.0,1000.0,,369.0,,3300.0,,5.0,,4000.0,6000.0,,,5200.0,3200.0,,,2000.0,10000.0,5000.0,4000.0,4000.0,6000.0,12000.0,0,0,0,0,0,0,0,0,0,0,0,0,0,0,0,0,0,0,0,0,0,0,0
2.0,1.0,1.0,,Aggregate Position Limit,Your CRO has set the aggregate position limit to 10000 shares for this week.,47,2026-02-12 13:13:26.575799,SPNG,24.99,24.94,24.98,10000.0,1473.0,2916.0,1400.0,2625.0,3000.0,384800.0,1200.0,1100.0,4000.0,6000.0,6000.0,104.0,67.0,10000.0,4950.0,1600.0,2500.0,7979.0,6000.0,6053.0,10000.0,5625.0,5625.0,6000.0,2625.0,10000.0,1846.0,,,,,,,,,,,,,,,,,,,,,0,0,0,0,0,0,0,0,0,0,0,0,0,0,0,0,0,0,0,0,0,0,0,0,0,0,0,0
1.0,1.0,1.0,,Welcome to the RITC 2026 Alogithmic Market Making Case - practice server,,47,2026-02-12 13:13:26.575799,SMMR,25.04,25.03,25.04,,1494.0,625.0,,,,87800.0,,2795.0,,3000.0,,,,,,,,1208.0,6000.0,2308.0,,,,,,,,2310.0,3500.0,8000.0,3488.0,2769.0,540000.0,3500.0,4000.0,11250.0,,,,,,,,,,,,0,0,0,0,0,0,0,0,0,0,0,0,0,0,0,0,0,0,0,0,0,0,0,0,0,0,0,0
,,,,,,47,2026-02-12 13:13:26.575799,ATMN,24.61,24.59,24.61,,5638.0,,,2250.0,,,,,,3000.0,,,1406.0,,,5600.0,,5542.0,,,,5625.0,5625.0,6000.0,,,2102.0,,3500.0,5013.0,5949.0,6000.0,,3500.0,,,5200.0,6000.0,754.0,6000.0,5625.0,,,,,,,0,0,0,0,0,0,0,0,0,0,0,0,0,0,0,0,0,0,0,0,0,0,0,0,0,0,0,0
,,,,,,47,2026-02-12 13:13:26.575799,WNTR,25.06,25.04,25.06,10000.0,2611.0,1208.0,,,,88100.0,,1695.0,4000.0,6000.0,,,,,1996.0,,,583.0,,2795.0,,,,,,,,2169.0,,,,246.0,223800.0,3500.0,2000.0,12000.0,7.0,,,16000.0,,15000.0,6000.0,4000.0,15000.0,5200.0,6000.0,0,0,0,0,0,0,0,0,0,0,0,0,0,0,0,0,0,0,0,0,0,0,0,0,0,0,0,0
2.0,1.0,1.0,,Aggregate Position Limit,Your CRO has set the aggregate position limit to 10000 shares for this week.,48,2026-02-12 13:13:27.599862,SPNG,24.95,24.95,24.99,3500.0,5266.0,453.0,2500.0,2631.0,547500.0,1200.0,2821.0,1419.0,1100.0,11250.0,3000.0,3000.0,5000.0,4389.0,1607.0,1100.0,2633.0,2625.0,5625.0,4500.0,6000.0,5625.0,5625.0,6000.0,9000.0,5200.0,3500.0,110100.0,130.0,,,,,,,,,,,,,,,,,,,,,,,,0,0,0,0,0,0,0,0,0,0,0,0,0,0,0,0,0,0,0,0,0,0,0
1.0,1.0,1.0,,Welcome to the RITC 2026 Alogithmic Market Making Case - practice server,,48,2026-02-12 13:13:27.599862,SMMR,25.09,25.09,25.1,3500.0,,,,,407000.0,2700.0,,,5253.0,,3000.0,,,,,,,,,,,,,,15000.0,,,903100.0,,541.0,2627.0,3488.0,3949.0,952.0,500.0,4000.0,11250.0,,,,,,,,,,,,,,,,0,0,0,0,0,0,0,0,0,0,0,0,0,0,0,0,0,0,0,0,0,0,0
,,,,,,48,2026-02-12 13:13:27.599862,ATMN,24.62,24.63,24.69,,,,,4395.0,,,5625.0,5625.0,,,3000.0,,,,2259.0,,,9000.0,3218.0,,,4130.0,,,3000.0,,3500.0,877400.0,,1327.0,2259.0,,,,,,,2000.0,3612.0,1114.0,3853.0,6000.0,2250.0,5000.0,4000.0,6000.0,,,,,,,0,0,0,0,0,0,0,0,0,0,0,0,0,0,0,0,0,0,0,0,0,0,0
,,,,,,48,2026-02-12 13:13:27.599862,WNTR,25.05,25.04,25.05,,,,,,,,,,4358.0,,3000.0,,,541.0,,5458.0,,,,,6000.0,,,6000.0,,,3500.0,341500.0,,,2480.0,11341.0,,,6000.0,1300.0,6000.0,,,5600.0,,,,,,,5000.0,300.0,4000.0,15000.0,3850.0,4000.0,0,0,0,0,0,0,0,0,0,0,0,0,0,0,0,0,0,0,0,0,0,0,0
2.0,1.0,1.0,,Aggregate Position Limit,Your CRO has set the aggregate position limit to 10000 shares for this week.,49,2026-02-12 13:13:28.617888,SPNG,24.99,24.98,24.99,20000.0,2812.0,6282.0,3500.0,646.0,2633.0,3055.0,2500.0,3955.0,5000.0,1400.0,3000.0,2625.0,3000.0,100300.0,3500.0,2500.0,3320.0,3955.0,2400.0,5000.0,5625.0,5625.0,5625.0,130.0,2625.0,110100.0,6000.0,5000.0,2250.0,5.0,,,,,,,,,,,,,,,,,,,,,,0,0,0,0,0,0,0,0,0,0,0,0,0,0,0,0,0,0,0,0,0,0,0,0
1.0,1.0,1.0,,Welcome to the RITC 2026 Alogithmic Market Making Case - practice server,,49,2026-02-12 13:13:28.617888,SMMR,24.91,24.91,24.99,,,,,,,,,6353.0,5000.0,,9000.0,,,617400.0,3500.0,,2296.0,,1050.0,,,,,,,533000.0,9000.0,,,7958.0,2700.0,10600.0,2138.0,1300.0,11250.0,,,,,,,,,,,,,,,,,0,0,0,0,0,0,0,0,0,0,0,0,0,0,0,0,0,0,0,0,0,0,0,0
,,,,,,49,2026-02-12 13:13:28.617888,ATMN,24.63,24.62,24.63,,5625.0,5625.0,,5600.0,,868.0,,1100.0,5000.0,,9000.0,,,93900.0,3500.0,,2182.0,,2570.0,,3062.0,7690.0,2994.0,,2250.0,95800.0,6000.0,,,,,,,,,6000.0,2182.0,5625.0,6000.0,2250.0,754.0,4000.0,,,,,,,,,,0,0,0,0,0,0,0,0,0,0,0,0,0,0,0,0,0,0,0,0,0,0,0,0
,,,,,,49,2026-02-12 13:13:28.617888,WNTR,25.04,25.04,25.05,,,,3500.0,1600.0,,1320.0,,5458.0,,,6000.0,,,,3500.0,,,6558.0,539.0,10000.0,,,,,,223800.0,,,,,,,,,,6000.0,2398.0,,,,,4000.0,10000.0,9815.0,6000.0,8000.0,10000.0,30000.0,6000.0,4000.0,6000.0,0,0,0,0,0,0,0,0,0,0,0,0,0,0,0,0,0,0,0,0,0,0,0,0
2.0,1.0,1.0,,Aggregate Position Limit,Your CRO has set the aggregate position limit to 10000 shares for this week.,50,2026-02-12 13:13:29.635308,SPNG,25.02,25.02,25.04,3500.0,2500.0,2813.0,25000.0,611.0,2625.0,1000.0,111500.0,6000.0,4522.0,6000.0,5625.0,3500.0,6000.0,10500.0,8250.0,4000.0,8.0,3000.0,2000.0,5625.0,1895.0,6000.0,4000.0,2500.0,,,,,,,,,,,,,,,,,,,,,,,0,0,0,0,0,0,0,0,0,0,0,0,0,0,0,0,0,0,0,0,0,0,0,0,0,0,0,0,0
1.0,1.0,1.0,,Welcome to the RITC 2026 Alogithmic Market Making Case - practice server,,50,2026-02-12 13:13:29.635308,SMMR,24.93,24.94,24.96,3500.0,,,,,,5000.0,116800.0,6000.0,4800.0,6000.0,,3500.0,,,,,12788.0,3000.0,2000.0,,2261.0,,,,1944.0,3000.0,5200.0,3949.0,5253.0,4522.0,4110.0,5522.0,205200.0,,,,,,,,,,,,,,0,0,0,0,0,0,0,0,0,0,0,0,0,0,0,0,0,0,0,0,0,0,0,0,0,0,0,0,0
,,,,,,50,2026-02-12 13:13:29.635308,ATMN,24.53,24.53,24.69,,,5625.0,,,,,709100.0,,,,,3500.0,,,,,,6000.0,1200.0,,,,,,,,,6000.0,,,2060.0,,1079000.0,4000.0,4000.0,5625.0,5625.0,5250.0,950.0,3318.0,,,,,,,0,0,0,0,0,0,0,0,0,0,0,0,0,0,0,0,0,0,0,0,0,0,0,0,0,0,0,0,0
,,,,,,50,2026-02-12 13:13:29.635308,WNTR,25.07,25.07,25.08,3500.0,,,,,,,,,800.0,,,,,24000.0,,,5200.0,,,,,,4000.0,,,3000.0,5203.0,,1100.0,2362.0,,9353.0,522500.0,6000.0,,,,,,,4000.0,1453.0,30000.0,1171.0,4000.0,6000.0,0,0,0,0,0,0,0,0,0,0,0,0,0,0,0,0,0,0,0,0,0,0,0,0,0,0,0,0,0
2.0,1.0,1.0,,Aggregate Position Limit,Your CRO has set the aggregate position limit to 10000 shares for this week.,51,2026-02-12 13:13:30.650567,SPNG,24.99,24.98,24.99,111500.0,15000.0,6000.0,3000.0,1994.0,2178.0,1000.0,2667.0,3500.0,2316.0,15000.0,2500.0,2633.0,5000.0,800.0,6000.0,6000.0,2316.0,10500.0,8.0,5250.0,2000.0,5625.0,6000.0,4000.0,2625.0,,,,,,,,,,,,,,,,,,,,,,,,,,,,,0,0,0,0,0,0,0,0,0,0,0,0,0,0,0,0,0,0,0,0,0,0
1.0,1.0,1.0,,Welcome to the RITC 2026 Alogithmic Market Making Case - practice server,,51,2026-02-12 13:13:30.650567,SMMR,24.96,24.95,24.96,313000.0,,6000.0,9000.0,,800.0,,6353.0,3500.0,3140.0,,,,,,6000.0,,3140.0,,,11250.0,3200.0,,,,,1944.0,2908.0,5200.0,3949.0,3500.0,5055.0,4000.0,965.0,518000.0,1400.0,,,,,,,,,,,,,,,,,,,0,0,0,0,0,0,0,0,0,0,0,0,0,0,0,0,0,0,0,0,0,0
,,,,,,51,2026-02-12 13:13:30.650567,ATMN,24.56,24.56,24.6,507300.0,,,,,,,,,,,,,,1304.0,15000.0,,,,,,,828.0,,,,,,6284.0,6000.0,3500.0,2667.0,,,391200.0,,6000.0,1400.0,4000.0,4000.0,5625.0,5625.0,5625.0,3000.0,4000.0,893.0,2813.0,549.0,,,,,,,0,0,0,0,0,0,0,0,0,0,0,0,0,0,0,0,0,0,0,0,0,0
,,,,,,51,2026-02-12 13:13:30.650567,WNTR,25.09,25.08,25.09,,,,6000.0,,3200.0,,,,2886.0,,,,,600.0,,,,,5200.0,6000.0,1300.0,,,8000.0,,,1658.0,5201.0,,3500.0,10920.0,,,321300.0,,,,6000.0,,,,,,2000.0,,,,500.0,2000.0,30000.0,10000.0,6000.0,4000.0,0,0,0,0,0,0,0,0,0,0,0,0,0,0,0,0,0,0,0,0,0,0
2.0,1.0,1.0,,Aggregate Position Limit,Your CRO has set the aggregate position limit to 10000 shares for this week.,52,2026-02-12 13:13:31.668755,SPNG,25.01,25.01,25.02,5200.0,15000.0,2500.0,3598.0,3837.0,3889.0,2625.0,5600.0,2550.0,1902.0,20000.0,2625.0,8000.0,5202.0,2000.0,110900.0,6000.0,5625.0,,,,,,,,,,,,,,,,,,,,,,,,,,,0,0,0,0,0,0,0,0,0,0,0,0,0,0,0,0,0,0,0,0,0,0,0,0,0,0,0,0,0,0,0,0
1.0,1.0,1.0,,Welcome to the RITC 2026 Alogithmic Market Making Case - practice server,,52,2026-02-12 13:13:31.668755,SMMR,24.95,24.95,24.96,5200.0,,,,,,,1600.0,3514.0,300.0,,,,,2000.0,95100.0,,,15000.0,2796.0,1454.0,6000.0,3500.0,5767.0,116800.0,3500.0,12000.0,5822.0,7255.0,387.0,3514.0,635.0,,,,,,,,,,,,,0,0,0,0,0,0,0,0,0,0,0,0,0,0,0,0,0,0,0,0,0,0,0,0,0,0,0,0,0,0,0,0
,,,,,,52,2026-02-12 13:13:31.668755,ATMN,24.52,24.52,24.57,1350.0,,,5211.0,1406.0,,,,,800.0,,2250.0,,,,197600.0,,5625.0,3000.0,,,,,,615200.0,3500.0,9000.0,4000.0,2200.0,,,,8300.0,5250.0,1000.0,6000.0,5625.0,5625.0,,,,,,,0,0,0,0,0,0,0,0,0,0,0,0,0,0,0,0,0,0,0,0,0,0,0,0,0,0,0,0,0,0,0,0
,,,,,,52,2026-02-12 13:13:31.668755,WNTR,24.9,24.9,25.09,,,,,,,,,,600.0,,,,5200.0,,321300.0,,,,,,,,4017.0,1061600.0,3500.0,,,9820.0,,,,2400.0,23250.0,,,,,1400.0,19369.0,6000.0,6000.0,4000.0,4000.0,0,0,0,0,0,0,0,0,0,0,0,0,0,0,0,0,0,0,0,0,0,0,0,0,0,0,0,0,0,0,0,0
2.0,1.0,1.0,,Aggregate Position Limit,Your CRO has set the aggregate position limit to 10000 shares for this week.,53,2026-02-12 13:13:32.684742,SPNG,25.01,25.01,25.02,30000.0,2500.0,3000.0,2227.0,800.0,5625.0,5625.0,5625.0,2625.0,5000.0,3500.0,300.0,20000.0,4548.0,4054.0,5250.0,3792.0,117500.0,6000.0,5200.0,1300.0,4000.0,,,,,,,,,,,,,,,,,,,,0,0,0,0,0,0,0,0,0,0,0,0,0,0,0,0,0,0,0,0,0,0,0,0,0,0,0,0,0,0,0,0,0,0,0
1.0,1.0,1.0,,Welcome to the RITC 2026 Alogithmic Market Making Case - practice server,,53,2026-02-12 13:13:32.684742,SMMR,24.97,24.97,24.98,,,9000.0,,800.0,,,,,,,808.0,,,,,4696.0,95100.0,6000.0,,2000.0,,481600.0,4696.0,3500.0,8553.0,1400.0,9455.0,2730.0,195.0,1077.0,6000.0,,,,,,,,,,0,0,0,0,0,0,0,0,0,0,0,0,0,0,0,0,0,0,0,0,0,0,0,0,0,0,0,0,0,0,0,0,0,0,0
,,,,,,53,2026-02-12 13:13:32.684742,ATMN,24.56,24.53,24.56,,,3000.0,,719.0,651.0,44.0,591.0,,,3500.0,1600.0,,,414.0,2250.0,4138.0,197600.0,6000.0,,,,413900.0,,3500.0,,,3300.0,3704.0,,,,6400.0,1417.0,3000.0,1000.0,4000.0,,,,,0,0,0,0,0,0,0,0,0,0,0,0,0,0,0,0,0,0,0,0,0,0,0,0,0,0,0,0,0,0,0,0,0,0,0
,,,,,,53,2026-02-12 13:13:32.684742,WNTR,25.04,25.01,25.04,,,3000.0,1958.0,1492.0,,,,,,3500.0,,,,,,4298.0,88000.0,,5200.0,700.0,6000.0,502500.0,,3500.0,1208.0,,,3932.0,,1958.0,6000.0,1200.0,5900.0,6000.0,,,2000.0,358.0,4000.0,45000.0,0,0,0,0,0,0,0,0,0,0,0,0,0,0,0,0,0,0,0,0,0,0,0,0,0,0,0,0,0,0,0,0,0,0,0
2.0,1.0,1.0,,Aggregate Position Limit,Your CRO has set the aggregate position limit to 10000 shares for this week.,54,2026-02-12 13:13:33.701526,SPNG,25.07,25.07,25.2,3500.0,2000.0,5200.0,28017.0,3112.0,3200.0,1360.0,3000.0,6000.0,1100.0,4000.0,5200.0,724200.0,1005.0,3500.0,6000.0,3200.0,2838.0,5250.0,,,,,,,,,,,,,,,,,,,,,,,,,,0,0,0,0,0,0,0,0,0,0,0,0,0,0,0,0,0,0,0,0,0,0,0,0,0,0,0,0,0,0,0,0
1.0,1.0,1.0,,Welcome to the RITC 2026 Alogithmic Market Making Case - practice server,,54,2026-02-12 13:13:33.701526,SMMR,25.07,25.06,25.07,3500.0,,,,3924.0,1600.0,1571.0,6000.0,,8553.0,,,1207700.0,,3500.0,6000.0,1200.0,,16550.0,195.0,290600.0,6000.0,952.0,404.0,,,,,,,,,,,,,,,,,,,,,0,0,0,0,0,0,0,0,0,0,0,0,0,0,0,0,0,0,0,0,0,0,0,0,0,0,0,0,0,0,0,0
,,,,,,54,2026-02-12 13:13:33.701526,ATMN,24.56,24.54,24.56,3500.0,2000.0,6212.0,,519.0,800.0,1830.0,3000.0,4000.0,1100.0,,5200.0,91300.0,,,9000.0,,,,,219200.0,,,576.0,4500.0,1000.0,2250.0,1102.0,6000.0,2250.0,8282.0,6085.0,1830.0,450.0,6000.0,4000.0,4000.0,3226.0,1100.0,,,,,,0,0,0,0,0,0,0,0,0,0,0,0,0,0,0,0,0,0,0,0,0,0,0,0,0,0,0,0,0,0,0,0
,,,,,,54,2026-02-12 13:13:33.701526,WNTR,25.03,24.96,25.01,,,5200.0,,,1600.0,,6000.0,,2664.0,2000.0,8630.0,88000.0,,3500.0,3000.0,,,,,741700.0,,,,,,,,,,3932.0,10000.0,1759.0,,,,,,,3500.0,358.0,4000.0,18000.0,40000.0,0,0,0,0,0,0,0,0,0,0,0,0,0,0,0,0,0,0,0,0,0,0,0,0,0,0,0,0,0,0,0,0
2.0,1.0,1.0,,Aggregate Position Limit,Your CRO has set the aggregate position limit to 10000 shares for this week.,55,2026-02-12 13:13:34.717694,SPNG,25.21,25.14,25.18,4000.0,9000.0,2500.0,3300.0,6000.0,800.0,12000.0,8000.0,2924.0,5625.0,2625.0,5625.0,111500.0,5000.0,909700.0,598.0,12000.0,2838.0,5250.0,1693.0,,,,,,,,,,,,,,0,0,0,0,0,0,0,0,0,0,0,0,0,0,0,0,0,0,0,0,0,0,0,0,0,0,0,0,0,0,0,0,0,0,0,0,0,0,0,0,0,0,0
1.0,1.0,1.0,,Welcome to the RITC 2026 Alogithmic Market Making Case - practice server,,55,2026-02-12 13:13:34.717694,SMMR,24.99,24.88,24.99,,6000.0,,1100.0,,,,,,,,,1287800.0,,906800.0,,3000.0,,11250.0,,21200.0,1616.0,6000.0,3500.0,,,,,,,,,,0,0,0,0,0,0,0,0,0,0,0,0,0,0,0,0,0,0,0,0,0,0,0,0,0,0,0,0,0,0,0,0,0,0,0,0,0,0,0,0,0,0,0
,,,,,,55,2026-02-12 13:13:34.717694,ATMN,24.51,24.51,24.53,,6000.0,,,,6400.0,,6000.0,6000.0,,,10.0,317200.0,,,6335.0,3000.0,,,4188.0,3000.0,7360.0,1795.0,3500.0,4188.0,516.0,4000.0,2250.0,,,,,,0,0,0,0,0,0,0,0,0,0,0,0,0,0,0,0,0,0,0,0,0,0,0,0,0,0,0,0,0,0,0,0,0,0,0,0,0,0,0,0,0,0,0
,,,,,,55,2026-02-12 13:13:34.717694,WNTR,24.95,24.96,24.97,,12000.0,,2664.0,,1600.0,4000.0,,,,,,973100.0,,121200.0,5857.0,3000.0,,,4027.0,12000.0,1392.0,2379.0,3500.0,,,,,1734.0,1100.0,10919.0,10000.0,10000.0,0,0,0,0,0,0,0,0,0,0,0,0,0,0,0,0,0,0,0,0,0,0,0,0,0,0,0,0,0,0,0,0,0,0,0,0,0,0,0,0,0,0,0
2.0,1.0,1.0,,Aggregate Position Limit,Your CRO has set the aggregate position limit to 10000 shares for this week.,56,2026-02-12 13:13:35.737887,SPNG,24.95,24.95,24.98,1050200.0,5055.0,2625.0,5003.0,21750.0,3000.0,3500.0,10000.0,1144500.0,299.0,2500.0,2838.0,5250.0,,,,,,,,,,,,,,,,,0,0,0,0,0,0,0,0,0,0,0,0,0,0,0,0,0,0,0,0,0,0,0,0,0,0,0,0,0,0,0,0,0,0,0,0,0,0,0,0,0,0,0,0,0,0,0
1.0,1.0,1.0,,Welcome to the RITC 2026 Alogithmic Market Making Case - practice server,,56,2026-02-12 13:13:35.737887,SMMR,25.13,24.99,25.02,966500.0,1100.0,,,15900.0,,,,1613800.0,,,,16550.0,2000.0,3500.0,1358.0,671.0,3000.0,2000.0,,,,,,,,,,,0,0,0,0,0,0,0,0,0,0,0,0,0,0,0,0,0,0,0,0,0,0,0,0,0,0,0,0,0,0,0,0,0,0,0,0,0,0,0,0,0,0,0,0,0,0,0
,,,,,,56,2026-02-12 13:13:35.737887,ATMN,24.51,24.51,24.52,1342300.0,1100.0,2250.0,,12506.0,,3500.0,,,9692.0,,,,,3500.0,636.0,,,4000.0,4500.0,8000.0,1100.0,4000.0,2250.0,,,,,,0,0,0,0,0,0,0,0,0,0,0,0,0,0,0,0,0,0,0,0,0,0,0,0,0,0,0,0,0,0,0,0,0,0,0,0,0,0,0,0,0,0,0,0,0,0,0
,,,,,,56,2026-02-12 13:13:35.737887,WNTR,24.93,24.93,24.99,1061600.0,4017.0,,,17250.0,,3500.0,,311800.0,,,,,,3500.0,,,,2000.0,,,5458.0,26000.0,,10000.0,664.0,40000.0,1190.0,755.0,0,0,0,0,0,0,0,0,0,0,0,0,0,0,0,0,0,0,0,0,0,0,0,0,0,0,0,0,0,0,0,0,0,0,0,0,0,0,0,0,0,0,0,0,0,0,0
2.0,1.0,1.0,,Aggregate Position Limit,Your CRO has set the aggregate position limit to 10000 shares for this week.,57,2026-02-12 13:13:36.762511,SPNG,24.98,24.98,25.04,733600.0,5000.0,2500.0,3500.0,25000.0,6000.0,2625.0,2633.0,3500.0,2924.0,2000.0,1123300.0,3000.0,2500.0,10000.0,2838.0,,,,,,,,,0,0,0,0,0,0,0,0,0,0,0,0,0,0,0,0,0,0,0,0,0,0,0,0,0,0,0,0,0,0,0,0,0,0,0,0,0,0,0,0,0,0,0,0,0,0,0,0,0,0,0,0
1.0,1.0,1.0,,Welcome to the RITC 2026 Alogithmic Market Making Case - practice server,,57,2026-02-12 13:13:36.762511,SMMR,25.05,25.01,25.02,1609700.0,,,,,6000.0,,,3500.0,,2000.0,1502100.0,6000.0,,,,4000.0,671.0,,,,,,,0,0,0,0,0,0,0,0,0,0,0,0,0,0,0,0,0,0,0,0,0,0,0,0,0,0,0,0,0,0,0,0,0,0,0,0,0,0,0,0,0,0,0,0,0,0,0,0,0,0,0,0
,,,,,,57,2026-02-12 13:13:36.762511,ATMN,24.63,24.62,24.63,1954500.0,,,3500.0,,3000.0,,,,,,1951000.0,,,,,,,4500.0,,,,,,0,0,0,0,0,0,0,0,0,0,0,0,0,0,0,0,0,0,0,0,0,0,0,0,0,0,0,0,0,0,0,0,0,0,0,0,0,0,0,0,0,0,0,0,0,0,0,0,0,0,0,0
,,,,,,57,2026-02-12 13:13:36.762511,WNTR,24.96,24.89,24.96,1753600.0,,,,,6000.0,,,3500.0,,2000.0,502500.0,3000.0,,,,,,,1000.0,10000.0,40254.0,10000.0,750.0,0,0,0,0,0,0,0,0,0,0,0,0,0,0,0,0,0,0,0,0,0,0,0,0,0,0,0,0,0,0,0,0,0,0,0,0,0,0,0,0,0,0,0,0,0,0,0,0,0,0,0,0
2.0,1.0,1.0,,Aggregate Position Limit,Your CRO has set the aggregate position limit to 10000 shares for this week.,58,2026-02-12 13:13:37.783844,SPNG,24.85,24.85,25.12,1552000.0,7373.0,1000.0,1557700.0,459.0,3000.0,1000.0,2838.0,,,,,0,0,0,0,0,0,0,0,0,0,0,0,0,0,0,0,0,0,0,0,0,0,0,0,0,0,0,0,0,0,0,0,0,0,0,0,0,0,0,0,0,0,0,0,0,0,0,0,0,0,0,0,0,0,0,0,0,0,0,0,0,0,0,0
1.0,1.0,1.0,,Welcome to the RITC 2026 Alogithmic Market Making Case - practice server,,58,2026-02-12 13:13:37.783844,SMMR,24.96,24.95,24.96,1976300.0,,,1994300.0,,,,,,,,,0,0,0,0,0,0,0,0,0,0,0,0,0,0,0,0,0,0,0,0,0,0,0,0,0,0,0,0,0,0,0,0,0,0,0,0,0,0,0,0,0,0,0,0,0,0,0,0,0,0,0,0,0,0,0,0,0,0,0,0,0,0,0,0
,,,,,,58,2026-02-12 13:13:37.783844,ATMN,24.26,24.26,24.28,2226800.0,,,1630000.0,,,,,3000.0,10000.0,6750.0,,0,0,0,0,0,0,0,0,0,0,0,0,0,0,0,0,0,0,0,0,0,0,0,0,0,0,0,0,0,0,0,0,0,0,0,0,0,0,0,0,0,0,0,0,0,0,0,0,0,0,0,0,0,0,0,0,0,0,0,0,0,0,0,0
,,,,,,58,2026-02-12 13:13:37.783844,WNTR,24.89,24.89,24.9,2101400.0,,,1900300.0,,,,,,4000.0,,10000.0,0,0,0,0,0,0,0,0,0,0,0,0,0,0,0,0,0,0,0,0,0,0,0,0,0,0,0,0,0,0,0,0,0,0,0,0,0,0,0,0,0,0,0,0,0,0,0,0,0,0,0,0,0,0,0,0,0,0,0,0,0,0,0,0
2.0,1.0,1.0,,Aggregate Position Limit,Your CRO has set the aggregate position limit to 10000 shares for this week.,59,2026-02-12 13:13:38.805710,SPNG,24.85,24.85,25.1,1583000.0,2500.0,4740.0,1000.0,482.0,1773800.0,2838.0,,,,0,0,0,0,0,0,0,0,0,0,0,0,0,0,0,0,0,0,0,0,0,0,0,0,0,0,0,0,0,0,0,0,0,0,0,0,0,0,0,0,0,0,0,0,0,0,0,0,0,0,0,0,0,0,0,0,0,0,0,0,0,0,0,0,0,0
1.0,1.0,1.0,,Welcome to the RITC 2026 Alogithmic Market Making Case - practice server,,59,2026-02-12 13:13:38.805710,SMMR,25.0,24.96,25.0,1694000.0,,,,,1996600.0,,5866.0,750.0,,0,0,0,0,0,0,0,0,0,0,0,0,0,0,0,0,0,0,0,0,0,0,0,0,0,0,0,0,0,0,0,0,0,0,0,0,0,0,0,0,0,0,0,0,0,0,0,0,0,0,0,0,0,0,0,0,0,0,0,0,0,0,0,0,0,0
,,,,,,59,2026-02-12 13:13:38.805710,ATMN,24.57,24.57,24.63,2214500.0,,,,,2166900.0,,,,,0,0,0,0,0,0,0,0,0,0,0,0,0,0,0,0,0,0,0,0,0,0,0,0,0,0,0,0,0,0,0,0,0,0,0,0,0,0,0,0,0,0,0,0,0,0,0,0,0,0,0,0,0,0,0,0,0,0,0,0,0,0,0,0,0,0
,,,,,,59,2026-02-12 13:13:38.805710,WNTR,24.9,25.03,25.06,1966600.0,,,,,2108600.0,,,,698.0,0,0,0,0,0,0,0,0,0,0,0,0,0,0,0,0,0,0,0,0,0,0,0,0,0,0,0,0,0,0,0,0,0,0,0,0,0,0,0,0,0,0,0,0,0,0,0,0,0,0,0,0,0,0,0,0,0,0,0,0,0,0,0,0,0,0
2.0,1.0,1.0,,Aggregate Position Limit,Your CRO has set the aggregate position limit to 10000 shares for this week.,60,2026-02-12 13:13:39.826636,SPNG,25.06,25.13,25.21,963800.0,2500.0,6000.0,5000.0,4740.0,785900.0,6000.0,2838.0,,,,0,0,0,0,0,0,0,0,0,0,0,0,0,0,0,0,0,0,0,0,0,0,0,0,0,0,0,0,0,0,0,0,0,0,0,0,0,0,0,0,0,0,0,0,0,0,0,0,0,0,0,0,0,0,0,0,0,0,0,0,0,0,0,0,0
1.0,1.0,1.0,,Welcome to the RITC 2026 Alogithmic Market Making Case - practice server,,60,2026-02-12 13:13:39.826636,SMMR,25.77,25.77,25.95,815900.0,,,,,709000.0,,,750.0,,,0,0,0,0,0,0,0,0,0,0,0,0,0,0,0,0,0,0,0,0,0,0,0,0,0,0,0,0,0,0,0,0,0,0,0,0,0,0,0,0,0,0,0,0,0,0,0,0,0,0,0,0,0,0,0,0,0,0,0,0,0,0,0,0,0
,,,,,,60,2026-02-12 13:13:39.826636,ATMN,24.07,24.07,24.51,941100.0,,,,,898400.0,,,,353.0,,0,0,0,0,0,0,0,0,0,0,0,0,0,0,0,0,0,0,0,0,0,0,0,0,0,0,0,0,0,0,0,0,0,0,0,0,0,0,0,0,0,0,0,0,0,0,0,0,0,0,0,0,0,0,0,0,0,0,0,0,0,0,0,0,0
,,,,,,60,2026-02-12 13:13:39.826636,WNTR,24.95,24.4,24.57,918500.0,,,,,824900.0,,,,,6000.0,0,0,0,0,0,0,0,0,0,0,0,0,0,0,0,0,0,0,0,0,0,0,0,0,0,0,0,0,0,0,0,0,0,0,0,0,0,0,0,0,0,0,0,0,0,0,0,0,0,0,0,0,0,0,0,0,0,0,0,0,0,0,0,0,0
2.0,1.0,1.0,,Aggregate Position Limit,Your CRO has set the aggregate position limit to 10000 shares for this week.,61,2026-02-12 13:13:40.846844,SPNG,25.48,25.48,26.42,276400.0,8000.0,3500.0,2500.0,877.0,3000.0,15000.0,668400.0,,,,,,,,,,,,,,,,,,0,0,0,0,0,0,0,0,0,0,0,0,0,0,0,0,0,0,0,0,0,0,0,0,0,0,0,0,0,0,0,0,0,0,0,0,0,0,0,0,0,0,0,0,0,0,0,0,0,0,0
1.0,1.0,1.0,,Welcome to the RITC 2026 Alogithmic Market Making Case - practice server,,61,2026-02-12 13:13:40.846844,SMMR,25.95,25.62,25.63,675300.0,8000.0,3500.0,,,,,709000.0,750.0,1081.0,6400.0,3500.0,4000.0,,,,,,,,,,,,,0,0,0,0,0,0,0,0,0,0,0,0,0,0,0,0,0,0,0,0,0,0,0,0,0,0,0,0,0,0,0,0,0,0,0,0,0,0,0,0,0,0,0,0,0,0,0,0,0,0,0
,,,,,,61,2026-02-12 13:13:40.846844,ATMN,24.08,24.07,24.08,941100.0,,,,811.0,,,502400.0,,557.0,7200.0,3500.0,,419.0,1068.0,6000.0,4000.0,557.0,4000.0,,,,,,,0,0,0,0,0,0,0,0,0,0,0,0,0,0,0,0,0,0,0,0,0,0,0,0,0,0,0,0,0,0,0,0,0,0,0,0,0,0,0,0,0,0,0,0,0,0,0,0,0,0,0
,,,,,,61,2026-02-12 13:13:40.846844,WNTR,24.4,24.09,24.4,906600.0,,3500.0,,,,,1052000.0,,,,3500.0,4000.0,,,6000.0,4000.0,1121.0,4000.0,6000.0,4000.0,12000.0,4000.0,4000.0,12000.0,0,0,0,0,0,0,0,0,0,0,0,0,0,0,0,0,0,0,0,0,0,0,0,0,0,0,0,0,0,0,0,0,0,0,0,0,0,0,0,0,0,0,0,0,0,0,0,0,0,0,0
2.0,1.0,1.0,,Aggregate Position Limit,Your CRO has set the aggregate position limit to 10000 shares for this week.,62,2026-02-12 13:13:41.864720,SPNG,25.48,25.53,25.55,5950.0,3500.0,276400.0,3000.0,12000.0,800.0,10000.0,10000.0,5950.0,460200.0,6000.0,600.0,3500.0,6000.0,4000.0,215.0,,,,,,,,,,,,,,,,,,0,0,0,0,0,0,0,0,0,0,0,0,0,0,0,0,0,0,0,0,0,0,0,0,0,0,0,0,0,0,0,0,0,0,0,0,0,0,0,0,0,0,0
1.0,1.0,1.0,,Welcome to the RITC 2026 Alogithmic Market Making Case - practice server,,62,2026-02-12 13:13:41.864720,SMMR,25.64,25.67,25.69,,3500.0,1212300.0,3000.0,,800.0,,10000.0,,709000.0,,,,,,,1750.0,750.0,835.0,1750.0,10000.0,,,,,,,,,,,,,0,0,0,0,0,0,0,0,0,0,0,0,0,0,0,0,0,0,0,0,0,0,0,0,0,0,0,0,0,0,0,0,0,0,0,0,0,0,0,0,0,0,0
,,,,,,62,2026-02-12 13:13:41.864720,ATMN,24.08,24.07,24.08,,,1057100.0,,,600.0,,5000.0,,1293800.0,,800.0,3500.0,6000.0,4000.0,374.0,,,374.0,,,811.0,2250.0,4000.0,,,,,,,,,,0,0,0,0,0,0,0,0,0,0,0,0,0,0,0,0,0,0,0,0,0,0,0,0,0,0,0,0,0,0,0,0,0,0,0,0,0,0,0,0,0,0,0
,,,,,,62,2026-02-12 13:13:41.864720,WNTR,24.31,24.27,24.3,3950.0,3500.0,415500.0,,,800.0,6000.0,,4900.0,430000.0,,425.0,3500.0,6000.0,,,,,593.0,2000.0,,,,,8000.0,6000.0,4000.0,4000.0,5200.0,6000.0,1366.0,6000.0,755.0,0,0,0,0,0,0,0,0,0,0,0,0,0,0,0,0,0,0,0,0,0,0,0,0,0,0,0,0,0,0,0,0,0,0,0,0,0,0,0,0,0,0,0
2.0,1.0,1.0,,Aggregate Position Limit,Your CRO has set the aggregate position limit to 10000 shares for this week.,63,2026-02-12 13:13:42.882875,SPNG,25.11,25.12,25.14,1209.0,4921.0,5200.0,5000.0,10000.0,3500.0,2625.0,100000.0,6000.0,4000.0,3500.0,3000.0,20000.0,5200.0,5000.0,307400.0,11250.0,3500.0,9000.0,7500.0,3000.0,6000.0,600.0,1200.0,3000.0,,,,,,,,,,,,,,,,,,,,,,,0,0,0,0,0,0,0,0,0,0,0,0,0,0,0,0,0,0,0,0,0,0,0,0,0,0,0,0,0,0
1.0,1.0,1.0,,Welcome to the RITC 2026 Alogithmic Market Making Case - practice server,,63,2026-02-12 13:13:42.882875,SMMR,25.81,25.81,25.83,,1600.0,5200.0,,,3500.0,,466100.0,,,3500.0,4000.0,,5200.0,,374000.0,,195.0,,,4000.0,,300.0,5950.0,,1750.0,4650.0,3000.0,1990.0,3500.0,1750.0,1990.0,10000.0,,,,,,,,,,,,,,,0,0,0,0,0,0,0,0,0,0,0,0,0,0,0,0,0,0,0,0,0,0,0,0,0,0,0,0,0,0
,,,,,,63,2026-02-12 13:13:42.882875,ATMN,24.11,24.12,24.15,,,,,,3500.0,,813300.0,,,3500.0,7000.0,10000.0,,,714100.0,5625.0,,6000.0,,7000.0,,,,,,,3000.0,1990.0,,,,,3000.0,2000.0,5625.0,4000.0,4000.0,6000.0,4000.0,2250.0,6000.0,8000.0,,,,,0,0,0,0,0,0,0,0,0,0,0,0,0,0,0,0,0,0,0,0,0,0,0,0,0,0,0,0,0,0
,,,,,,63,2026-02-12 13:13:42.882875,WNTR,24.27,24.27,24.28,,1550.0,,,,3500.0,,415500.0,,,,9000.0,15000.0,5200.0,,558400.0,,,3000.0,,4500.0,,800.0,4150.0,3000.0,1750.0,1050.0,6000.0,,3500.0,,,,,,,,2000.0,,,750.0,6000.0,4000.0,5000.0,6000.0,4000.0,5000.0,0,0,0,0,0,0,0,0,0,0,0,0,0,0,0,0,0,0,0,0,0,0,0,0,0,0,0,0,0,0
2.0,1.0,1.0,,Aggregate Position Limit,Your CRO has set the aggregate position limit to 10000 shares for this week.,64,2026-02-12 13:13:43.899978,SPNG,25.11,24.94,25.11,6000.0,900.0,1750.0,482.0,1925.0,4192.0,2625.0,995800.0,25000.0,11250.0,5000.0,2625.0,5102.0,5625.0,6000.0,94300.0,3500.0,1100.0,3000.0,11250.0,,,,,,,,,,,,,,,,,,,,,,,,,,,,0,0,0,0,0,0,0,0,0,0,0,0,0,0,0,0,0,0,0,0,0,0,0,0,0,0,0,0,0,0,0
1.0,1.0,1.0,,Welcome to the RITC 2026 Alogithmic Market Making Case - practice server,,64,2026-02-12 13:13:43.899978,SMMR,25.82,25.79,25.81,,6000.0,2000.0,800.0,,7040.0,,352400.0,,,,,,,2850.0,94200.0,,1100.0,,750.0,5200.0,3500.0,1100.0,7200.0,9000.0,3500.0,3200.0,8840.0,2000.0,1612.0,1704.0,3500.0,7040.0,,,,,,,,,,,,,,,0,0,0,0,0,0,0,0,0,0,0,0,0,0,0,0,0,0,0,0,0,0,0,0,0,0,0,0,0,0,0
,,,,,,64,2026-02-12 13:13:43.899978,ATMN,24.19,24.17,24.19,,6000.0,,,,,,368000.0,,,,2250.0,,2812.0,,218800.0,3500.0,1100.0,6000.0,2250.0,,3500.0,1990.0,8000.0,3000.0,3500.0,,,,,800.0,3500.0,6160.0,5625.0,5625.0,939.0,6000.0,10000.0,6000.0,3600.0,12000.0,6000.0,4000.0,2250.0,,,,0,0,0,0,0,0,0,0,0,0,0,0,0,0,0,0,0,0,0,0,0,0,0,0,0,0,0,0,0,0,0
,,,,,,64,2026-02-12 13:13:43.899978,WNTR,24.23,24.23,24.24,,1425.0,2000.0,775.0,3200.0,7920.0,,110300.0,,,,,,,,119700.0,7000.0,,6000.0,,5200.0,3500.0,,,9000.0,,700.0,6760.0,2000.0,,1600.0,3500.0,3960.0,,,710.0,,10000.0,6000.0,,,,,,4000.0,4000.0,35000.0,0,0,0,0,0,0,0,0,0,0,0,0,0,0,0,0,0,0,0,0,0,0,0,0,0,0,0,0,0,0,0
2.0,1.0,1.0,,Aggregate Position Limit,Your CRO has set the aggregate position limit to 10000 shares for this week.,65,2026-02-12 13:13:44.925276,SPNG,25.07,24.96,24.98,642.0,10000.0,116.0,2500.0,180.0,3500.0,5250.0,6000.0,1875.0,9000.0,10000.0,6000.0,15000.0,1600.0,307400.0,1525.0,2625.0,910.0,5200.0,5950.0,5625.0,6000.0,3488.0,5625.0,15000.0,,,,,,,,,,,,,,,,,,,,,,,,0,0,0,0,0,0,0,0,0,0,0,0,0,0,0,0,0,0,0,0,0,0,0,0,0,0,0,0,0,0
1.0,1.0,1.0,,Welcome to the RITC 2026 Alogithmic Market Making Case - practice server,,65,2026-02-12 13:13:44.925276,SMMR,25.7,25.67,25.7,,,,,,,,,,6000.0,,,,300.0,604800.0,,,1200.0,2080.0,1995.0,,,,,,7006.0,1287500.0,6000.0,750.0,750.0,7006.0,10000.0,9000.0,2000.0,,,,,,,,,,,,,,,0,0,0,0,0,0,0,0,0,0,0,0,0,0,0,0,0,0,0,0,0,0,0,0,0,0,0,0,0,0
,,,,,,65,2026-02-12 13:13:44.925276,ATMN,24.15,24.15,24.17,,,,,,3500.0,,,2250.0,9000.0,,,,1600.0,96700.0,2625.0,2250.0,,,3500.0,206.0,,3667.0,2812.0,,6068.0,950400.0,,,2250.0,6068.0,,9000.0,,6000.0,1990.0,5625.0,5625.0,5625.0,3500.0,10000.0,6000.0,,,,,,,0,0,0,0,0,0,0,0,0,0,0,0,0,0,0,0,0,0,0,0,0,0,0,0,0,0,0,0,0,0
,,,,,,65,2026-02-12 13:13:44.925276,WNTR,24.14,24.11,24.13,1084.0,,,,,,5250.0,,,3000.0,,,,,119900.0,,,700.0,6760.0,5950.0,,,,,,6774.0,655100.0,,,,3387.0,,6000.0,505.0,,1525.0,,,,,,,5000.0,2750.0,35000.0,800.0,1813.0,4000.0,0,0,0,0,0,0,0,0,0,0,0,0,0,0,0,0,0,0,0,0,0,0,0,0,0,0,0,0,0,0
2.0,1.0,1.0,,Aggregate Position Limit,Your CRO has set the aggregate position limit to 10000 shares for this week.,66,2026-02-12 13:13:45.942664,SPNG,25.09,24.7,24.78,5200.0,8000.0,110400.0,2497.0,4000.0,4339.0,2500.0,3500.0,2448.0,2613.0,3000.0,30000.0,293000.0,910.0,6000.0,5625.0,5250.0,5102.0,3000.0,3000.0,6000.0,5625.0,,,,,,,,,,,,,,,,,,,,,,,,0,0,0,0,0,0,0,0,0,0,0,0,0,0,0,0,0,0,0,0,0,0,0,0,0,0,0,0,0,0,0,0,0
1.0,1.0,1.0,,Welcome to the RITC 2026 Alogithmic Market Making Case - practice server,,66,2026-02-12 13:13:45.942664,SMMR,25.73,25.73,25.79,,,444700.0,,,4150.0,,3500.0,2448.0,3526.0,12000.0,,301200.0,2000.0,,,,,750.0,,,,1500.0,6000.0,6000.0,2000.0,595.0,750.0,4000.0,10000.0,6000.0,3526.0,2080.0,1426.0,3500.0,,,,,,,,,,,0,0,0,0,0,0,0,0,0,0,0,0,0,0,0,0,0,0,0,0,0,0,0,0,0,0,0,0,0,0,0,0,0
,,,,,,66,2026-02-12 13:13:45.942664,ATMN,24.06,23.97,23.99,,,983100.0,,4677.0,,,,,2744.0,12000.0,,114100.0,,,5442.0,,,,,,5625.0,,6000.0,,,1600.0,2250.0,,10000.0,12000.0,2744.0,,2951.0,3500.0,5625.0,5625.0,10000.0,897.0,1068.0,,,,,,0,0,0,0,0,0,0,0,0,0,0,0,0,0,0,0,0,0,0,0,0,0,0,0,0,0,0,0,0,0,0,0,0
,,,,,,66,2026-02-12 13:13:45.942664,WNTR,24.11,24.07,24.11,,,909300.0,,,2750.0,,3500.0,,3850.0,12000.0,,119900.0,700.0,6750.0,,,,,,,,,6000.0,,,792.0,750.0,,,3000.0,3850.0,6760.0,,6746.0,,,,,,6000.0,35000.0,1560.0,4000.0,6000.0,0,0,0,0,0,0,0,0,0,0,0,0,0,0,0,0,0,0,0,0,0,0,0,0,0,0,0,0,0,0,0,0,0
2.0,1.0,1.0,,Aggregate Position Limit,Your CRO has set the aggregate position limit to 10000 shares for this week.,67,2026-02-12 13:13:46.958439,SPNG,24.78,24.76,24.78,2000.0,3500.0,20000.0,612.0,2500.0,3101.0,3500.0,3250.0,3000.0,1100.0,2625.0,2000.0,5625.0,110400.0,10000.0,6000.0,1274.0,3500.0,1100.0,1600.0,6000.0,3000.0,4110.0,2625.0,6000.0,198700.0,5625.0,5000.0,,,,,,,,,,,,,,,,,,,,0,0,0,0,0,0,0,0,0,0,0,0,0,0,0,0,0,0,0,0,0,0,0,0,0,0,0,0,0,0,0
1.0,1.0,1.0,,Welcome to the RITC 2026 Alogithmic Market Making Case - practice server,,67,2026-02-12 13:13:46.958439,SMMR,25.74,25.74,25.75,,3500.0,,2400.0,,5200.0,2458.0,6000.0,,3548.0,,3200.0,,273300.0,,,11086.0,3500.0,1100.0,,,,700.0,,,,,,3200.0,4988.0,750.0,6800.0,7748.0,5250.0,12000.0,1035.0,,,,,,,,,,,,0,0,0,0,0,0,0,0,0,0,0,0,0,0,0,0,0,0,0,0,0,0,0,0,0,0,0,0,0,0,0
,,,,,,67,2026-02-12 13:13:46.958439,ATMN,24.04,24.03,24.04,1750.0,,,,,,3500.0,,,,,,585.0,998200.0,,,6951.0,3500.0,,1600.0,6000.0,3000.0,,2250.0,10000.0,335400.0,5625.0,,,4715.0,,,,1750.0,,,6000.0,20000.0,5625.0,5625.0,2475.0,,,,,,,0,0,0,0,0,0,0,0,0,0,0,0,0,0,0,0,0,0,0,0,0,0,0,0,0,0,0,0,0,0,0
,,,,,,67,2026-02-12 13:13:46.958439,WNTR,23.93,24.06,24.09,,,,327.0,,,3500.0,,,,,1800.0,,957300.0,,,,,2448.0,800.0,6000.0,3000.0,,,,119900.0,,,,2689.0,,3848.0,6090.0,,,,,,,,5163.0,6000.0,10000.0,18500.0,1368.0,2000.0,750.0,0,0,0,0,0,0,0,0,0,0,0,0,0,0,0,0,0,0,0,0,0,0,0,0,0,0,0,0,0,0,0
2.0,1.0,1.0,,Aggregate Position Limit,Your CRO has set the aggregate position limit to 10000 shares for this week.,68,2026-02-12 13:13:47.976264,SPNG,24.97,24.98,24.99,108200.0,3500.0,30658.0,2695.0,1836.0,2500.0,1329.0,3000.0,6000.0,1486.0,1100.0,3500.0,1486.0,2000.0,9000.0,2810.0,5625.0,6000.0,5625.0,2625.0,8000.0,198700.0,5625.0,10000.0,6000.0,,,,,,,,,,,,,,,,,,,,,,0,0,0,0,0,0,0,0,0,0,0,0,0,0,0,0,0,0,0,0,0,0,0,0,0,0,0,0,0,0,0,0
1.0,1.0,1.0,,Welcome to the RITC 2026 Alogithmic Market Making Case - practice server,,68,2026-02-12 13:13:47.976264,SMMR,25.81,25.81,25.83,293700.0,3500.0,,750.0,1600.0,,5200.0,3000.0,6000.0,1942.0,2200.0,,1942.0,,,3950.0,,,,,,845800.0,,,,5500.0,3200.0,2000.0,2000.0,5582.0,404.0,3000.0,6000.0,,,,,,,,,,,,,,0,0,0,0,0,0,0,0,0,0,0,0,0,0,0,0,0,0,0,0,0,0,0,0,0,0,0,0,0,0,0,0
,,,,,,68,2026-02-12 13:13:47.976264,ATMN,24.05,24.05,24.06,229700.0,3500.0,,,300.0,,,12000.0,,1986.0,,3500.0,,,,,5625.0,,2250.0,2250.0,4000.0,335400.0,5625.0,,,7500.0,,,,7000.0,,,,74.0,6000.0,2250.0,12000.0,6000.0,10000.0,6000.0,5625.0,12000.0,3874.0,,,,0,0,0,0,0,0,0,0,0,0,0,0,0,0,0,0,0,0,0,0,0,0,0,0,0,0,0,0,0,0,0,0
,,,,,,68,2026-02-12 13:13:47.976264,WNTR,23.94,23.9,23.94,1181600.0,,,,,,,,,2015.0,,,2015.0,,,,,,750.0,,10000.0,96300.0,,,10000.0,,,1800.0,,7000.0,800.0,6000.0,,,6000.0,,,6000.0,,1539.0,,,,3500.0,17000.0,4350.0,0,0,0,0,0,0,0,0,0,0,0,0,0,0,0,0,0,0,0,0,0,0,0,0,0,0,0,0,0,0,0,0
2.0,1.0,1.0,,Aggregate Position Limit,Your CRO has set the aggregate position limit to 10000 shares for this week.,69,2026-02-12 13:13:49.003989,SPNG,24.84,24.83,24.84,1100.0,2812.0,2500.0,6405.0,1544.0,30000.0,3000.0,3000.0,6000.0,3595.0,6000.0,2047.0,2500.0,800.0,11250.0,3500.0,5000.0,6000.0,3595.0,198700.0,3000.0,15000.0,335.0,910.0,5625.0,5250.0,,,,,,,,,,,,,,,,,,,,,,,,,,,0,0,0,0,0,0,0,0,0,0,0,0,0,0,0,0,0,0,0,0,0,0,0,0,0,0
1.0,1.0,1.0,,Welcome to the RITC 2026 Alogithmic Market Making Case - practice server,,69,2026-02-12 13:13:49.003989,SMMR,25.84,25.82,25.84,2200.0,,,7000.0,5600.0,,3000.0,,,4412.0,,4351.0,,2261.0,,3500.0,,,,416700.0,,,,2000.0,,6000.0,750.0,1672.0,101600.0,750.0,1600.0,9000.0,,,,,,,,,,,,,,,,,,,,,0,0,0,0,0,0,0,0,0,0,0,0,0,0,0,0,0,0,0,0,0,0,0,0,0,0
,,,,,,69,2026-02-12 13:13:49.003989,ATMN,24.06,23.6,24.06,,,,,,,,,6000.0,2427.0,,7000.0,,,5625.0,,,,2427.0,221300.0,,,,750.0,5625.0,,,5200.0,847800.0,,,6000.0,658.0,5950.0,2000.0,6000.0,2000.0,2250.0,5625.0,4648.0,2000.0,4000.0,12000.0,,,,,,,,,,0,0,0,0,0,0,0,0,0,0,0,0,0,0,0,0,0,0,0,0,0,0,0,0,0,0
,,,,,,69,2026-02-12 13:13:49.003989,WNTR,23.95,23.94,23.95,,,,,300.0,,3000.0,,,2576.0,,,,1600.0,,,,10000.0,2576.0,,,,,2000.0,,,,12967.0,532300.0,,,3000.0,,2000.0,,,,750.0,,1100.0,,4000.0,,3500.0,5000.0,4000.0,6000.0,12000.0,6310.0,18500.0,10000.0,6000.0,0,0,0,0,0,0,0,0,0,0,0,0,0,0,0,0,0,0,0,0,0,0,0,0,0,0
2.0,1.0,1.0,,Aggregate Position Limit,Your CRO has set the aggregate position limit to 10000 shares for this week.,70,2026-02-12 13:13:50.065965,SPNG,24.9,24.84,24.9,3500.0,9000.0,3000.0,5625.0,6000.0,7500.0,2625.0,21316.0,6000.0,1329.0,1100.0,5000.0,1034.0,1750.0,6000.0,11250.0,5625.0,88900.0,6000.0,15000.0,335.0,910.0,5250.0,1704.0,4000.0,5102.0,,,,,,,,,,,,,,,,,,,,,,,0,0,0,0,0,0,0,0,0,0,0,0,0,0,0,0,0,0,0,0,0,0,0,0,0,0,0,0,0,0
1.0,1.0,1.0,,Welcome to the RITC 2026 Alogithmic Market Making Case - practice server,,70,2026-02-12 13:13:50.065965,SMMR,25.8,25.82,25.85,,6000.0,,,6000.0,1500.0,,,,956.0,3300.0,,4351.0,,12000.0,,,518900.0,,,,2000.0,,,,,2316.0,405700.0,1800.0,7000.0,2000.0,7000.0,3280.0,1500.0,927.0,,,,,,,,,,,,,,0,0,0,0,0,0,0,0,0,0,0,0,0,0,0,0,0,0,0,0,0,0,0,0,0,0,0,0,0,0
,,,,,,70,2026-02-12 13:13:50.065965,ATMN,23.78,23.73,23.77,,6000.0,,,,,2250.0,,,5200.0,,,,10000.0,6000.0,,,128900.0,,,,3200.0,,4160.0,,,,234300.0,3940.0,,3600.0,3500.0,4000.0,,,10000.0,1389.0,1100.0,800.0,6000.0,2250.0,,,,,,,,0,0,0,0,0,0,0,0,0,0,0,0,0,0,0,0,0,0,0,0,0,0,0,0,0,0,0,0,0,0
,,,,,,70,2026-02-12 13:13:50.065965,WNTR,24.11,24.13,24.14,,,,,,750.0,,,,10748.0,,,,,6000.0,,,568800.0,,,,950.0,6000.0,,,,3058.0,413700.0,,5950.0,,,,,,,900.0,3548.0,,6750.0,,25000.0,1511.0,4000.0,12000.0,20000.0,4000.0,750.0,0,0,0,0,0,0,0,0,0,0,0,0,0,0,0,0,0,0,0,0,0,0,0,0,0,0,0,0,0,0
2.0,1.0,1.0,,Aggregate Position Limit,Your CRO has set the aggregate position limit to 10000 shares for this week.,71,2026-02-12 13:13:51.090480,SPNG,24.98,24.95,24.98,2814.0,3000.0,800.0,5812.0,10000.0,8438.0,20000.0,2577.0,5625.0,6000.0,1200.0,2625.0,6000.0,3000.0,402800.0,5000.0,3500.0,5625.0,2625.0,2577.0,4600.0,2812.0,9000.0,812.0,3000.0,1200.0,2343.0,,,,,,,,,,,,,,,,,,,,,,,0,0,0,0,0,0,0,0,0,0,0,0,0,0,0,0,0,0,0,0,0,0,0,0,0,0,0,0,0
1.0,1.0,1.0,,Welcome to the RITC 2026 Alogithmic Market Making Case - practice server,,71,2026-02-12 13:13:51.090480,SMMR,25.84,25.81,25.83,,3000.0,4000.0,,,,,3440.0,,6000.0,,,,,310500.0,,,,,3440.0,2400.0,,6000.0,,,,1500.0,4000.0,3500.0,3500.0,1879.0,406200.0,3500.0,750.0,4000.0,7000.0,3276.0,1326.0,,,,,,,,,,,,0,0,0,0,0,0,0,0,0,0,0,0,0,0,0,0,0,0,0,0,0,0,0,0,0,0,0,0,0
,,,,,,71,2026-02-12 13:13:51.090480,ATMN,23.93,23.93,23.94,,3000.0,4000.0,,,,,,,,2850.0,2250.0,,,221300.0,,,5625.0,2250.0,,3300.0,5625.0,,5625.0,,4900.0,7536.0,1750.0,3500.0,2379.0,,212400.0,,,,,,,5200.0,10000.0,5946.0,6000.0,6000.0,6000.0,4000.0,,,,,0,0,0,0,0,0,0,0,0,0,0,0,0,0,0,0,0,0,0,0,0,0,0,0,0,0,0,0,0
,,,,,,71,2026-02-12 13:13:51.090480,WNTR,24.14,24.14,24.15,,6000.0,900.0,,,,,3731.0,,,,,,,,,,,,3731.0,3548.0,,6000.0,,,,1500.0,,3500.0,,,94200.0,3500.0,1500.0,,3500.0,6584.0,800.0,5200.0,,4478.0,,,,4000.0,15000.0,15000.0,3500.0,12000.0,0,0,0,0,0,0,0,0,0,0,0,0,0,0,0,0,0,0,0,0,0,0,0,0,0,0,0,0,0
2.0,1.0,1.0,,Aggregate Position Limit,Your CRO has set the aggregate position limit to 10000 shares for this week.,72,2026-02-12 13:13:52.116649,SPNG,24.96,24.96,24.98,14410.0,5032.0,703.0,1188.0,3500.0,1600.0,2500.0,4994.0,9000.0,3500.0,5625.0,5812.0,94700.0,406.0,35000.0,3500.0,6000.0,651.0,6000.0,212.0,5035.0,3500.0,2500.0,2516.0,,,,,,,,,,,,,,,,,,,,,,,,,,,,0,0,0,0,0,0,0,0,0,0,0,0,0,0,0,0,0,0,0,0,0,0,0,0,0,0,0
1.0,1.0,1.0,,Welcome to the RITC 2026 Alogithmic Market Making Case - practice server,,72,2026-02-12 13:13:52.116649,SMMR,25.83,25.83,25.84,,,,3500.0,3500.0,1600.0,,5566.0,12000.0,,,,573200.0,,,3500.0,15000.0,434.0,,,4764.0,420.0,,,2250.0,501.0,4764.0,750.0,6000.0,214100.0,1587.0,1820.0,750.0,,,,,,,,,,,,,,,,,,,0,0,0,0,0,0,0,0,0,0,0,0,0,0,0,0,0,0,0,0,0,0,0,0,0,0,0
,,,,,,72,2026-02-12 13:13:52.116649,ATMN,24.0,23.96,24.0,,,,3500.0,3500.0,800.0,,5734.0,3000.0,4000.0,,,108700.0,5625.0,,3500.0,3000.0,920.0,,,4564.0,662.0,,,,4830.0,2364.0,,,98900.0,,,2250.0,3200.0,646.0,5624.0,2250.0,6000.0,5625.0,2250.0,4000.0,4000.0,6000.0,5625.0,1300.0,,,,,,,0,0,0,0,0,0,0,0,0,0,0,0,0,0,0,0,0,0,0,0,0,0,0,0,0,0,0
,,,,,,72,2026-02-12 13:13:52.116649,WNTR,23.93,24.14,24.15,,,,,,600.0,,,9000.0,,,,,,,3500.0,12000.0,1600.0,,,2448.0,7000.0,,,6000.0,7767.0,2200.0,,,542800.0,,,750.0,,,,,,,,,,,,,6000.0,4000.0,4000.0,6000.0,30515.0,750.0,0,0,0,0,0,0,0,0,0,0,0,0,0,0,0,0,0,0,0,0,0,0,0,0,0,0,0
2.0,1.0,1.0,,Aggregate Position Limit,Your CRO has set the aggregate position limit to 10000 shares for this week.,73,2026-02-12 13:13:53.140712,SPNG,24.69,24.95,24.96,2500.0,11250.0,2000.0,4953.0,2625.0,560500.0,3910.0,6000.0,1502.0,2448.0,678.0,30000.0,6000.0,3016.0,5625.0,2500.0,5035.0,6000.0,15000.0,3500.0,2729.0,,,,,,,,,,,,,,,,,,,,,,,,,,,,,0,0,0,0,0,0,0,0,0,0,0,0,0,0,0,0,0,0,0,0,0,0,0,0,0,0,0,0,0
1.0,1.0,1.0,,Welcome to the RITC 2026 Alogithmic Market Making Case - practice server,,73,2026-02-12 13:13:53.140712,SMMR,25.82,25.82,25.83,,,,,,387500.0,,,5984.0,8720.0,,,,,,,4764.0,,,420.0,,3564.0,3500.0,2250.0,286.0,3500.0,6000.0,5966.0,3500.0,2992.0,1587.0,383500.0,1035.0,2000.0,750.0,1074.0,,,,,,,,,,,,,,0,0,0,0,0,0,0,0,0,0,0,0,0,0,0,0,0,0,0,0,0,0,0,0,0,0,0,0,0
,,,,,,73,2026-02-12 13:13:53.140712,ATMN,23.86,23.86,23.9,,5624.0,2000.0,,4500.0,219300.0,2850.0,,5354.0,,6000.0,,,11250.0,,,4871.0,,,3500.0,,,3500.0,2250.0,5697.0,,,,3500.0,5354.0,,108700.0,,,,,2812.0,4000.0,744.0,6000.0,11250.0,1104.0,2250.0,2000.0,6000.0,,,,,0,0,0,0,0,0,0,0,0,0,0,0,0,0,0,0,0,0,0,0,0,0,0,0,0,0,0,0,0
,,,,,,73,2026-02-12 13:13:53.140712,WNTR,24.04,23.99,24.04,,,,,,542800.0,1300.0,,,2200.0,,,,,,,,,,7000.0,,,,,7767.0,,6000.0,305.0,,,,198200.0,,,750.0,,,4000.0,,6000.0,,4800.0,,,,18000.0,8000.0,6000.0,32875.0,0,0,0,0,0,0,0,0,0,0,0,0,0,0,0,0,0,0,0,0,0,0,0,0,0,0,0,0,0
2.0,1.0,1.0,,Aggregate Position Limit,Your CRO has set the aggregate position limit to 10000 shares for this week.,75,2026-02-12 13:13:54.379274,SPNG,25.07,24.91,24.92,2000.0,25000.0,5000.0,3500.0,5200.0,1600.0,3500.0,4000.0,2500.0,1100.0,5421.0,4125.0,3000.0,2000.0,6000.0,7500.0,323.0,2500.0,3500.0,2000.0,3500.0,1798.0,3500.0,5625.0,11250.0,6000.0,5250.0,4500.0,109400.0,,,,,,,,,,,,,,,,,,,,,0,0,0,0,0,0,0,0,0,0,0,0,0,0,0,0,0,0,0,0,0,0,0,0,0,0,0,0,0
1.0,1.0,1.0,,Welcome to the RITC 2026 Alogithmic Market Making Case - practice server,,75,2026-02-12 13:13:54.379274,SMMR,25.84,25.83,25.84,,,,3500.0,,1600.0,3500.0,,,3500.0,,,3000.0,2000.0,12000.0,750.0,934.0,,3500.0,,3500.0,2320.0,7149.0,,,,,,477700.0,4500.0,1587.0,2320.0,1035.0,750.0,499800.0,2000.0,,,,,,,,,,,,,,0,0,0,0,0,0,0,0,0,0,0,0,0,0,0,0,0,0,0,0,0,0,0,0,0,0,0,0,0
,,,,,,75,2026-02-12 13:13:54.379274,ATMN,24.09,24.09,24.11,,,,,7480.0,5600.0,3500.0,,,2200.0,5625.0,5625.0,6000.0,,3000.0,,,,3500.0,,,,4051.0,,3889.0,,4500.0,,304800.0,,,1903.0,,,98200.0,4300.0,2461.0,4000.0,4000.0,6000.0,2250.0,,,,,,,,,0,0,0,0,0,0,0,0,0,0,0,0,0,0,0,0,0,0,0,0,0,0,0,0,0,0,0,0,0
,,,,,,75,2026-02-12 13:13:54.379274,WNTR,24.03,24.01,24.03,,,,3500.0,4127.0,900.0,,8000.0,,1100.0,,,6000.0,,9000.0,,,,3500.0,,,2412.0,2200.0,,,,,,245800.0,6000.0,,,,,209900.0,,,,,,,1443.0,1926.0,12000.0,6000.0,11680.0,4800.0,1366.0,1352.0,0,0,0,0,0,0,0,0,0,0,0,0,0,0,0,0,0,0,0,0,0,0,0,0,0,0,0,0,0
2.0,1.0,1.0,,Aggregate Position Limit,Your CRO has set the aggregate position limit to 10000 shares for this week.,77,2026-02-12 13:13:56.495606,SPNG,24.93,24.93,24.94,9000.0,800.0,15000.0,3500.0,3500.0,5625.0,4000.0,4400.0,5625.0,2500.0,4518.0,6000.0,2259.0,5000.0,308100.0,5250.0,4312.0,4600.0,4000.0,9000.0,3016.0,3000.0,1200.0,,,,,,,,,,,,,,,,,,,,,,,,,,,,0,0,0,0,0,0,0,0,0,0,0,0,0,0,0,0,0,0,0,0,0,0,0,0,0,0,0,0
1.0,1.0,1.0,,Welcome to the RITC 2026 Alogithmic Market Making Case - practice server,,77,2026-02-12 13:13:56.495606,SMMR,25.87,25.84,25.87,9000.0,1600.0,,7000.0,3500.0,,,2200.0,,,2726.0,,2726.0,,444300.0,,,3464.0,,,,,,325200.0,4500.0,1500.0,4000.0,7000.0,600.0,3906.0,6000.0,7000.0,1500.0,,,,,,,,,,,,,,,,,,0,0,0,0,0,0,0,0,0,0,0,0,0,0,0,0,0,0,0,0,0,0,0,0,0,0,0,0
,,,,,,77,2026-02-12 13:13:56.495606,ATMN,23.94,23.95,23.96,3000.0,900.0,,,3500.0,5138.0,,1100.0,5625.0,,,6000.0,2604.0,,331100.0,2250.0,11250.0,1100.0,,,1343.0,,3300.0,,,,,,,,6000.0,3500.0,,8000.0,4000.0,2000.0,5200.0,5625.0,2250.0,2250.0,1396.0,3428.0,800.0,,,,,,,,0,0,0,0,0,0,0,0,0,0,0,0,0,0,0,0,0,0,0,0,0,0,0,0,0,0,0,0
,,,,,,77,2026-02-12 13:13:56.495606,WNTR,23.98,23.97,23.98,6000.0,,,2406.0,,,,1100.0,,,2834.0,6000.0,2834.0,,245800.0,,,4400.0,,,,,,448600.0,18000.0,,619.0,,,,9000.0,5687.0,750.0,,4000.0,2000.0,,,,,,,,1035.0,1038.0,13780.0,3500.0,6000.0,6000.0,1177.0,0,0,0,0,0,0,0,0,0,0,0,0,0,0,0,0,0,0,0,0,0,0,0,0,0,0,0,0
2.0,1.0,1.0,,Aggregate Position Limit,Your CRO has set the aggregate position limit to 10000 shares for this week.,78,2026-02-12 13:13:57.704489,SPNG,24.94,24.94,24.95,35000.0,2500.0,2989.0,3340.0,97700.0,5950.0,1282.0,1990.0,3500.0,5274.0,5625.0,5625.0,4000.0,5000.0,447.0,3500.0,2989.0,2275.0,2500.0,800.0,3000.0,5522.0,1508.0,93900.0,5625.0,2400.0,4000.0,6750.0,2625.0,6000.0,,,,,,,,,,,,,,,,,,,,,,,,,0,0,0,0,0,0,0,0,0,0,0,0,0,0,0,0,0,0,0,0,0,0,0,0
1.0,1.0,1.0,,Welcome to the RITC 2026 Alogithmic Market Making Case - practice server,,78,2026-02-12 13:13:57.704489,SMMR,25.8,25.83,25.85,,,,,599700.0,,1600.0,3196.0,3500.0,2250.0,,,,,,3500.0,,3500.0,,533.0,12000.0,2250.0,,350100.0,,4564.0,,,,,237.0,3500.0,1035.0,1879.0,3000.0,1879.0,3906.0,,,,,,,,,,,,,,,,,,0,0,0,0,0,0,0,0,0,0,0,0,0,0,0,0,0,0,0,0,0,0,0,0
,,,,,,78,2026-02-12 13:13:57.704489,ATMN,23.92,23.91,23.92,,,,5009.0,105800.0,3500.0,300.0,2601.0,3500.0,,,,,,,,,,,,,6750.0,1470.0,223200.0,11250.0,1100.0,,,2250.0,,,1100.0,,,3000.0,,,700.0,5200.0,6000.0,6000.0,8000.0,6750.0,2250.0,5380.0,2000.0,5200.0,4000.0,2601.0,,,,,,0,0,0,0,0,0,0,0,0,0,0,0,0,0,0,0,0,0,0,0,0,0,0,0
,,,,,,78,2026-02-12 13:13:57.704489,WNTR,23.96,23.95,23.96,,,,,326500.0,,2700.0,3284.0,,,,,4000.0,,,3500.0,,219.0,,6400.0,3000.0,,,123900.0,,2200.0,,,,10000.0,1412.0,,,,9000.0,,2000.0,,,,,,,,,,,10000.0,,1539.0,894.0,2449.0,3500.0,750.0,0,0,0,0,0,0,0,0,0,0,0,0,0,0,0,0,0,0,0,0,0,0,0,0
2.0,1.0,1.0,,Aggregate Position Limit,Your CRO has set the aggregate position limit to 10000 shares for this week.,79,2026-02-12 13:13:58.740059,SPNG,24.94,24.94,24.95,2989.0,1050.0,1670.0,25000.0,2500.0,1789.0,3500.0,6268.0,3000.0,5625.0,4000.0,1193.0,15000.0,3500.0,8967.0,2500.0,9000.0,2275.0,213400.0,5625.0,2400.0,2250.0,2625.0,3000.0,4000.0,,,,,,,,,,,,,,,,,,,,,,,,,0,0,0,0,0,0,0,0,0,0,0,0,0,0,0,0,0,0,0,0,0,0,0,0,0,0,0,0,0
1.0,1.0,1.0,,Welcome to the RITC 2026 Alogithmic Market Making Case - practice server,,79,2026-02-12 13:13:58.740059,SMMR,25.87,25.87,25.88,,3500.0,,,,,3500.0,5368.0,3000.0,,,1431.0,,,,,12000.0,3500.0,545000.0,,4564.0,,,,,680400.0,750.0,2400.0,6000.0,750.0,1500.0,1115.0,1879.0,2000.0,,,,,,,,,,,,,,,,0,0,0,0,0,0,0,0,0,0,0,0,0,0,0,0,0,0,0,0,0,0,0,0,0,0,0,0,0
,,,,,,79,2026-02-12 13:13:58.740059,ATMN,23.96,23.96,23.99,,3500.0,,,,2442.0,3500.0,,3000.0,5625.0,,,,3500.0,,,6000.0,3500.0,219800.0,1850.0,1100.0,,,,4000.0,118800.0,,1600.0,6000.0,,2250.0,4000.0,,4500.0,7710.0,6000.0,1900.0,2250.0,1968.0,735.0,5200.0,2442.0,300.0,,,,,,,0,0,0,0,0,0,0,0,0,0,0,0,0,0,0,0,0,0,0,0,0,0,0,0,0,0,0,0,0
,,,,,,79,2026-02-12 13:13:58.740059,WNTR,23.95,23.95,23.96,,,,,,2953.0,3500.0,1100.0,15000.0,,4000.0,,,3500.0,,,18000.0,3500.0,121900.0,,2200.0,,,,,425700.0,,300.0,,,,2938.0,,,,,2000.0,,,,,5808.0,1600.0,10000.0,6000.0,941.0,5000.0,1239.0,6000.0,0,0,0,0,0,0,0,0,0,0,0,0,0,0,0,0,0,0,0,0,0,0,0,0,0,0,0,0,0
2.0,1.0,1.0,,Aggregate Position Limit,Your CRO has set the aggregate position limit to 10000 shares for this week.,80,2026-02-12 13:13:59.779394,SPNG,25.01,24.94,25.01,2989.0,2100.0,1670.0,20000.0,8000.0,2500.0,5625.0,198300.0,5522.0,876.0,2400.0,12000.0,5250.0,6000.0,4000.0,1508.0,1976.0,6000.0,1200.0,,,,,,,,,,,,,,,,,,,,,,,,,,,,,,,0,0,0,0,0,0,0,0,0,0,0,0,0,0,0,0,0,0,0,0,0,0,0,0,0,0,0,0,0
1.0,1.0,1.0,,Welcome to the RITC 2026 Alogithmic Market Making Case - practice server,,80,2026-02-12 13:13:59.779394,SMMR,25.89,25.88,25.89,,2201.0,,,1324.0,,,776500.0,1500.0,,1744.0,,,,,,3106.0,,3200.0,681800.0,3500.0,3106.0,1500.0,6012.0,6000.0,2000.0,3500.0,6097.0,969.0,1021.0,6000.0,,,,,,,,,,,,,,,,,,,0,0,0,0,0,0,0,0,0,0,0,0,0,0,0,0,0,0,0,0,0,0,0,0,0,0,0,0,0
,,,,,,80,2026-02-12 13:13:59.779394,ATMN,23.98,23.96,24.03,,475.0,,,800.0,,5625.0,666200.0,,,4051.0,,,2250.0,4000.0,871.0,2613.0,,4900.0,118800.0,3500.0,5226.0,,4712.0,6000.0,,,,,,,4500.0,4016.0,5625.0,6000.0,462.0,6000.0,,,,,,,,,,,,,0,0,0,0,0,0,0,0,0,0,0,0,0,0,0,0,0,0,0,0,0,0,0,0,0,0,0,0,0
,,,,,,80,2026-02-12 13:13:59.779394,WNTR,23.96,23.95,23.96,,,,,600.0,,,233000.0,,,1100.0,,,,4000.0,,6520.0,,,326500.0,3500.0,6520.0,,1868.0,,2000.0,3500.0,3500.0,,,3500.0,,,,,,,22729.0,6000.0,4000.0,4000.0,779.0,4874.0,1600.0,1026.0,1879.0,6000.0,4000.0,9875.0,0,0,0,0,0,0,0,0,0,0,0,0,0,0,0,0,0,0,0,0,0,0,0,0,0,0,0,0,0
2.0,1.0,1.0,,Aggregate Position Limit,Your CRO has set the aggregate position limit to 10000 shares for this week.,81,2026-02-12 13:14:00.810935,SPNG,25.0,24.97,24.98,2000.0,3500.0,1886.0,5250.0,2812.0,723.0,6000.0,6000.0,10000.0,5500.0,5274.0,6000.0,4000.0,3000.0,5625.0,3500.0,2000.0,5524.0,6000.0,4000.0,201200.0,5522.0,4452.0,5712.0,6000.0,1879.0,2400.0,,,,,,,,,,,,,,,,,,,,0,0,0,0,0,0,0,0,0,0,0,0,0,0,0,0,0,0,0,0,0,0,0,0,0,0,0,0,0,0,0,0
1.0,1.0,1.0,,Welcome to the RITC 2026 Alogithmic Market Making Case - practice server,,81,2026-02-12 13:14:00.810935,SMMR,25.89,25.88,25.89,,3500.0,5930.0,,,,6000.0,,,8212.0,1500.0,,,,,3500.0,,,,,567200.0,750.0,,,3000.0,,1744.0,605000.0,1304.0,2201.0,2020.0,1600.0,12194.0,1413.0,2000.0,,,,,,,,,,,,0,0,0,0,0,0,0,0,0,0,0,0,0,0,0,0,0,0,0,0,0,0,0,0,0,0,0,0,0,0,0,0
,,,,,,81,2026-02-12 13:14:00.810935,ATMN,24.25,24.03,24.06,,3500.0,2329.0,4500.0,,,,,,4712.0,,,10000.0,,,,,,,,1248600.0,,,,,,1100.0,,800.0,3975.0,,300.0,,,2750.0,28.0,2000.0,7814.0,5625.0,2329.0,2250.0,,,,,,0,0,0,0,0,0,0,0,0,0,0,0,0,0,0,0,0,0,0,0,0,0,0,0,0,0,0,0,0,0,0,0
,,,,,,81,2026-02-12 13:14:00.810935,WNTR,23.96,23.95,23.96,,3500.0,3112.0,,,,,6000.0,,4712.0,1500.0,6000.0,,,,3500.0,,,,,121900.0,1500.0,,,6000.0,,1744.0,318300.0,782.0,2450.0,2058.0,1600.0,3500.0,,,,,,,,,22729.0,7338.0,3500.0,4000.0,6000.0,0,0,0,0,0,0,0,0,0,0,0,0,0,0,0,0,0,0,0,0,0,0,0,0,0,0,0,0,0,0,0,0
2.0,1.0,1.0,,Aggregate Position Limit,Your CRO has set the aggregate position limit to 10000 shares for this week.,82,2026-02-12 13:14:01.828517,SPNG,24.98,24.96,24.98,8262.0,2500.0,3384.0,6400.0,2625.0,1638.0,6000.0,3647.0,5625.0,5625.0,6000.0,3047.0,1406.0,10000.0,5158.0,2500.0,5625.0,2400.0,3001.0,1100.0,3750.0,,,,,,,,,,,,,,,,,,,,,,,,,,,,0,0,0,0,0,0,0,0,0,0,0,0,0,0,0,0,0,0,0,0,0,0,0,0,0,0,0,0,0,0
1.0,1.0,1.0,,Welcome to the RITC 2026 Alogithmic Market Making Case - practice server,,82,2026-02-12 13:14:01.828517,SMMR,25.77,25.86,25.88,,,,391.0,,1748.0,,,,,,6639.0,,,,,,,,1744.0,,750.0,805800.0,8916.0,3200.0,6000.0,4000.0,749800.0,1045.0,3200.0,6000.0,9066.0,,,,,,,,,,,,,,,,,0,0,0,0,0,0,0,0,0,0,0,0,0,0,0,0,0,0,0,0,0,0,0,0,0,0,0,0,0,0
,,,,,,82,2026-02-12 13:14:01.828517,ATMN,24.08,24.06,24.08,,,5913.0,2400.0,,1876.0,10000.0,,5625.0,,,2536.0,,,,,,,,1100.0,,,,2200.0,2000.0,,,745900.0,,1700.0,9000.0,12000.0,3500.0,6000.0,655.0,18.0,7814.0,3500.0,2250.0,6000.0,1876.0,,,,,,,,0,0,0,0,0,0,0,0,0,0,0,0,0,0,0,0,0,0,0,0,0,0,0,0,0,0,0,0,0,0
,,,,,,82,2026-02-12 13:14:01.828517,WNTR,24.04,24.02,24.04,,,5582.0,4408.0,,2351.0,,,,,6000.0,,,,,,,4000.0,,1100.0,,,,1100.0,,,,111100.0,,4000.0,,,3500.0,,,5197.0,,3500.0,,,,6000.0,750.0,10000.0,14625.0,4000.0,6000.0,4000.0,0,0,0,0,0,0,0,0,0,0,0,0,0,0,0,0,0,0,0,0,0,0,0,0,0,0,0,0,0,0
2.0,1.0,1.0,,Aggregate Position Limit,Your CRO has set the aggregate position limit to 10000 shares for this week.,83,2026-02-12 13:14:02.845788,SPNG,24.96,24.97,24.98,2322.0,8314.0,3384.0,15000.0,1600.0,2500.0,2625.0,6000.0,3500.0,3000.0,1906.0,5625.0,5625.0,3047.0,1406.0,23626.0,3500.0,600.0,1623.0,700.0,5458.0,4790.0,3000.0,3001.0,2200.0,2500.0,,,,,,,,,,,,,,,,,,,,,,,,,,,0,0,0,0,0,0,0,0,0,0,0,0,0,0,0,0,0,0,0,0,0,0,0,0,0,0
1.0,1.0,1.0,,Welcome to the RITC 2026 Alogithmic Market Making Case - practice server,,83,2026-02-12 13:14:02.845788,SMMR,25.86,25.86,25.87,,,1750.0,,3910.0,,,,3500.0,6000.0,,,,,,,,8000.0,3553.0,,,,,,2844.0,,2968.0,6000.0,318000.0,2034.0,272800.0,692.0,1019.0,1300.0,,,,,,,,,,,,,,,,,,,0,0,0,0,0,0,0,0,0,0,0,0,0,0,0,0,0,0,0,0,0,0,0,0,0,0
,,,,,,83,2026-02-12 13:14:02.845788,ATMN,24.13,24.13,24.14,,,6116.0,,1600.0,,,,3500.0,9000.0,2282.0,,5625.0,,,,3500.0,,,,,,18000.0,,1100.0,,3300.0,,,2282.0,308600.0,,,2239.0,612.0,1399.0,7292.0,4365.0,6000.0,10000.0,2250.0,12000.0,6000.0,4000.0,,,,,,,,,0,0,0,0,0,0,0,0,0,0,0,0,0,0,0,0,0,0,0,0,0,0,0,0,0,0
,,,,,,83,2026-02-12 13:14:02.845788,WNTR,23.92,23.91,23.92,6000.0,,,,,,,,,9000.0,,,,,,,3500.0,800.0,,6000.0,,,3000.0,,1100.0,,1100.0,,429700.0,3158.0,130100.0,,,4000.0,1303.0,4000.0,,,4000.0,6000.0,,4874.0,,,4000.0,919.0,1036.0,6000.0,14750.0,1210.0,4000.0,6000.0,0,0,0,0,0,0,0,0,0,0,0,0,0,0,0,0,0,0,0,0,0,0,0,0,0,0
2.0,1.0,1.0,,Aggregate Position Limit,Your CRO has set the aggregate position limit to 10000 shares for this week.,84,2026-02-12 13:14:03.860453,SPNG,25.03,24.97,24.99,27748.0,13791.0,2322.0,2500.0,3200.0,3384.0,3500.0,1406.0,332100.0,6000.0,9000.0,4000.0,6000.0,4022.0,2400.0,2625.0,7500.0,1300.0,,,,,,,,,,,,,,,,,,,,,,,,,,,0,0,0,0,0,0,0,0,0,0,0,0,0,0,0,0,0,0,0,0,0,0,0,0,0,0,0,0,0,0,0,0,0,0
1.0,1.0,1.0,,Welcome to the RITC 2026 Alogithmic Market Making Case - practice server,,84,2026-02-12 13:14:03.860453,SMMR,25.8,25.79,25.8,,,,,300.0,1990.0,,,174300.0,,6000.0,,,4698.0,3944.0,,,,621700.0,6000.0,4268.0,9000.0,3600.0,1413.0,6000.0,1600.0,6000.0,3500.0,750.0,1177.0,,,,,,,,,,,,,,,0,0,0,0,0,0,0,0,0,0,0,0,0,0,0,0,0,0,0,0,0,0,0,0,0,0,0,0,0,0,0,0,0,0
,,,,,,84,2026-02-12 13:14:03.860453,ATMN,24.15,24.14,24.15,,,,,800.0,7000.0,,,211900.0,,24000.0,,,4816.0,,,,,119400.0,,2200.0,9000.0,28.0,,,600.0,,3500.0,1125.0,,10000.0,10000.0,4500.0,4816.0,5625.0,910.0,2250.0,12000.0,1750.0,4000.0,,,,,0,0,0,0,0,0,0,0,0,0,0,0,0,0,0,0,0,0,0,0,0,0,0,0,0,0,0,0,0,0,0,0,0,0
,,,,,,84,2026-02-12 13:14:03.860453,WNTR,23.92,23.91,23.92,,,,,300.0,1983.0,,,130100.0,,9000.0,,,6664.0,1100.0,,,,540900.0,,2200.0,,2939.0,,,1600.0,,,750.0,,4000.0,,,6664.0,,4000.0,,,3500.0,,4000.0,31803.0,1879.0,6000.0,0,0,0,0,0,0,0,0,0,0,0,0,0,0,0,0,0,0,0,0,0,0,0,0,0,0,0,0,0,0,0,0,0,0
2.0,1.0,1.0,,Aggregate Position Limit,Your CRO has set the aggregate position limit to 10000 shares for this week.,85,2026-02-12 13:14:04.876728,SPNG,24.98,24.96,24.98,116.0,800.0,6000.0,5250.0,6000.0,6000.0,5625.0,1100.0,2500.0,3500.0,5625.0,2856.0,6000.0,10000.0,3500.0,15000.0,352.0,9000.0,2322.0,2147.0,750.0,2500.0,226700.0,6000.0,2663.0,3500.0,3000.0,,,,,,,,,,,,,,,,,,0,0,0,0,0,0,0,0,0,0,0,0,0,0,0,0,0,0,0,0,0,0,0,0,0,0,0,0,0,0,0,0,0,0
1.0,1.0,1.0,,Welcome to the RITC 2026 Alogithmic Market Making Case - practice server,,85,2026-02-12 13:14:04.876728,SMMR,25.9,25.79,25.8,1990.0,600.0,12000.0,,,,,4268.0,,3500.0,,,,,6519.0,,,9000.0,800.0,2327.0,,,650700.0,,,3500.0,,813800.0,2000.0,3944.0,2000.0,4533.0,,,,,,,,,,,,,0,0,0,0,0,0,0,0,0,0,0,0,0,0,0,0,0,0,0,0,0,0,0,0,0,0,0,0,0,0,0,0,0,0
,,,,,,85,2026-02-12 13:14:04.876728,ATMN,24.02,24.02,24.15,,,,11250.0,2250.0,,5625.0,6912.0,,,5625.0,,,,3500.0,,,24000.0,900.0,2396.0,,,219600.0,,2250.0,3500.0,,211500.0,665.0,,,12000.0,2396.0,5625.0,4000.0,6000.0,,,,,,,,,0,0,0,0,0,0,0,0,0,0,0,0,0,0,0,0,0,0,0,0,0,0,0,0,0,0,0,0,0,0,0,0,0,0
,,,,,,85,2026-02-12 13:14:04.876728,WNTR,23.99,23.99,24.0,,2400.0,3000.0,,,,,,,3500.0,,,,,,,,6000.0,,3017.0,,,,6000.0,,3500.0,,228000.0,,2200.0,4000.0,4874.0,3017.0,,,,15000.0,6000.0,750.0,6000.0,5244.0,4750.0,1338.0,4000.0,0,0,0,0,0,0,0,0,0,0,0,0,0,0,0,0,0,0,0,0,0,0,0,0,0,0,0,0,0,0,0,0,0,0
2.0,1.0,1.0,,Aggregate Position Limit,Your CRO has set the aggregate position limit to 10000 shares for this week.,86,2026-02-12 13:14:05.894600,SPNG,24.98,24.91,24.98,2406.0,3000.0,15000.0,5625.0,6000.0,2625.0,384100.0,6000.0,5625.0,5625.0,1200.0,6000.0,20000.0,3500.0,176.0,1600.0,2983.0,4812.0,2766.0,375.0,3002.0,2500.0,3500.0,6000.0,107300.0,2663.0,3000.0,,,,,,,,,,,,,,,,,,,0,0,0,0,0,0,0,0,0,0,0,0,0,0,0,0,0,0,0,0,0,0,0,0,0,0,0,0,0,0,0,0,0
1.0,1.0,1.0,,Welcome to the RITC 2026 Alogithmic Market Making Case - practice server,,86,2026-02-12 13:14:05.894600,SMMR,25.81,25.81,25.82,,,,,15000.0,,721000.0,,,,,,,13038.0,,,,5786.0,,,8320.0,,,,272800.0,1143.0,6000.0,300.0,3500.0,7270.0,1606.0,553.0,1177.0,1144.0,400.0,6000.0,1300.0,,,,,,,,,0,0,0,0,0,0,0,0,0,0,0,0,0,0,0,0,0,0,0,0,0,0,0,0,0,0,0,0,0,0,0,0,0
,,,,,,86,2026-02-12 13:14:05.894600,ATMN,24.06,24.05,24.06,5404.0,,,5625.0,6000.0,4500.0,,,5625.0,,5450.0,,,,,2400.0,,5404.0,,2377.0,,,3500.0,6000.0,335600.0,,9000.0,,,5812.0,1123.0,,1028.0,,6000.0,6000.0,,1999.0,2697.0,6000.0,,,,,,0,0,0,0,0,0,0,0,0,0,0,0,0,0,0,0,0,0,0,0,0,0,0,0,0,0,0,0,0,0,0,0,0
,,,,,,86,2026-02-12 13:14:05.894600,WNTR,23.96,23.95,23.96,7478.0,750.0,,,6000.0,,432300.0,,,,2000.0,,,6496.0,,800.0,,7478.0,,,2474.0,,,,,1500.0,3000.0,1244.0,3500.0,4674.0,,,,,1748.0,6000.0,,,,4874.0,6000.0,3500.0,19750.0,750.0,6000.0,0,0,0,0,0,0,0,0,0,0,0,0,0,0,0,0,0,0,0,0,0,0,0,0,0,0,0,0,0,0,0,0,0
2.0,1.0,1.0,,Aggregate Position Limit,Your CRO has set the aggregate position limit to 10000 shares for this week.,87,2026-02-12 13:14:06.912483,SPNG,24.99,24.98,24.99,5000.0,20000.0,3500.0,4040.0,697.0,3506.0,4000.0,4000.0,500.0,5625.0,5625.0,6922.0,2740.0,5200.0,2000.0,3000.0,3500.0,206300.0,2400.0,3500.0,2466.0,8250.0,2163.0,88.0,2000.0,3000.0,,,,,,,,,,,,,,,,,,,,,,,,,,,0,0,0,0,0,0,0,0,0,0,0,0,0,0,0,0,0,0,0,0,0,0,0,0,0,0
1.0,1.0,1.0,,Welcome to the RITC 2026 Alogithmic Market Making Case - practice server,,87,2026-02-12 13:14:06.912483,SMMR,25.84,25.84,25.85,,,1990.0,5424.0,1600.0,,,,,,,553.0,,,,,5044.0,468100.0,,,,,1893.0,,2000.0,,815200.0,3500.0,5970.0,3904.0,6000.0,6000.0,5424.0,4533.0,,,,,,,,,,,,,,,,,,,0,0,0,0,0,0,0,0,0,0,0,0,0,0,0,0,0,0,0,0,0,0,0,0,0,0
,,,,,,87,2026-02-12 13:14:06.912483,ATMN,23.92,24.11,24.14,,,3500.0,,,,,4000.0,,,5854.0,,,,,5625.0,3002.0,329400.0,2301.0,3500.0,,,4500.0,,,,660200.0,,3485.0,,,,,12000.0,6000.0,18000.0,2250.0,5625.0,750.0,2250.0,2928.0,6000.0,9200.0,3500.0,4000.0,,,,,,,,0,0,0,0,0,0,0,0,0,0,0,0,0,0,0,0,0,0,0,0,0,0,0,0,0,0
,,,,,,87,2026-02-12 13:14:06.912483,WNTR,23.98,23.95,23.98,,,7000.0,1970.0,2400.0,,,,2500.0,,,750.0,,,,,1100.0,,,,,,,,4000.0,,125100.0,3500.0,3002.0,2850.0,,6875.0,,12000.0,6000.0,,750.0,,,,,6000.0,4000.0,,,20000.0,1364.0,1210.0,1364.0,1338.0,6000.0,9485.0,0,0,0,0,0,0,0,0,0,0,0,0,0,0,0,0,0,0,0,0,0,0,0,0,0,0
2.0,1.0,1.0,,Aggregate Position Limit,Your CRO has set the aggregate position limit to 10000 shares for this week.,88,2026-02-12 13:14:07.933099,SPNG,25.08,24.96,24.98,2500.0,6000.0,5625.0,3500.0,5625.0,800.0,300.0,3000.0,2625.0,6000.0,6000.0,2466.0,1875.0,2000.0,11610.0,6000.0,6000.0,3500.0,2602.0,1600.0,200200.0,2813.0,18000.0,2000.0,3000.0,4000.0,6000.0,,,,,,,,,,,,,,,,,,,,,,,,,,,,0,0,0,0,0,0,0,0,0,0,0,0,0,0,0,0,0,0,0,0,0,0,0,0
1.0,1.0,1.0,,Welcome to the RITC 2026 Alogithmic Market Making Case - practice server,,88,2026-02-12 13:14:07.933099,SMMR,25.77,25.86,25.9,,,,,,,,,,,3000.0,,,4000.0,,,,,,2300.0,282700.0,,,,,,,917400.0,9470.0,2000.0,1177.0,3500.0,288.0,2000.0,750.0,2228.0,2603.0,1413.0,1006.0,3000.0,,,,,,,,,,,,,,,0,0,0,0,0,0,0,0,0,0,0,0,0,0,0,0,0,0,0,0,0,0,0,0
,,,,,,88,2026-02-12 13:14:07.933099,ATMN,24.14,24.14,24.15,,6000.0,5625.0,3500.0,,,4000.0,,2250.0,,6000.0,,1716.0,,,6000.0,,4102.0,,3435.0,220200.0,,,,2250.0,5200.0,6000.0,99000.0,,,,,1600.0,,2250.0,2096.0,3500.0,,,,3500.0,5626.0,2096.0,4000.0,6000.0,2250.0,6000.0,,,,,,,,0,0,0,0,0,0,0,0,0,0,0,0,0,0,0,0,0,0,0,0,0,0,0,0
,,,,,,88,2026-02-12 13:14:07.933099,WNTR,23.98,23.98,23.99,,6000.0,,,,,800.0,,,,3000.0,,1500.0,,,,,2200.0,,1054.0,,,,3200.0,,4000.0,6000.0,,,,,3500.0,,4000.0,,,,,,9000.0,,,3773.0,,,,12000.0,5278.0,4000.0,1210.0,30000.0,1425.0,5200.0,9582.0,0,0,0,0,0,0,0,0,0,0,0,0,0,0,0,0,0,0,0,0,0,0,0,0
2.0,1.0,1.0,,Aggregate Position Limit,Your CRO has set the aggregate position limit to 10000 shares for this week.,89,2026-02-12 13:14:08.949960,SPNG,24.98,24.97,24.98,2500.0,3500.0,5000.0,5625.0,709.0,5625.0,9000.0,5568.0,7204.0,4000.0,2000.0,1753.0,3000.0,5250.0,1600.0,3424.0,876.0,5000.0,6000.0,3500.0,6000.0,2625.0,3000.0,94800.0,6000.0,4000.0,14250.0,,,,,,,,,,,,,,,,,,,,,,,,,0,0,0,0,0,0,0,0,0,0,0,0,0,0,0,0,0,0,0,0,0,0,0,0,0,0,0
1.0,1.0,1.0,,Welcome to the RITC 2026 Alogithmic Market Making Case - practice server,,89,2026-02-12 13:14:08.949960,SMMR,25.84,25.82,25.84,,,,,1160.0,,3000.0,750.0,,,,,,,1600.0,3325.0,,,9000.0,3500.0,,,,97500.0,,,,6000.0,8000.0,3500.0,6000.0,6502.0,434500.0,6000.0,2043.0,4281.0,3500.0,6000.0,3048.0,,,,,,,,,,,,,0,0,0,0,0,0,0,0,0,0,0,0,0,0,0,0,0,0,0,0,0,0,0,0,0,0,0
,,,,,,89,2026-02-12 13:14:08.949960,ATMN,24.15,24.14,24.15,,7000.0,,5625.0,800.0,5625.0,9000.0,3966.0,,,,3845.0,,2250.0,1374.0,3845.0,,,3000.0,3500.0,,2250.0,2250.0,220200.0,,6000.0,,,,3500.0,,,99000.0,,,1600.0,7000.0,,,688.0,5625.0,925.0,6000.0,2250.0,5202.0,,,,,,,0,0,0,0,0,0,0,0,0,0,0,0,0,0,0,0,0,0,0,0,0,0,0,0,0,0,0
,,,,,,89,2026-02-12 13:14:08.949960,WNTR,23.99,23.98,23.99,,3500.0,,,800.0,,,750.0,,,,1774.0,,,948.0,,,,15000.0,3500.0,,,,,,,,,6768.0,3500.0,,1100.0,,,,3924.0,5522.0,,,2344.0,,,,,1100.0,31553.0,5200.0,1210.0,14332.0,1364.0,1338.0,0,0,0,0,0,0,0,0,0,0,0,0,0,0,0,0,0,0,0,0,0,0,0,0,0,0,0
2.0,1.0,1.0,,Aggregate Position Limit,Your CRO has set the aggregate position limit to 10000 shares for this week.,90,2026-02-12 13:14:09.965652,SPNG,24.97,24.97,24.98,15000.0,5625.0,95.0,10834.0,6000.0,1100.0,15000.0,5600.0,3000.0,3348.0,3000.0,2275.0,7000.0,2905.0,1344.0,5247.0,2200.0,20000.0,2291.0,,,,,,,,,,,,,,,,,,,,,,,,,,,,,,,0,0,0,0,0,0,0,0,0,0,0,0,0,0,0,0,0,0,0,0,0,0,0,0,0,0,0,0,0
1.0,1.0,1.0,,Welcome to the RITC 2026 Alogithmic Market Making Case - practice server,,90,2026-02-12 13:14:09.965652,SMMR,25.83,25.8,25.83,,,,1500.0,,7602.0,,928.0,3000.0,,12000.0,7000.0,3500.0,800.0,1511.0,,1100.0,,750.0,3500.0,609800.0,4000.0,192300.0,2860.0,6000.0,750.0,1004.0,1418.0,,,,,,,,,,,,,,,,,,,,,,0,0,0,0,0,0,0,0,0,0,0,0,0,0,0,0,0,0,0,0,0,0,0,0,0,0,0,0,0
,,,,,,90,2026-02-12 13:14:09.965652,ATMN,24.05,24.05,24.06,,4921.0,4162.0,,,1100.0,,,,,12000.0,3500.0,,,,,7402.0,,2250.0,3500.0,205800.0,,433100.0,,,,,,10898.0,3500.0,3360.0,7338.0,2000.0,6000.0,18000.0,4157.0,6000.0,4000.0,6000.0,5449.0,,,,,,,,,,0,0,0,0,0,0,0,0,0,0,0,0,0,0,0,0,0,0,0,0,0,0,0,0,0,0,0,0,0
,,,,,,90,2026-02-12 13:14:09.965652,WNTR,24.01,23.99,24.0,,,,,,3300.0,,3200.0,4258.0,,15000.0,,,,1887.0,,1100.0,,750.0,,,,,,,,,,,,5384.0,5200.0,,,,,6000.0,4000.0,,,1887.0,6000.0,4000.0,20000.0,5000.0,5232.0,4000.0,12000.0,2500.0,0,0,0,0,0,0,0,0,0,0,0,0,0,0,0,0,0,0,0,0,0,0,0,0,0,0,0,0,0
2.0,1.0,1.0,,Aggregate Position Limit,Your CRO has set the aggregate position limit to 10000 shares for this week.,91,2026-02-12 13:14:10.981405,SPNG,24.98,24.97,24.98,6000.0,2500.0,6000.0,11250.0,718.0,1100.0,800.0,221600.0,6000.0,6000.0,5625.0,1390.0,2712.0,6000.0,1200.0,20000.0,3750.0,1482.0,1518.0,5000.0,3000.0,2275.0,7000.0,1125.0,1390.0,5247.0,1100.0,2625.0,2500.0,,,,,,,,,,,,,,,,,,,,,,,,0,0,0,0,0,0,0,0,0,0,0,0,0,0,0,0,0,0,0,0,0,0,0,0,0,0
1.0,1.0,1.0,,Welcome to the RITC 2026 Alogithmic Market Making Case - practice server,,91,2026-02-12 13:14:10.981405,SMMR,25.83,25.83,25.84,,,,,,7602.0,624.0,635800.0,,,,,,,1300.0,,,1600.0,,,12000.0,7000.0,,6000.0,1562.0,,1100.0,,,3500.0,3771.0,3500.0,750.0,1177.0,1259.0,2860.0,6000.0,750.0,1004.0,1177.0,,,,,,,,,,,,,0,0,0,0,0,0,0,0,0,0,0,0,0,0,0,0,0,0,0,0,0,0,0,0,0,0
,,,,,,91,2026-02-12 13:14:10.981405,ATMN,24.16,24.08,24.1,,,,11250.0,,,1600.0,113100.0,3000.0,,8086.0,1613.0,,,,,4576.0,725.0,1484.0,,12000.0,,3500.0,,1613.0,,6302.0,2250.0,,3500.0,3360.0,7000.0,,,,,,2250.0,,,7338.0,6000.0,4000.0,4000.0,200400.0,4157.0,4000.0,,,,,,0,0,0,0,0,0,0,0,0,0,0,0,0,0,0,0,0,0,0,0,0,0,0,0,0,0
,,,,,,91,2026-02-12 13:14:10.981405,WNTR,23.99,23.98,23.99,,,6000.0,,,4102.0,800.0,419500.0,3000.0,,,2112.0,,,,,,1410.0,,,12000.0,5775.0,3500.0,6000.0,2112.0,,,,,3500.0,2060.0,,,,,,,750.0,,,104.0,12000.0,4000.0,4000.0,,,,1338.0,750.0,750.0,25000.0,6000.0,0,0,0,0,0,0,0,0,0,0,0,0,0,0,0,0,0,0,0,0,0,0,0,0,0,0
2.0,1.0,1.0,,Aggregate Position Limit,Your CRO has set the aggregate position limit to 10000 shares for this week.,92,2026-02-12 13:14:12.008415,SPNG,24.98,24.96,24.98,1600.0,10000.0,625.0,3500.0,3524.0,213000.0,4258.0,6000.0,1595.0,2712.0,4368.0,6000.0,1200.0,5000.0,5000.0,1184.0,3500.0,3750.0,1125.0,716.0,5625.0,2500.0,1115.0,3524.0,214400.0,3949.0,2625.0,6000.0,,,,,,,,,,,,,,,,,,,,,,,,,,0,0,0,0,0,0,0,0,0,0,0,0,0,0,0,0,0,0,0,0,0,0,0,0,0
1.0,1.0,1.0,,Welcome to the RITC 2026 Alogithmic Market Making Case - practice server,,92,2026-02-12 13:14:12.008415,SMMR,25.86,25.83,25.86,800.0,,6000.0,3500.0,2179.0,542200.0,,,,,,,,,,,,,6000.0,,,,2215.0,2179.0,667600.0,,,,3771.0,3500.0,8717.0,1177.0,2000.0,2000.0,6000.0,10367.0,4000.0,,,,,,,,,,,,,,,,,0,0,0,0,0,0,0,0,0,0,0,0,0,0,0,0,0,0,0,0,0,0,0,0,0
,,,,,,92,2026-02-12 13:14:12.008415,ATMN,24.0,23.99,24.0,,,,,,205800.0,6000.0,,5625.0,,5625.0,6000.0,5350.0,,,600.0,,,6000.0,,3603.0,,6302.0,,191600.0,4157.0,2250.0,2250.0,,,1100.0,,,,6000.0,,1300.0,12000.0,4000.0,5625.0,12000.0,5200.0,4000.0,997.0,6000.0,,,,,,,,,0,0,0,0,0,0,0,0,0,0,0,0,0,0,0,0,0,0,0,0,0,0,0,0,0
,,,,,,92,2026-02-12 13:14:12.008415,WNTR,23.99,23.98,23.99,,,6000.0,3500.0,2307.0,107000.0,3000.0,,,,,,,,,1932.0,,,3000.0,,,,2215.0,,,,,,3592.0,,5217.0,,,,3000.0,6000.0,3200.0,,4000.0,,,,,1044.0,,1500.0,10000.0,1364.0,104.0,3500.0,10203.0,1364.0,6000.0,0,0,0,0,0,0,0,0,0,0,0,0,0,0,0,0,0,0,0,0,0,0,0,0,0
2.0,1.0,1.0,,Aggregate Position Limit,Your CRO has set the aggregate position limit to 10000 shares for this week.,93,2026-02-12 13:14:13.035191,SPNG,24.96,24.96,24.97,5375.0,5626.0,7498.0,2500.0,5472.0,3500.0,3266.0,3000.0,3000.0,5000.0,1633.0,2500.0,7875.0,1100.0,5000.0,309200.0,5625.0,6000.0,6000.0,9000.0,,,,,,,,,,,,,,,,,,,,,,,,,,,,0,0,0,0,0,0,0,0,0,0,0,0,0,0,0,0,0,0,0,0,0,0,0,0,0,0,0,0,0,0,0
1.0,1.0,1.0,,Welcome to the RITC 2026 Alogithmic Market Making Case - practice server,,93,2026-02-12 13:14:13.035191,SMMR,25.86,25.84,25.86,6000.0,,,,1600.0,,4338.0,,750.0,,4338.0,,,2215.0,,485000.0,,,6000.0,,524200.0,1452.0,7692.0,3500.0,1259.0,2000.0,2400.0,1274.0,1812.0,1050.0,3500.0,3500.0,10367.0,,,,,,,,,,,,,,,0,0,0,0,0,0,0,0,0,0,0,0,0,0,0,0,0,0,0,0,0,0,0,0,0,0,0,0,0,0,0
,,,,,,93,2026-02-12 13:14:13.035191,ATMN,23.99,23.99,24.0,,5625.0,5625.0,,800.0,,1827.0,6000.0,,,,,2250.0,6577.0,,91200.0,1144.0,2250.0,6000.0,,113100.0,,,3500.0,,,,,6000.0,600.0,3500.0,3500.0,,5350.0,576.0,6000.0,14504.0,6000.0,2417.0,5625.0,1861.0,5200.0,4157.0,,,,,0,0,0,0,0,0,0,0,0,0,0,0,0,0,0,0,0,0,0,0,0,0,0,0,0,0,0,0,0,0,0
,,,,,,93,2026-02-12 13:14:13.035191,WNTR,24.02,23.99,24.02,6000.0,,,,8000.0,3500.0,,3000.0,,,2296.0,,,2475.0,,311200.0,,,9000.0,,,,,,,,,9304.0,,,,,6000.0,,2670.0,,,,,,,,,30000.0,6000.0,3200.0,9485.0,0,0,0,0,0,0,0,0,0,0,0,0,0,0,0,0,0,0,0,0,0,0,0,0,0,0,0,0,0,0,0
2.0,1.0,1.0,,Aggregate Position Limit,Your CRO has set the aggregate position limit to 10000 shares for this week.,94,2026-02-12 13:14:14.059035,SPNG,24.95,24.97,24.98,5000.0,2092.0,3500.0,81300.0,4800.0,2812.0,7501.0,1100.0,6000.0,3000.0,1207.0,6000.0,4125.0,5624.0,9376.0,2500.0,3500.0,309200.0,4000.0,6000.0,7875.0,1100.0,2092.0,6000.0,3000.0,,,,,,,,,,,,,,,,,,,,,0,0,0,0,0,0,0,0,0,0,0,0,0,0,0,0,0,0,0,0,0,0,0,0,0,0,0,0,0,0,0,0,0
1.0,1.0,1.0,,Welcome to the RITC 2026 Alogithmic Market Making Case - practice server,,94,2026-02-12 13:14:14.059035,SMMR,25.86,25.85,25.86,,2433.0,3500.0,411600.0,800.0,,,5790.0,6000.0,,,,500.0,,,,3500.0,485000.0,,,,2215.0,2433.0,,,800.0,5081.0,3500.0,6000.0,3000.0,1050.0,7000.0,16201.0,2000.0,,,,,,,,,,,,0,0,0,0,0,0,0,0,0,0,0,0,0,0,0,0,0,0,0,0,0,0,0,0,0,0,0,0,0,0,0,0,0
,,,,,,94,2026-02-12 13:14:14.059035,ATMN,24.2,24.17,24.2,,1875.0,3500.0,113100.0,,,2240.0,1100.0,3000.0,2250.0,604.0,,,5254.0,5625.0,,,442300.0,8000.0,,,1100.0,,,,,2518.0,,,3000.0,,,12000.0,4300.0,12000.0,5778.0,5625.0,,,,,,,,,0,0,0,0,0,0,0,0,0,0,0,0,0,0,0,0,0,0,0,0,0,0,0,0,0,0,0,0,0,0,0,0,0
,,,,,,94,2026-02-12 13:14:14.059035,WNTR,24.02,24.0,24.02,,,3500.0,523100.0,1600.0,,,2200.0,6000.0,,,,,,,,3500.0,434200.0,4000.0,,,1100.0,,,,,2000.0,3500.0,6000.0,3000.0,,,6000.0,3200.0,,,,10000.0,6000.0,1364.0,2000.0,1364.0,24485.0,4000.0,1849.0,0,0,0,0,0,0,0,0,0,0,0,0,0,0,0,0,0,0,0,0,0,0,0,0,0,0,0,0,0,0,0,0,0
2.0,1.0,1.0,,Aggregate Position Limit,Your CRO has set the aggregate position limit to 10000 shares for this week.,95,2026-02-12 13:14:15.097475,SPNG,24.97,24.97,24.98,25000.0,5625.0,2500.0,10000.0,800.0,3500.0,3500.0,1200.0,2055.0,716.0,81300.0,5625.0,5625.0,5000.0,3000.0,4218.0,4219.0,3500.0,1125.0,4632.0,5021.0,3500.0,600.0,6000.0,2500.0,2000.0,716.0,1100.0,7724.0,4000.0,,,,,,,,,,,,,,,,,,,,,0,0,0,0,0,0,0,0,0,0,0,0,0,0,0,0,0,0,0,0,0,0,0,0,0,0,0,0
1.0,1.0,1.0,,Welcome to the RITC 2026 Alogithmic Market Making Case - practice server,,95,2026-02-12 13:14:15.097475,SMMR,25.86,25.86,25.87,,,,,2400.0,3500.0,3500.0,1259.0,2502.0,,301900.0,,,,3000.0,,,,,,,,840.0,,,,,1100.0,16201.0,,5848.0,9000.0,4675.0,2502.0,786400.0,4000.0,,,,,,,,,,,,,,,0,0,0,0,0,0,0,0,0,0,0,0,0,0,0,0,0,0,0,0,0,0,0,0,0,0,0,0
,,,,,,95,2026-02-12 13:14:15.097475,ATMN,24.09,24.1,24.14,,3131.0,,,603.0,5950.0,3500.0,,1857.0,,,3608.0,4465.0,,,5625.0,5625.0,,,,5625.0,3500.0,,,,,,1100.0,20504.0,4000.0,3704.0,3000.0,1100.0,,442300.0,2500.0,9012.0,700.0,4000.0,4000.0,1074.0,997.0,5200.0,1123.0,,,,,,,0,0,0,0,0,0,0,0,0,0,0,0,0,0,0,0,0,0,0,0,0,0,0,0,0,0,0,0
,,,,,,95,2026-02-12 13:14:15.097475,WNTR,24.02,24.02,24.04,,,,,1600.0,,3500.0,,3155.0,,87600.0,,,,3000.0,,,,,,,,,,,,,12083.0,30000.0,,1057.0,12000.0,2200.0,3155.0,452900.0,,,,,,,,,,20000.0,10000.0,6000.0,6000.0,5000.0,3500.0,0,0,0,0,0,0,0,0,0,0,0,0,0,0,0,0,0,0,0,0,0,0,0,0,0,0,0,0
2.0,1.0,1.0,,Aggregate Position Limit,Your CRO has set the aggregate position limit to 10000 shares for this week.,96,2026-02-12 13:14:16.139302,SPNG,24.98,25.03,25.05,3500.0,2758.0,800.0,5625.0,11250.0,1526.0,276900.0,5000.0,6000.0,6000.0,4000.0,13724.0,6000.0,950.0,10000.0,824.0,9000.0,98000.0,1100.0,3500.0,3052.0,2758.0,462.0,5250.0,2109.0,770.0,1056.0,6000.0,,,,,,,,,,,,,,,,,,,,,,,0,0,0,0,0,0,0,0,0,0,0,0,0,0,0,0,0,0,0,0,0,0,0,0,0,0,0,0
1.0,1.0,1.0,,Welcome to the RITC 2026 Alogithmic Market Making Case - practice server,,96,2026-02-12 13:14:16.139302,SMMR,25.87,25.87,25.88,3500.0,,1600.0,,,,488600.0,,,,,,,,,,,671900.0,1100.0,7000.0,3082.0,,,,,,,6000.0,9000.0,6890.0,3500.0,6000.0,2000.0,10367.0,1499.0,4000.0,,,,,,,,,,,,,,,0,0,0,0,0,0,0,0,0,0,0,0,0,0,0,0,0,0,0,0,0,0,0,0,0,0,0,0
,,,,,,96,2026-02-12 13:14:16.139302,ATMN,24.12,24.12,24.13,3500.0,,1536.0,,,5707.0,,,,,,,10000.0,,,,2250.0,209800.0,,,,,,,3306.0,,,6000.0,,2200.0,3325.0,6000.0,,6000.0,,4000.0,6017.0,4000.0,10000.0,4616.0,8000.0,796.0,3500.0,5200.0,4000.0,,,,,,0,0,0,0,0,0,0,0,0,0,0,0,0,0,0,0,0,0,0,0,0,0,0,0,0,0,0,0
,,,,,,96,2026-02-12 13:14:16.139302,WNTR,24.08,24.08,24.1,3500.0,,1600.0,,,3536.0,87600.0,,,,,,,,,,,436100.0,3548.0,757.0,8924.0,,300.0,,,,,,,,7000.0,,7684.0,6000.0,6397.0,,,,,,,,3500.0,,,10000.0,33384.0,3292.0,6000.0,5000.0,0,0,0,0,0,0,0,0,0,0,0,0,0,0,0,0,0,0,0,0,0,0,0,0,0,0,0,0
2.0,1.0,1.0,,Aggregate Position Limit,Your CRO has set the aggregate position limit to 10000 shares for this week.,97,2026-02-12 13:14:17.178762,SPNG,24.97,24.97,24.98,5000.0,11250.0,6000.0,800.0,2500.0,2275.0,1100.0,3500.0,6000.0,6000.0,5625.0,5625.0,2625.0,202100.0,6000.0,4000.0,6000.0,35000.0,5610.0,1733.0,2500.0,4773.0,2500.0,2772.0,716.0,1564.0,3000.0,98000.0,1100.0,,,,,,,,,,,,,,,0,0,0,0,0,0,0,0,0,0,0,0,0,0,0,0,0,0,0,0,0,0,0,0,0,0,0,0,0,0,0,0,0,0,0
1.0,1.0,1.0,,Welcome to the RITC 2026 Alogithmic Market Making Case - practice server,,97,2026-02-12 13:14:17.178762,SMMR,25.83,25.83,25.84,,,,8000.0,,,5775.0,,3000.0,,,,,284200.0,,,,,,,,,,3664.0,,3680.0,,276100.0,,1002.0,7000.0,3500.0,6000.0,,,,,,,,,,,0,0,0,0,0,0,0,0,0,0,0,0,0,0,0,0,0,0,0,0,0,0,0,0,0,0,0,0,0,0,0,0,0,0,0
,,,,,,97,2026-02-12 13:14:17.178762,ATMN,24.12,24.12,24.14,,,,5120.0,,6650.0,,3500.0,,10000.0,,,,,,,4252.0,,4218.0,3306.0,500.0,,,3342.0,,,2250.0,,,2000.0,3500.0,3500.0,3000.0,10000.0,3342.0,490.0,5400.0,4000.0,877.0,5200.0,,,,0,0,0,0,0,0,0,0,0,0,0,0,0,0,0,0,0,0,0,0,0,0,0,0,0,0,0,0,0,0,0,0,0,0,0
,,,,,,97,2026-02-12 13:14:17.178762,WNTR,24.08,24.07,24.08,,,,,,3500.0,2200.0,3500.0,3000.0,7200.0,,,,87600.0,,,,,,,,,,2613.0,,1500.0,750.0,217400.0,1100.0,7684.0,3500.0,3500.0,,,,,2397.0,,,,40000.0,2000.0,18783.0,0,0,0,0,0,0,0,0,0,0,0,0,0,0,0,0,0,0,0,0,0,0,0,0,0,0,0,0,0,0,0,0,0,0,0
2.0,1.0,1.0,,Aggregate Position Limit,Your CRO has set the aggregate position limit to 10000 shares for this week.,98,2026-02-12 13:14:18.196137,SPNG,24.98,24.97,24.98,12285.0,2726.0,5625.0,6000.0,4550.0,7000.0,7200.0,2500.0,20000.0,2500.0,11900.0,1733.0,6256.0,5625.0,7000.0,,,,,,,,,,,,,,,,,,,,,,,,,0,0,0,0,0,0,0,0,0,0,0,0,0,0,0,0,0,0,0,0,0,0,0,0,0,0,0,0,0,0,0,0,0,0,0,0,0,0,0
1.0,1.0,1.0,,Welcome to the RITC 2026 Alogithmic Market Making Case - practice server,,98,2026-02-12 13:14:18.196137,SMMR,25.82,25.82,25.83,,,,6000.0,3500.0,3500.0,864.0,,,,3500.0,,1600.0,,3500.0,376500.0,8517.0,9000.0,2506.0,12000.0,666500.0,3664.0,2000.0,4533.0,1100.0,,,,,,,,,,,,,,,0,0,0,0,0,0,0,0,0,0,0,0,0,0,0,0,0,0,0,0,0,0,0,0,0,0,0,0,0,0,0,0,0,0,0,0,0,0,0
,,,,,,98,2026-02-12 13:14:18.196137,ATMN,24.17,24.16,24.17,,,,,3325.0,3500.0,2560.0,,,,,1653.0,,,,,3300.0,6000.0,800.0,6000.0,317900.0,1671.0,,6000.0,,10000.0,10000.0,3342.0,2250.0,490.0,4000.0,718.0,5200.0,4500.0,8000.0,2250.0,4000.0,,,0,0,0,0,0,0,0,0,0,0,0,0,0,0,0,0,0,0,0,0,0,0,0,0,0,0,0,0,0,0,0,0,0,0,0,0,0,0,0
,,,,,,98,2026-02-12 13:14:18.196137,WNTR,24.08,24.07,24.08,,,,,3500.0,3500.0,8000.0,,,,10500.0,,3000.0,,3500.0,,1100.0,,6000.0,,203200.0,,,,,,,,,,,,,,,,4000.0,16616.0,14753.0,0,0,0,0,0,0,0,0,0,0,0,0,0,0,0,0,0,0,0,0,0,0,0,0,0,0,0,0,0,0,0,0,0,0,0,0,0,0,0
2.0,1.0,1.0,,Aggregate Position Limit,Your CRO has set the aggregate position limit to 10000 shares for this week.,99,2026-02-12 13:14:19.225557,SPNG,25.06,24.98,25.01,31065.0,3351.0,1600.0,5625.0,4644.0,6000.0,2966.0,6000.0,4550.0,2625.0,10000.0,2500.0,98000.0,3598.0,2758.0,5250.0,4500.0,2000.0,3842.0,6000.0,9000.0,,,,,,,,,,,,,,,,,,,,,,,0,0,0,0,0,0,0,0,0,0,0,0,0,0,0,0,0,0,0,0,0,0,0,0,0,0,0,0,0,0,0,0,0,0,0
1.0,1.0,1.0,,Welcome to the RITC 2026 Alogithmic Market Making Case - practice server,,99,2026-02-12 13:14:19.225557,SMMR,25.82,25.82,25.85,,,1504.0,,,,,6000.0,7000.0,,,,786400.0,2498.0,,,,4000.0,,,6000.0,266500.0,6071.0,12000.0,4000.0,1259.0,1600.0,10367.0,,,,,,,,,,,,,,,,0,0,0,0,0,0,0,0,0,0,0,0,0,0,0,0,0,0,0,0,0,0,0,0,0,0,0,0,0,0,0,0,0,0,0
,,,,,,99,2026-02-12 13:14:19.225557,ATMN,24.15,24.15,24.17,,490.0,4000.0,,5625.0,10000.0,,,6650.0,,,,454800.0,1100.0,,,,2400.0,,2250.0,3000.0,100100.0,2756.0,6000.0,400.0,,2792.0,10252.0,10000.0,1856.0,10000.0,2250.0,2305.0,877.0,1856.0,21.0,1910.0,,,,,,,0,0,0,0,0,0,0,0,0,0,0,0,0,0,0,0,0,0,0,0,0,0,0,0,0,0,0,0,0,0,0,0,0,0,0
,,,,,,99,2026-02-12 13:14:19.225557,WNTR,24.06,24.07,24.08,,,2400.0,,,6000.0,,6000.0,2275.0,,,,675600.0,8504.0,,,,,,,,87600.0,1656.0,3000.0,763.0,,435.0,,4000.0,,6000.0,750.0,,1187.0,5796.0,,,3500.0,20000.0,4000.0,7015.0,3500.0,6000.0,0,0,0,0,0,0,0,0,0,0,0,0,0,0,0,0,0,0,0,0,0,0,0,0,0,0,0,0,0,0,0,0,0,0,0
2.0,1.0,1.0,,Aggregate Position Limit,Your CRO has set the aggregate position limit to 10000 shares for this week.,100,2026-02-12 13:14:20.243030,SPNG,24.99,25.0,25.01,4000.0,3500.0,2500.0,46065.0,800.0,1905.0,1448.0,651.0,5625.0,1832.0,3793.0,875.0,1969.0,3000.0,2000.0,814.0,30750.0,84500.0,2966.0,,,,,,,,,,,,,,,,,,,,,,,,,,,0,0,0,0,0,0,0,0,0,0,0,0,0,0,0,0,0,0,0,0,0,0,0,0,0,0,0,0,0,0,0,0,0
1.0,1.0,1.0,,Welcome to the RITC 2026 Alogithmic Market Making Case - practice server,,100,2026-02-12 13:14:20.243030,SMMR,25.97,25.85,25.97,,7000.0,,,1600.0,2317.0,,,,,,,,,,,,609500.0,,3500.0,266500.0,7171.0,5204.0,6000.0,8050.0,15021.0,6000.0,,,,,,,,,,,,,,,,,,,0,0,0,0,0,0,0,0,0,0,0,0,0,0,0,0,0,0,0,0,0,0,0,0,0,0,0,0,0,0,0,0,0
,,,,,,100,2026-02-12 13:14:20.243030,ATMN,24.17,24.17,24.2,,3239.0,,,1600.0,1823.0,,,,5625.0,5.0,,252.0,,,1782.0,,699700.0,,3500.0,100100.0,1398.0,4960.0,,4400.0,10252.0,,10000.0,2000.0,5690.0,7902.0,10000.0,955.0,1823.0,1968.0,,,,,,,,,,,0,0,0,0,0,0,0,0,0,0,0,0,0,0,0,0,0,0,0,0,0,0,0,0,0,0,0,0,0,0,0,0,0
,,,,,,100,2026-02-12 13:14:20.243030,WNTR,23.97,23.95,23.97,,,,,2400.0,,,,,,,,,,,,,478600.0,,,615000.0,3574.0,4000.0,,,,,,2000.0,,,,,2156.0,,6000.0,12000.0,4000.0,12015.0,5955.0,3500.0,6000.0,4000.0,6354.0,2000.0,0,0,0,0,0,0,0,0,0,0,0,0,0,0,0,0,0,0,0,0,0,0,0,0,0,0,0,0,0,0,0,0,0
2.0,1.0,1.0,,Aggregate Position Limit,Your CRO has set the aggregate position limit to 10000 shares for this week.,101,2026-02-12 13:14:21.260173,SPNG,25.11,25.11,25.12,87200.0,5925.0,5200.0,2095.0,2500.0,2400.0,5000.0,3500.0,4236.0,2703.0,5625.0,6000.0,6000.0,1100.0,4000.0,875.0,4000.0,283200.0,33000.0,2966.0,701.0,3000.0,1100.0,1300.0,,,,,,,,,,,,,,,,,,,,,,,,,,,,0,0,0,0,0,0,0,0,0,0,0,0,0,0,0,0,0,0,0,0,0,0,0,0,0,0,0
1.0,1.0,1.0,,Welcome to the RITC 2026 Alogithmic Market Making Case - practice server,,101,2026-02-12 13:14:21.260173,SMMR,25.96,25.93,25.95,182400.0,3500.0,,,,800.0,,,4772.0,,,6000.0,,3300.0,,,,681200.0,,,,,,3300.0,6063.0,6000.0,2000.0,2000.0,750.0,1184.0,3181.0,1245.0,990.0,5834.0,3500.0,6000.0,4968.0,,,,,,,,,,,,,,,0,0,0,0,0,0,0,0,0,0,0,0,0,0,0,0,0,0,0,0,0,0,0,0,0,0,0
,,,,,,101,2026-02-12 13:14:21.260173,ATMN,24.19,24.19,24.21,100100.0,3500.0,327.0,638.0,,2400.0,,3500.0,4446.0,,5625.0,,,1100.0,10000.0,997.0,,586600.0,,,478.0,,,3100.0,,3000.0,,4000.0,2250.0,475.0,,,,10252.0,,,4968.0,2250.0,817.0,1968.0,4000.0,1407.0,4446.0,,,,,,,,,0,0,0,0,0,0,0,0,0,0,0,0,0,0,0,0,0,0,0,0,0,0,0,0,0,0,0
,,,,,,101,2026-02-12 13:14:21.260173,WNTR,23.95,23.95,23.97,411900.0,3500.0,,,,1600.0,,,3033.0,,,,6000.0,2200.0,,,,239500.0,,,,,7454.0,,2076.0,3000.0,2000.0,,,1516.0,,,,,,,6000.0,,,1985.0,,,3033.0,5000.0,6000.0,6000.0,7015.0,6000.0,6000.0,4000.0,6000.0,0,0,0,0,0,0,0,0,0,0,0,0,0,0,0,0,0,0,0,0,0,0,0,0,0,0,0
2.0,1.0,1.0,,Aggregate Position Limit,Your CRO has set the aggregate position limit to 10000 shares for this week.,102,2026-02-12 13:14:22.276282,SPNG,25.02,25.0,25.02,3128.0,2500.0,1190.0,11250.0,6000.0,6000.0,9000.0,3000.0,6000.0,2950.0,3500.0,20000.0,1500.0,1948.0,1100.0,2000.0,6000.0,4800.0,3500.0,3500.0,1047.0,3000.0,,,,,,,,,,,,,,,,,,,,,,,,0,0,0,0,0,0,0,0,0,0,0,0,0,0,0,0,0,0,0,0,0,0,0,0,0,0,0,0,0,0,0,0,0
1.0,1.0,1.0,,Welcome to the RITC 2026 Alogithmic Market Making Case - practice server,,102,2026-02-12 13:14:22.276282,SMMR,25.86,25.85,25.86,,,,,6000.0,3000.0,,,,1200.0,,,,2676.0,,3300.0,6000.0,1659.0,1876.0,3500.0,,3000.0,2000.0,705200.0,13971.0,909.0,2000.0,578400.0,5834.0,,,,,,,,,,,,,,,,,0,0,0,0,0,0,0,0,0,0,0,0,0,0,0,0,0,0,0,0,0,0,0,0,0,0,0,0,0,0,0,0,0
,,,,,,102,2026-02-12 13:14:22.276282,ATMN,24.18,24.16,24.18,800.0,,,11250.0,6000.0,6000.0,,2250.0,,4500.0,,,5976.0,,,2150.0,,,,,,4968.0,,235400.0,,,,1076500.0,8504.0,11250.0,4607.0,2478.0,2250.0,5625.0,4252.0,119.0,4607.0,,,,,,,,,0,0,0,0,0,0,0,0,0,0,0,0,0,0,0,0,0,0,0,0,0,0,0,0,0,0,0,0,0,0,0,0,0
,,,,,,102,2026-02-12 13:14:22.276282,WNTR,24.06,24.06,24.08,2046.0,,,,,,,,6000.0,2000.0,3500.0,,,,7454.0,2000.0,,,,,,3000.0,7543.0,430400.0,,,,675600.0,,,,,,,,,,2000.0,4000.0,2470.0,1044.0,6000.0,8000.0,2015.0,6000.0,0,0,0,0,0,0,0,0,0,0,0,0,0,0,0,0,0,0,0,0,0,0,0,0,0,0,0,0,0,0,0,0,0
2.0,1.0,1.0,,Aggregate Position Limit,Your CRO has set the aggregate position limit to 10000 shares for this week.,103,2026-02-12 13:14:23.293290,SPNG,24.97,24.96,24.97,6000.0,5000.0,15000.0,2500.0,4732.0,3000.0,3000.0,3000.0,1100.0,2737.0,1079.0,196300.0,5600.0,2992.0,1079.0,3000.0,5500.0,4000.0,3500.0,2250.0,5000.0,2625.0,1300.0,,,,,,,,,,,,,,,,,,,,,,,,,,,,,0,0,0,0,0,0,0,0,0,0,0,0,0,0,0,0,0,0,0,0,0,0,0,0,0,0,0
1.0,1.0,1.0,,Welcome to the RITC 2026 Alogithmic Market Making Case - practice server,,103,2026-02-12 13:14:23.293290,SMMR,25.79,25.8,25.82,,,,,,,,,7156.0,6470.0,,268700.0,7200.0,,,6000.0,,,,,,,,4000.0,293500.0,1200.0,1100.0,5824.0,5050.0,3500.0,750.0,,,,,,,,,,,,,,,,,,,,,0,0,0,0,0,0,0,0,0,0,0,0,0,0,0,0,0,0,0,0,0,0,0,0,0,0,0
,,,,,,103,2026-02-12 13:14:23.293290,ATMN,24.17,24.17,24.19,6000.0,,,,4916.0,3000.0,,,1100.0,1600.0,,96600.0,338.0,1494.0,,6000.0,,,3500.0,,,,2000.0,,,1300.0,1100.0,2458.0,,3500.0,,5625.0,3500.0,343.0,3500.0,5625.0,5625.0,4000.0,4000.0,4607.0,4022.0,2000.0,786.0,997.0,3612.0,4252.0,4000.0,,,,,0,0,0,0,0,0,0,0,0,0,0,0,0,0,0,0,0,0,0,0,0,0,0,0,0,0,0
,,,,,,103,2026-02-12 13:14:23.293290,WNTR,24.09,24.08,24.09,6000.0,,,,6436.0,,,750.0,,1600.0,,517900.0,300.0,,,6000.0,,,3500.0,,,,,,117900.0,1300.0,6354.0,,,,750.0,,,,3500.0,,,4000.0,6362.0,6000.0,,,,,,,4000.0,20000.0,6000.0,12015.0,6000.0,0,0,0,0,0,0,0,0,0,0,0,0,0,0,0,0,0,0,0,0,0,0,0,0,0,0,0
2.0,1.0,1.0,,Aggregate Position Limit,Your CRO has set the aggregate position limit to 10000 shares for this week.,104,2026-02-12 13:14:24.308089,SPNG,24.83,24.84,24.86,195.0,5000.0,300.0,3558.0,2500.0,4834.0,2150.0,6000.0,2625.0,493500.0,1100.0,2952.0,6000.0,2307.0,5000.0,2500.0,2307.0,800.0,10000.0,2625.0,2022.0,10000.0,5625.0,6000.0,800.0,5250.0,2812.0,5500.0,84500.0,,,,,,,,,,,,,,,,,,,,,,,0,0,0,0,0,0,0,0,0,0,0,0,0,0,0,0,0,0,0,0,0,0,0,0,0,0,0
1.0,1.0,1.0,,Welcome to the RITC 2026 Alogithmic Market Making Case - practice server,,104,2026-02-12 13:14:24.308089,SMMR,25.79,25.8,25.81,3305.0,,2400.0,,,,1200.0,,,713700.0,9000.0,3000.0,,,,,2987.0,1306.0,,,,,,9000.0,6000.0,,,,365100.0,3500.0,1177.0,1500.0,1250.0,2200.0,3305.0,1177.0,1300.0,,,,,,,,,,,,,,,0,0,0,0,0,0,0,0,0,0,0,0,0,0,0,0,0,0,0,0,0,0,0,0,0,0,0
,,,,,,104,2026-02-12 13:14:24.308089,ATMN,24.16,24.16,24.17,,,800.0,11250.0,,11250.0,1300.0,,,125200.0,1100.0,3000.0,,2764.0,,,2764.0,836.0,,,1436.0,,3560.0,6000.0,,,2560.0,5500.0,96600.0,3500.0,,,,2200.0,6805.0,,2000.0,767.0,5604.0,4500.0,5625.0,6000.0,3500.0,10000.0,,,,,,,,0,0,0,0,0,0,0,0,0,0,0,0,0,0,0,0,0,0,0,0,0,0,0,0,0,0,0
,,,,,,104,2026-02-12 13:14:24.308089,WNTR,23.92,23.92,23.94,,,,,,,3200.0,,,523100.0,3574.0,3983.0,,3301.0,,,3301.0,600.0,,,,,,,,,,,336400.0,,,750.0,,2498.0,3305.0,,,,,,,6000.0,3500.0,,6000.0,4000.0,8000.0,6000.0,22015.0,4000.0,2961.0,0,0,0,0,0,0,0,0,0,0,0,0,0,0,0,0,0,0,0,0,0,0,0,0,0,0,0
2.0,1.0,1.0,,Aggregate Position Limit,Your CRO has set the aggregate position limit to 10000 shares for this week.,105,2026-02-12 13:14:25.323705,SPNG,24.77,25.0,25.01,2500.0,1742.0,668600.0,2200.0,4000.0,6000.0,5952.0,950.0,9862.0,6000.0,5000.0,6000.0,2916.0,5625.0,876.0,6000.0,800.0,7875.0,4218.0,4000.0,84500.0,2250.0,5000.0,2000.0,3000.0,1742.0,,,,,,,,,,,,,,,,,,,,,0,0,0,0,0,0,0,0,0,0,0,0,0,0,0,0,0,0,0,0,0,0,0,0,0,0,0,0,0,0,0,0
1.0,1.0,1.0,,Welcome to the RITC 2026 Alogithmic Market Making Case - practice server,,105,2026-02-12 13:14:25.323705,SMMR,25.82,25.81,25.82,,,935400.0,9000.0,,,,1200.0,,,,15000.0,3111.0,,,6000.0,800.0,,,,182500.0,,,,750.0,2534.0,1881.0,3500.0,3305.0,3500.0,4400.0,4000.0,1240.0,,,,,,,,,,,,,,0,0,0,0,0,0,0,0,0,0,0,0,0,0,0,0,0,0,0,0,0,0,0,0,0,0,0,0,0,0,0,0
,,,,,,105,2026-02-12 13:14:25.323705,ATMN,24.12,24.12,24.16,,,202900.0,,,,1031.0,3300.0,16252.0,,,3000.0,,5625.0,,,536.0,,,20000.0,,,,2400.0,,2100.0,,,,,1100.0,1981.0,,2175.0,2250.0,6000.0,5500.0,6000.0,6341.0,10000.0,4249.0,798.0,,,,,0,0,0,0,0,0,0,0,0,0,0,0,0,0,0,0,0,0,0,0,0,0,0,0,0,0,0,0,0,0,0,0
,,,,,,105,2026-02-12 13:14:25.323705,WNTR,23.93,23.93,23.94,,,312500.0,,4000.0,6000.0,2952.0,2000.0,,,,6000.0,,,,6000.0,3745.0,,,,128900.0,,,,,2768.0,3200.0,3500.0,,3500.0,1100.0,6000.0,,6016.0,,,,,,,,,750.0,4000.0,6000.0,25000.0,0,0,0,0,0,0,0,0,0,0,0,0,0,0,0,0,0,0,0,0,0,0,0,0,0,0,0,0,0,0,0,0
2.0,1.0,1.0,,Aggregate Position Limit,Your CRO has set the aggregate position limit to 10000 shares for this week.,106,2026-02-12 13:14:26.350948,SPNG,25.14,24.99,25.14,7745.0,2500.0,10000.0,2200.0,2812.0,2311.0,76.0,2916.0,1011.0,2625.0,409700.0,4000.0,6000.0,198700.0,29250.0,2200.0,604.0,5625.0,3000.0,,,,,,,,,,,,,,,,,,,,,,,,,0,0,0,0,0,0,0,0,0,0,0,0,0,0,0,0,0,0,0,0,0,0,0,0,0,0,0,0,0,0,0,0,0,0,0
1.0,1.0,1.0,,Welcome to the RITC 2026 Alogithmic Market Making Case - practice server,,106,2026-02-12 13:14:26.350948,SMMR,25.83,25.81,25.82,,,,2498.0,,,,3305.0,,,431100.0,,,182500.0,,4400.0,,,,8000.0,3500.0,2000.0,1200.0,1234.0,6730.0,3760.0,2940.0,,,,,,,,,,,,,,,,,0,0,0,0,0,0,0,0,0,0,0,0,0,0,0,0,0,0,0,0,0,0,0,0,0,0,0,0,0,0,0,0,0,0,0
,,,,,,106,2026-02-12 13:14:26.350948,ATMN,24.1,24.09,24.1,,,,1100.0,5625.0,,,2916.0,4188.0,4500.0,,,,98600.0,,1100.0,5500.0,1376.0,3000.0,3200.0,3500.0,39.0,,,2568.0,,5282.0,997.0,3496.0,2000.0,518.0,6000.0,2250.0,2000.0,2916.0,6000.0,3500.0,8186.0,997.0,622.0,6000.0,,,0,0,0,0,0,0,0,0,0,0,0,0,0,0,0,0,0,0,0,0,0,0,0,0,0,0,0,0,0,0,0,0,0,0,0
,,,,,,106,2026-02-12 13:14:26.350948,WNTR,23.91,23.9,23.91,3983.0,,,4674.0,,,,,,,622300.0,4000.0,6000.0,229700.0,,,,,,,3500.0,,2500.0,,3745.0,1984.0,6422.0,,,,1315.0,6000.0,,,5807.0,,3500.0,,,,,4000.0,34616.0,0,0,0,0,0,0,0,0,0,0,0,0,0,0,0,0,0,0,0,0,0,0,0,0,0,0,0,0,0,0,0,0,0,0,0
2.0,1.0,1.0,,Aggregate Position Limit,Your CRO has set the aggregate position limit to 10000 shares for this week.,107,2026-02-12 13:14:27.391494,SPNG,24.93,24.93,24.94,6000.0,2550.0,3000.0,2813.0,5500.0,2625.0,387700.0,5838.0,9000.0,3500.0,6000.0,950.0,4219.0,3000.0,1505.0,3500.0,2200.0,5000.0,6000.0,1251.0,10000.0,605.0,198700.0,13500.0,3603.0,,,,,,,,,,,,,,,,,,,,,,,,,0,0,0,0,0,0,0,0,0,0,0,0,0,0,0,0,0,0,0,0,0,0,0,0,0,0,0,0,0
1.0,1.0,1.0,,Welcome to the RITC 2026 Alogithmic Market Making Case - practice server,,107,2026-02-12 13:14:27.391494,SMMR,25.94,25.94,25.97,,3511.0,,,,,823700.0,,,3500.0,,1200.0,,,5450.0,,1100.0,,,,,,1086900.0,,,1600.0,4000.0,7602.0,3305.0,9105.0,6000.0,,,,,,,,,,,,,,,,,,,0,0,0,0,0,0,0,0,0,0,0,0,0,0,0,0,0,0,0,0,0,0,0,0,0,0,0,0,0
,,,,,,107,2026-02-12 13:14:27.391494,ATMN,24.16,24.16,24.17,3000.0,5997.0,,1532.0,,,91500.0,,,3500.0,,,,,,,2200.0,,,,,,99300.0,,5625.0,7200.0,,1100.0,2722.0,,,10000.0,444.0,777.0,786.0,6000.0,11250.0,1400.0,5997.0,11250.0,6000.0,4500.0,2250.0,,,,,,,0,0,0,0,0,0,0,0,0,0,0,0,0,0,0,0,0,0,0,0,0,0,0,0,0,0,0,0,0
,,,,,,107,2026-02-12 13:14:27.391494,WNTR,24.08,24.08,24.09,,3621.0,,,,,718800.0,,,,6000.0,2500.0,,,,3500.0,7454.0,,,,,,207500.0,,,300.0,,5774.0,1361.0,,,,,,1600.0,,,,,,6000.0,,750.0,5000.0,6000.0,12015.0,4000.0,6000.0,1588.0,0,0,0,0,0,0,0,0,0,0,0,0,0,0,0,0,0,0,0,0,0,0,0,0,0,0,0,0,0
2.0,1.0,1.0,,Aggregate Position Limit,Your CRO has set the aggregate position limit to 10000 shares for this week.,108,2026-02-12 13:14:28.424474,SPNG,24.86,24.87,24.91,4570.0,1807.0,1406.0,2055.0,841.0,10000.0,387700.0,5838.0,9000.0,6000.0,2250.0,6000.0,96400.0,20000.0,1510.0,2500.0,8497.0,9000.0,2527.0,840.0,3500.0,2907.0,5625.0,,,,,,,,,,,,,,,,,,,,,,,,,,,,,0,0,0,0,0,0,0,0,0,0,0,0,0,0,0,0,0,0,0,0,0,0,0,0,0,0,0
1.0,1.0,1.0,,Welcome to the RITC 2026 Alogithmic Market Making Case - practice server,,108,2026-02-12 13:14:28.424474,SMMR,25.76,25.8,25.82,,6407.0,,,,,986100.0,,,,2000.0,,489700.0,,,,,6000.0,,1300.0,3500.0,1100.0,,4000.0,1655.0,3000.0,1176.0,1800.0,771.0,6000.0,5834.0,,,,,,,,,,,,,,,,,,,,,0,0,0,0,0,0,0,0,0,0,0,0,0,0,0,0,0,0,0,0,0,0,0,0,0,0,0
,,,,,,108,2026-02-12 13:14:28.424474,ATMN,24.16,24.13,24.16,,,,,,,549600.0,,,10369.0,3200.0,,99300.0,,1586.0,,,3000.0,2527.0,,3500.0,2200.0,5625.0,,,,,1800.0,,,,2527.0,622.0,2000.0,3500.0,5500.0,2250.0,4000.0,6000.0,6000.0,2250.0,5625.0,800.0,2000.0,5500.0,2250.0,2250.0,,,,,0,0,0,0,0,0,0,0,0,0,0,0,0,0,0,0,0,0,0,0,0,0,0,0,0,0,0
,,,,,,108,2026-02-12 13:14:28.424474,WNTR,23.88,23.87,23.88,,5774.0,,,,,939500.0,,,24000.0,950.0,,304700.0,,1972.0,,,3000.0,,,3500.0,,,,,3000.0,794.0,1600.0,,6000.0,,,,,,,,,,,,,800.0,,,,750.0,10000.0,25000.0,4000.0,2250.0,0,0,0,0,0,0,0,0,0,0,0,0,0,0,0,0,0,0,0,0,0,0,0,0,0,0,0
2.0,1.0,1.0,,Aggregate Position Limit,Your CRO has set the aggregate position limit to 10000 shares for this week.,109,2026-02-12 13:14:29.440535,SPNG,24.83,24.84,24.86,5000.0,3000.0,5000.0,900.0,1027.0,3500.0,10000.0,528.0,5250.0,3000.0,303900.0,5838.0,6000.0,4000.0,800.0,25000.0,2250.0,6696.0,2862.0,1100.0,3000.0,2000.0,5250.0,96400.0,6819.0,,,,,,,,,,,,,,,,,,,,,,0,0,0,0,0,0,0,0,0,0,0,0,0,0,0,0,0,0,0,0,0,0,0,0,0,0,0,0,0,0,0,0
1.0,1.0,1.0,,Welcome to the RITC 2026 Alogithmic Market Making Case - practice server,,109,2026-02-12 13:14:29.440535,SMMR,25.96,25.88,25.9,,3000.0,,1600.0,,3500.0,,,,750.0,425500.0,,,,,,5834.0,,,2200.0,3000.0,2000.0,,752400.0,,4000.0,1593.0,7416.0,4207.0,2000.0,2000.0,3500.0,858.0,6000.0,,,,,,,,,,,,,0,0,0,0,0,0,0,0,0,0,0,0,0,0,0,0,0,0,0,0,0,0,0,0,0,0,0,0,0,0,0,0
,,,,,,109,2026-02-12 13:14:29.440535,ATMN,23.93,23.92,23.93,,3000.0,,966.0,,3500.0,6000.0,,,2250.0,418900.0,,6000.0,,2400.0,,,,1503.0,1100.0,9000.0,,2250.0,226600.0,,3500.0,,2790.0,1100.0,2000.0,5250.0,,,,10369.0,1600.0,5625.0,2250.0,6000.0,5625.0,,,,,,,0,0,0,0,0,0,0,0,0,0,0,0,0,0,0,0,0,0,0,0,0,0,0,0,0,0,0,0,0,0,0,0
,,,,,,109,2026-02-12 13:14:29.440535,WNTR,24.09,23.89,23.9,,3000.0,,300.0,,3500.0,,,,,520200.0,,,4000.0,800.0,,,,1719.0,2498.0,6000.0,,,207500.0,,,,2000.0,4674.0,,,3500.0,,2250.0,6000.0,,,750.0,,,4000.0,20000.0,978.0,3510.0,17015.0,4000.0,0,0,0,0,0,0,0,0,0,0,0,0,0,0,0,0,0,0,0,0,0,0,0,0,0,0,0,0,0,0,0,0
2.0,1.0,1.0,,Aggregate Position Limit,Your CRO has set the aggregate position limit to 10000 shares for this week.,110,2026-02-12 13:14:30.465726,SPNG,24.86,24.84,24.86,6000.0,5000.0,10000.0,900.0,3500.0,202600.0,514.0,2500.0,10000.0,7875.0,6000.0,6000.0,8813.0,2500.0,2250.0,8928.0,3500.0,1954.0,3706.0,3000.0,2000.0,682.0,7875.0,,,,,,,,,,,,,,,,,,,,,,,,,0,0,0,0,0,0,0,0,0,0,0,0,0,0,0,0,0,0,0,0,0,0,0,0,0,0,0,0,0,0,0
1.0,1.0,1.0,,Welcome to the RITC 2026 Alogithmic Market Making Case - practice server,,110,2026-02-12 13:14:30.465726,SMMR,25.98,25.92,25.98,3000.0,,,1600.0,3500.0,623500.0,,,,,1500.0,,,,9105.0,,,2176.0,1100.0,3000.0,4150.0,,,2176.0,5500.0,771.0,6000.0,1807.0,2000.0,986400.0,6000.0,,,,,,,,,,,,,,,,,0,0,0,0,0,0,0,0,0,0,0,0,0,0,0,0,0,0,0,0,0,0,0,0,0,0,0,0,0,0,0
,,,,,,110,2026-02-12 13:14:30.465726,ATMN,24.14,24.11,24.13,3000.0,,,483.0,3500.0,220500.0,,,,,,,,,5902.0,,,,2200.0,9000.0,2000.0,,4500.0,2443.0,315.0,,,,3200.0,99300.0,4406.0,3888.0,500.0,774.0,717.0,11902.0,5625.0,6000.0,800.0,5625.0,2250.0,11250.0,,,,,,0,0,0,0,0,0,0,0,0,0,0,0,0,0,0,0,0,0,0,0,0,0,0,0,0,0,0,0,0,0,0
,,,,,,110,2026-02-12 13:14:30.465726,WNTR,24.08,24.05,24.09,,,,2700.0,3500.0,201700.0,,,,,,,,,,,,2922.0,9654.0,6000.0,,,,2922.0,,,,,,310500.0,,,,,1780.0,,,,,,750.0,,17116.0,3318.0,15000.0,4000.0,4000.0,0,0,0,0,0,0,0,0,0,0,0,0,0,0,0,0,0,0,0,0,0,0,0,0,0,0,0,0,0,0,0
2.0,1.0,1.0,,Aggregate Position Limit,Your CRO has set the aggregate position limit to 10000 shares for this week.,111,2026-02-12 13:14:31.484359,SPNG,25.15,24.85,24.91,10000.0,5000.0,25000.0,3000.0,3500.0,3000.0,2876.0,695.0,841.0,1800.0,94300.0,2200.0,5625.0,5625.0,30750.0,,,,,,,,,,,,,,,,,,,,,,,,0,0,0,0,0,0,0,0,0,0,0,0,0,0,0,0,0,0,0,0,0,0,0,0,0,0,0,0,0,0,0,0,0,0,0,0,0,0,0,0
1.0,1.0,1.0,,Welcome to the RITC 2026 Alogithmic Market Making Case - practice server,,111,2026-02-12 13:14:31.484359,SMMR,25.86,25.93,25.95,,,,,,,,,,,307300.0,5697.0,,,,2216.0,983600.0,6000.0,6407.0,3200.0,3000.0,3500.0,5500.0,2700.0,5834.0,2000.0,,,,,,,,,,,,,0,0,0,0,0,0,0,0,0,0,0,0,0,0,0,0,0,0,0,0,0,0,0,0,0,0,0,0,0,0,0,0,0,0,0,0,0,0,0,0
,,,,,,111,2026-02-12 13:14:31.484359,ATMN,24.1,24.1,24.11,,,,3000.0,3500.0,6430.0,,,,,,,,,,2286.0,254100.0,3000.0,,1300.0,3000.0,3500.0,325.0,8000.0,,,5205.0,500.0,6000.0,1234.0,6000.0,,,,,,,,0,0,0,0,0,0,0,0,0,0,0,0,0,0,0,0,0,0,0,0,0,0,0,0,0,0,0,0,0,0,0,0,0,0,0,0,0,0,0,0
,,,,,,111,2026-02-12 13:14:31.484359,WNTR,24.06,24.05,24.06,6000.0,,,3000.0,3500.0,1600.0,,,,2015.0,207500.0,3598.0,,,,,345700.0,,,,6000.0,,,600.0,,4000.0,3318.0,,,,6000.0,5553.0,4000.0,20000.0,4000.0,750.0,10000.0,4000.0,0,0,0,0,0,0,0,0,0,0,0,0,0,0,0,0,0,0,0,0,0,0,0,0,0,0,0,0,0,0,0,0,0,0,0,0,0,0,0,0
2.0,1.0,1.0,,Aggregate Position Limit,Your CRO has set the aggregate position limit to 10000 shares for this week.,112,2026-02-12 13:14:32.500177,SPNG,25.01,25.07,25.1,1799.0,4000.0,3500.0,6328.0,2110.0,4500.0,10000.0,4000.0,3000.0,5600.0,6000.0,3000.0,10000.0,4000.0,94300.0,2200.0,5625.0,16500.0,362.0,5625.0,,,,,,,,,,,,,,,,,,,,,,,,,,,0,0,0,0,0,0,0,0,0,0,0,0,0,0,0,0,0,0,0,0,0,0,0,0,0,0,0,0,0,0,0,0
1.0,1.0,1.0,,Welcome to the RITC 2026 Alogithmic Market Making Case - practice server,,112,2026-02-12 13:14:32.500177,SMMR,25.94,25.91,25.93,5776.0,,3500.0,,,,,,,4800.0,,3000.0,,,192800.0,5697.0,,,,,3000.0,6000.0,696400.0,2400.0,1200.0,750.0,3240.0,3500.0,513.0,5776.0,2000.0,690.0,874.0,,,,,,,,,,,,,,0,0,0,0,0,0,0,0,0,0,0,0,0,0,0,0,0,0,0,0,0,0,0,0,0,0,0,0,0,0,0,0
,,,,,,112,2026-02-12 13:14:32.500177,ATMN,24.12,24.06,24.12,5092.0,,,,2813.0,,,4000.0,,,,3000.0,,,,4597.0,,,325.0,5625.0,6000.0,,478100.0,1100.0,3200.0,,8000.0,3500.0,,,,,,889.0,774.0,6000.0,2951.0,2250.0,1062.0,2468.0,,,,,,,0,0,0,0,0,0,0,0,0,0,0,0,0,0,0,0,0,0,0,0,0,0,0,0,0,0,0,0,0,0,0,0
,,,,,,112,2026-02-12 13:14:32.500177,WNTR,24.06,24.07,24.08,2879.0,,,,,,,,750.0,1600.0,,9000.0,,4000.0,207500.0,8195.0,,,,,3000.0,,364700.0,4597.0,,750.0,,,,2879.0,4000.0,,,1156.0,,6000.0,,,1053.0,,20000.0,4000.0,5538.0,5000.0,4052.0,6000.0,0,0,0,0,0,0,0,0,0,0,0,0,0,0,0,0,0,0,0,0,0,0,0,0,0,0,0,0,0,0,0,0
2.0,1.0,1.0,,Aggregate Position Limit,Your CRO has set the aggregate position limit to 10000 shares for this week.,113,2026-02-12 13:14:33.515692,SPNG,24.99,24.98,24.99,10000.0,9603.0,20000.0,3164.0,2500.0,3500.0,1100.0,3200.0,2288.0,4251.0,6000.0,6000.0,35000.0,500.0,65.0,2500.0,3500.0,5625.0,3124.0,4000.0,2288.0,,,,,,,,,,,,,,,,,,,,,,,,,,,0,0,0,0,0,0,0,0,0,0,0,0,0,0,0,0,0,0,0,0,0,0,0,0,0,0,0,0,0,0,0
1.0,1.0,1.0,,Welcome to the RITC 2026 Alogithmic Market Making Case - practice server,,113,2026-02-12 13:14:33.515692,SMMR,25.8,25.91,25.93,,,,,,,4600.0,,3181.0,,,,,,,,3500.0,,,2575.0,3181.0,1400.0,4000.0,1191200.0,1200.0,3756.0,6797.0,574100.0,2000.0,,,,,,,,,,,,,,,,,,,0,0,0,0,0,0,0,0,0,0,0,0,0,0,0,0,0,0,0,0,0,0,0,0,0,0,0,0,0,0,0
,,,,,,113,2026-02-12 13:14:33.515692,ATMN,24.12,24.11,24.12,,,,,,3500.0,1100.0,1600.0,2825.0,,,3000.0,,6000.0,,,3500.0,5625.0,,1600.0,2825.0,,,341700.0,2000.0,,4806.0,99300.0,,6000.0,500.0,1234.0,2250.0,6000.0,4313.0,4000.0,5637.0,2250.0,6000.0,4000.0,,,,,,,,0,0,0,0,0,0,0,0,0,0,0,0,0,0,0,0,0,0,0,0,0,0,0,0,0,0,0,0,0,0,0
,,,,,,113,2026-02-12 13:14:33.515692,WNTR,24.08,24.07,24.08,4000.0,,,,,3500.0,6797.0,800.0,3171.0,,,,,,,,3500.0,,,900.0,3171.0,,8626.0,364700.0,,,8195.0,207500.0,2000.0,,,,,6000.0,,,,,,,10000.0,791.0,5500.0,750.0,25000.0,750.0,4052.0,0,0,0,0,0,0,0,0,0,0,0,0,0,0,0,0,0,0,0,0,0,0,0,0,0,0,0,0,0,0,0
2.0,1.0,1.0,,Aggregate Position Limit,Your CRO has set the aggregate position limit to 10000 shares for this week.,114,2026-02-12 13:14:34.532192,SPNG,24.98,24.99,25.02,5500.0,3500.0,2500.0,6750.0,1119.0,3867.0,2276.0,1374.0,3200.0,6000.0,4000.0,207600.0,3923.0,10000.0,2000.0,6344.0,2000.0,94300.0,3300.0,4219.0,4000.0,5625.0,2276.0,6000.0,6000.0,,,,,,,,,,,,,,,,0,0,0,0,0,0,0,0,0,0,0,0,0,0,0,0,0,0,0,0,0,0,0,0,0,0,0,0,0,0,0,0,0,0,0,0,0,0
1.0,1.0,1.0,,Welcome to the RITC 2026 Alogithmic Market Making Case - practice server,,114,2026-02-12 13:14:34.532192,SMMR,25.92,25.89,25.92,,3500.0,,,2400.0,,,,1200.0,6000.0,,901800.0,,,2000.0,,2000.0,283500.0,9016.0,,,,2515.0,,,2000.0,611.0,1210.0,6000.0,750.0,1600.0,1878.0,2998.0,3500.0,798.0,3000.0,,,,,0,0,0,0,0,0,0,0,0,0,0,0,0,0,0,0,0,0,0,0,0,0,0,0,0,0,0,0,0,0,0,0,0,0,0,0,0,0
,,,,,,114,2026-02-12 13:14:34.532192,ATMN,24.11,24.11,24.14,2720.0,3500.0,,,1100.0,,,2203.0,,,,,,,2000.0,5500.0,2000.0,,4825.0,,4000.0,,4895.0,6000.0,6000.0,,7896.0,7200.0,3000.0,2250.0,,6000.0,,3500.0,,3000.0,542.0,2250.0,,,0,0,0,0,0,0,0,0,0,0,0,0,0,0,0,0,0,0,0,0,0,0,0,0,0,0,0,0,0,0,0,0,0,0,0,0,0,0
,,,,,,114,2026-02-12 13:14:34.532192,WNTR,24.07,24.04,24.07,5500.0,3500.0,,,7897.0,,,,,6000.0,,114900.0,,,1300.0,,,94800.0,1100.0,,,,5737.0,,,,4840.0,4800.0,6000.0,750.0,1800.0,,,3500.0,,,1214.0,,3000.0,35000.0,0,0,0,0,0,0,0,0,0,0,0,0,0,0,0,0,0,0,0,0,0,0,0,0,0,0,0,0,0,0,0,0,0,0,0,0,0,0
2.0,1.0,1.0,,Aggregate Position Limit,Your CRO has set the aggregate position limit to 10000 shares for this week.,115,2026-02-12 13:14:35.549295,SPNG,24.99,24.99,25.0,3200.0,5000.0,6345.0,491800.0,3923.0,2813.0,6000.0,1100.0,2829.0,5625.0,2500.0,2400.0,15000.0,2200.0,2029.0,4644.0,6000.0,559.0,5500.0,2625.0,3000.0,94300.0,,,,,,,,,,,,,,,0,0,0,0,0,0,0,0,0,0,0,0,0,0,0,0,0,0,0,0,0,0,0,0,0,0,0,0,0,0,0,0,0,0,0,0,0,0,0,0,0,0
1.0,1.0,1.0,,Welcome to the RITC 2026 Alogithmic Market Making Case - practice server,,115,2026-02-12 13:14:35.549295,SMMR,25.92,25.88,25.92,,,,1305200.0,,,,4600.0,,,,800.0,,10116.0,,,6000.0,,,,750.0,954400.0,9000.0,3500.0,,,,,,,,,,,,,0,0,0,0,0,0,0,0,0,0,0,0,0,0,0,0,0,0,0,0,0,0,0,0,0,0,0,0,0,0,0,0,0,0,0,0,0,0,0,0,0,0
,,,,,,115,2026-02-12 13:14:35.549295,ATMN,24.17,24.17,24.18,3200.0,,5016.0,126300.0,,5625.0,,3319.0,5625.0,1070.0,,,,1100.0,4009.0,,6000.0,,,,2250.0,981600.0,6000.0,3500.0,2000.0,4009.0,3808.0,3500.0,2000.0,4000.0,,,,,,,0,0,0,0,0,0,0,0,0,0,0,0,0,0,0,0,0,0,0,0,0,0,0,0,0,0,0,0,0,0,0,0,0,0,0,0,0,0,0,0,0,0
,,,,,,115,2026-02-12 13:14:35.549295,WNTR,23.92,23.92,23.95,7700.0,,,95900.0,,,,,,,,8000.0,,6797.0,2611.0,,,,,,750.0,94800.0,,3500.0,,,5528.0,,,,2084.0,10000.0,4000.0,10000.0,4000.0,6000.0,0,0,0,0,0,0,0,0,0,0,0,0,0,0,0,0,0,0,0,0,0,0,0,0,0,0,0,0,0,0,0,0,0,0,0,0,0,0,0,0,0,0
2.0,1.0,1.0,,Aggregate Position Limit,Your CRO has set the aggregate position limit to 10000 shares for this week.,116,2026-02-12 13:14:36.565898,SPNG,24.94,24.91,24.94,3000.0,3500.0,1584200.0,3923.0,3500.0,25000.0,3000.0,2515.0,5500.0,2500.0,6000.0,4000.0,4000.0,10000.0,,,,,,,,,,,,,,,0,0,0,0,0,0,0,0,0,0,0,0,0,0,0,0,0,0,0,0,0,0,0,0,0,0,0,0,0,0,0,0,0,0,0,0,0,0,0,0,0,0,0,0,0,0,0,0,0,0
1.0,1.0,1.0,,Welcome to the RITC 2026 Alogithmic Market Making Case - practice server,,116,2026-02-12 13:14:36.565898,SMMR,25.82,25.82,25.83,9000.0,,1274400.0,,3500.0,,12000.0,1600.0,,,,,,,600.0,750.0,1912.0,2788.0,663500.0,750.0,,,,,,,,,0,0,0,0,0,0,0,0,0,0,0,0,0,0,0,0,0,0,0,0,0,0,0,0,0,0,0,0,0,0,0,0,0,0,0,0,0,0,0,0,0,0,0,0,0,0,0,0,0,0
,,,,,,116,2026-02-12 13:14:36.565898,ATMN,24.17,24.17,24.34,9000.0,,126300.0,,,,6000.0,,,,,,,,4800.0,,,,1915400.0,,9308.0,4000.0,2000.0,10000.0,6750.0,,,,0,0,0,0,0,0,0,0,0,0,0,0,0,0,0,0,0,0,0,0,0,0,0,0,0,0,0,0,0,0,0,0,0,0,0,0,0,0,0,0,0,0,0,0,0,0,0,0,0,0
,,,,,,116,2026-02-12 13:14:36.565898,WNTR,23.93,23.93,23.95,6000.0,3500.0,939500.0,,,,12000.0,5600.0,,,,,,,1500.0,,,,620900.0,750.0,,,,,,10000.0,877.0,10000.0,0,0,0,0,0,0,0,0,0,0,0,0,0,0,0,0,0,0,0,0,0,0,0,0,0,0,0,0,0,0,0,0,0,0,0,0,0,0,0,0,0,0,0,0,0,0,0,0,0,0
2.0,1.0,1.0,,Aggregate Position Limit,Your CRO has set the aggregate position limit to 10000 shares for this week.,117,2026-02-12 13:14:37.583335,SPNG,24.76,24.76,24.79,1750.0,3500.0,3000.0,5000.0,1597500.0,9000.0,2500.0,3750.0,35000.0,6000.0,3500.0,5085.0,4000.0,3000.0,,,,,,,,,,0,0,0,0,0,0,0,0,0,0,0,0,0,0,0,0,0,0,0,0,0,0,0,0,0,0,0,0,0,0,0,0,0,0,0,0,0,0,0,0,0,0,0,0,0,0,0,0,0,0,0,0,0,0,0
1.0,1.0,1.0,,Welcome to the RITC 2026 Alogithmic Market Making Case - practice server,,117,2026-02-12 13:14:37.583335,SMMR,25.91,25.88,25.91,4000.0,3500.0,15000.0,,499400.0,9000.0,,2000.0,,,3500.0,,,1500.0,239.0,1500.0,1912.0,886.0,1253100.0,,,,,0,0,0,0,0,0,0,0,0,0,0,0,0,0,0,0,0,0,0,0,0,0,0,0,0,0,0,0,0,0,0,0,0,0,0,0,0,0,0,0,0,0,0,0,0,0,0,0,0,0,0,0,0,0,0
,,,,,,117,2026-02-12 13:14:37.583335,ATMN,24.33,24.11,24.33,2000.0,,3000.0,,1820300.0,12000.0,,,,,3500.0,5500.0,,,5500.0,2250.0,,,1479100.0,,,,,0,0,0,0,0,0,0,0,0,0,0,0,0,0,0,0,0,0,0,0,0,0,0,0,0,0,0,0,0,0,0,0,0,0,0,0,0,0,0,0,0,0,0,0,0,0,0,0,0,0,0,0,0,0,0
,,,,,,117,2026-02-12 13:14:37.583335,WNTR,23.87,23.88,23.93,,3500.0,15000.0,,1414300.0,12000.0,,,,,,,,1500.0,,,,,493100.0,648.0,35000.0,6000.0,755.0,0,0,0,0,0,0,0,0,0,0,0,0,0,0,0,0,0,0,0,0,0,0,0,0,0,0,0,0,0,0,0,0,0,0,0,0,0,0,0,0,0,0,0,0,0,0,0,0,0,0,0,0,0,0,0
2.0,1.0,1.0,,Aggregate Position Limit,Your CRO has set the aggregate position limit to 10000 shares for this week.,118,2026-02-12 13:14:38.602212,SPNG,24.7,24.7,25.15,2059500.0,1997400.0,,0,0,0,0,0,0,0,0,0,0,0,0,0,0,0,0,0,0,0,0,0,0,0,0,0,0,0,0,0,0,0,0,0,0,0,0,0,0,0,0,0,0,0,0,0,0,0,0,0,0,0,0,0,0,0,0,0,0,0,0,0,0,0,0,0,0,0,0,0,0,0,0,0,0,0
1.0,1.0,1.0,,Welcome to the RITC 2026 Alogithmic Market Making Case - practice server,,118,2026-02-12 13:14:38.602212,SMMR,25.92,25.87,25.92,1941700.0,1948300.0,,0,0,0,0,0,0,0,0,0,0,0,0,0,0,0,0,0,0,0,0,0,0,0,0,0,0,0,0,0,0,0,0,0,0,0,0,0,0,0,0,0,0,0,0,0,0,0,0,0,0,0,0,0,0,0,0,0,0,0,0,0,0,0,0,0,0,0,0,0,0,0,0,0,0,0
,,,,,,118,2026-02-12 13:14:38.602212,ATMN,24.36,23.99,24.36,2291700.0,2089500.0,,0,0,0,0,0,0,0,0,0,0,0,0,0,0,0,0,0,0,0,0,0,0,0,0,0,0,0,0,0,0,0,0,0,0,0,0,0,0,0,0,0,0,0,0,0,0,0,0,0,0,0,0,0,0,0,0,0,0,0,0,0,0,0,0,0,0,0,0,0,0,0,0,0,0,0
,,,,,,118,2026-02-12 13:14:38.602212,WNTR,23.86,23.86,23.93,2050200.0,2150200.0,664.0,0,0,0,0,0,0,0,0,0,0,0,0,0,0,0,0,0,0,0,0,0,0,0,0,0,0,0,0,0,0,0,0,0,0,0,0,0,0,0,0,0,0,0,0,0,0,0,0,0,0,0,0,0,0,0,0,0,0,0,0,0,0,0,0,0,0,0,0,0,0,0,0,0,0,0
2.0,1.0,1.0,,Aggregate Position Limit,Your CRO has set the aggregate position limit to 10000 shares for this week.,119,2026-02-12 13:14:39.622148,SPNG,24.7,24.7,25.24,1975700.0,2500.0,1987500.0,,,,,0,0,0,0,0,0,0,0,0,0,0,0,0,0,0,0,0,0,0,0,0,0,0,0,0,0,0,0,0,0,0,0,0,0,0,0,0,0,0,0,0,0,0,0,0,0,0,0,0,0,0,0,0,0,0,0,0,0,0,0,0,0,0,0,0,0,0,0,0,0,0
1.0,1.0,1.0,,Welcome to the RITC 2026 Alogithmic Market Making Case - practice server,,119,2026-02-12 13:14:39.622148,SMMR,25.87,25.87,25.92,1861600.0,,1920800.0,659.0,,,,0,0,0,0,0,0,0,0,0,0,0,0,0,0,0,0,0,0,0,0,0,0,0,0,0,0,0,0,0,0,0,0,0,0,0,0,0,0,0,0,0,0,0,0,0,0,0,0,0,0,0,0,0,0,0,0,0,0,0,0,0,0,0,0,0,0,0,0,0,0,0
,,,,,,119,2026-02-12 13:14:39.622148,ATMN,23.98,23.98,24.09,2333900.0,,2125200.0,,,,,0,0,0,0,0,0,0,0,0,0,0,0,0,0,0,0,0,0,0,0,0,0,0,0,0,0,0,0,0,0,0,0,0,0,0,0,0,0,0,0,0,0,0,0,0,0,0,0,0,0,0,0,0,0,0,0,0,0,0,0,0,0,0,0,0,0,0,0,0,0,0
,,,,,,119,2026-02-12 13:14:39.622148,WNTR,23.86,23.86,23.87,2050200.0,,1941400.0,,877.0,997.0,1000.0,0,0,0,0,0,0,0,0,0,0,0,0,0,0,0,0,0,0,0,0,0,0,0,0,0,0,0,0,0,0,0,0,0,0,0,0,0,0,0,0,0,0,0,0,0,0,0,0,0,0,0,0,0,0,0,0,0,0,0,0,0,0,0,0,0,0,0,0,0,0,0
2.0,1.0,1.0,,Aggregate Position Limit,Your CRO has set the aggregate position limit to 10000 shares for this week.,120,2026-02-12 13:14:40.642340,SPNG,24.68,23.31,23.71,984500.0,272.0,843200.0,636.0,272.0,,,,0,0,0,0,0,0,0,0,0,0,0,0,0,0,0,0,0,0,0,0,0,0,0,0,0,0,0,0,0,0,0,0,0,0,0,0,0,0,0,0,0,0,0,0,0,0,0,0,0,0,0,0,0,0,0,0,0,0,0,0,0,0,0,0,0,0,0,0,0,0
1.0,1.0,1.0,,Welcome to the RITC 2026 Alogithmic Market Making Case - practice server,,120,2026-02-12 13:14:40.642340,SMMR,26.77,26.77,26.81,755300.0,599.0,683100.0,,,659.0,,,0,0,0,0,0,0,0,0,0,0,0,0,0,0,0,0,0,0,0,0,0,0,0,0,0,0,0,0,0,0,0,0,0,0,0,0,0,0,0,0,0,0,0,0,0,0,0,0,0,0,0,0,0,0,0,0,0,0,0,0,0,0,0,0,0,0,0,0,0,0
,,,,,,120,2026-02-12 13:14:40.642340,ATMN,23.34,23.35,23.69,954900.0,,860300.0,,,,6000.0,4000.0,0,0,0,0,0,0,0,0,0,0,0,0,0,0,0,0,0,0,0,0,0,0,0,0,0,0,0,0,0,0,0,0,0,0,0,0,0,0,0,0,0,0,0,0,0,0,0,0,0,0,0,0,0,0,0,0,0,0,0,0,0,0,0,0,0,0,0,0,0,0
,,,,,,120,2026-02-12 13:14:40.642340,WNTR,26.99,26.99,27.34,769100.0,,716400.0,,,,,,0,0,0,0,0,0,0,0,0,0,0,0,0,0,0,0,0,0,0,0,0,0,0,0,0,0,0,0,0,0,0,0,0,0,0,0,0,0,0,0,0,0,0,0,0,0,0,0,0,0,0,0,0,0,0,0,0,0,0,0,0,0,0,0,0,0,0,0,0,0
2.0,1.0,1.0,,Aggregate Position Limit,Your CRO has set the aggregate position limit to 10000 shares for this week.,121,2026-02-12 13:14:41.662274,SPNG,23.02,22.89,23.03,3000.0,1026300.0,3000.0,6000.0,4000.0,3000.0,780000.0,6000.0,20000.0,,,,,,,,,,,,,,,,0,0,0,0,0,0,0,0,0,0,0,0,0,0,0,0,0,0,0,0,0,0,0,0,0,0,0,0,0,0,0,0,0,0,0,0,0,0,0,0,0,0,0,0,0,0,0,0,0,0,0,0,0,0
1.0,1.0,1.0,,Welcome to the RITC 2026 Alogithmic Market Making Case - practice server,,121,2026-02-12 13:14:41.662274,SMMR,26.73,26.78,26.79,5600.0,733300.0,,,8000.0,3000.0,758600.0,,,,,,,,,,,,,,,,,,0,0,0,0,0,0,0,0,0,0,0,0,0,0,0,0,0,0,0,0,0,0,0,0,0,0,0,0,0,0,0,0,0,0,0,0,0,0,0,0,0,0,0,0,0,0,0,0,0,0,0,0,0,0
,,,,,,121,2026-02-12 13:14:41.662274,ATMN,23.41,23.36,23.41,,1077200.0,3000.0,6000.0,,,993100.0,,,3500.0,4000.0,4000.0,6000.0,4000.0,6000.0,4000.0,6000.0,4000.0,2000.0,,,,,,0,0,0,0,0,0,0,0,0,0,0,0,0,0,0,0,0,0,0,0,0,0,0,0,0,0,0,0,0,0,0,0,0,0,0,0,0,0,0,0,0,0,0,0,0,0,0,0,0,0,0,0,0,0
,,,,,,121,2026-02-12 13:14:41.662274,WNTR,26.87,26.88,27.01,,758500.0,,6000.0,,,896900.0,,,3500.0,8000.0,4000.0,6000.0,4000.0,6000.0,4000.0,6000.0,4000.0,6000.0,1341.0,1673.0,3500.0,697.0,869.0,0,0,0,0,0,0,0,0,0,0,0,0,0,0,0,0,0,0,0,0,0,0,0,0,0,0,0,0,0,0,0,0,0,0,0,0,0,0,0,0,0,0,0,0,0,0,0,0,0,0,0,0,0,0
2.0,1.0,1.0,,Aggregate Position Limit,Your CRO has set the aggregate position limit to 10000 shares for this week.,122,2026-02-12 13:14:42.680464,SPNG,23.27,23.0,23.27,1538.0,4150.0,3000.0,3500.0,418.0,6000.0,1100.0,230800.0,20000.0,6000.0,4000.0,482800.0,1050.0,2000.0,5700.0,1600.0,25000.0,6000.0,6000.0,4000.0,4000.0,,,,,,,,,,,,0,0,0,0,0,0,0,0,0,0,0,0,0,0,0,0,0,0,0,0,0,0,0,0,0,0,0,0,0,0,0,0,0,0,0,0,0,0,0,0,0,0,0,0,0,0
1.0,1.0,1.0,,Welcome to the RITC 2026 Alogithmic Market Making Case - practice server,,122,2026-02-12 13:14:42.680464,SMMR,26.78,26.74,26.78,,,,,952.0,,1100.0,791800.0,,,,861400.0,,,,1600.0,,,,,,1215.0,3500.0,3000.0,952.0,1100.0,631.0,4000.0,,,,,0,0,0,0,0,0,0,0,0,0,0,0,0,0,0,0,0,0,0,0,0,0,0,0,0,0,0,0,0,0,0,0,0,0,0,0,0,0,0,0,0,0,0,0,0,0
,,,,,,122,2026-02-12 13:14:42.680464,ATMN,23.36,23.34,23.36,,3950.0,,3500.0,626.0,,,1077200.0,,,,794800.0,3100.0,2000.0,,900.0,,6000.0,6000.0,4000.0,4000.0,,,,626.0,,,,,,,,0,0,0,0,0,0,0,0,0,0,0,0,0,0,0,0,0,0,0,0,0,0,0,0,0,0,0,0,0,0,0,0,0,0,0,0,0,0,0,0,0,0,0,0,0,0
,,,,,,122,2026-02-12 13:14:42.680464,WNTR,27.01,26.97,27.01,3200.0,,3000.0,,1323.0,,,666100.0,,12000.0,4000.0,989500.0,,,,,,6000.0,6000.0,4000.0,8000.0,,,3000.0,,,,,12000.0,3000.0,4000.0,3000.0,0,0,0,0,0,0,0,0,0,0,0,0,0,0,0,0,0,0,0,0,0,0,0,0,0,0,0,0,0,0,0,0,0,0,0,0,0,0,0,0,0,0,0,0,0,0
2.0,1.0,1.0,,Aggregate Position Limit,Your CRO has set the aggregate position limit to 10000 shares for this week.,123,2026-02-12 13:14:43.698780,SPNG,23.61,23.61,23.7,213100.0,7500.0,3500.0,1538.0,2625.0,10000.0,3000.0,1100.0,1399.0,5625.0,5625.0,3000.0,3500.0,3000.0,3000.0,383300.0,1260.0,25000.0,6000.0,6000.0,4000.0,8000.0,418.0,,,,,,,,,,,,,,,,,,,0,0,0,0,0,0,0,0,0,0,0,0,0,0,0,0,0,0,0,0,0,0,0,0,0,0,0,0,0,0,0,0,0,0,0,0,0
1.0,1.0,1.0,,Welcome to the RITC 2026 Alogithmic Market Making Case - practice server,,123,2026-02-12 13:14:43.698780,SMMR,26.8,26.8,26.81,441000.0,1750.0,3500.0,4000.0,,,9000.0,,,,,,3500.0,,4000.0,793700.0,,,,,,,,3000.0,2250.0,750.0,3000.0,3500.0,623.0,631.0,2000.0,838.0,,,,,,,,,,0,0,0,0,0,0,0,0,0,0,0,0,0,0,0,0,0,0,0,0,0,0,0,0,0,0,0,0,0,0,0,0,0,0,0,0,0
,,,,,,123,2026-02-12 13:14:43.698780,ATMN,23.36,23.36,23.38,241300.0,1750.0,3500.0,1600.0,,,6000.0,1100.0,3500.0,11250.0,11250.0,,3500.0,,3500.0,569800.0,3950.0,,,,,4000.0,,3000.0,,,,3500.0,,,,,3500.0,1000.0,3500.0,3000.0,5625.0,5625.0,1100.0,,,0,0,0,0,0,0,0,0,0,0,0,0,0,0,0,0,0,0,0,0,0,0,0,0,0,0,0,0,0,0,0,0,0,0,0,0,0
,,,,,,123,2026-02-12 13:14:43.698780,WNTR,27.0,27.02,27.04,261100.0,,,2400.0,,,9000.0,,,,,,3500.0,,,652000.0,,,6000.0,12000.0,8000.0,8000.0,,6000.0,,,3000.0,,,,2000.0,,,4800.0,,3000.0,,,,20000.0,8000.0,0,0,0,0,0,0,0,0,0,0,0,0,0,0,0,0,0,0,0,0,0,0,0,0,0,0,0,0,0,0,0,0,0,0,0,0,0
2.0,1.0,1.0,,Aggregate Position Limit,Your CRO has set the aggregate position limit to 10000 shares for this week.,124,2026-02-12 13:14:44.714756,SPNG,23.39,23.39,23.5,5700.0,3500.0,1550.0,11250.0,11250.0,2625.0,5580.0,113900.0,10000.0,6000.0,20000.0,10000.0,10887.0,211200.0,20000.0,1600.0,2975.0,1399.0,3500.0,3000.0,2625.0,,,,,,,,,,,,,,,,,,,,,,,0,0,0,0,0,0,0,0,0,0,0,0,0,0,0,0,0,0,0,0,0,0,0,0,0,0,0,0,0,0,0,0,0,0,0
1.0,1.0,1.0,,Welcome to the RITC 2026 Alogithmic Market Making Case - practice server,,124,2026-02-12 13:14:44.714756,SMMR,26.78,26.77,26.78,,7000.0,2400.0,,,,3720.0,508800.0,,,,,,490100.0,,408.0,,,3500.0,,,5700.0,3500.0,1500.0,1100.0,10025.0,1100.0,801.0,750.0,7000.0,3720.0,2000.0,,,,,,,,,,,,0,0,0,0,0,0,0,0,0,0,0,0,0,0,0,0,0,0,0,0,0,0,0,0,0,0,0,0,0,0,0,0,0,0,0
,,,,,,124,2026-02-12 13:14:44.714756,ATMN,23.41,23.41,23.42,5700.0,,2944.0,11250.0,8250.0,,2864.0,123200.0,,,,,,329700.0,,,,9050.0,,,,,,,1100.0,,1100.0,,,7000.0,2864.0,,583.0,7600.0,2812.0,5625.0,4000.0,4000.0,,,,,,0,0,0,0,0,0,0,0,0,0,0,0,0,0,0,0,0,0,0,0,0,0,0,0,0,0,0,0,0,0,0,0,0,0,0
,,,,,,124,2026-02-12 13:14:44.714756,WNTR,27.07,27.07,27.11,5700.0,7000.0,1600.0,,,,,,,,,,5700.0,548300.0,,352.0,,3600.0,3500.0,750.0,,4800.0,3500.0,750.0,,,,,,,4185.0,,,1200.0,,,4000.0,4000.0,750.0,35000.0,5000.0,6000.0,606.0,0,0,0,0,0,0,0,0,0,0,0,0,0,0,0,0,0,0,0,0,0,0,0,0,0,0,0,0,0,0,0,0,0,0,0
2.0,1.0,1.0,,Aggregate Position Limit,Your CRO has set the aggregate position limit to 10000 shares for this week.,125,2026-02-12 13:14:45.732326,SPNG,23.41,23.4,23.41,6000.0,766.0,15000.0,1100.0,11250.0,10970.0,9000.0,5625.0,1799.0,5448.0,6000.0,2625.0,109400.0,20000.0,3500.0,4417.0,1600.0,1406.0,6000.0,1100.0,4575.0,3500.0,15000.0,,,,,,,,,,,,,,,,,,,,,,,0,0,0,0,0,0,0,0,0,0,0,0,0,0,0,0,0,0,0,0,0,0,0,0,0,0,0,0,0,0,0,0,0
1.0,1.0,1.0,,Welcome to the RITC 2026 Alogithmic Market Making Case - practice server,,125,2026-02-12 13:14:45.732326,SMMR,26.77,26.77,26.78,3000.0,2400.0,1500.0,3300.0,,,,,3000.0,,,,842200.0,,3500.0,,300.0,,6000.0,1100.0,,,,347900.0,6000.0,3500.0,5700.0,7264.0,1500.0,1725.0,6000.0,,,,,,,,,,,,,,,0,0,0,0,0,0,0,0,0,0,0,0,0,0,0,0,0,0,0,0,0,0,0,0,0,0,0,0,0,0,0,0,0
,,,,,,125,2026-02-12 13:14:45.732326,ATMN,23.39,23.35,23.36,,,4500.0,,,,,,,2677.0,,,438100.0,,,,784.0,8438.0,6000.0,2200.0,3000.0,3500.0,,345500.0,,3500.0,,2677.0,,840.0,,2814.0,4000.0,6000.0,4000.0,7000.0,3600.0,1750.0,2000.0,,,,,,,0,0,0,0,0,0,0,0,0,0,0,0,0,0,0,0,0,0,0,0,0,0,0,0,0,0,0,0,0,0,0,0,0
,,,,,,125,2026-02-12 13:14:45.732326,WNTR,26.98,26.97,26.98,6000.0,1600.0,1500.0,,,,,,,4086.0,,,276600.0,,,,557.0,,3000.0,1100.0,2850.0,3500.0,,436900.0,,,,4086.0,750.0,3130.0,,,4000.0,6000.0,4000.0,,2300.0,,1200.0,1341.0,6000.0,15000.0,6000.0,6000.0,4000.0,0,0,0,0,0,0,0,0,0,0,0,0,0,0,0,0,0,0,0,0,0,0,0,0,0,0,0,0,0,0,0,0,0
2.0,1.0,1.0,,Aggregate Position Limit,Your CRO has set the aggregate position limit to 10000 shares for this week.,126,2026-02-12 13:14:46.748022,SPNG,23.41,23.4,23.41,22500.0,3500.0,612.0,2009.0,5625.0,2200.0,3500.0,9000.0,10970.0,3000.0,3000.0,1799.0,2625.0,228100.0,23352.0,6000.0,5625.0,1600.0,7000.0,6000.0,3155.0,6000.0,2200.0,,,,,,,,,,,,,,,,,,,,,,,,,,0,0,0,0,0,0,0,0,0,0,0,0,0,0,0,0,0,0,0,0,0,0,0,0,0,0,0,0,0,0
1.0,1.0,1.0,,Welcome to the RITC 2026 Alogithmic Market Making Case - practice server,,126,2026-02-12 13:14:46.748022,SMMR,26.82,26.79,26.81,1500.0,3500.0,1004.0,2346.0,,4400.0,,3000.0,,,,,,893000.0,,,,,3500.0,,,3000.0,1100.0,4000.0,5130.0,159100.0,6000.0,4000.0,4236.0,3500.0,838.0,6000.0,2346.0,,,,,,,,,,,,,,,,0,0,0,0,0,0,0,0,0,0,0,0,0,0,0,0,0,0,0,0,0,0,0,0,0,0,0,0,0,0
,,,,,,126,2026-02-12 13:14:46.748022,ATMN,23.36,23.29,23.36,,3500.0,,1962.0,1406.0,,3500.0,,12000.0,,,,2250.0,207200.0,,6000.0,5625.0,1600.0,,,,3000.0,3300.0,,6000.0,888600.0,,,,,,,1962.0,522.0,4000.0,4000.0,2250.0,5625.0,5625.0,3588.0,2250.0,2250.0,4000.0,,,,,,0,0,0,0,0,0,0,0,0,0,0,0,0,0,0,0,0,0,0,0,0,0,0,0,0,0,0,0,0,0
,,,,,,126,2026-02-12 13:14:46.748022,WNTR,27.11,27.08,27.11,750.0,3500.0,1600.0,,,,,6000.0,,750.0,,,,563700.0,,,,,,6000.0,,6000.0,,,3045.0,200100.0,250.0,,,175.0,,6000.0,,,4000.0,,,,,,,,,5700.0,5200.0,4000.0,5000.0,7050.0,0,0,0,0,0,0,0,0,0,0,0,0,0,0,0,0,0,0,0,0,0,0,0,0,0,0,0,0,0,0
2.0,1.0,1.0,,Aggregate Position Limit,Your CRO has set the aggregate position limit to 10000 shares for this week.,127,2026-02-12 13:14:47.763572,SPNG,23.39,23.39,23.41,3500.0,5625.0,306.0,4400.0,1923.0,12000.0,10970.0,5250.0,3000.0,3598.0,6000.0,109400.0,25000.0,6000.0,5625.0,3500.0,2400.0,7000.0,6000.0,15000.0,,,,,,,,,,,,,,,,,,,,,,,,,0,0,0,0,0,0,0,0,0,0,0,0,0,0,0,0,0,0,0,0,0,0,0,0,0,0,0,0,0,0,0,0,0,0
1.0,1.0,1.0,,Welcome to the RITC 2026 Alogithmic Market Making Case - practice server,,127,2026-02-12 13:14:47.763572,SMMR,26.77,26.77,26.82,3500.0,,4800.0,4400.0,2412.0,3000.0,,,,,,854200.0,,,,,,,,,159100.0,3990.0,6000.0,750.0,2412.0,6000.0,6000.0,,,,,,,,,,,,,,,,,,0,0,0,0,0,0,0,0,0,0,0,0,0,0,0,0,0,0,0,0,0,0,0,0,0,0,0,0,0,0,0,0,0,0
,,,,,,127,2026-02-12 13:14:47.763572,ATMN,22.92,22.92,22.96,3500.0,,1800.0,,,3000.0,,,,,,110500.0,,,,5950.0,6400.0,,,,234400.0,,,,1456.0,,,5700.0,1994.0,7500.0,2275.0,6000.0,6337.0,489.0,4000.0,2250.0,2250.0,,,,,,,,0,0,0,0,0,0,0,0,0,0,0,0,0,0,0,0,0,0,0,0,0,0,0,0,0,0,0,0,0,0,0,0,0,0
,,,,,,127,2026-02-12 13:14:47.763572,WNTR,27.09,27.08,27.09,3500.0,,800.0,,2294.0,12000.0,,,750.0,,6000.0,185400.0,,6000.0,,3421.0,600.0,3500.0,,,284900.0,4644.0,6000.0,,,3000.0,,5700.0,,,3500.0,,,3200.0,,,,10000.0,15000.0,1100.0,4000.0,4000.0,750.0,6000.0,0,0,0,0,0,0,0,0,0,0,0,0,0,0,0,0,0,0,0,0,0,0,0,0,0,0,0,0,0,0,0,0,0,0
2.0,1.0,1.0,,Aggregate Position Limit,Your CRO has set the aggregate position limit to 10000 shares for this week.,128,2026-02-12 13:14:48.782349,SPNG,23.21,23.2,23.21,3500.0,12000.0,2992.0,3500.0,5250.0,4000.0,11250.0,3000.0,113900.0,1810.0,6000.0,4000.0,35000.0,1944.0,3500.0,1810.0,1100.0,109400.0,6000.0,12000.0,4000.0,10000.0,,,,,,,,,,,,,,,,,,,,,,,,,,,,,,0,0,0,0,0,0,0,0,0,0,0,0,0,0,0,0,0,0,0,0,0,0,0,0,0,0,0
1.0,1.0,1.0,,Welcome to the RITC 2026 Alogithmic Market Making Case - practice server,,128,2026-02-12 13:14:48.782349,SMMR,26.77,26.8,26.82,3500.0,,2400.0,,,,,,339800.0,,,,,,3500.0,2241.0,,360400.0,,,,,6000.0,2000.0,2226.0,5500.0,1199.0,1200.0,1215.0,1200.0,2900.0,3500.0,15000.0,6000.0,,,,,,,,,,,,,,,,,,0,0,0,0,0,0,0,0,0,0,0,0,0,0,0,0,0,0,0,0,0,0,0,0,0,0,0
,,,,,,128,2026-02-12 13:14:48.782349,ATMN,23.06,23.08,23.13,2275.0,,,3500.0,2250.0,,,2250.0,363500.0,,,,,,,,4400.0,207200.0,6000.0,6000.0,,,3000.0,,6000.0,,,1399.0,,,840.0,,6000.0,,6000.0,6456.0,3840.0,5700.0,5625.0,5625.0,5625.0,2250.0,2250.0,4000.0,,,,,,,,0,0,0,0,0,0,0,0,0,0,0,0,0,0,0,0,0,0,0,0,0,0,0,0,0,0,0
,,,,,,128,2026-02-12 13:14:48.782349,WNTR,27.2,27.08,27.2,,,,3500.0,,4000.0,,750.0,169000.0,2555.0,,,,,,,,560100.0,,6000.0,4000.0,,12000.0,,,,,4000.0,,,3850.0,,6000.0,6000.0,,5700.0,,,,,,,,4000.0,5000.0,6000.0,6000.0,12000.0,6000.0,12000.0,606.0,0,0,0,0,0,0,0,0,0,0,0,0,0,0,0,0,0,0,0,0,0,0,0,0,0,0,0
2.0,1.0,1.0,,Aggregate Position Limit,Your CRO has set the aggregate position limit to 10000 shares for this week.,129,2026-02-12 13:14:49.798974,SPNG,23.45,23.29,23.35,3500.0,4000.0,19200.0,397.0,1329.0,3500.0,3820.0,1406.0,5700.0,5200.0,2400.0,2625.0,3500.0,1478.0,4000.0,3500.0,10000.0,3000.0,9000.0,104900.0,940.0,5625.0,6000.0,1910.0,10000.0,4000.0,,,,,,,,,,,,,,,,,0,0,0,0,0,0,0,0,0,0,0,0,0,0,0,0,0,0,0,0,0,0,0,0,0,0,0,0,0,0,0,0,0,0,0,0
1.0,1.0,1.0,,Welcome to the RITC 2026 Alogithmic Market Making Case - practice server,,129,2026-02-12 13:14:49.798974,SMMR,26.82,26.79,26.82,3500.0,,,,1200.0,3500.0,2532.0,,,,,,3500.0,1478.0,,,,,21000.0,353900.0,,,,2532.0,,,2226.0,750.0,6978.0,427900.0,9000.0,600.0,1500.0,2150.0,,,,,,,,,0,0,0,0,0,0,0,0,0,0,0,0,0,0,0,0,0,0,0,0,0,0,0,0,0,0,0,0,0,0,0,0,0,0,0,0
,,,,,,129,2026-02-12 13:14:49.798974,ATMN,23.25,23.25,23.28,3500.0,,,,,3500.0,,,756.0,,3000.0,2250.0,,3300.0,4000.0,,,4500.0,6000.0,207200.0,,5625.0,,2278.0,,8000.0,322.0,,,258400.0,,,,665.0,5625.0,4500.0,6000.0,6000.0,,,,,0,0,0,0,0,0,0,0,0,0,0,0,0,0,0,0,0,0,0,0,0,0,0,0,0,0,0,0,0,0,0,0,0,0,0,0
,,,,,,129,2026-02-12 13:14:49.798974,WNTR,27.1,27.11,27.12,3500.0,,,,2000.0,,2665.0,,1710.0,,5600.0,,,1100.0,4000.0,3500.0,,,3000.0,184000.0,5700.0,,,,,4000.0,1955.0,750.0,,,,2976.0,,1200.0,,,6000.0,6000.0,2000.0,20000.0,6000.0,6000.0,0,0,0,0,0,0,0,0,0,0,0,0,0,0,0,0,0,0,0,0,0,0,0,0,0,0,0,0,0,0,0,0,0,0,0,0
2.0,1.0,1.0,,Aggregate Position Limit,Your CRO has set the aggregate position limit to 10000 shares for this week.,131,2026-02-12 13:14:50.815486,SPNG,23.31,23.31,23.34,2054.0,2052.0,222400.0,3500.0,771.0,2812.0,11250.0,2813.0,3000.0,8000.0,12000.0,6000.0,14518.0,7000.0,3500.0,6000.0,5442.0,4793.0,2625.0,4000.0,5625.0,6000.0,6000.0,5000.0,,,,,,,,,,,,,,,,,,,,,,0,0,0,0,0,0,0,0,0,0,0,0,0,0,0,0,0,0,0,0,0,0,0,0,0,0,0,0,0,0,0,0,0
1.0,1.0,1.0,,Welcome to the RITC 2026 Alogithmic Market Making Case - practice server,,131,2026-02-12 13:14:50.815486,SMMR,26.79,26.78,26.79,2508.0,,268100.0,,1600.0,,,,6000.0,,,,,,3500.0,9000.0,1500.0,4793.0,,,,6000.0,,,1373.0,3500.0,750.0,10293.0,1200.0,386000.0,2508.0,900.0,923.0,1200.0,911.0,,,,,,,,,,,0,0,0,0,0,0,0,0,0,0,0,0,0,0,0,0,0,0,0,0,0,0,0,0,0,0,0,0,0,0,0,0,0
,,,,,,131,2026-02-12 13:14:50.815486,ATMN,23.38,23.39,23.4,2040.0,7000.0,244500.0,,800.0,,,,9000.0,,,,,,,12000.0,,2200.0,,8000.0,5625.0,,,,3139.0,3500.0,2250.0,3315.0,,339200.0,,812.0,,525.0,,4500.0,2250.0,756.0,6000.0,4000.0,5625.0,6000.0,5625.0,,,0,0,0,0,0,0,0,0,0,0,0,0,0,0,0,0,0,0,0,0,0,0,0,0,0,0,0,0,0,0,0,0,0
,,,,,,131,2026-02-12 13:14:50.815486,WNTR,27.14,27.14,27.15,2640.0,7000.0,,,1600.0,,,,3000.0,,,,,,3500.0,12000.0,750.0,,,,,,,,,,1500.0,,,700000.0,,600.0,,1200.0,,,,4655.0,6000.0,4000.0,,6000.0,,45000.0,6000.0,0,0,0,0,0,0,0,0,0,0,0,0,0,0,0,0,0,0,0,0,0,0,0,0,0,0,0,0,0,0,0,0,0
2.0,1.0,1.0,,Aggregate Position Limit,Your CRO has set the aggregate position limit to 10000 shares for this week.,132,2026-02-12 13:14:51.834102,SPNG,23.27,23.3,23.31,3500.0,2225.0,978.0,222400.0,4108.0,2275.0,4000.0,1100.0,3750.0,1200.0,703.0,5624.0,6000.0,6000.0,3000.0,6000.0,3000.0,7406.0,33058.0,15000.0,1600.0,3500.0,1100.0,4648.0,,,,,,,,,,,,,,,,,,,,,,,,,,,0,0,0,0,0,0,0,0,0,0,0,0,0,0,0,0,0,0,0,0,0,0,0,0,0,0,0,0
1.0,1.0,1.0,,Welcome to the RITC 2026 Alogithmic Market Making Case - practice server,,132,2026-02-12 13:14:51.834102,SMMR,26.75,26.74,26.75,3500.0,,2400.0,439600.0,5792.0,,,3300.0,750.0,1200.0,,,,,,,,,,750.0,1234.0,3500.0,5893.0,,193.0,1215.0,571200.0,7950.0,6000.0,1200.0,3157.0,5792.0,,,,,,,,,,,,,,,,,,,0,0,0,0,0,0,0,0,0,0,0,0,0,0,0,0,0,0,0,0,0,0,0,0,0,0,0,0
,,,,,,132,2026-02-12 13:14:51.834102,ATMN,23.16,23.39,23.4,3500.0,,,253700.0,2188.0,7000.0,,3315.0,4500.0,,1406.0,1405.0,,6000.0,,,3000.0,,,,800.0,,5515.0,,4000.0,,446000.0,6000.0,,525.0,,,2250.0,2250.0,6000.0,756.0,2812.0,6000.0,4000.0,2250.0,2250.0,6000.0,2352.0,4000.0,5625.0,,,,,,0,0,0,0,0,0,0,0,0,0,0,0,0,0,0,0,0,0,0,0,0,0,0,0,0,0,0,0
,,,,,,132,2026-02-12 13:14:51.834102,WNTR,27.13,27.12,27.13,3500.0,,1600.0,280300.0,6248.0,,4000.0,1100.0,,2150.0,,,6000.0,6000.0,,6000.0,3000.0,,,750.0,716.0,3500.0,4415.0,,,,214000.0,,6000.0,,2052.0,,750.0,,6000.0,,,,,,,,27.0,,,3000.0,4000.0,6000.0,18300.0,1379.0,0,0,0,0,0,0,0,0,0,0,0,0,0,0,0,0,0,0,0,0,0,0,0,0,0,0,0,0
2.0,1.0,1.0,,Aggregate Position Limit,Your CRO has set the aggregate position limit to 10000 shares for this week.,132,2026-02-12 13:14:52.852257,SPNG,23.12,23.1,23.12,6000.0,5700.0,2000.0,3500.0,2900.0,568700.0,6000.0,4860.0,1750.0,4000.0,1100.0,1191.0,23618.0,1364.0,2200.0,4648.0,6000.0,25000.0,2000.0,,,,,,,,,,,,,,,,,,,,,,,,,,,,,,,,0,0,0,0,0,0,0,0,0,0,0,0,0,0,0,0,0,0,0,0,0,0,0,0,0,0,0,0
1.0,1.0,1.0,,Welcome to the RITC 2026 Alogithmic Market Making Case - practice server,,132,2026-02-12 13:14:52.852257,SMMR,26.71,26.71,26.74,,,,,1700.0,783000.0,6000.0,,3500.0,,,4370.0,,,2200.0,,,,,83.0,750.0,1199.0,6000.0,477000.0,555.0,3500.0,4370.0,7950.0,1500.0,3000.0,1199.0,6000.0,1418.0,3500.0,,,,,,,,,,,,,,,,,0,0,0,0,0,0,0,0,0,0,0,0,0,0,0,0,0,0,0,0,0,0,0,0,0,0,0,0
,,,,,,132,2026-02-12 13:14:52.852257,ATMN,23.4,23.22,23.27,,5700.0,8000.0,3500.0,,221800.0,6000.0,,,,4415.0,,,,5515.0,,6000.0,,950.0,,2250.0,,,446000.0,,,1810.0,2250.0,2250.0,,,,,,5625.0,2813.0,600.0,2250.0,2250.0,2812.0,4000.0,2250.0,2250.0,2352.0,6000.0,4000.0,4219.0,,,,0,0,0,0,0,0,0,0,0,0,0,0,0,0,0,0,0,0,0,0,0,0,0,0,0,0,0,0
,,,,,,132,2026-02-12 13:14:52.852257,WNTR,27.1,27.06,27.08,,,,3500.0,4750.0,750700.0,3000.0,,,,,3960.0,,,1100.0,,,,,,,,,100900.0,1196.0,3500.0,1980.0,,,3000.0,,,,,,,,,,,,750.0,,8000.0,,,,12000.0,4000.0,30000.0,0,0,0,0,0,0,0,0,0,0,0,0,0,0,0,0,0,0,0,0,0,0,0,0,0,0,0,0
2.0,1.0,1.0,,Aggregate Position Limit,Your CRO has set the aggregate position limit to 10000 shares for this week.,134,2026-02-12 13:14:53.874435,SPNG,23.14,23.1,23.12,25000.0,9614.0,402.0,1600.0,3500.0,5700.0,1200.0,228600.0,6000.0,2625.0,3500.0,1100.0,1537.0,7500.0,6000.0,446.0,12000.0,5625.0,5625.0,6000.0,2625.0,6000.0,15000.0,,,,,,,,,,,,,,,,,,,,,,,,,,0,0,0,0,0,0,0,0,0,0,0,0,0,0,0,0,0,0,0,0,0,0,0,0,0,0,0,0,0,0
1.0,1.0,1.0,,Welcome to the RITC 2026 Alogithmic Market Making Case - practice server,,134,2026-02-12 13:14:53.874435,SMMR,26.72,26.71,26.72,,,,,3500.0,,950.0,533600.0,9000.0,,3500.0,4400.0,2350.0,,3000.0,795.0,750.0,,,,,,,4077.0,750.0,2000.0,1215.0,1612.0,483500.0,1085.0,5967.0,7950.0,,,,,,,,,,,,,,,,,0,0,0,0,0,0,0,0,0,0,0,0,0,0,0,0,0,0,0,0,0,0,0,0,0,0,0,0,0,0
,,,,,,134,2026-02-12 13:14:53.874435,ATMN,23.29,23.29,23.31,,,876.0,1656.0,3500.0,9413.0,,202100.0,3000.0,2250.0,3500.0,1100.0,1811.0,,3000.0,800.0,2250.0,1698.0,1406.0,6000.0,2250.0,6000.0,,,,,,,106800.0,,,2250.0,1811.0,2200.0,5625.0,5625.0,4921.0,2000.0,3500.0,5322.0,4000.0,4000.0,6000.0,,,,,,0,0,0,0,0,0,0,0,0,0,0,0,0,0,0,0,0,0,0,0,0,0,0,0,0,0,0,0,0,0
,,,,,,134,2026-02-12 13:14:53.874435,WNTR,27.07,27.06,27.07,,,,2046.0,3500.0,,3700.0,259000.0,3000.0,,,3300.0,2129.0,,,800.0,1500.0,,,6000.0,,,,,,,,,,1610.0,2018.0,,2129.0,,,,,,6603.0,,,,,11812.0,12000.0,6000.0,4000.0,40000.0,0,0,0,0,0,0,0,0,0,0,0,0,0,0,0,0,0,0,0,0,0,0,0,0,0,0,0,0,0,0
2.0,1.0,1.0,,Aggregate Position Limit,Your CRO has set the aggregate position limit to 10000 shares for this week.,135,2026-02-12 13:14:54.894390,SPNG,23.12,23.11,23.12,3500.0,35000.0,2007.0,800.0,1100.0,3000.0,3500.0,5700.0,63.0,3000.0,1200.0,128000.0,10000.0,15000.0,1071.0,1852.0,3500.0,11250.0,11250.0,193800.0,1200.0,8000.0,6000.0,5625.0,,,,,,,,,,,,,,,,,,,,,,,,,0,0,0,0,0,0,0,0,0,0,0,0,0,0,0,0,0,0,0,0,0,0,0,0,0,0,0,0,0,0
1.0,1.0,1.0,,Welcome to the RITC 2026 Alogithmic Market Making Case - practice server,,135,2026-02-12 13:14:54.894390,SMMR,26.71,26.68,26.69,3500.0,,,,,12000.0,3500.0,,,,1700.0,508800.0,,,1600.0,2706.0,,,,390600.0,,,,,2033.0,1500.0,2706.0,6000.0,3500.0,1064.0,750.0,6600.0,3000.0,3975.0,1989.0,750.0,,,,,,,,,,,,,0,0,0,0,0,0,0,0,0,0,0,0,0,0,0,0,0,0,0,0,0,0,0,0,0,0,0,0,0,0
,,,,,,135,2026-02-12 13:14:54.894390,ATMN,23.24,23.24,23.25,,,,332.0,3300.0,9000.0,3500.0,9413.0,5625.0,,,92700.0,,,,2397.0,,4921.0,4219.0,106800.0,1300.0,,,4511.0,,4500.0,,,3500.0,,,2200.0,3000.0,10594.0,5683.0,4500.0,2250.0,5625.0,5625.0,6000.0,6000.0,,,,,,,,0,0,0,0,0,0,0,0,0,0,0,0,0,0,0,0,0,0,0,0,0,0,0,0,0,0,0,0,0,0
,,,,,,135,2026-02-12 13:14:54.894390,WNTR,27.04,27.04,27.05,1750.0,,,1092.0,,6000.0,3500.0,,,,2950.0,86300.0,,,1600.0,2452.0,6603.0,,,113800.0,,,,,,1500.0,,6000.0,,,1500.0,3300.0,3000.0,,6164.0,1500.0,,,,,,12000.0,4000.0,4000.0,2000.0,1166.0,1673.0,16700.0,0,0,0,0,0,0,0,0,0,0,0,0,0,0,0,0,0,0,0,0,0,0,0,0,0,0,0,0,0,0
2.0,1.0,1.0,,Aggregate Position Limit,Your CRO has set the aggregate position limit to 10000 shares for this week.,136,2026-02-12 13:14:55.918225,SPNG,23.47,23.48,23.49,5000.0,2282.0,1380.0,3500.0,5600.0,3500.0,1422.0,6000.0,2461.0,15000.0,5000.0,8000.0,9000.0,5625.0,10000.0,5625.0,1800.0,3500.0,4000.0,334700.0,,,,,,,,,,,,,,,,,,,,,,,,0,0,0,0,0,0,0,0,0,0,0,0,0,0,0,0,0,0,0,0,0,0,0,0,0,0,0,0,0,0,0,0,0,0,0
1.0,1.0,1.0,,Welcome to the RITC 2026 Alogithmic Market Making Case - practice server,,136,2026-02-12 13:14:55.918225,SMMR,26.72,26.72,26.73,,,4589.0,,,3500.0,,12000.0,,1500.0,,,,,,,,3500.0,,306200.0,1612.0,515800.0,3500.0,1350.0,6000.0,15000.0,6600.0,15900.0,1215.0,,,,,,,,,,,,,,,0,0,0,0,0,0,0,0,0,0,0,0,0,0,0,0,0,0,0,0,0,0,0,0,0,0,0,0,0,0,0,0,0,0,0
,,,,,,136,2026-02-12 13:14:55.918225,ATMN,23.24,23.23,23.24,,,3647.0,,1328.0,,5625.0,3000.0,,2250.0,,,,4511.0,,4921.0,1600.0,3500.0,,120300.0,,92700.0,,,,9000.0,3300.0,10594.0,,4500.0,5625.0,6000.0,4400.0,2652.0,8811.0,2250.0,4219.0,,,,,,,0,0,0,0,0,0,0,0,0,0,0,0,0,0,0,0,0,0,0,0,0,0,0,0,0,0,0,0,0,0,0,0,0,0,0
,,,,,,136,2026-02-12 13:14:55.918225,WNTR,27.03,27.03,27.04,,,1993.0,,,,,12000.0,,750.0,,,,,,,8000.0,,,113800.0,,259200.0,,3700.0,6000.0,3000.0,,,,,,,,,1761.0,,,12000.0,8000.0,4000.0,6000.0,750.0,18300.0,0,0,0,0,0,0,0,0,0,0,0,0,0,0,0,0,0,0,0,0,0,0,0,0,0,0,0,0,0,0,0,0,0,0,0
2.0,1.0,1.0,,Aggregate Position Limit,Your CRO has set the aggregate position limit to 10000 shares for this week.,137,2026-02-12 13:14:56.961907,SPNG,23.43,23.37,23.38,5500.0,2200.0,3500.0,1100.0,6000.0,2055.0,3200.0,6000.0,5625.0,1.0,4000.0,2813.0,3000.0,5500.0,800.0,3500.0,2000.0,20000.0,3500.0,5700.0,5625.0,2055.0,3000.0,5625.0,1100.0,6000.0,,,,,,,,,,,,,,,,,,,,,,,,,0,0,0,0,0,0,0,0,0,0,0,0,0,0,0,0,0,0,0,0,0,0,0,0,0,0,0,0
1.0,1.0,1.0,,Welcome to the RITC 2026 Alogithmic Market Making Case - practice server,,137,2026-02-12 13:14:56.961907,SMMR,26.66,26.66,26.67,,600.0,3500.0,,18000.0,2839.0,750.0,,,,,,6000.0,,2400.0,,,,3500.0,,,2839.0,,,4400.0,,430200.0,1424.0,750.0,3500.0,1199.0,198700.0,1068.0,4432.0,1199.0,750.0,,,,,,,,,,,,,,,0,0,0,0,0,0,0,0,0,0,0,0,0,0,0,0,0,0,0,0,0,0,0,0,0,0,0,0
,,,,,,137,2026-02-12 13:14:56.961907,ATMN,23.35,23.23,23.27,,,3500.0,6600.0,6000.0,2011.0,,,,,,5625.0,3000.0,,,,2600.0,,3500.0,,,2011.0,,,2200.0,6000.0,,,4500.0,,,106800.0,,,,4500.0,693.0,3713.0,2250.0,6000.0,6000.0,6000.0,4219.0,6750.0,7547.0,4000.0,4000.0,,,,0,0,0,0,0,0,0,0,0,0,0,0,0,0,0,0,0,0,0,0,0,0,0,0,0,0,0,0
,,,,,,137,2026-02-12 13:14:56.961907,WNTR,26.99,27.01,27.02,4000.0,900.0,3500.0,,18000.0,,4000.0,,,,,,3000.0,2000.0,800.0,,,,1750.0,7210.0,,2742.0,,,1100.0,,92300.0,,,,,,1452.0,1409.0,,750.0,,5700.0,,,,,,,,6000.0,,6000.0,4000.0,23300.0,0,0,0,0,0,0,0,0,0,0,0,0,0,0,0,0,0,0,0,0,0,0,0,0,0,0,0,0
2.0,1.0,1.0,,Aggregate Position Limit,Your CRO has set the aggregate position limit to 10000 shares for this week.,138,2026-02-12 13:14:58.010190,SPNG,23.06,23.05,23.06,228600.0,5625.0,5625.0,6000.0,15000.0,950.0,4860.0,5625.0,5250.0,3000.0,194200.0,25000.0,3500.0,8499.0,3500.0,1600.0,2026.0,1581.0,2812.0,6000.0,1100.0,,,,,,,,,,,,,,,,,,,,,,,,,,,,,0,0,0,0,0,0,0,0,0,0,0,0,0,0,0,0,0,0,0,0,0,0,0,0,0,0,0,0,0
1.0,1.0,1.0,,Welcome to the RITC 2026 Alogithmic Market Making Case - practice server,,138,2026-02-12 13:14:58.010190,SMMR,26.75,26.74,26.75,430200.0,,,,12000.0,750.0,,,,,599200.0,,2275.0,,,1600.0,2746.0,,,9000.0,6615.0,750.0,3500.0,1100.0,5950.0,1412.0,10124.0,1424.0,2746.0,750.0,7950.0,1215.0,,,,,,,,,,,,,,,,,,0,0,0,0,0,0,0,0,0,0,0,0,0,0,0,0,0,0,0,0,0,0,0,0,0,0,0,0,0
,,,,,,138,2026-02-12 13:14:58.010190,ATMN,23.25,23.24,23.25,,4218.0,5625.0,,3000.0,,,5625.0,4500.0,,92700.0,,3500.0,,3500.0,1412.0,,,4680.0,6000.0,2200.0,,3500.0,6600.0,,,,,1982.0,2250.0,,,1600.0,2652.0,686.0,6000.0,5812.0,4000.0,5625.0,2250.0,6000.0,,,,,,,,,0,0,0,0,0,0,0,0,0,0,0,0,0,0,0,0,0,0,0,0,0,0,0,0,0,0,0,0,0
,,,,,,138,2026-02-12 13:14:58.010190,WNTR,27.03,26.95,27.03,172700.0,,,6000.0,18000.0,4150.0,,,,,,,1750.0,,,,,,,6000.0,1100.0,,,,,,12000.0,,2702.0,,,,,,,6000.0,,6000.0,,,20000.0,4000.0,1341.0,4000.0,6000.0,1452.0,3524.0,20000.0,750.0,0,0,0,0,0,0,0,0,0,0,0,0,0,0,0,0,0,0,0,0,0,0,0,0,0,0,0,0,0
2.0,1.0,1.0,,Aggregate Position Limit,Your CRO has set the aggregate position limit to 10000 shares for this week.,139,2026-02-12 13:14:59.050822,SPNG,23.13,23.13,23.16,321000.0,5628.0,6000.0,5027.0,2229.0,3000.0,3500.0,8500.0,1576.0,7000.0,5625.0,950.0,4000.0,2597.0,5000.0,2229.0,20000.0,4000.0,2200.0,11250.0,6000.0,3750.0,2000.0,5700.0,6000.0,1581.0,,,,,,,,,,,,,,,,,,,,,,,,,,,,,0,0,0,0,0,0,0,0,0,0,0,0,0,0,0,0,0,0,0,0,0,0,0,0
1.0,1.0,1.0,,Welcome to the RITC 2026 Alogithmic Market Making Case - practice server,,139,2026-02-12 13:14:59.050822,SMMR,26.74,26.76,26.77,353200.0,,,,2553.0,,,,986.0,11900.0,,,,,,,,,6993.0,,,1500.0,1200.0,,,,7312.0,997.0,2200.0,3000.0,3975.0,6000.0,3500.0,1600.0,468900.0,4550.0,3000.0,,,,,,,,,,,,,,,,,,0,0,0,0,0,0,0,0,0,0,0,0,0,0,0,0,0,0,0,0,0,0,0,0
,,,,,,139,2026-02-12 13:14:59.050822,ATMN,23.25,23.23,23.24,480200.0,2995.0,,,2059.0,,,,3200.0,3500.0,5625.0,,4000.0,,,,,4000.0,1100.0,,,1498.0,,,,2461.0,,3844.0,3315.0,,,6000.0,3500.0,1412.0,348600.0,3500.0,,2250.0,2250.0,5625.0,2000.0,2250.0,4680.0,6000.0,12000.0,5812.0,,,,,,,,,0,0,0,0,0,0,0,0,0,0,0,0,0,0,0,0,0,0,0,0,0,0,0,0
,,,,,,139,2026-02-12 13:14:59.050822,WNTR,26.97,26.96,26.97,288600.0,,,,3118.0,,3500.0,,,3500.0,,2700.0,4000.0,,,,,6000.0,1100.0,,,,,9224.0,10000.0,,12000.0,,,750.0,,,3500.0,1000.0,,7000.0,3000.0,,,,,,,,6000.0,,5700.0,10000.0,8000.0,6000.0,1166.0,750.0,15862.0,4000.0,0,0,0,0,0,0,0,0,0,0,0,0,0,0,0,0,0,0,0,0,0,0,0,0
2.0,1.0,1.0,,Aggregate Position Limit,Your CRO has set the aggregate position limit to 10000 shares for this week.,140,2026-02-12 13:15:00.074256,SPNG,23.15,23.14,23.15,13500.0,7413.0,1284.0,3000.0,228600.0,2814.0,5625.0,950.0,4000.0,20000.0,4000.0,6000.0,10000.0,6000.0,5000.0,2553.0,127100.0,2275.0,3750.0,3603.0,3500.0,500.0,1284.0,4000.0,5625.0,5625.0,6000.0,2000.0,,,,,,,,,,,,,,,,,,,,,,,0,0,0,0,0,0,0,0,0,0,0,0,0,0,0,0,0,0,0,0,0,0,0,0,0,0,0,0
1.0,1.0,1.0,,Welcome to the RITC 2026 Alogithmic Market Making Case - practice server,,140,2026-02-12 13:15:00.074256,SMMR,26.74,26.66,26.74,,,,,1134100.0,,,1800.0,,,,,,3000.0,,,742500.0,2275.0,2250.0,,,,5893.0,,,,,2150.0,2000.0,2526.0,750.0,6000.0,4236.0,2526.0,1242.0,,,,,,,,,,,,,,,,0,0,0,0,0,0,0,0,0,0,0,0,0,0,0,0,0,0,0,0,0,0,0,0,0,0,0,0
,,,,,,140,2026-02-12 13:15:00.074256,ATMN,23.23,23.22,23.23,,,4415.0,3000.0,480200.0,2109.0,3757.0,2000.0,,,4000.0,,,3000.0,,,128800.0,,3748.0,5625.0,3500.0,6000.0,1100.0,,945.0,,,,,2402.0,2250.0,,,,,828.0,3500.0,883.0,3164.0,2250.0,1600.0,2549.0,2877.0,,,,,,,,0,0,0,0,0,0,0,0,0,0,0,0,0,0,0,0,0,0,0,0,0,0,0,0,0,0,0,0
,,,,,,140,2026-02-12 13:15:00.074256,WNTR,27.0,26.96,26.99,,,,,,,,700.0,,,,,,3000.0,,,682000.0,,,,,,,,,,,3200.0,,2876.0,750.0,,6000.0,2876.0,,1200.0,7000.0,,,,,8000.0,,5700.0,3500.0,22252.0,4926.0,6000.0,12000.0,6000.0,0,0,0,0,0,0,0,0,0,0,0,0,0,0,0,0,0,0,0,0,0,0,0,0,0,0,0,0
2.0,1.0,1.0,,Aggregate Position Limit,Your CRO has set the aggregate position limit to 10000 shares for this week.,141,2026-02-12 13:15:01.137795,SPNG,23.04,23.05,23.14,600.0,3500.0,1997.0,3164.0,100600.0,950.0,4000.0,4000.0,6000.0,5000.0,4860.0,5625.0,5250.0,1100.0,20000.0,1997.0,800.0,3500.0,3082.0,2553.0,6000.0,228300.0,3750.0,5009.0,6000.0,5625.0,4000.0,,,,,,,,,,,,,,,,,,,,,0,0,0,0,0,0,0,0,0,0,0,0,0,0,0,0,0,0,0,0,0,0,0,0,0,0,0,0,0,0,0
1.0,1.0,1.0,,Welcome to the RITC 2026 Alogithmic Market Making Case - practice server,,141,2026-02-12 13:15:01.137795,SMMR,26.71,26.7,26.72,4865.0,3500.0,,,95500.0,,,,,,,,,1798.0,,2293.0,5600.0,1758.0,4182.0,,6000.0,92900.0,1500.0,,6000.0,,,3500.0,6000.0,760.0,1000.0,1500.0,1237.0,3500.0,1199.0,,,,,,,,,,,,,0,0,0,0,0,0,0,0,0,0,0,0,0,0,0,0,0,0,0,0,0,0,0,0,0,0,0,0,0,0,0
,,,,,,141,2026-02-12 13:15:01.137795,ATMN,23.2,23.19,23.2,,,2200.0,,611100.0,2000.0,4000.0,,,,,1582.0,,4415.0,,2200.0,,,4182.0,,9000.0,128400.0,,5625.0,6000.0,5625.0,4000.0,3500.0,6000.0,,1313.0,2250.0,,3500.0,1020.0,4500.0,4218.0,16000.0,2877.0,4000.0,,,,,,,,0,0,0,0,0,0,0,0,0,0,0,0,0,0,0,0,0,0,0,0,0,0,0,0,0,0,0,0,0,0,0
,,,,,,141,2026-02-12 13:15:01.137795,WNTR,26.98,26.97,26.98,2700.0,3500.0,2391.0,,115900.0,1300.0,,4000.0,6000.0,,,,,,,2391.0,7200.0,1750.0,,,3000.0,,,,6000.0,,,,3000.0,,,,,,,,,,5047.0,,2000.0,5000.0,1341.0,6000.0,10000.0,2000.0,1300.0,0,0,0,0,0,0,0,0,0,0,0,0,0,0,0,0,0,0,0,0,0,0,0,0,0,0,0,0,0,0,0
2.0,1.0,1.0,,Aggregate Position Limit,Your CRO has set the aggregate position limit to 10000 shares for this week.,142,2026-02-12 13:15:02.183009,SPNG,23.17,23.17,23.19,9450.0,105100.0,1928.0,1582.0,3428.0,3500.0,6000.0,3750.0,2012.0,1500.0,2000.0,5700.0,4000.0,2000.0,3000.0,5000.0,6000.0,127100.0,718.0,5625.0,6000.0,8000.0,5625.0,3000.0,1928.0,1284.0,12000.0,5625.0,1200.0,,,,,,,,,,,,,,0,0,0,0,0,0,0,0,0,0,0,0,0,0,0,0,0,0,0,0,0,0,0,0,0,0,0,0,0,0,0,0,0,0,0,0
1.0,1.0,1.0,,Welcome to the RITC 2026 Alogithmic Market Making Case - practice server,,142,2026-02-12 13:15:02.183009,SMMR,26.69,26.69,26.7,2357.0,,,,,,12000.0,1500.0,1798.0,5560.0,,760.0,,,,,,,,,6000.0,,,6000.0,,4182.0,,,,2250.0,5785.0,8000.0,,,,,,,,,,,0,0,0,0,0,0,0,0,0,0,0,0,0,0,0,0,0,0,0,0,0,0,0,0,0,0,0,0,0,0,0,0,0,0,0,0
,,,,,,142,2026-02-12 13:15:02.183009,ATMN,23.18,23.18,23.19,,121900.0,2341.0,,,3500.0,12000.0,2250.0,1100.0,6510.0,,,,,,,,,,,6000.0,,5625.0,9000.0,,1284.0,,,,,,8000.0,2250.0,3500.0,10000.0,2061.0,1233.0,,,,,,0,0,0,0,0,0,0,0,0,0,0,0,0,0,0,0,0,0,0,0,0,0,0,0,0,0,0,0,0,0,0,0,0,0,0,0
,,,,,,142,2026-02-12 13:15:02.183009,WNTR,26.98,26.96,26.98,,567000.0,2685.0,,,,9000.0,,1100.0,,5050.0,,,,,,,95900.0,,,6000.0,,,3000.0,,1798.0,,,,1500.0,5250.0,3180.0,,,,,5047.0,5000.0,6000.0,1673.0,6000.0,15000.0,0,0,0,0,0,0,0,0,0,0,0,0,0,0,0,0,0,0,0,0,0,0,0,0,0,0,0,0,0,0,0,0,0,0,0,0
2.0,1.0,1.0,,Aggregate Position Limit,Your CRO has set the aggregate position limit to 10000 shares for this week.,143,2026-02-12 13:15:03.229483,SPNG,22.9,22.89,22.9,1000300.0,18000.0,1100.0,2300.0,2297.0,127000.0,5000.0,2297.0,6000.0,3000.0,175.0,5000.0,3500.0,1600.0,7911.0,2625.0,3039.0,6000.0,5625.0,4000.0,,,,,,,,,,,,,,,,,,,,,,,,,,,,,0,0,0,0,0,0,0,0,0,0,0,0,0,0,0,0,0,0,0,0,0,0,0,0,0,0,0,0,0,0
1.0,1.0,1.0,,Welcome to the RITC 2026 Alogithmic Market Making Case - practice server,,143,2026-02-12 13:15:03.229483,SMMR,26.76,26.76,26.77,81300.0,,2898.0,,,458200.0,,6128.0,6000.0,,,,,1600.0,,,4793.0,,,,6099.0,2148.0,2000.0,15000.0,3500.0,1500.0,4060.0,2000.0,3200.0,5700.0,2000.0,3196.0,6000.0,,,,,,,,,,,,,,,,0,0,0,0,0,0,0,0,0,0,0,0,0,0,0,0,0,0,0,0,0,0,0,0,0,0,0,0,0,0
,,,,,,143,2026-02-12 13:15:03.229483,ATMN,23.17,23.17,23.18,358300.0,,3315.0,2000.0,6088.0,,,6088.0,6000.0,,,,3500.0,1600.0,,2250.0,3296.0,6000.0,5625.0,,,600.0,,,,1481.0,7000.0,,,1233.0,,,,1388.0,608.0,4500.0,6000.0,2250.0,791.0,3786.0,16511.0,4000.0,5625.0,2250.0,,,,,0,0,0,0,0,0,0,0,0,0,0,0,0,0,0,0,0,0,0,0,0,0,0,0,0,0,0,0,0,0
,,,,,,143,2026-02-12 13:15:03.229483,WNTR,26.82,26.96,26.97,654200.0,,,5050.0,3857.0,95900.0,,3857.0,,,3500.0,,3500.0,1590.0,,,3810.0,6000.0,,4000.0,,,,3000.0,3500.0,750.0,,,,5047.0,,,,,,,,,,750.0,6000.0,,,750.0,1157.0,6000.0,4000.0,15000.0,0,0,0,0,0,0,0,0,0,0,0,0,0,0,0,0,0,0,0,0,0,0,0,0,0,0,0,0,0,0
2.0,1.0,1.0,,Aggregate Position Limit,Your CRO has set the aggregate position limit to 10000 shares for this week.,144,2026-02-12 13:15:04.256917,SPNG,23.09,23.03,23.09,312.0,15000.0,2813.0,2812.0,2680.0,3500.0,3500.0,2000.0,3000.0,3000.0,107600.0,1800.0,96800.0,6000.0,4000.0,7769.0,6000.0,5350.0,3500.0,3500.0,653.0,5625.0,2680.0,5625.0,6000.0,,,,,,,,,,,,,,,,,,,,,,,,,,0,0,0,0,0,0,0,0,0,0,0,0,0,0,0,0,0,0,0,0,0,0,0,0,0,0,0,0
1.0,1.0,1.0,,Welcome to the RITC 2026 Alogithmic Market Making Case - practice server,,144,2026-02-12 13:15:04.256917,SMMR,26.85,26.78,26.85,,,,,3582.0,3500.0,3500.0,,,,81300.0,3200.0,632100.0,8292.0,,,,5800.0,,,,,,,,18000.0,2898.0,750.0,6099.0,6000.0,1478.0,6000.0,7536.0,,,,,,,,,,,,,,,,,,0,0,0,0,0,0,0,0,0,0,0,0,0,0,0,0,0,0,0,0,0,0,0,0,0,0,0,0
,,,,,,144,2026-02-12 13:15:04.256917,ATMN,23.13,23.13,23.15,343.0,,,,3276.0,3500.0,,2000.0,,4500.0,358300.0,,110700.0,6000.0,,,6000.0,,,,,5625.0,3276.0,,10000.0,9000.0,3315.0,3018.0,,,4867.0,,,4500.0,1233.0,395.0,4500.0,7460.0,10000.0,6511.0,1600.0,2000.0,5625.0,,,,,,,,0,0,0,0,0,0,0,0,0,0,0,0,0,0,0,0,0,0,0,0,0,0,0,0,0,0,0,0
,,,,,,144,2026-02-12 13:15:04.256917,WNTR,26.92,26.96,26.97,,,,,4175.0,,,5050.0,,,654200.0,,95900.0,,,2163.0,6000.0,,3500.0,3500.0,,,,,,6000.0,,,,,,,,,,,,750.0,,6000.0,1590.0,607.0,,5000.0,1468.0,6000.0,4000.0,750.0,35000.0,1496.0,0,0,0,0,0,0,0,0,0,0,0,0,0,0,0,0,0,0,0,0,0,0,0,0,0,0,0,0
2.0,1.0,1.0,,Aggregate Position Limit,Your CRO has set the aggregate position limit to 10000 shares for this week.,145,2026-02-12 13:15:05.312429,SPNG,23.07,23.05,23.07,6000.0,3500.0,30000.0,5700.0,3500.0,2200.0,1406.0,215700.0,5625.0,703.0,2173.0,3000.0,984.0,5000.0,3200.0,9000.0,2625.0,3500.0,96800.0,7853.0,2200.0,2173.0,2280.0,10000.0,,,,,,,,,,,,,,,,,0,0,0,0,0,0,0,0,0,0,0,0,0,0,0,0,0,0,0,0,0,0,0,0,0,0,0,0,0,0,0,0,0,0,0,0,0,0
1.0,1.0,1.0,,Welcome to the RITC 2026 Alogithmic Market Making Case - practice server,,145,2026-02-12 13:15:05.312429,SMMR,26.83,26.82,26.83,9000.0,3500.0,,5700.0,6063.0,2200.0,,,,,2530.0,750.0,2218.0,,3200.0,14292.0,,3500.0,363000.0,5700.0,1478.0,2530.0,750.0,,8000.0,750.0,6000.0,,,,,,,,,,,,,,0,0,0,0,0,0,0,0,0,0,0,0,0,0,0,0,0,0,0,0,0,0,0,0,0,0,0,0,0,0,0,0,0,0,0,0,0,0
,,,,,,145,2026-02-12 13:15:05.312429,ATMN,23.14,23.13,23.14,12000.0,3500.0,,,,3315.0,,489200.0,198.0,31.0,2655.0,2250.0,,,,,,,110700.0,,1100.0,2655.0,11022.0,10000.0,,,,4000.0,2000.0,1537.0,775.0,2000.0,3070.0,8000.0,10000.0,,,,,,0,0,0,0,0,0,0,0,0,0,0,0,0,0,0,0,0,0,0,0,0,0,0,0,0,0,0,0,0,0,0,0,0,0,0,0,0,0
,,,,,,145,2026-02-12 13:15:05.312429,WNTR,26.91,26.91,26.95,12000.0,,,5700.0,,,,199300.0,,,,750.0,3500.0,,,,,3500.0,173900.0,6782.0,1100.0,2762.0,750.0,,2100.0,,,,1200.0,,,,607.0,4800.0,,15000.0,6000.0,4000.0,5000.0,4000.0,0,0,0,0,0,0,0,0,0,0,0,0,0,0,0,0,0,0,0,0,0,0,0,0,0,0,0,0,0,0,0,0,0,0,0,0,0,0
2.0,1.0,1.0,,Aggregate Position Limit,Your CRO has set the aggregate position limit to 10000 shares for this week.,146,2026-02-12 13:15:06.351983,SPNG,23.07,23.05,23.07,35000.0,329.0,3500.0,2400.0,5700.0,4032.0,3300.0,3000.0,703.0,9134.0,3500.0,720.0,700.0,5250.0,3500.0,3000.0,96800.0,5609.0,3300.0,25000.0,,,,,,,,,,,,,,,,,,,,,,,,0,0,0,0,0,0,0,0,0,0,0,0,0,0,0,0,0,0,0,0,0,0,0,0,0,0,0,0,0,0,0,0,0,0,0
1.0,1.0,1.0,,Welcome to the RITC 2026 Alogithmic Market Making Case - practice server,,146,2026-02-12 13:15:06.351983,SMMR,26.89,26.81,26.84,,,3500.0,2400.0,10621.0,4696.0,4400.0,750.0,,,,426.0,6100.0,,,,605700.0,,,,6063.0,1500.0,1153.0,81300.0,750.0,980.0,3000.0,4696.0,5062.0,,,,,,,,,,,,,,,0,0,0,0,0,0,0,0,0,0,0,0,0,0,0,0,0,0,0,0,0,0,0,0,0,0,0,0,0,0,0,0,0,0,0
,,,,,,146,2026-02-12 13:15:06.351983,ATMN,23.19,23.18,23.19,,,,,,1998.0,4793.0,,,,,,2250.0,6750.0,,6750.0,335000.0,,5515.0,,7000.0,2901.0,,807600.0,,,,1998.0,7547.0,5656.0,3200.0,99.0,5625.0,6000.0,5625.0,,,,,,,,,0,0,0,0,0,0,0,0,0,0,0,0,0,0,0,0,0,0,0,0,0,0,0,0,0,0,0,0,0,0,0,0,0,0,0
,,,,,,146,2026-02-12 13:15:06.351983,WNTR,26.94,26.94,26.95,,,3500.0,620.0,5771.0,5728.0,,750.0,,,9104.0,1600.0,700.0,,3500.0,,,5700.0,2200.0,,2447.0,750.0,,107600.0,750.0,3633.0,,2864.0,,,,,,6000.0,,2000.0,40000.0,1818.0,2730.0,2000.0,5000.0,4000.0,4000.0,0,0,0,0,0,0,0,0,0,0,0,0,0,0,0,0,0,0,0,0,0,0,0,0,0,0,0,0,0,0,0,0,0,0,0
2.0,1.0,1.0,,Aggregate Position Limit,Your CRO has set the aggregate position limit to 10000 shares for this week.,147,2026-02-12 13:15:07.385611,SPNG,23.07,23.1,23.22,44.0,3227.0,7074.0,3500.0,3300.0,32979.0,1600.0,3000.0,3000.0,2081.0,11250.0,3200.0,5700.0,3500.0,9354.0,5625.0,5250.0,6000.0,9000.0,1100.0,2081.0,,,,,,,,,,,,,,,,,,,,,,,,0,0,0,0,0,0,0,0,0,0,0,0,0,0,0,0,0,0,0,0,0,0,0,0,0,0,0,0,0,0,0,0,0,0
1.0,1.0,1.0,,Welcome to the RITC 2026 Alogithmic Market Making Case - practice server,,147,2026-02-12 13:15:07.385611,SMMR,26.86,26.85,26.86,,3479.0,,,2000.0,,,3000.0,,,,5350.0,,3500.0,,,,750.0,,,3090.0,5476.0,1500.0,1521.0,1199.0,6000.0,290200.0,6665.0,639500.0,1170.0,3500.0,911.0,3000.0,,,,,,,,,,,,0,0,0,0,0,0,0,0,0,0,0,0,0,0,0,0,0,0,0,0,0,0,0,0,0,0,0,0,0,0,0,0,0,0
,,,,,,147,2026-02-12 13:15:07.385611,ATMN,23.19,23.19,23.2,5625.0,6454.0,,3500.0,2000.0,,1438.0,6000.0,,2329.0,3697.0,1300.0,,3500.0,,5625.0,2250.0,2250.0,,,2329.0,8000.0,7726.0,,,,105900.0,1100.0,226700.0,1600.0,,,6000.0,2064.0,1443.0,7388.0,5812.0,5297.0,,,,,,,0,0,0,0,0,0,0,0,0,0,0,0,0,0,0,0,0,0,0,0,0,0,0,0,0,0,0,0,0,0,0,0,0,0
,,,,,,147,2026-02-12 13:15:07.385611,WNTR,26.94,26.93,26.94,,2077.0,5771.0,3500.0,,,780.0,,750.0,3175.0,,700.0,5700.0,3500.0,,,,,,4400.0,3175.0,1818.0,750.0,,,,205600.0,,,,9104.0,,3000.0,,,730.0,,,40000.0,1301.0,12748.0,6000.0,4000.0,6000.0,0,0,0,0,0,0,0,0,0,0,0,0,0,0,0,0,0,0,0,0,0,0,0,0,0,0,0,0,0,0,0,0,0,0
2.0,1.0,1.0,,Aggregate Position Limit,Your CRO has set the aggregate position limit to 10000 shares for this week.,148,2026-02-12 13:15:08.432814,SPNG,23.1,23.09,23.1,3206.0,7009.0,338.0,5600.0,3978.0,1100.0,2000.0,10000.0,3000.0,212300.0,2823.0,2015.0,3500.0,7500.0,5625.0,3500.0,5700.0,6000.0,5625.0,3978.0,2961.0,,,,,,,,,,,,,,,,,,,,,,0,0,0,0,0,0,0,0,0,0,0,0,0,0,0,0,0,0,0,0,0,0,0,0,0,0,0,0,0,0,0,0,0,0,0,0
1.0,1.0,1.0,,Welcome to the RITC 2026 Alogithmic Market Making Case - practice server,,148,2026-02-12 13:15:08.432814,SMMR,26.86,26.85,26.86,,,,1600.0,5340.0,2200.0,,,,561500.0,,1490.0,3500.0,,,3500.0,,,,5340.0,,6000.0,5476.0,3500.0,3479.0,1500.0,2000.0,183900.0,6000.0,926.0,750.0,5350.0,782.0,,,,,,,,,,0,0,0,0,0,0,0,0,0,0,0,0,0,0,0,0,0,0,0,0,0,0,0,0,0,0,0,0,0,0,0,0,0,0,0,0
,,,,,,148,2026-02-12 13:15:08.432814,ATMN,23.4,23.2,23.23,8828.0,,1091.0,1725.0,4898.0,2200.0,,10000.0,,563200.0,,800.0,,,,,,,,2449.0,,3000.0,460.0,3500.0,3500.0,,,,,,2250.0,3100.0,,10000.0,2837.0,5625.0,7922.0,4000.0,7715.0,6000.0,,,0,0,0,0,0,0,0,0,0,0,0,0,0,0,0,0,0,0,0,0,0,0,0,0,0,0,0,0,0,0,0,0,0,0,0,0
,,,,,,148,2026-02-12 13:15:08.432814,WNTR,26.93,26.93,26.95,5700.0,,5722.0,6240.0,,,,,750.0,,,6400.0,3500.0,750.0,,5604.0,5700.0,,,6146.0,,,,3500.0,2077.0,,,107600.0,,,,700.0,,,,,,,2200.0,,29856.0,11446.0,0,0,0,0,0,0,0,0,0,0,0,0,0,0,0,0,0,0,0,0,0,0,0,0,0,0,0,0,0,0,0,0,0,0,0,0
2.0,1.0,1.0,,Aggregate Position Limit,Your CRO has set the aggregate position limit to 10000 shares for this week.,149,2026-02-12 13:15:09.461290,SPNG,23.1,23.11,23.17,6000.0,3500.0,5304.0,10000.0,6000.0,1950.0,5250.0,3000.0,4080.0,700.0,106700.0,3000.0,6000.0,10000.0,1100.0,2000.0,8117.0,5000.0,208300.0,4080.0,4000.0,10546.0,3000.0,2961.0,6000.0,2950.0,11250.0,,,,,,,,,,,,,,,,,,,,0,0,0,0,0,0,0,0,0,0,0,0,0,0,0,0,0,0,0,0,0,0,0,0,0,0,0,0,0,0,0,0
1.0,1.0,1.0,,Welcome to the RITC 2026 Alogithmic Market Making Case - practice server,,149,2026-02-12 13:15:09.461290,SMMR,26.83,26.83,26.86,,,,,,,,,4600.0,4000.0,529700.0,3000.0,,,6665.0,,,,187800.0,4600.0,,,,,,2500.0,,3296.0,6000.0,7450.0,3500.0,750.0,3500.0,750.0,,,,,,,,,,,,,0,0,0,0,0,0,0,0,0,0,0,0,0,0,0,0,0,0,0,0,0,0,0,0,0,0,0,0,0,0,0,0
,,,,,,149,2026-02-12 13:15:09.461290,ATMN,23.15,23.14,23.15,,3500.0,,,8000.0,,2250.0,2250.0,2343.0,1200.0,130900.0,,6000.0,,2578.0,,8256.0,,242900.0,2343.0,,11250.0,6000.0,,,,11248.0,,4828.0,800.0,3500.0,2250.0,4841.0,,1788.0,409.0,600.0,5625.0,801.0,2837.0,1100.0,911.0,,,,,0,0,0,0,0,0,0,0,0,0,0,0,0,0,0,0,0,0,0,0,0,0,0,0,0,0,0,0,0,0,0,0
,,,,,,149,2026-02-12 13:15:09.461290,WNTR,26.95,26.95,26.97,,3500.0,,4000.0,,,,1500.0,2908.0,,107600.0,,,,,,,,898700.0,2908.0,,,9000.0,,,3200.0,,448.0,,800.0,,,,,5771.0,,2118.0,,,,1100.0,,35000.0,750.0,6000.0,6000.0,0,0,0,0,0,0,0,0,0,0,0,0,0,0,0,0,0,0,0,0,0,0,0,0,0,0,0,0,0,0,0,0
2.0,1.0,1.0,,Aggregate Position Limit,Your CRO has set the aggregate position limit to 10000 shares for this week.,150,2026-02-12 13:15:10.509464,SPNG,23.14,23.14,23.15,3500.0,2961.0,800.0,3300.0,2018.0,538.0,207200.0,6000.0,25000.0,3000.0,1494.0,6000.0,30000.0,7000.0,3500.0,5625.0,720.0,2961.0,5250.0,2018.0,3000.0,119400.0,3000.0,4000.0,5273.0,,,,,,,,,,,,,,,,,,,,,,,0,0,0,0,0,0,0,0,0,0,0,0,0,0,0,0,0,0,0,0,0,0,0,0,0,0,0,0,0,0,0
1.0,1.0,1.0,,Welcome to the RITC 2026 Alogithmic Market Making Case - practice server,,150,2026-02-12 13:15:10.509464,SMMR,26.71,26.71,26.72,3500.0,,,6665.0,,,729600.0,3000.0,,750.0,,,,6958.0,3500.0,,7200.0,,,4282.0,,167300.0,3000.0,,,3500.0,4500.0,5642.0,2026.0,1200.0,,,,,,,,,,,,,,,,,,0,0,0,0,0,0,0,0,0,0,0,0,0,0,0,0,0,0,0,0,0,0,0,0,0,0,0,0,0,0,0
,,,,,,150,2026-02-12 13:15:10.509464,ATMN,23.04,23.04,23.1,,,,1478.0,4437.0,,798700.0,6000.0,,,,,,,3500.0,4128.0,5600.0,,,4437.0,,254300.0,6000.0,,,,3200.0,,3126.0,,4500.0,2155.0,2813.0,6000.0,1938.0,,,,,,,,,,,,,0,0,0,0,0,0,0,0,0,0,0,0,0,0,0,0,0,0,0,0,0,0,0,0,0,0,0,0,0,0,0
,,,,,,150,2026-02-12 13:15:10.509464,WNTR,26.98,26.98,26.99,,,,,2876.0,,394000.0,,,750.0,,6000.0,,,3500.0,,3200.0,,,2876.0,,325300.0,12000.0,,,,,,,1200.0,,,,6000.0,,4000.0,8000.0,20000.0,1500.0,96.0,1468.0,1865.0,2000.0,1468.0,5000.0,4000.0,6000.0,0,0,0,0,0,0,0,0,0,0,0,0,0,0,0,0,0,0,0,0,0,0,0,0,0,0,0,0,0,0,0
2.0,1.0,1.0,,Aggregate Position Limit,Your CRO has set the aggregate position limit to 10000 shares for this week.,151,2026-02-12 13:15:11.540699,SPNG,23.24,23.12,23.16,15000.0,1494.0,9437.0,2619.0,4998.0,3500.0,3500.0,3000.0,3000.0,2000.0,812.0,4000.0,2625.0,800.0,5922.0,11250.0,2026.0,3000.0,1137.0,4150.0,2961.0,5625.0,6000.0,11250.0,,,,,,,,,,,,,,,,,,,,,,,,0,0,0,0,0,0,0,0,0,0,0,0,0,0,0,0,0,0,0,0,0,0,0,0,0,0,0,0,0,0,0
1.0,1.0,1.0,,Welcome to the RITC 2026 Alogithmic Market Making Case - practice server,,151,2026-02-12 13:15:11.540699,SMMR,26.71,26.7,26.71,,,,,,3500.0,3500.0,3000.0,,1200.0,1116.0,,,1600.0,1500.0,,3126.0,9000.0,,3200.0,,,,,2730.0,290200.0,8865.0,750.0,3478.0,750.0,3478.0,4000.0,249000.0,6000.0,,,,,,,,,,,,,,0,0,0,0,0,0,0,0,0,0,0,0,0,0,0,0,0,0,0,0,0,0,0,0,0,0,0,0,0,0,0
,,,,,,151,2026-02-12 13:15:11.540699,ATMN,23.06,23.06,23.09,,,5900.0,,539.0,3500.0,3500.0,6000.0,2250.0,1200.0,600.0,,6750.0,,7929.0,,1100.0,6000.0,,,,,,,,237900.0,2578.0,,,2250.0,2815.0,993.0,374700.0,,4090.0,4000.0,1406.0,2250.0,10000.0,3052.0,3500.0,1020.0,,,,,,0,0,0,0,0,0,0,0,0,0,0,0,0,0,0,0,0,0,0,0,0,0,0,0,0,0,0,0,0,0,0
,,,,,,151,2026-02-12 13:15:11.540699,WNTR,26.99,26.99,27.0,,,,,,3500.0,,6000.0,750.0,,1251.0,14000.0,,,,,,12000.0,,3200.0,,,6000.0,,,205000.0,1100.0,,3805.0,,3805.0,1277.0,508900.0,6000.0,,4000.0,,,,,,,25000.0,2000.0,5000.0,4000.0,6000.0,0,0,0,0,0,0,0,0,0,0,0,0,0,0,0,0,0,0,0,0,0,0,0,0,0,0,0,0,0,0,0
2.0,1.0,1.0,,Aggregate Position Limit,Your CRO has set the aggregate position limit to 10000 shares for this week.,152,2026-02-12 13:15:12.561938,SPNG,23.15,23.14,23.15,3500.0,25000.0,3500.0,4000.0,7221.0,1620.0,1894.0,747.0,1644.0,2122.0,6000.0,4000.0,800.0,3500.0,6000.0,10000.0,3126.0,2625.0,5625.0,3948.0,3000.0,2000.0,2961.0,5625.0,1894.0,,,,,,,,,,,,,,,,,,,,,,,,,0,0,0,0,0,0,0,0,0,0,0,0,0,0,0,0,0,0,0,0,0,0,0,0,0,0,0,0,0
1.0,1.0,1.0,,Welcome to the RITC 2026 Alogithmic Market Making Case - practice server,,152,2026-02-12 13:15:12.561938,SMMR,26.83,26.82,26.83,3479.0,,,,,,2021.0,,2452.0,,6000.0,,1600.0,3500.0,,,3126.0,,,,9000.0,4150.0,,,,299300.0,2730.0,7110.0,6000.0,750.0,3500.0,531400.0,6000.0,,,,,,,,,,,,,,,,,0,0,0,0,0,0,0,0,0,0,0,0,0,0,0,0,0,0,0,0,0,0,0,0,0,0,0,0,0
,,,,,,152,2026-02-12 13:15:12.561938,ATMN,23.09,23.06,23.09,3500.0,,3500.0,,,,2070.0,,300.0,,,,1600.0,3500.0,,,2200.0,2250.0,,10440.0,,,,,,237900.0,,3678.0,6000.0,,3500.0,374700.0,,9000.0,4500.0,4090.0,4000.0,1200.0,10000.0,2250.0,993.0,3052.0,,,,,,,,0,0,0,0,0,0,0,0,0,0,0,0,0,0,0,0,0,0,0,0,0,0,0,0,0,0,0,0,0
,,,,,,152,2026-02-12 13:15:12.561938,WNTR,27.03,27.0,27.03,2275.0,,,4000.0,,,2019.0,,,5900.0,6000.0,2000.0,,,,,,,,750.0,15000.0,2000.0,,,,107600.0,,2200.0,6000.0,1500.0,3500.0,604200.0,,,750.0,,4000.0,,,,,5900.0,10000.0,10000.0,1468.0,4000.0,5000.0,4000.0,6000.0,0,0,0,0,0,0,0,0,0,0,0,0,0,0,0,0,0,0,0,0,0,0,0,0,0,0,0,0,0
2.0,1.0,1.0,,Aggregate Position Limit,Your CRO has set the aggregate position limit to 10000 shares for this week.,153,2026-02-12 13:15:13.580738,SPNG,23.14,23.13,23.14,20000.0,6903.0,6280.0,5000.0,1300.0,791.0,10000.0,20000.0,7000.0,3500.0,6000.0,7200.0,10000.0,,,,,,,,,,,,,,,,,,,,,,,,,,,,,,,,,,0,0,0,0,0,0,0,0,0,0,0,0,0,0,0,0,0,0,0,0,0,0,0,0,0,0,0,0,0,0,0,0
1.0,1.0,1.0,,Welcome to the RITC 2026 Alogithmic Market Making Case - practice server,,153,2026-02-12 13:15:13.580738,SMMR,26.84,26.83,26.84,,,956.0,,,,,,3500.0,3500.0,,1600.0,,2420.0,3500.0,2250.0,3000.0,8210.0,311800.0,2730.0,6000.0,1500.0,4226.0,1905.0,3000.0,531400.0,3200.0,,,,,,,,,,,,,,,,,,,,0,0,0,0,0,0,0,0,0,0,0,0,0,0,0,0,0,0,0,0,0,0,0,0,0,0,0,0,0,0,0,0
,,,,,,153,2026-02-12 13:15:13.580738,ATMN,23.09,23.08,23.09,,,300.0,,3500.0,,4000.0,,3500.0,,,800.0,,1990.0,,3268.0,6000.0,4400.0,130900.0,,,3480.0,4400.0,596.0,3000.0,247000.0,,9000.0,4500.0,4090.0,4000.0,2250.0,1990.0,3052.0,6000.0,4000.0,,,,,,,,,,,0,0,0,0,0,0,0,0,0,0,0,0,0,0,0,0,0,0,0,0,0,0,0,0,0,0,0,0,0,0,0,0
,,,,,,153,2026-02-12 13:15:13.580738,WNTR,27.05,27.01,27.05,,,1240.0,,,,4000.0,,,3500.0,,,,2104.0,,1500.0,3000.0,3300.0,,2000.0,6000.0,,,,6000.0,761600.0,3200.0,,,,,,,,,,15000.0,5983.0,10000.0,819.0,2000.0,819.0,1144.0,6000.0,6000.0,6000.0,0,0,0,0,0,0,0,0,0,0,0,0,0,0,0,0,0,0,0,0,0,0,0,0,0,0,0,0,0,0,0,0
2.0,1.0,1.0,,Aggregate Position Limit,Your CRO has set the aggregate position limit to 10000 shares for this week.,154,2026-02-12 13:15:14.598443,SPNG,23.13,23.22,23.28,1759.0,7221.0,15000.0,1256.0,21800.0,1300.0,791.0,2625.0,6000.0,3000.0,4000.0,3500.0,11250.0,4148.0,4150.0,5625.0,5357.0,4000.0,3518.0,4000.0,444600.0,,,,,,,,,,,,,,,,,,,,,0,0,0,0,0,0,0,0,0,0,0,0,0,0,0,0,0,0,0,0,0,0,0,0,0,0,0,0,0,0,0,0,0,0,0,0,0
1.0,1.0,1.0,,Welcome to the RITC 2026 Alogithmic Market Making Case - practice server,,154,2026-02-12 13:15:14.598443,SMMR,26.85,26.84,26.85,2630.0,,,,,3500.0,,,6000.0,3000.0,,3500.0,,,3200.0,,,,,,557100.0,3500.0,5855.0,8210.0,398100.0,2000.0,1600.0,5326.0,9000.0,3500.0,,,,,,,,,,,,0,0,0,0,0,0,0,0,0,0,0,0,0,0,0,0,0,0,0,0,0,0,0,0,0,0,0,0,0,0,0,0,0,0,0,0,0
,,,,,,154,2026-02-12 13:15:14.598443,ATMN,23.08,23.08,23.09,2007.0,,,300.0,,3500.0,176.0,,,3000.0,,3500.0,,,,,,,2007.0,4000.0,126600.0,,,1100.0,926600.0,,4000.0,5500.0,6000.0,3500.0,800.0,6000.0,135.0,2950.0,2180.0,238.0,,,,,,0,0,0,0,0,0,0,0,0,0,0,0,0,0,0,0,0,0,0,0,0,0,0,0,0,0,0,0,0,0,0,0,0,0,0,0,0
,,,,,,154,2026-02-12 13:15:14.598443,WNTR,27.02,27.02,27.03,,,,8000.0,,3500.0,,,,3000.0,,3500.0,,,,,,,,,95300.0,3500.0,1549.0,1100.0,99400.0,,5800.0,,6000.0,3500.0,,,,,,,750.0,11047.0,12593.0,1291.0,6000.0,0,0,0,0,0,0,0,0,0,0,0,0,0,0,0,0,0,0,0,0,0,0,0,0,0,0,0,0,0,0,0,0,0,0,0,0,0
2.0,1.0,1.0,,Aggregate Position Limit,Your CRO has set the aggregate position limit to 10000 shares for this week.,155,2026-02-12 13:15:15.617545,SPNG,23.27,23.25,23.27,7346.0,6405.0,5250.0,6000.0,3500.0,1576.0,2649.0,12700.0,700.0,8091.0,1649.0,1100.0,15000.0,1600.0,5900.0,7500.0,2047.0,11250.0,4148.0,120500.0,2649.0,3395.0,2000.0,4833.0,3000.0,,,,,,,,,,,,,,,,,,,0,0,0,0,0,0,0,0,0,0,0,0,0,0,0,0,0,0,0,0,0,0,0,0,0,0,0,0,0,0,0,0,0,0,0
1.0,1.0,1.0,,Welcome to the RITC 2026 Alogithmic Market Making Case - practice server,,155,2026-02-12 13:15:15.617545,SMMR,26.76,26.78,26.85,,,,9000.0,,,,,2500.0,,2171.0,9965.0,,1600.0,,750.0,3500.0,,,368600.0,,2171.0,1200.0,,9000.0,542200.0,6000.0,750.0,3500.0,2000.0,5326.0,,,,,,,,,,,,,0,0,0,0,0,0,0,0,0,0,0,0,0,0,0,0,0,0,0,0,0,0,0,0,0,0,0,0,0,0,0,0,0,0,0
,,,,,,155,2026-02-12 13:15:15.617545,ATMN,22.97,23.05,23.07,,,,6000.0,,,,,4150.0,,3032.0,1100.0,,5160.0,1308.0,,,,,126600.0,,3032.0,,,,794100.0,,,3500.0,6000.0,2200.0,2000.0,1165.0,88.0,67.0,,,,,,,,,0,0,0,0,0,0,0,0,0,0,0,0,0,0,0,0,0,0,0,0,0,0,0,0,0,0,0,0,0,0,0,0,0,0,0
,,,,,,155,2026-02-12 13:15:15.617545,WNTR,27.04,27.02,27.04,750.0,3500.0,,3000.0,,4000.0,,,,,1944.0,2200.0,,1200.0,,,,,,575300.0,,,3200.0,,3000.0,99400.0,,,3500.0,,,,,,,21047.0,2930.0,6000.0,1535.0,2000.0,6000.0,4000.0,4000.0,0,0,0,0,0,0,0,0,0,0,0,0,0,0,0,0,0,0,0,0,0,0,0,0,0,0,0,0,0,0,0,0,0,0,0
2.0,1.0,1.0,,Aggregate Position Limit,Your CRO has set the aggregate position limit to 10000 shares for this week.,156,2026-02-12 13:15:16.637056,SPNG,23.23,23.25,23.26,304.0,10000.0,3500.0,3000.0,1100.0,2625.0,360.0,500.0,9000.0,2962.0,100500.0,10000.0,2961.0,5625.0,1635.0,15000.0,5625.0,3500.0,5900.0,11250.0,2047.0,5286.0,1635.0,1100.0,5250.0,3000.0,2074.0,120500.0,3000.0,,,,,,,,,,,,,,,,,,,0,0,0,0,0,0,0,0,0,0,0,0,0,0,0,0,0,0,0,0,0,0,0,0,0,0,0,0,0,0,0
1.0,1.0,1.0,,Welcome to the RITC 2026 Alogithmic Market Making Case - practice server,,156,2026-02-12 13:15:16.637056,SMMR,26.82,26.71,26.8,,,3500.0,,8865.0,,,6000.0,,5962.0,454900.0,,,,,,,3500.0,2276.0,,4392.0,,1977.0,1100.0,,750.0,,286400.0,12000.0,4000.0,6000.0,6000.0,6205.0,1600.0,,,,,,,,,,,,,,0,0,0,0,0,0,0,0,0,0,0,0,0,0,0,0,0,0,0,0,0,0,0,0,0,0,0,0,0,0,0
,,,,,,156,2026-02-12 13:15:16.637056,ATMN,23.04,22.97,23.0,,,,,1100.0,,,,,8962.0,668700.0,,,44.0,,,,3500.0,5900.0,,7000.0,,,8800.0,,,,126600.0,9000.0,4150.0,6000.0,,,1548.0,2000.0,5900.0,2000.0,34.0,2000.0,10000.0,,,,,,,,0,0,0,0,0,0,0,0,0,0,0,0,0,0,0,0,0,0,0,0,0,0,0,0,0,0,0,0,0,0,0
,,,,,,156,2026-02-12 13:15:16.637056,WNTR,27.02,27.02,27.04,,,3500.0,750.0,1100.0,,,,,6000.0,190700.0,,,,,,,3500.0,,,,,1816.0,,,,,284200.0,3000.0,,,,,2400.0,,66.0,,,,6000.0,5600.0,8000.0,10000.0,10000.0,987.0,4000.0,4000.0,0,0,0,0,0,0,0,0,0,0,0,0,0,0,0,0,0,0,0,0,0,0,0,0,0,0,0,0,0,0,0
2.0,1.0,1.0,,Aggregate Position Limit,Your CRO has set the aggregate position limit to 10000 shares for this week.,157,2026-02-12 13:15:17.653156,SPNG,23.17,23.13,23.16,6000.0,3500.0,5625.0,6708.0,1148.0,5625.0,279.0,1100.0,3200.0,187.0,4744.0,4000.0,4000.0,6000.0,20000.0,1600.0,5900.0,1857.0,3000.0,3850.0,3500.0,4021.0,2833.0,6504.0,2625.0,15000.0,1100.0,,,,,,,,,,,,,,,,,,,0,0,0,0,0,0,0,0,0,0,0,0,0,0,0,0,0,0,0,0,0,0,0,0,0,0,0,0,0,0,0,0,0
1.0,1.0,1.0,,Welcome to the RITC 2026 Alogithmic Market Making Case - practice server,,157,2026-02-12 13:15:17.653156,SMMR,26.65,26.65,26.82,,,,,,,,2855.0,3450.0,5596.0,750.0,,,,,610.0,,2583.0,9000.0,,3500.0,,,750.0,,,5326.0,897800.0,6000.0,1196.0,1155.0,453000.0,2000.0,,,,,,,,,,,,,0,0,0,0,0,0,0,0,0,0,0,0,0,0,0,0,0,0,0,0,0,0,0,0,0,0,0,0,0,0,0,0,0
,,,,,,157,2026-02-12 13:15:17.653156,ATMN,22.97,22.97,22.99,,3500.0,22.0,,,17.0,555.0,1100.0,3200.0,6000.0,,,4000.0,,,5120.0,5900.0,3512.0,,,,,5168.0,1466.0,,,,551500.0,,,,,,6000.0,1978.0,1750.0,847.0,10000.0,2129.0,,,,,,,0,0,0,0,0,0,0,0,0,0,0,0,0,0,0,0,0,0,0,0,0,0,0,0,0,0,0,0,0,0,0,0,0
,,,,,,157,2026-02-12 13:15:17.653156,WNTR,26.98,26.97,26.98,,,,66.0,,,,1100.0,1300.0,6000.0,,4000.0,,6000.0,,1304.0,,4781.0,3000.0,,3500.0,,,,,,1100.0,699100.0,6000.0,,,322500.0,,,,,,,5991.0,6000.0,15000.0,750.0,750.0,10000.0,6000.0,0,0,0,0,0,0,0,0,0,0,0,0,0,0,0,0,0,0,0,0,0,0,0,0,0,0,0,0,0,0,0,0,0
2.0,1.0,1.0,,Aggregate Position Limit,Your CRO has set the aggregate position limit to 10000 shares for this week.,158,2026-02-12 13:15:18.682611,SPNG,23.15,23.15,23.16,12492.0,15000.0,3000.0,3500.0,460.0,5624.0,8832.0,10608.0,4110.0,15000.0,122000.0,20000.0,3200.0,5900.0,6000.0,6000.0,5625.0,4110.0,4044.0,2625.0,1100.0,2501.0,,,,,,,,,,,,,,,,,,,,,0,0,0,0,0,0,0,0,0,0,0,0,0,0,0,0,0,0,0,0,0,0,0,0,0,0,0,0,0,0,0,0,0,0,0,0
1.0,1.0,1.0,,Welcome to the RITC 2026 Alogithmic Market Making Case - practice server,,158,2026-02-12 13:15:18.682611,SMMR,26.88,26.73,26.74,750.0,,6000.0,269.0,1600.0,,,,,,291500.0,,1532.0,,6000.0,,,2496.0,,,7526.0,1500.0,3500.0,6000.0,441.0,8560.0,750.0,1100.0,3500.0,3500.0,340000.0,1200.0,,,,,,,,,,,0,0,0,0,0,0,0,0,0,0,0,0,0,0,0,0,0,0,0,0,0,0,0,0,0,0,0,0,0,0,0,0,0,0,0,0
,,,,,,158,2026-02-12 13:15:18.682611,ATMN,22.93,22.93,22.97,1578.0,,8596.0,1750.0,,,,4.0,,,799300.0,,5120.0,,3000.0,,,1930.0,,,1100.0,3592.0,3500.0,,,,,1100.0,,7000.0,,,689.0,1006.0,2150.0,10000.0,10000.0,86.0,6000.0,,,,0,0,0,0,0,0,0,0,0,0,0,0,0,0,0,0,0,0,0,0,0,0,0,0,0,0,0,0,0,0,0,0,0,0,0,0
,,,,,,158,2026-02-12 13:15:18.682611,WNTR,26.98,26.94,26.96,,,8634.0,,,,,,3153.0,,696200.0,,5814.0,,6000.0,,,,,,,,,,,,750.0,,3500.0,3500.0,114000.0,,588.0,,2000.0,,,3192.0,,15000.0,6000.0,20000.0,0,0,0,0,0,0,0,0,0,0,0,0,0,0,0,0,0,0,0,0,0,0,0,0,0,0,0,0,0,0,0,0,0,0,0,0
2.0,1.0,1.0,,Aggregate Position Limit,Your CRO has set the aggregate position limit to 10000 shares for this week.,159,2026-02-12 13:15:19.702045,SPNG,23.15,23.14,23.15,15000.0,2596.0,506.0,3500.0,3500.0,2160.0,2812.0,15000.0,1604.0,2200.0,179.0,1137.0,15000.0,12706.0,3500.0,5625.0,800.0,2428.0,2337.0,2200.0,5000.0,482.0,3000.0,2625.0,,,,,,,,,,,,,,,,,,,,,0,0,0,0,0,0,0,0,0,0,0,0,0,0,0,0,0,0,0,0,0,0,0,0,0,0,0,0,0,0,0,0,0,0
1.0,1.0,1.0,,Welcome to the RITC 2026 Alogithmic Market Making Case - practice server,,159,2026-02-12 13:15:19.702045,SMMR,26.74,26.69,26.74,,,,,,,,,,3955.0,,,,,3500.0,,1532.0,3152.0,750.0,8626.0,,,,,752200.0,1520.0,2532.0,750.0,3152.0,750.0,2600.0,6000.0,7000.0,500.0,340000.0,1200.0,,,,,,,,,0,0,0,0,0,0,0,0,0,0,0,0,0,0,0,0,0,0,0,0,0,0,0,0,0,0,0,0,0,0,0,0,0,0
,,,,,,159,2026-02-12 13:15:19.702045,ATMN,22.88,22.94,22.96,,,,,,900.0,,,,1100.0,1.0,,,,3500.0,,800.0,2194.0,7184.0,3300.0,,,2250.0,6750.0,1014600.0,,1192.0,,2194.0,,2300.0,6000.0,6918.0,,,,16000.0,10000.0,10000.0,14000.0,825.0,,,,0,0,0,0,0,0,0,0,0,0,0,0,0,0,0,0,0,0,0,0,0,0,0,0,0,0,0,0,0,0,0,0,0,0
,,,,,,159,2026-02-12 13:15:19.702045,WNTR,26.94,26.93,26.94,,,,,3500.0,300.0,,,,1100.0,,,,,3500.0,,1600.0,3585.0,1500.0,2200.0,,,750.0,,704000.0,,,,3585.0,750.0,2000.0,,3500.0,,193200.0,,,10000.0,,,,25186.0,24130.0,3192.0,0,0,0,0,0,0,0,0,0,0,0,0,0,0,0,0,0,0,0,0,0,0,0,0,0,0,0,0,0,0,0,0,0,0
2.0,1.0,1.0,,Aggregate Position Limit,Your CRO has set the aggregate position limit to 10000 shares for this week.,160,2026-02-12 13:15:20.741916,SPNG,23.25,23.14,23.16,6000.0,3500.0,6000.0,493.0,10000.0,5624.0,2520.0,1100.0,2813.0,2129.0,2563.0,6000.0,2140.0,862.0,800.0,2140.0,8728.0,6000.0,11250.0,3500.0,5625.0,3000.0,2625.0,5000.0,1100.0,2000.0,5625.0,120500.0,5625.0,,,,,,,,,,,,,,,,,,,,,,,,,,0,0,0,0,0,0,0,0,0,0,0,0,0,0,0,0,0,0,0,0,0,0,0,0
1.0,1.0,1.0,,Welcome to the RITC 2026 Alogithmic Market Making Case - practice server,,160,2026-02-12 13:15:20.741916,SMMR,26.73,26.71,26.73,3000.0,3500.0,6000.0,,,,1348.0,,,1500.0,,,3084.0,,1600.0,3084.0,,,,3500.0,,6000.0,,,3300.0,2000.0,,179900.0,,12330.0,1500.0,3465.0,473500.0,2532.0,750.0,269.0,1474.0,1500.0,1514.0,5500.0,,,,,,,,,,,,,,,0,0,0,0,0,0,0,0,0,0,0,0,0,0,0,0,0,0,0,0,0,0,0,0
,,,,,,160,2026-02-12 13:15:20.741916,ATMN,22.84,22.91,22.93,,,,,,,900.0,,,,,,5248.0,,800.0,5248.0,,,,3500.0,,3000.0,4500.0,,2200.0,,5625.0,117200.0,,,,,1093400.0,,2250.0,,,1938.0,1324.0,,6000.0,2750.0,7276.0,881.0,2000.0,,,,,,,,,,0,0,0,0,0,0,0,0,0,0,0,0,0,0,0,0,0,0,0,0,0,0,0,0
,,,,,,160,2026-02-12 13:15:20.741916,WNTR,26.98,26.93,26.98,6000.0,3500.0,,,,,300.0,1100.0,,750.0,,,6602.0,,,3071.0,,,,,,3000.0,,,5500.0,,,210100.0,,,750.0,1732.0,410500.0,1876.0,750.0,,,,,,,,2000.0,,,4000.0,6000.0,2000.0,1471.0,25000.0,1316.0,4000.0,5100.0,6000.0,0,0,0,0,0,0,0,0,0,0,0,0,0,0,0,0,0,0,0,0,0,0,0,0
2.0,1.0,1.0,,Aggregate Position Limit,Your CRO has set the aggregate position limit to 10000 shares for this week.,161,2026-02-12 13:15:21.782215,SPNG,23.15,23.15,23.16,30000.0,3500.0,2814.0,710.0,2812.0,2812.0,2700.0,5126.0,2037.0,5625.0,3000.0,3500.0,3254.0,5625.0,2400.0,2563.0,3750.0,3500.0,9000.0,6000.0,5625.0,5625.0,2037.0,2625.0,15000.0,,,,,,,,,,,,,,,,,,,,,,0,0,0,0,0,0,0,0,0,0,0,0,0,0,0,0,0,0,0,0,0,0,0,0,0,0,0,0,0,0,0,0
1.0,1.0,1.0,,Welcome to the RITC 2026 Alogithmic Market Making Case - practice server,,161,2026-02-12 13:15:21.782215,SMMR,26.69,26.74,26.76,,269.0,750.0,,4567.0,,,,2426.0,,3000.0,,,,1212.0,,750.0,3500.0,6000.0,,,,2426.0,,,3500.0,3000.0,368600.0,1012.0,9002.0,1326.0,750.0,1300.0,8138.0,448300.0,5369.0,1200.0,,,,,,,,,,0,0,0,0,0,0,0,0,0,0,0,0,0,0,0,0,0,0,0,0,0,0,0,0,0,0,0,0,0,0,0,0
,,,,,,161,2026-02-12 13:15:21.782215,ATMN,22.88,22.88,22.91,,,2250.0,,,,,,2164.0,2813.0,6000.0,6162.0,5625.0,,1600.0,,2250.0,,3000.0,,,,2164.0,2250.0,,,,662600.0,1558.0,,,2250.0,2900.0,2200.0,336500.0,6000.0,2000.0,547.0,2250.0,4000.0,6000.0,2962.0,4000.0,2052.0,,,0,0,0,0,0,0,0,0,0,0,0,0,0,0,0,0,0,0,0,0,0,0,0,0,0,0,0,0,0,0,0,0
,,,,,,161,2026-02-12 13:15:21.782215,WNTR,26.94,26.93,26.94,,,750.0,,,,,,2583.0,,3000.0,,,,1600.0,,1500.0,3500.0,,,,,,,,,,963600.0,1657.0,,,,5200.0,3300.0,192100.0,,,,,,6000.0,2000.0,,5900.0,35000.0,1672.0,0,0,0,0,0,0,0,0,0,0,0,0,0,0,0,0,0,0,0,0,0,0,0,0,0,0,0,0,0,0,0,0
2.0,1.0,1.0,,Aggregate Position Limit,Your CRO has set the aggregate position limit to 10000 shares for this week.,162,2026-02-12 13:15:22.817772,SPNG,23.16,23.15,23.16,3500.0,25000.0,3500.0,710.0,3750.0,3000.0,4228.0,6000.0,5625.0,2700.0,3000.0,2625.0,5000.0,25000.0,2812.0,2095.0,5625.0,3500.0,2400.0,2563.0,7500.0,6000.0,2021.0,1416.0,5625.0,,,,,,,,,,,,,,,,,,,,,0,0,0,0,0,0,0,0,0,0,0,0,0,0,0,0,0,0,0,0,0,0,0,0,0,0,0,0,0,0,0,0,0
1.0,1.0,1.0,,Welcome to the RITC 2026 Alogithmic Market Making Case - practice server,,162,2026-02-12 13:15:22.817772,SMMR,26.81,26.8,26.81,3500.0,,3500.0,7200.0,,,,5500.0,,,,,,,,,,3500.0,,,750.0,,,7842.0,,109200.0,4945.0,2398.0,1155.0,448300.0,6000.0,5595.0,1200.0,6000.0,,,,,,,,,,,,0,0,0,0,0,0,0,0,0,0,0,0,0,0,0,0,0,0,0,0,0,0,0,0,0,0,0,0,0,0,0,0,0
,,,,,,162,2026-02-12 13:15:22.817772,ATMN,22.78,22.76,22.78,1750.0,,3500.0,1800.0,,3000.0,,,,,,,,,5625.0,,,3500.0,4000.0,,,3000.0,1925.0,4228.0,,682300.0,,1925.0,,123000.0,6000.0,2962.0,,,6000.0,2900.0,13768.0,1043.0,856.0,,,,,,,0,0,0,0,0,0,0,0,0,0,0,0,0,0,0,0,0,0,0,0,0,0,0,0,0,0,0,0,0,0,0,0,0
,,,,,,162,2026-02-12 13:15:22.817772,WNTR,26.98,26.91,26.94,,,3500.0,900.0,,3000.0,,,,,,,,,,,,,,,750.0,12000.0,2827.0,5500.0,,693600.0,,2827.0,,96100.0,6000.0,1030.0,,,,4000.0,3500.0,,,5000.0,4000.0,743.0,15000.0,750.0,4000.0,0,0,0,0,0,0,0,0,0,0,0,0,0,0,0,0,0,0,0,0,0,0,0,0,0,0,0,0,0,0,0,0,0
2.0,1.0,1.0,,Aggregate Position Limit,Your CRO has set the aggregate position limit to 10000 shares for this week.,163,2026-02-12 13:15:23.858964,SPNG,23.17,23.17,23.18,117900.0,6000.0,35000.0,4435.0,3335.0,3305.0,4100.0,2021.0,3500.0,6000.0,710.0,2563.0,7500.0,15000.0,5625.0,1000.0,4808.0,541.0,7875.0,1174.0,4000.0,3000.0,,,,,,,,,,,,,,,,,,,,,,0,0,0,0,0,0,0,0,0,0,0,0,0,0,0,0,0,0,0,0,0,0,0,0,0,0,0,0,0,0,0,0,0,0,0
1.0,1.0,1.0,,Welcome to the RITC 2026 Alogithmic Market Making Case - practice server,,163,2026-02-12 13:15:23.858964,SMMR,26.81,26.8,26.81,216300.0,,,1416.0,,500.0,,5096.0,3500.0,,4800.0,,2166.0,,,3500.0,3072.0,,,,,,2945.0,1656.0,1164.0,213200.0,1132.0,1800.0,3500.0,6000.0,3730.0,,,,,,,,,,,,,0,0,0,0,0,0,0,0,0,0,0,0,0,0,0,0,0,0,0,0,0,0,0,0,0,0,0,0,0,0,0,0,0,0,0
,,,,,,163,2026-02-12 13:15:23.858964,ATMN,22.93,22.93,22.94,438700.0,3000.0,,,906.0,3500.0,,2391.0,,,3861.0,,,3000.0,,6768.0,3912.0,,2250.0,,4000.0,2250.0,,,,213500.0,,,,6000.0,,6000.0,1200.0,5625.0,4782.0,2000.0,8000.0,4104.0,,,,,,0,0,0,0,0,0,0,0,0,0,0,0,0,0,0,0,0,0,0,0,0,0,0,0,0,0,0,0,0,0,0,0,0,0,0
,,,,,,163,2026-02-12 13:15:23.858964,WNTR,27.03,27.03,27.04,91300.0,3000.0,,750.0,,3000.0,,6008.0,7000.0,4000.0,900.0,,,,,,1100.0,,,,,,,,,886200.0,,,,,,,,,,6500.0,5100.0,,35000.0,750.0,5000.0,6000.0,6000.0,0,0,0,0,0,0,0,0,0,0,0,0,0,0,0,0,0,0,0,0,0,0,0,0,0,0,0,0,0,0,0,0,0,0,0
2.0,1.0,1.0,,Aggregate Position Limit,Your CRO has set the aggregate position limit to 10000 shares for this week.,164,2026-02-12 13:15:24.897005,SPNG,23.31,23.18,23.21,2000.0,3500.0,7900.0,10000.0,1100.0,2020.0,7688.0,6000.0,2020.0,422.0,335700.0,2783.0,6000.0,24000.0,2150.0,2179.0,3000.0,,,,,,,,,,,,,,,,,,,,,,,,,0,0,0,0,0,0,0,0,0,0,0,0,0,0,0,0,0,0,0,0,0,0,0,0,0,0,0,0,0,0,0,0,0,0,0,0,0
1.0,1.0,1.0,,Welcome to the RITC 2026 Alogithmic Market Making Case - practice server,,164,2026-02-12 13:15:24.897005,SMMR,26.8,26.78,26.79,4000.0,3500.0,8000.0,,4492.0,2792.0,,,,,213200.0,,,,,,,3111.0,107100.0,708.0,660.0,3500.0,4800.0,1132.0,6805.0,5369.0,,,,,,,,,,,,,,,,0,0,0,0,0,0,0,0,0,0,0,0,0,0,0,0,0,0,0,0,0,0,0,0,0,0,0,0,0,0,0,0,0,0,0,0,0
,,,,,,164,2026-02-12 13:15:24.897005,ATMN,22.93,22.93,22.94,,3500.0,1600.0,,1736.0,2176.0,,,2176.0,5625.0,117200.0,5625.0,,,2000.0,6000.0,4500.0,3000.0,434500.0,3098.0,,,414.0,,,6000.0,2250.0,4500.0,906.0,6000.0,6000.0,6000.0,4548.0,929.0,4000.0,4500.0,4000.0,,,,,0,0,0,0,0,0,0,0,0,0,0,0,0,0,0,0,0,0,0,0,0,0,0,0,0,0,0,0,0,0,0,0,0,0,0,0,0
,,,,,,164,2026-02-12 13:15:24.897005,WNTR,27.03,27.03,27.04,,3500.0,900.0,,1736.0,3004.0,,,,,529000.0,,,,2000.0,6000.0,,6305.0,,708.0,2121.0,3500.0,3200.0,,,,750.0,,,6000.0,,,,,4000.0,,,35000.0,6000.0,5000.0,6000.0,0,0,0,0,0,0,0,0,0,0,0,0,0,0,0,0,0,0,0,0,0,0,0,0,0,0,0,0,0,0,0,0,0,0,0,0,0
2.0,1.0,1.0,,Aggregate Position Limit,Your CRO has set the aggregate position limit to 10000 shares for this week.,165,2026-02-12 13:15:25.927570,SPNG,23.2,23.19,23.2,1750.0,3300.0,2916.0,10000.0,12000.0,3500.0,4150.0,1600.0,7688.0,3000.0,2625.0,3500.0,1953.0,600.0,5625.0,3000.0,120500.0,1392.0,211.0,15000.0,8179.0,1200.0,4150.0,,,,,,,,,,,,,,,,,,,,,,,0,0,0,0,0,0,0,0,0,0,0,0,0,0,0,0,0,0,0,0,0,0,0,0,0,0,0,0,0,0,0,0,0
1.0,1.0,1.0,,Welcome to the RITC 2026 Alogithmic Market Making Case - practice server,,165,2026-02-12 13:15:25.927570,SMMR,26.79,26.77,26.79,,3616.0,,,,3500.0,6376.0,,,,,,625.0,768.0,,,213200.0,,,,3000.0,,6376.0,2000.0,389800.0,13103.0,625.0,6000.0,5500.0,5900.0,3416.0,6000.0,550.0,7008.0,1164.0,1326.0,,,,,,,,,,0,0,0,0,0,0,0,0,0,0,0,0,0,0,0,0,0,0,0,0,0,0,0,0,0,0,0,0,0,0,0,0,0
,,,,,,165,2026-02-12 13:15:25.927570,ATMN,22.98,22.95,22.98,2000.0,1100.0,10447.0,,,,5724.0,7200.0,,,,3500.0,,,,4500.0,222900.0,,5625.0,,5179.0,,5724.0,,115100.0,,,,,2052.0,,,,6600.0,,,6710.0,2000.0,6000.0,2000.0,,,,,,0,0,0,0,0,0,0,0,0,0,0,0,0,0,0,0,0,0,0,0,0,0,0,0,0,0,0,0,0,0,0,0,0
,,,,,,165,2026-02-12 13:15:25.927570,WNTR,27.06,27.04,27.06,,3936.0,6222.0,,,3500.0,3313.0,1600.0,,,,3500.0,,,,,859500.0,,,,3000.0,2500.0,3313.0,,82000.0,,,,,,,,2254.0,,,,8000.0,,6000.0,,10000.0,24026.0,6000.0,1158.0,12000.0,0,0,0,0,0,0,0,0,0,0,0,0,0,0,0,0,0,0,0,0,0,0,0,0,0,0,0,0,0,0,0,0,0
2.0,1.0,1.0,,Aggregate Position Limit,Your CRO has set the aggregate position limit to 10000 shares for this week.,166,2026-02-12 13:15:26.966677,SPNG,23.29,23.26,23.29,4000.0,10000.0,2916.0,1343.0,3000.0,25000.0,4400.0,2722.0,10000.0,6000.0,1600.0,122000.0,2000.0,53.0,6400.0,3000.0,3500.0,12000.0,5000.0,5156.0,1343.0,3000.0,6000.0,,,,,,,,,,,,,,,,,,,,,,,,,,,,0,0,0,0,0,0,0,0,0,0,0,0,0,0,0,0,0,0,0,0,0,0,0,0,0,0,0,0
1.0,1.0,1.0,,Welcome to the RITC 2026 Alogithmic Market Making Case - practice server,,166,2026-02-12 13:15:26.966677,SMMR,26.77,26.77,26.78,,,583.0,,3000.0,,5983.0,2722.0,,,,108300.0,,,,,3500.0,,,,1657.0,,,3868.0,3500.0,541100.0,2058.0,900.0,1400.0,750.0,8000.0,8000.0,1855.0,6000.0,2703.0,,,,,,,,,,,,,,,,0,0,0,0,0,0,0,0,0,0,0,0,0,0,0,0,0,0,0,0,0,0,0,0,0,0,0,0
,,,,,,166,2026-02-12 13:15:26.966677,ATMN,22.95,22.88,22.95,,4000.0,,,,,2836.0,,6000.0,4000.0,,214000.0,,5625.0,1200.0,,3500.0,,,,1826.0,4500.0,,2000.0,,214800.0,,688.0,,,1800.0,,,,1836.0,4219.0,6000.0,4500.0,6000.0,4000.0,6000.0,1750.0,929.0,6000.0,5625.0,1400.0,,,,,0,0,0,0,0,0,0,0,0,0,0,0,0,0,0,0,0,0,0,0,0,0,0,0,0,0,0,0
,,,,,,166,2026-02-12 13:15:26.966677,WNTR,27.0,26.92,26.94,,,,,3000.0,,,,6000.0,4000.0,,577200.0,,,5300.0,3000.0,3500.0,,,,2335.0,750.0,6000.0,,,881400.0,,,,,,,,,,,,,5244.0,4150.0,6000.0,,,,,,10000.0,5974.0,1471.0,6000.0,0,0,0,0,0,0,0,0,0,0,0,0,0,0,0,0,0,0,0,0,0,0,0,0,0,0,0,0
2.0,1.0,1.0,,Aggregate Position Limit,Your CRO has set the aggregate position limit to 10000 shares for this week.,167,2026-02-12 13:15:27.982595,SPNG,23.47,23.27,23.37,3000.0,3200.0,5974.0,2000.0,5250.0,2904.0,1600.0,3500.0,5000.0,6000.0,4000.0,111900.0,5900.0,2000.0,5000.0,542500.0,3500.0,600.0,6000.0,2950.0,2780.0,3000.0,6000.0,3000.0,,,,,,,,,,,,,,,,,,,,,,0,0,0,0,0,0,0,0,0,0,0,0,0,0,0,0,0,0,0,0,0,0,0,0,0,0,0,0,0,0,0,0,0
1.0,1.0,1.0,,Welcome to the RITC 2026 Alogithmic Market Making Case - practice server,,167,2026-02-12 13:15:27.982595,SMMR,26.81,26.76,26.81,6000.0,,2058.0,,,3916.0,600.0,3500.0,,,,658800.0,,,,284800.0,,,,,,,,,1841.0,900.0,3128.0,750.0,625.0,12508.0,198.0,3916.0,900.0,1034.0,936.0,,,,,,,,,,,0,0,0,0,0,0,0,0,0,0,0,0,0,0,0,0,0,0,0,0,0,0,0,0,0,0,0,0,0,0,0,0,0
,,,,,,167,2026-02-12 13:15:27.982595,ATMN,22.83,22.91,22.93,6000.0,4000.0,,,2250.0,4298.0,2253.0,3500.0,,,4000.0,113100.0,6618.0,,,,3500.0,1600.0,,1900.0,,,,3000.0,1510.0,,1100.0,,1750.0,,3670.0,4298.0,,1000.0,,4000.0,494.0,6000.0,2527.0,5625.0,1406.0,6000.0,,,,0,0,0,0,0,0,0,0,0,0,0,0,0,0,0,0,0,0,0,0,0,0,0,0,0,0,0,0,0,0,0,0,0
,,,,,,167,2026-02-12 13:15:27.982595,WNTR,27.0,26.97,26.99,3000.0,2500.0,5900.0,6000.0,,4988.0,2400.0,,,,,485900.0,6596.0,6000.0,,205400.0,3500.0,314.0,,,,750.0,,,2527.0,,1100.0,,583.0,1100.0,,,,,,,,,1361.0,,,,583.0,15974.0,6000.0,0,0,0,0,0,0,0,0,0,0,0,0,0,0,0,0,0,0,0,0,0,0,0,0,0,0,0,0,0,0,0,0,0
2.0,1.0,1.0,,Aggregate Position Limit,Your CRO has set the aggregate position limit to 10000 shares for this week.,168,2026-02-12 13:15:28.998388,SPNG,23.35,23.34,23.35,3000.0,1453.0,2850.0,915.0,5250.0,111900.0,5625.0,10000.0,3448.0,5625.0,3871.0,6000.0,4000.0,2250.0,5900.0,2000.0,30000.0,3000.0,5250.0,223400.0,900.0,5416.0,3500.0,3000.0,,,,,,,,,,,,,,,,,,,,,,,,,,0,0,0,0,0,0,0,0,0,0,0,0,0,0,0,0,0,0,0,0,0,0,0,0,0,0,0,0,0
1.0,1.0,1.0,,Welcome to the RITC 2026 Alogithmic Market Making Case - practice server,,168,2026-02-12 13:15:28.998388,SMMR,26.77,26.78,26.79,12000.0,,,,,349400.0,,,3128.0,,,,,,,,,,,505000.0,3200.0,,,,750.0,3500.0,900.0,1733.0,1234.0,541.0,3000.0,2000.0,1960.0,7526.0,2000.0,,,,,,,,,,,,,,,0,0,0,0,0,0,0,0,0,0,0,0,0,0,0,0,0,0,0,0,0,0,0,0,0,0,0,0,0
,,,,,,168,2026-02-12 13:15:28.998388,ATMN,22.95,22.95,22.96,9000.0,2153.0,,,2250.0,,,,3300.0,1403.0,,,,,410.0,,,,,,4000.0,1625.0,,6000.0,2250.0,3500.0,4795.0,,,1625.0,,1835.0,2153.0,,1200.0,4000.0,5625.0,5625.0,1758.0,1400.0,6000.0,4000.0,4000.0,,,,,,,0,0,0,0,0,0,0,0,0,0,0,0,0,0,0,0,0,0,0,0,0,0,0,0,0,0,0,0,0
,,,,,,168,2026-02-12 13:15:28.998388,WNTR,26.99,26.99,27.06,6000.0,2497.0,,,,85900.0,,,2200.0,,,,,,5900.0,4000.0,,,,464800.0,300.0,,3500.0,,,3500.0,800.0,1250.0,8409.0,1665.0,,,,,3300.0,,,,,,6000.0,4000.0,4000.0,2000.0,15000.0,817.0,908.0,6000.0,6000.0,0,0,0,0,0,0,0,0,0,0,0,0,0,0,0,0,0,0,0,0,0,0,0,0,0,0,0,0,0
2.0,1.0,1.0,,Aggregate Position Limit,Your CRO has set the aggregate position limit to 10000 shares for this week.,169,2026-02-12 13:15:30.014794,SPNG,23.3,23.3,23.32,1000.0,6504.0,3500.0,3000.0,1600.0,1100.0,10000.0,6000.0,2475.0,2625.0,3000.0,8000.0,12000.0,2250.0,330200.0,1028.0,3000.0,6000.0,2475.0,30000.0,5900.0,3000.0,2625.0,8077.0,,,,,,,,,,,,,,,,,,,,,,,,,0,0,0,0,0,0,0,0,0,0,0,0,0,0,0,0,0,0,0,0,0,0,0,0,0,0,0,0,0,0
1.0,1.0,1.0,,Welcome to the RITC 2026 Alogithmic Market Making Case - practice server,,169,2026-02-12 13:15:30.014794,SMMR,26.74,26.73,26.74,,,,12000.0,,5983.0,,,,,750.0,,,,550300.0,1590.0,6000.0,6000.0,2573.0,,,,,,897200.0,1200.0,3500.0,1400.0,801.0,936.0,3300.0,,,,,,,,,,,,,,,,,,0,0,0,0,0,0,0,0,0,0,0,0,0,0,0,0,0,0,0,0,0,0,0,0,0,0,0,0,0,0
,,,,,,169,2026-02-12 13:15:30.014794,ATMN,22.83,22.89,22.94,,,,6000.0,,,,,2818.0,2250.0,,4000.0,6000.0,,121800.0,1600.0,12000.0,,2818.0,,410.0,,,,330800.0,4000.0,3500.0,,1355.0,,,824.0,1400.0,12000.0,4000.0,6000.0,2810.0,5625.0,1200.0,5625.0,4000.0,6000.0,,,,,,,0,0,0,0,0,0,0,0,0,0,0,0,0,0,0,0,0,0,0,0,0,0,0,0,0,0,0,0,0,0
,,,,,,169,2026-02-12 13:15:30.014794,WNTR,27.0,27.0,27.03,,,3500.0,,,2200.0,,6000.0,3656.0,,,6000.0,,,,491.0,3000.0,6000.0,3656.0,,6517.0,750.0,,,812200.0,3100.0,,,,,,,,,4000.0,6000.0,,,,,,,1340.0,15000.0,10000.0,1276.0,4000.0,10000.0,0,0,0,0,0,0,0,0,0,0,0,0,0,0,0,0,0,0,0,0,0,0,0,0,0,0,0,0,0,0
2.0,1.0,1.0,,Aggregate Position Limit,Your CRO has set the aggregate position limit to 10000 shares for this week.,170,2026-02-12 13:15:31.036166,SPNG,23.34,23.24,23.32,3500.0,915.0,6618.0,4198.0,1600.0,5000.0,567.0,5625.0,6000.0,3000.0,115200.0,6750.0,2000.0,4926.0,2099.0,30000.0,4000.0,6000.0,1100.0,5900.0,3000.0,2625.0,13224.0,125500.0,,,,,,,,,,,,,,,,,,,,0,0,0,0,0,0,0,0,0,0,0,0,0,0,0,0,0,0,0,0,0,0,0,0,0,0,0,0,0,0,0,0,0,0,0
1.0,1.0,1.0,,Welcome to the RITC 2026 Alogithmic Market Making Case - practice server,,170,2026-02-12 13:15:31.036166,SMMR,26.72,26.72,26.74,3500.0,,12000.0,,884.0,,,,,750.0,561000.0,,,6000.0,4332.0,,,,3300.0,,,,,468100.0,4228.0,6000.0,1600.0,3500.0,500.0,6000.0,4938.0,,,,,,,,,,,,,0,0,0,0,0,0,0,0,0,0,0,0,0,0,0,0,0,0,0,0,0,0,0,0,0,0,0,0,0,0,0,0,0,0,0
,,,,,,170,2026-02-12 13:15:31.036166,ATMN,22.87,22.85,22.9,,,5736.0,4216.0,2070.0,,,,6000.0,,429900.0,,5850.0,,4216.0,,,,,6253.0,,2250.0,,121800.0,,,800.0,3500.0,1250.0,6000.0,753.0,5900.0,2000.0,4000.0,2373.0,,,,,,,,,0,0,0,0,0,0,0,0,0,0,0,0,0,0,0,0,0,0,0,0,0,0,0,0,0,0,0,0,0,0,0,0,0,0,0
,,,,,,170,2026-02-12 13:15:31.036166,WNTR,27.12,27.0,27.01,3500.0,,3000.0,2682.0,1600.0,,,,6000.0,,226500.0,,700.0,,,,4000.0,6000.0,1100.0,,,,,669200.0,3300.0,220.0,,,,3000.0,,,4500.0,,,15000.0,6000.0,1400.0,153.0,5000.0,1400.0,6000.0,6000.0,0,0,0,0,0,0,0,0,0,0,0,0,0,0,0,0,0,0,0,0,0,0,0,0,0,0,0,0,0,0,0,0,0,0,0
2.0,1.0,1.0,,Aggregate Position Limit,Your CRO has set the aggregate position limit to 10000 shares for this week.,171,2026-02-12 13:15:32.069107,SPNG,23.25,23.23,23.25,5900.0,1987.0,3606.0,5625.0,251000.0,17250.0,2780.0,5625.0,4567.0,4000.0,1100.0,3500.0,5900.0,7793.0,4800.0,1987.0,2812.0,6000.0,1074.0,2625.0,3000.0,,,,,,,,,,,,,,,,,,,,,,,,,,,0,0,0,0,0,0,0,0,0,0,0,0,0,0,0,0,0,0,0,0,0,0,0,0,0,0,0,0,0,0,0
1.0,1.0,1.0,,Welcome to the RITC 2026 Alogithmic Market Making Case - practice server,,171,2026-02-12 13:15:32.069107,SMMR,26.71,26.69,26.71,,,,,547200.0,,,,,,3300.0,3500.0,,,1600.0,2087.0,,,,,750.0,4567.0,18000.0,3500.0,1061.0,1400.0,750.0,1200.0,12000.0,1164.0,380300.0,500.0,1034.0,923.0,,,,,,,,,,,,,,0,0,0,0,0,0,0,0,0,0,0,0,0,0,0,0,0,0,0,0,0,0,0,0,0,0,0,0,0,0,0
,,,,,,171,2026-02-12 13:15:32.069107,ATMN,23.1,22.81,23.1,5900.0,2187.0,966.0,565.0,353200.0,,,,5625.0,,3126.0,,,,,,5625.0,,,2250.0,,1100.0,8118.0,3500.0,,,2250.0,2000.0,,,1144600.0,,,,2000.0,1776.0,4000.0,6000.0,5625.0,6000.0,6000.0,750.0,,,,,,0,0,0,0,0,0,0,0,0,0,0,0,0,0,0,0,0,0,0,0,0,0,0,0,0,0,0,0,0,0,0
,,,,,,171,2026-02-12 13:15:32.069107,WNTR,27.1,27.09,27.1,,2305.0,8000.0,,104300.0,,,,,,,3500.0,,,3410.0,,,,,,,,,3500.0,63.0,,,,3000.0,,299200.0,,,,,,,,,6000.0,,2000.0,20000.0,811.0,1340.0,4000.0,6000.0,0,0,0,0,0,0,0,0,0,0,0,0,0,0,0,0,0,0,0,0,0,0,0,0,0,0,0,0,0,0,0
2.0,1.0,1.0,,Aggregate Position Limit,Your CRO has set the aggregate position limit to 10000 shares for this week.,173,2026-02-12 13:15:33.126190,SPNG,23.23,23.22,23.23,2400.0,3500.0,500.0,15000.0,1441.0,915.0,345.0,3000.0,5625.0,3000.0,121200.0,10500.0,2780.0,2813.0,3500.0,12414.0,4932.0,1441.0,2000.0,1100.0,2284.0,3000.0,1038.0,10000.0,2625.0,3000.0,5000.0,,,,,,,,,,,,,,,,,,,,,,0,0,0,0,0,0,0,0,0,0,0,0,0,0,0,0,0,0,0,0,0,0,0,0,0,0,0,0,0,0
1.0,1.0,1.0,,Welcome to the RITC 2026 Alogithmic Market Making Case - practice server,,173,2026-02-12 13:15:33.126190,SMMR,26.86,26.8,26.86,1600.0,3500.0,,,2120.0,,,18000.0,,750.0,166200.0,,,,,,,2120.0,3200.0,8626.0,,3000.0,,,,,,500.0,3912.0,917.0,1061.0,1300.0,695800.0,,,,,,,,,,,,,,,,0,0,0,0,0,0,0,0,0,0,0,0,0,0,0,0,0,0,0,0,0,0,0,0,0,0,0,0,0,0
,,,,,,173,2026-02-12 13:15:33.126190,ATMN,22.85,22.85,22.96,2892.0,3500.0,,,,,,,2813.0,4500.0,,,,,3500.0,,,3389.0,4150.0,2200.0,5625.0,3000.0,,,2250.0,2250.0,,798.0,1100.0,,5730.0,,444500.0,6752.0,6000.0,824.0,3095.0,5625.0,6000.0,,,,,,,,,,0,0,0,0,0,0,0,0,0,0,0,0,0,0,0,0,0,0,0,0,0,0,0,0,0,0,0,0,0,0
,,,,,,173,2026-02-12 13:15:33.126190,WNTR,27.09,27.09,27.1,1600.0,3500.0,,,1982.0,,,,,,104300.0,,,,3500.0,,,,2000.0,,,6000.0,682.0,,,,,,1100.0,,63.0,,489400.0,,,,,,,35000.0,3000.0,627.0,4000.0,6000.0,6000.0,21946.0,1389.0,4000.0,0,0,0,0,0,0,0,0,0,0,0,0,0,0,0,0,0,0,0,0,0,0,0,0,0,0,0,0,0,0
2.0,1.0,1.0,,Aggregate Position Limit,Your CRO has set the aggregate position limit to 10000 shares for this week.,174,2026-02-12 13:15:34.143728,SPNG,23.22,23.22,23.23,15000.0,15000.0,781.0,1600.0,3500.0,500.0,5625.0,5625.0,5625.0,1850.0,650.0,6000.0,121200.0,4000.0,3429.0,13542.0,3565.0,3026.0,3500.0,2328.0,1850.0,2200.0,6000.0,3954.0,5250.0,3000.0,,,,,,,,,,,,,,,,,0,0,0,0,0,0,0,0,0,0,0,0,0,0,0,0,0,0,0,0,0,0,0,0,0,0,0,0,0,0,0,0,0,0,0,0
1.0,1.0,1.0,,Welcome to the RITC 2026 Alogithmic Market Making Case - practice server,,174,2026-02-12 13:15:34.143728,SMMR,26.78,26.75,26.77,,,,,3500.0,,,,,2477.0,,,1181200.0,,,,,,3500.0,1600.0,2477.0,4226.0,,,,750.0,3000.0,3955.0,1200.0,702500.0,1536.0,3300.0,,,,,,,,,,,0,0,0,0,0,0,0,0,0,0,0,0,0,0,0,0,0,0,0,0,0,0,0,0,0,0,0,0,0,0,0,0,0,0,0,0
,,,,,,174,2026-02-12 13:15:34.143728,ATMN,22.97,22.97,22.99,,,,800.0,,,5625.0,823.0,5625.0,2198.0,,4500.0,92100.0,,5625.0,,,4218.0,3500.0,1434.0,2198.0,1100.0,,5342.0,4500.0,,3000.0,2200.0,,690400.0,,2000.0,4000.0,13579.0,4500.0,4000.0,,,,,,,0,0,0,0,0,0,0,0,0,0,0,0,0,0,0,0,0,0,0,0,0,0,0,0,0,0,0,0,0,0,0,0,0,0,0,0
,,,,,,174,2026-02-12 13:15:34.143728,WNTR,26.96,26.96,26.98,,,,,3500.0,,,,,2646.0,,,715000.0,4000.0,,,,,3500.0,501.0,2646.0,,3000.0,,,750.0,3000.0,2200.0,3100.0,310500.0,1389.0,1300.0,,,,,1047.0,6000.0,4000.0,35000.0,627.0,4750.0,0,0,0,0,0,0,0,0,0,0,0,0,0,0,0,0,0,0,0,0,0,0,0,0,0,0,0,0,0,0,0,0,0,0,0,0
2.0,1.0,1.0,,Aggregate Position Limit,Your CRO has set the aggregate position limit to 10000 shares for this week.,175,2026-02-12 13:15:35.171691,SPNG,23.25,23.22,23.25,10000.0,5000.0,2400.0,3500.0,1574.0,5625.0,9000.0,6000.0,5625.0,2625.0,5625.0,636.0,121200.0,1788.0,3300.0,3500.0,1788.0,9000.0,3954.0,7875.0,6000.0,4000.0,15000.0,3000.0,5297.0,,,,,,,,,,,,,,,,,,,,0,0,0,0,0,0,0,0,0,0,0,0,0,0,0,0,0,0,0,0,0,0,0,0,0,0,0,0,0,0,0,0,0,0
1.0,1.0,1.0,,Welcome to the RITC 2026 Alogithmic Market Making Case - practice server,,175,2026-02-12 13:15:35.171691,SMMR,26.74,26.74,26.76,,,3808.0,3500.0,6000.0,,750.0,6000.0,,,,,173000.0,,5326.0,,2164.0,6000.0,,,6000.0,,,750.0,,6039.0,849.0,917.0,1536.0,610000.0,2500.0,,,,,,,,,,,,,,0,0,0,0,0,0,0,0,0,0,0,0,0,0,0,0,0,0,0,0,0,0,0,0,0,0,0,0,0,0,0,0,0,0
,,,,,,175,2026-02-12 13:15:35.171691,ATMN,22.96,22.95,22.96,,,1286.0,3500.0,6000.0,5625.0,,3000.0,,2250.0,5625.0,,336500.0,2271.0,2200.0,3500.0,2271.0,3000.0,2671.0,6750.0,,,,,,,3582.0,,,324900.0,2000.0,1100.0,6000.0,631.0,6000.0,2000.0,1000.0,4218.0,1600.0,5625.0,,,,,0,0,0,0,0,0,0,0,0,0,0,0,0,0,0,0,0,0,0,0,0,0,0,0,0,0,0,0,0,0,0,0,0,0
,,,,,,175,2026-02-12 13:15:35.171691,WNTR,26.96,26.93,26.96,,,,,,,,6000.0,,,,,1181700.0,,,3500.0,2507.0,6000.0,,,6000.0,,,750.0,,,,,,277900.0,,2200.0,,,,3350.0,1000.0,,1600.0,,4000.0,56.0,15000.0,4000.0,0,0,0,0,0,0,0,0,0,0,0,0,0,0,0,0,0,0,0,0,0,0,0,0,0,0,0,0,0,0,0,0,0,0
2.0,1.0,1.0,,Aggregate Position Limit,Your CRO has set the aggregate position limit to 10000 shares for this week.,176,2026-02-12 13:15:36.204434,SPNG,23.24,23.22,23.24,4643.0,5000.0,1600.0,3500.0,12000.0,12000.0,5625.0,5250.0,5625.0,121200.0,4000.0,2780.0,15000.0,780.0,5519.0,3500.0,12000.0,7875.0,4000.0,6000.0,,,,,,,,,,,,,,0,0,0,0,0,0,0,0,0,0,0,0,0,0,0,0,0,0,0,0,0,0,0,0,0,0,0,0,0,0,0,0,0,0,0,0,0,0,0,0,0,0,0,0,0
1.0,1.0,1.0,,Welcome to the RITC 2026 Alogithmic Market Making Case - practice server,,176,2026-02-12 13:15:36.204434,SMMR,26.78,26.78,26.8,,,784.0,,12000.0,,,,,662200.0,,,,800.0,6445.0,,9000.0,,,750.0,5074.0,1141.0,195.0,1800.0,779800.0,,,,,,,,,0,0,0,0,0,0,0,0,0,0,0,0,0,0,0,0,0,0,0,0,0,0,0,0,0,0,0,0,0,0,0,0,0,0,0,0,0,0,0,0,0,0,0,0,0
,,,,,,176,2026-02-12 13:15:36.204434,ATMN,22.84,22.82,22.83,,,900.0,3500.0,,,2974.0,2250.0,5625.0,1395700.0,,,,,4419.0,3500.0,6000.0,9000.0,,2250.0,2200.0,,,,437000.0,1169.0,4922.0,5625.0,6000.0,,,,,0,0,0,0,0,0,0,0,0,0,0,0,0,0,0,0,0,0,0,0,0,0,0,0,0,0,0,0,0,0,0,0,0,0,0,0,0,0,0,0,0,0,0,0,0
,,,,,,176,2026-02-12 13:15:36.204434,WNTR,27.08,27.08,27.1,,,600.0,3500.0,9000.0,,,,,1177500.0,,,,,2200.0,,3000.0,,,,,,,,1265800.0,,,,,664.0,1000.0,15000.0,6000.0,0,0,0,0,0,0,0,0,0,0,0,0,0,0,0,0,0,0,0,0,0,0,0,0,0,0,0,0,0,0,0,0,0,0,0,0,0,0,0,0,0,0,0,0,0
2.0,1.0,1.0,,Aggregate Position Limit,Your CRO has set the aggregate position limit to 10000 shares for this week.,177,2026-02-12 13:15:37.227672,SPNG,23.32,23.32,23.33,99800.0,6000.0,5900.0,6000.0,30000.0,2400.0,3500.0,4643.0,200.0,503.0,3000.0,6000.0,5250.0,855900.0,6000.0,15000.0,8340.0,,,,,,,,,,,,,,,0,0,0,0,0,0,0,0,0,0,0,0,0,0,0,0,0,0,0,0,0,0,0,0,0,0,0,0,0,0,0,0,0,0,0,0,0,0,0,0,0,0,0,0,0,0,0
1.0,1.0,1.0,,Welcome to the RITC 2026 Alogithmic Market Making Case - practice server,,177,2026-02-12 13:15:37.227672,SMMR,26.86,26.86,26.87,372400.0,,195.0,,,1524.0,3500.0,,,640.0,12000.0,15000.0,,1259000.0,,,,750.0,3423.0,729.0,1000.0,,,,,,,,,,,0,0,0,0,0,0,0,0,0,0,0,0,0,0,0,0,0,0,0,0,0,0,0,0,0,0,0,0,0,0,0,0,0,0,0,0,0,0,0,0,0,0,0,0,0,0,0
,,,,,,177,2026-02-12 13:15:37.227672,ATMN,23.03,23.01,23.03,1148800.0,2000.0,,,,2400.0,3500.0,,,,3000.0,6000.0,4500.0,1221800.0,,,,,,,,1000.0,10000.0,6000.0,3000.0,1791.0,2000.0,,,,,0,0,0,0,0,0,0,0,0,0,0,0,0,0,0,0,0,0,0,0,0,0,0,0,0,0,0,0,0,0,0,0,0,0,0,0,0,0,0,0,0,0,0,0,0,0,0
,,,,,,177,2026-02-12 13:15:37.227672,WNTR,26.95,26.95,26.98,1168700.0,,5900.0,,,1450.0,,,,698.0,6000.0,9000.0,,568800.0,,,,750.0,,945.0,,,,,,,2000.0,1600.0,25000.0,3500.0,6000.0,0,0,0,0,0,0,0,0,0,0,0,0,0,0,0,0,0,0,0,0,0,0,0,0,0,0,0,0,0,0,0,0,0,0,0,0,0,0,0,0,0,0,0,0,0,0,0
2.0,1.0,1.0,,Aggregate Position Limit,Your CRO has set the aggregate position limit to 10000 shares for this week.,178,2026-02-12 13:15:38.249904,SPNG,23.32,23.32,23.34,99800.0,5300.0,120.0,3000.0,4000.0,6000.0,7200.0,5900.0,1086000.0,9000.0,15000.0,8340.0,3500.0,,,,,,,,,,,0,0,0,0,0,0,0,0,0,0,0,0,0,0,0,0,0,0,0,0,0,0,0,0,0,0,0,0,0,0,0,0,0,0,0,0,0,0,0,0,0,0,0,0,0,0,0,0,0,0,0,0,0,0,0
1.0,1.0,1.0,,Welcome to the RITC 2026 Alogithmic Market Making Case - practice server,,178,2026-02-12 13:15:38.249904,SMMR,26.78,26.78,26.86,837300.0,,,12000.0,,,1524.0,195.0,1426800.0,9000.0,,,,729.0,640.0,568.0,,,,,,,,0,0,0,0,0,0,0,0,0,0,0,0,0,0,0,0,0,0,0,0,0,0,0,0,0,0,0,0,0,0,0,0,0,0,0,0,0,0,0,0,0,0,0,0,0,0,0,0,0,0,0,0,0,0,0
,,,,,,178,2026-02-12 13:15:38.249904,ATMN,23.05,22.77,23.05,1704300.0,,,3000.0,,,,,1942600.0,9000.0,,,,,,,6000.0,3500.0,,,,,,0,0,0,0,0,0,0,0,0,0,0,0,0,0,0,0,0,0,0,0,0,0,0,0,0,0,0,0,0,0,0,0,0,0,0,0,0,0,0,0,0,0,0,0,0,0,0,0,0,0,0,0,0,0,0
,,,,,,178,2026-02-12 13:15:38.249904,WNTR,26.95,26.95,26.97,605900.0,,,9000.0,,,1450.0,1953.0,688800.0,15000.0,,,3500.0,,698.0,,,3500.0,20000.0,4000.0,5900.0,1000.0,15000.0,0,0,0,0,0,0,0,0,0,0,0,0,0,0,0,0,0,0,0,0,0,0,0,0,0,0,0,0,0,0,0,0,0,0,0,0,0,0,0,0,0,0,0,0,0,0,0,0,0,0,0,0,0,0,0
2.0,1.0,1.0,,Aggregate Position Limit,Your CRO has set the aggregate position limit to 10000 shares for this week.,179,2026-02-12 13:15:39.279467,SPNG,23.34,23.03,23.34,2780.0,2150400.0,1770200.0,8340.0,442.0,,,,,,,,0,0,0,0,0,0,0,0,0,0,0,0,0,0,0,0,0,0,0,0,0,0,0,0,0,0,0,0,0,0,0,0,0,0,0,0,0,0,0,0,0,0,0,0,0,0,0,0,0,0,0,0,0,0,0,0,0,0,0,0,0,0,0,0,0,0
1.0,1.0,1.0,,Welcome to the RITC 2026 Alogithmic Market Making Case - practice server,,179,2026-02-12 13:15:39.279467,SMMR,26.86,26.72,26.77,,1609400.0,1770500.0,,,729.0,640.0,,,,,,0,0,0,0,0,0,0,0,0,0,0,0,0,0,0,0,0,0,0,0,0,0,0,0,0,0,0,0,0,0,0,0,0,0,0,0,0,0,0,0,0,0,0,0,0,0,0,0,0,0,0,0,0,0,0,0,0,0,0,0,0,0,0,0,0,0
,,,,,,179,2026-02-12 13:15:39.279467,ATMN,22.85,22.85,22.96,,1069400.0,1912800.0,,,,,8000.0,587.0,1749.0,,,0,0,0,0,0,0,0,0,0,0,0,0,0,0,0,0,0,0,0,0,0,0,0,0,0,0,0,0,0,0,0,0,0,0,0,0,0,0,0,0,0,0,0,0,0,0,0,0,0,0,0,0,0,0,0,0,0,0,0,0,0,0,0,0,0,0
,,,,,,179,2026-02-12 13:15:39.279467,WNTR,26.84,26.84,27.02,,1865100.0,1052400.0,,,,,,,6400.0,1000.0,1000.0,0,0,0,0,0,0,0,0,0,0,0,0,0,0,0,0,0,0,0,0,0,0,0,0,0,0,0,0,0,0,0,0,0,0,0,0,0,0,0,0,0,0,0,0,0,0,0,0,0,0,0,0,0,0,0,0,0,0,0,0,0,0,0,0,0,0
2.0,1.0,1.0,,Aggregate Position Limit,Your CRO has set the aggregate position limit to 10000 shares for this week.,180,2026-02-12 13:15:40.419883,SPNG,27.08,24.31,25.81,869600.0,1600.0,559.0,732500.0,,,,0,0,0,0,0,0,0,0,0,0,0,0,0,0,0,0,0,0,0,0,0,0,0,0,0,0,0,0,0,0,0,0,0,0,0,0,0,0,0,0,0,0,0,0,0,0,0,0,0,0,0,0,0,0,0,0,0,0,0,0,0,0,0,0,0,0,0,0,0,0,0
1.0,1.0,1.0,,Welcome to the RITC 2026 Alogithmic Market Making Case - practice server,,180,2026-02-12 13:15:40.419883,SMMR,26.72,26.75,26.76,803700.0,4536.0,,723300.0,1000.0,6400.0,,0,0,0,0,0,0,0,0,0,0,0,0,0,0,0,0,0,0,0,0,0,0,0,0,0,0,0,0,0,0,0,0,0,0,0,0,0,0,0,0,0,0,0,0,0,0,0,0,0,0,0,0,0,0,0,0,0,0,0,0,0,0,0,0,0,0,0,0,0,0,0
,,,,,,180,2026-02-12 13:15:40.419883,ATMN,23.1,24.07,0.0,200000.0,1600.0,,,,,,0,0,0,0,0,0,0,0,0,0,0,0,0,0,0,0,0,0,0,0,0,0,0,0,0,0,0,0,0,0,0,0,0,0,0,0,0,0,0,0,0,0,0,0,0,0,0,0,0,0,0,0,0,0,0,0,0,0,0,0,0,0,0,0,0,0,0,0,0,0,0
,,,,,,180,2026-02-12 13:15:40.419883,WNTR,26.96,23.99,27.07,200000.0,,,,,1782.0,1000.0,0,0,0,0,0,0,0,0,0,0,0,0,0,0,0,0,0,0,0,0,0,0,0,0,0,0,0,0,0,0,0,0,0,0,0,0,0,0,0,0,0,0,0,0,0,0,0,0,0,0,0,0,0,0,0,0,0,0,0,0,0,0,0,0,0,0,0,0,0,0,0
2.0,1.0,1.0,,Aggregate Position Limit,Your CRO has set the aggregate position limit to 10000 shares for this week.,181,2026-02-12 13:15:41.466339,SPNG,24.31,24.42,24.56,9000.0,3000.0,1021600.0,273.0,6000.0,4000.0,1600.0,6000.0,3000.0,1026500.0,273.0,10000.0,4000.0,,,,,,,,0,0,0,0,0,0,0,0,0,0,0,0,0,0,0,0,0,0,0,0,0,0,0,0,0,0,0,0,0,0,0,0,0,0,0,0,0,0,0,0,0,0,0,0,0,0,0,0,0,0,0,0,0,0,0,0,0,0
1.0,1.0,1.0,,Welcome to the RITC 2026 Alogithmic Market Making Case - practice server,,181,2026-02-12 13:15:41.466339,SMMR,26.67,26.33,26.67,,3000.0,813400.0,1216.0,,,,,,1008500.0,1216.0,,,6400.0,,,,,,,0,0,0,0,0,0,0,0,0,0,0,0,0,0,0,0,0,0,0,0,0,0,0,0,0,0,0,0,0,0,0,0,0,0,0,0,0,0,0,0,0,0,0,0,0,0,0,0,0,0,0,0,0,0,0,0,0,0
,,,,,,181,2026-02-12 13:15:41.466339,ATMN,24.1,24.1,24.13,,,962000.0,616.0,,,1600.0,,,1009900.0,616.0,,,,6000.0,6000.0,4000.0,6000.0,,,0,0,0,0,0,0,0,0,0,0,0,0,0,0,0,0,0,0,0,0,0,0,0,0,0,0,0,0,0,0,0,0,0,0,0,0,0,0,0,0,0,0,0,0,0,0,0,0,0,0,0,0,0,0,0,0,0,0
,,,,,,181,2026-02-12 13:15:41.466339,WNTR,23.99,23.99,24.32,,,902100.0,1062.0,,,,,,974600.0,1062.0,,4000.0,1782.0,,,,,2000.0,6000.0,0,0,0,0,0,0,0,0,0,0,0,0,0,0,0,0,0,0,0,0,0,0,0,0,0,0,0,0,0,0,0,0,0,0,0,0,0,0,0,0,0,0,0,0,0,0,0,0,0,0,0,0,0,0,0,0,0,0
2.0,1.0,1.0,,Aggregate Position Limit,Your CRO has set the aggregate position limit to 10000 shares for this week.,182,2026-02-12 13:15:42.485607,SPNG,24.31,24.43,24.56,3500.0,9000.0,3000.0,1021600.0,6000.0,4000.0,6000.0,4000.0,1600.0,6000.0,115.0,696100.0,3500.0,3000.0,25000.0,6000.0,4000.0,6000.0,,,,,,,,,,,0,0,0,0,0,0,0,0,0,0,0,0,0,0,0,0,0,0,0,0,0,0,0,0,0,0,0,0,0,0,0,0,0,0,0,0,0,0,0,0,0,0,0,0,0,0,0,0,0,0
1.0,1.0,1.0,,Welcome to the RITC 2026 Alogithmic Market Making Case - practice server,,182,2026-02-12 13:15:42.485607,SMMR,26.32,26.32,26.39,,,,813400.0,,,,,,,513.0,665000.0,3500.0,,,,,,611.0,1076.0,1176.0,1198.0,1416.0,6400.0,,,,,0,0,0,0,0,0,0,0,0,0,0,0,0,0,0,0,0,0,0,0,0,0,0,0,0,0,0,0,0,0,0,0,0,0,0,0,0,0,0,0,0,0,0,0,0,0,0,0,0,0
,,,,,,182,2026-02-12 13:15:42.485607,ATMN,24.07,24.07,24.13,3500.0,,,980200.0,,,,,1600.0,,616.0,1009900.0,3500.0,3000.0,,6000.0,4000.0,6000.0,,,,,,,2000.0,4000.0,2000.0,,0,0,0,0,0,0,0,0,0,0,0,0,0,0,0,0,0,0,0,0,0,0,0,0,0,0,0,0,0,0,0,0,0,0,0,0,0,0,0,0,0,0,0,0,0,0,0,0,0,0
,,,,,,182,2026-02-12 13:15:42.485607,WNTR,23.99,24.0,24.08,3500.0,,,895300.0,,,6000.0,4000.0,,,1062.0,1084400.0,3500.0,,,,4000.0,,,,,,,1782.0,6000.0,4000.0,6000.0,1062.0,0,0,0,0,0,0,0,0,0,0,0,0,0,0,0,0,0,0,0,0,0,0,0,0,0,0,0,0,0,0,0,0,0,0,0,0,0,0,0,0,0,0,0,0,0,0,0,0,0,0
2.0,1.0,1.0,,Aggregate Position Limit,Your CRO has set the aggregate position limit to 10000 shares for this week.,183,2026-02-12 13:15:43.503383,SPNG,24.31,24.34,24.46,3000.0,341700.0,3000.0,3674.0,5950.0,1750.0,3000.0,6000.0,4000.0,1828.0,287.0,6000.0,5950.0,3000.0,5900.0,12000.0,3674.0,394300.0,4000.0,6000.0,,,,,,,,,,,,,,0,0,0,0,0,0,0,0,0,0,0,0,0,0,0,0,0,0,0,0,0,0,0,0,0,0,0,0,0,0,0,0,0,0,0,0,0,0,0,0,0,0,0,0,0
1.0,1.0,1.0,,Welcome to the RITC 2026 Alogithmic Market Making Case - practice server,,183,2026-02-12 13:15:43.503383,SMMR,26.34,26.34,26.36,,380700.0,9000.0,3674.0,3950.0,1750.0,6000.0,,,,,,5500.0,3000.0,5900.0,,3674.0,542100.0,,,5900.0,1800.0,3500.0,766.0,2000.0,6000.0,1600.0,,,,,,,0,0,0,0,0,0,0,0,0,0,0,0,0,0,0,0,0,0,0,0,0,0,0,0,0,0,0,0,0,0,0,0,0,0,0,0,0,0,0,0,0,0,0,0,0
,,,,,,183,2026-02-12 13:15:43.503383,ATMN,24.06,24.06,24.1,,825000.0,6000.0,,4650.0,2000.0,,,4000.0,,,,5500.0,3000.0,,,,423400.0,4000.0,6000.0,,2000.0,,,2000.0,3000.0,,1600.0,2000.0,235.0,4000.0,12000.0,,0,0,0,0,0,0,0,0,0,0,0,0,0,0,0,0,0,0,0,0,0,0,0,0,0,0,0,0,0,0,0,0,0,0,0,0,0,0,0,0,0,0,0,0,0
,,,,,,183,2026-02-12 13:15:43.503383,WNTR,23.83,23.83,23.91,,1011100.0,3000.0,,5950.0,2000.0,,,,,,,1800.0,3000.0,,,,845500.0,4000.0,6000.0,,,,,,6000.0,,,2000.0,,4000.0,6000.0,3500.0,0,0,0,0,0,0,0,0,0,0,0,0,0,0,0,0,0,0,0,0,0,0,0,0,0,0,0,0,0,0,0,0,0,0,0,0,0,0,0,0,0,0,0,0,0
2.0,1.0,1.0,,Aggregate Position Limit,Your CRO has set the aggregate position limit to 10000 shares for this week.,184,2026-02-12 13:15:44.522286,SPNG,24.31,24.39,24.4,3500.0,6000.0,221100.0,5625.0,9000.0,25000.0,3656.0,3200.0,4000.0,7000.0,9000.0,331.0,5625.0,2000.0,3500.0,3200.0,11250.0,1763.0,107400.0,3000.0,6000.0,,,,,,,,,,,,,,,,,,,,0,0,0,0,0,0,0,0,0,0,0,0,0,0,0,0,0,0,0,0,0,0,0,0,0,0,0,0,0,0,0,0,0,0,0,0,0,0
1.0,1.0,1.0,,Welcome to the RITC 2026 Alogithmic Market Making Case - practice server,,184,2026-02-12 13:15:44.522286,SMMR,26.2,26.2,26.24,,,389800.0,,6000.0,,,5950.0,,3500.0,6000.0,1278.0,,2000.0,3500.0,3200.0,,5437.0,434300.0,3000.0,,3500.0,1750.0,2250.0,2438.0,1120.0,2438.0,750.0,5900.0,,,,,,,,,,,,0,0,0,0,0,0,0,0,0,0,0,0,0,0,0,0,0,0,0,0,0,0,0,0,0,0,0,0,0,0,0,0,0,0,0,0,0,0
,,,,,,184,2026-02-12 13:15:44.522286,ATMN,24.13,24.01,24.13,,,343800.0,5625.0,3000.0,,,4550.0,4000.0,3500.0,3000.0,,5625.0,,,1200.0,3250.0,3674.0,656300.0,,,,4000.0,,2940.0,,2940.0,,,1425.0,2250.0,2250.0,6000.0,1600.0,6000.0,4000.0,12000.0,8000.0,,,0,0,0,0,0,0,0,0,0,0,0,0,0,0,0,0,0,0,0,0,0,0,0,0,0,0,0,0,0,0,0,0,0,0,0,0,0,0
,,,,,,184,2026-02-12 13:15:44.522286,WNTR,23.94,23.98,23.99,3500.0,,323900.0,,6000.0,,,4150.0,,,6000.0,1354.0,,,,2750.0,,,521600.0,,,3500.0,2000.0,,3780.0,,3780.0,,,,750.0,,,,6000.0,8000.0,12000.0,8000.0,25000.0,3674.0,0,0,0,0,0,0,0,0,0,0,0,0,0,0,0,0,0,0,0,0,0,0,0,0,0,0,0,0,0,0,0,0,0,0,0,0,0,0
2.0,1.0,1.0,,Aggregate Position Limit,Your CRO has set the aggregate position limit to 10000 shares for this week.,185,2026-02-12 13:15:45.545446,SPNG,24.23,24.23,24.38,436600.0,5625.0,3950.0,6000.0,1828.0,2520.0,1158.0,6000.0,4000.0,5625.0,331.0,1600.0,9450.0,3500.0,9000.0,25000.0,2520.0,331.0,1100.0,4130.0,2000.0,103600.0,,,,,,,,,,,,,,,,,,,,,,,,,,,,0,0,0,0,0,0,0,0,0,0,0,0,0,0,0,0,0,0,0,0,0,0,0,0,0,0,0,0,0
1.0,1.0,1.0,,Welcome to the RITC 2026 Alogithmic Market Making Case - practice server,,185,2026-02-12 13:15:45.545446,SMMR,26.2,26.16,26.2,389800.0,,5950.0,,,2438.0,,,,,,,7000.0,,9000.0,,2438.0,1396.0,2863.0,,2000.0,175200.0,7000.0,3500.0,900.0,3500.0,1500.0,1750.0,7920.0,750.0,6000.0,,,,,,,,,,,,,,,,,,,0,0,0,0,0,0,0,0,0,0,0,0,0,0,0,0,0,0,0,0,0,0,0,0,0,0,0,0,0
,,,,,,185,2026-02-12 13:15:45.545446,ATMN,24.16,23.87,24.08,941600.0,,4300.0,6000.0,,2940.0,,6000.0,4000.0,,,1600.0,,,,,,639.0,,,5100.0,93400.0,,,,,,,,,3000.0,4000.0,3250.0,5625.0,5625.0,816.0,654.0,4000.0,2250.0,6000.0,4000.0,2000.0,522.0,,,,,,,0,0,0,0,0,0,0,0,0,0,0,0,0,0,0,0,0,0,0,0,0,0,0,0,0,0,0,0,0
,,,,,,185,2026-02-12 13:15:45.545446,WNTR,24.15,24.09,24.15,224400.0,,1399.0,,,,,,,,1588.0,,,,,,7560.0,1588.0,,,2765.0,616200.0,7000.0,,,4000.0,,,,,,,,,,,,4000.0,,12000.0,8000.0,,,6500.0,30000.0,1763.0,6000.0,750.0,6000.0,0,0,0,0,0,0,0,0,0,0,0,0,0,0,0,0,0,0,0,0,0,0,0,0,0,0,0,0,0
2.0,1.0,1.0,,Aggregate Position Limit,Your CRO has set the aggregate position limit to 10000 shares for this week.,186,2026-02-12 13:15:46.560951,SPNG,24.27,24.27,24.28,6000.0,8995.0,2000.0,6000.0,3500.0,6000.0,319800.0,3000.0,5625.0,6000.0,5625.0,6000.0,306.0,3000.0,15000.0,3500.0,2000.0,2413.0,2000.0,6746.0,2812.0,15000.0,8680.0,1100.0,2000.0,,,,,,,,,,,,,,,,,,,,,,,,,,,,0,0,0,0,0,0,0,0,0,0,0,0,0,0,0,0,0,0,0,0,0,0,0,0,0,0
1.0,1.0,1.0,,Welcome to the RITC 2026 Alogithmic Market Making Case - practice server,,186,2026-02-12 13:15:46.560951,SMMR,25.92,25.92,25.94,5017.0,,2000.0,6000.0,3500.0,6000.0,489800.0,,,,,,,3000.0,,3500.0,2000.0,,8000.0,7000.0,,,10630.0,1100.0,,2000.0,1800.0,1120.0,1750.0,6000.0,1856.0,1856.0,750.0,279400.0,6000.0,,,,,,,,,,,,,,,,,,0,0,0,0,0,0,0,0,0,0,0,0,0,0,0,0,0,0,0,0,0,0,0,0,0,0
,,,,,,186,2026-02-12 13:15:46.560951,ATMN,24.29,24.29,24.31,,,,6000.0,3500.0,6000.0,107900.0,,,,5625.0,,526.0,,,,,,,,,,,,1900.0,4000.0,1200.0,,6775.0,6000.0,1469.0,1469.0,,1097600.0,,6500.0,2875.0,1138.0,4500.0,1005.0,5625.0,4000.0,,,,,,,,,,,0,0,0,0,0,0,0,0,0,0,0,0,0,0,0,0,0,0,0,0,0,0,0,0,0,0
,,,,,,186,2026-02-12 13:15:46.560951,WNTR,24.06,24.05,24.06,,,,,,9000.0,209900.0,750.0,,,,,,6000.0,,3500.0,4000.0,,,,,,6500.0,,,,840.0,,7000.0,,2878.0,,750.0,219100.0,,2610.0,,854.0,,,,,1100.0,20000.0,660.0,4000.0,4000.0,18500.0,6000.0,470.0,750.0,6000.0,0,0,0,0,0,0,0,0,0,0,0,0,0,0,0,0,0,0,0,0,0,0,0,0,0,0
2.0,1.0,1.0,,Aggregate Position Limit,Your CRO has set the aggregate position limit to 10000 shares for this week.,187,2026-02-12 13:15:47.577280,SPNG,24.26,24.26,24.27,1750.0,9068.0,1601.0,319800.0,1000.0,5625.0,3500.0,3000.0,3000.0,2695.0,6000.0,4000.0,12000.0,1778.0,15000.0,6000.0,2852.0,5625.0,2625.0,1778.0,3000.0,15000.0,4500.0,5625.0,3000.0,3000.0,1601.0,,,,,,,,,,,,,,,,,,,,,,0,0,0,0,0,0,0,0,0,0,0,0,0,0,0,0,0,0,0,0,0,0,0,0,0,0,0,0,0,0
1.0,1.0,1.0,,Welcome to the RITC 2026 Alogithmic Market Making Case - practice server,,187,2026-02-12 13:15:47.577280,SMMR,25.74,25.75,25.77,1750.0,,1785.0,389800.0,,,3500.0,750.0,3875.0,750.0,,,,,,6000.0,,,,,3000.0,,,,,750.0,1785.0,10034.0,4479.0,1610.0,2000.0,6153.0,3500.0,180600.0,7000.0,1760.0,1863.0,5017.0,,,,,,,,,,,0,0,0,0,0,0,0,0,0,0,0,0,0,0,0,0,0,0,0,0,0,0,0,0,0,0,0,0,0,0
,,,,,,187,2026-02-12 13:15:47.577280,ATMN,24.13,24.13,24.14,3275.0,,1822.0,,1000.0,10504.0,3500.0,,6875.0,,,,,1100.0,,6000.0,,2250.0,2250.0,1100.0,,,,10500.0,6000.0,,1822.0,11246.0,,1900.0,,,3500.0,209200.0,3500.0,2000.0,,5623.0,2812.0,6500.0,11250.0,931.0,6750.0,11250.0,5625.0,,,,0,0,0,0,0,0,0,0,0,0,0,0,0,0,0,0,0,0,0,0,0,0,0,0,0,0,0,0,0,0
,,,,,,187,2026-02-12 13:15:47.577280,WNTR,23.91,23.9,23.91,1050.0,,2488.0,1110400.0,,,,,3875.0,,,,,,,6000.0,,750.0,,,1000.0,,,,6000.0,,2488.0,,1925.0,1300.0,2000.0,,,106100.0,3500.0,6007.0,,,,,,,,,,2000.0,5000.0,30000.0,0,0,0,0,0,0,0,0,0,0,0,0,0,0,0,0,0,0,0,0,0,0,0,0,0,0,0,0,0,0
2.0,1.0,1.0,,Aggregate Position Limit,Your CRO has set the aggregate position limit to 10000 shares for this week.,188,2026-02-12 13:15:48.592891,SPNG,24.27,24.27,24.3,5092.0,7240.0,15000.0,198700.0,2000.0,1432.0,3000.0,3000.0,2695.0,6000.0,4000.0,6000.0,1778.0,5000.0,2200.0,5000.0,459.0,3500.0,1432.0,5625.0,6000.0,4000.0,15000.0,9000.0,1158.0,2625.0,103600.0,,,,,,,,,,,,,,,,,,,,,,,,,0,0,0,0,0,0,0,0,0,0,0,0,0,0,0,0,0,0,0,0,0,0,0,0,0,0,0
1.0,1.0,1.0,,Welcome to the RITC 2026 Alogithmic Market Making Case - practice server,,188,2026-02-12 13:15:48.592891,SMMR,25.57,25.56,25.57,,,,843000.0,,1704.0,,6000.0,,,,,,,,,1794.0,3500.0,1704.0,,6000.0,,,,,,258000.0,2375.0,3000.0,1794.0,12960.0,750.0,3000.0,665.0,7000.0,,,,,,,,,,,,,,,,,0,0,0,0,0,0,0,0,0,0,0,0,0,0,0,0,0,0,0,0,0,0,0,0,0,0,0
,,,,,,188,2026-02-12 13:15:48.592891,ATMN,24.1,24.1,24.11,6000.0,,,,,1996.0,2250.0,3000.0,,,,,,,1778.0,,1030.0,3500.0,1996.0,4415.0,3000.0,,,,,,186300.0,3200.0,3473.0,1030.0,,,,5200.0,3275.0,3500.0,6000.0,11250.0,5625.0,6500.0,1918.0,6000.0,4478.0,11246.0,,,,,,,,0,0,0,0,0,0,0,0,0,0,0,0,0,0,0,0,0,0,0,0,0,0,0,0,0,0,0
,,,,,,188,2026-02-12 13:15:48.592891,WNTR,23.92,23.95,23.96,6000.0,,,429400.0,,,,9875.0,750.0,,4000.0,,,,1778.0,,2000.0,3500.0,,,6000.0,,,,,,289100.0,2015.0,,,,750.0,,3099.0,,3500.0,,,,6500.0,,500.0,,,10000.0,12000.0,4000.0,10000.0,750.0,4000.0,6000.0,0,0,0,0,0,0,0,0,0,0,0,0,0,0,0,0,0,0,0,0,0,0,0,0,0,0,0
2.0,1.0,1.0,,Aggregate Position Limit,Your CRO has set the aggregate position limit to 10000 shares for this week.,189,2026-02-12 13:15:49.624695,SPNG,24.22,24.22,24.26,121100.0,2000.0,1828.0,1000.0,3769.0,9000.0,4204.0,9000.0,4000.0,512.0,4217.0,1900.0,6000.0,4000.0,2247.0,5625.0,3500.0,5000.0,3769.0,5000.0,2000.0,5625.0,512.0,6000.0,1100.0,4000.0,,,,,,,,,,,,,,,,,,,,,,,,,,,,0,0,0,0,0,0,0,0,0,0,0,0,0,0,0,0,0,0,0,0,0,0,0,0,0
1.0,1.0,1.0,,Welcome to the RITC 2026 Alogithmic Market Making Case - practice server,,189,2026-02-12 13:15:49.624695,SMMR,25.46,25.46,25.51,752600.0,,,,4051.0,9000.0,,,3849.0,,,489.0,,4000.0,5786.0,,3500.0,,4051.0,,3000.0,,1703.0,3000.0,1100.0,,3000.0,1446.0,750.0,6240.0,246200.0,,,,,,,,,,,,,,,,,,,,,,,0,0,0,0,0,0,0,0,0,0,0,0,0,0,0,0,0,0,0,0,0,0,0,0,0
,,,,,,189,2026-02-12 13:15:49.624695,ATMN,23.97,23.9,23.97,107900.0,,,,4644.0,6000.0,,,6150.0,,,2000.0,6000.0,,4708.0,,,,,,2000.0,,,3000.0,2200.0,,,,2250.0,8000.0,218600.0,4000.0,4000.0,6000.0,1800.0,4000.0,1100.0,2250.0,3768.0,2250.0,6500.0,5625.0,,,,,,,,,,,,0,0,0,0,0,0,0,0,0,0,0,0,0,0,0,0,0,0,0,0,0,0,0,0,0
,,,,,,189,2026-02-12 13:15:49.624695,WNTR,24.01,23.98,24.01,200500.0,,,,5695.0,9000.0,,,750.0,2078.0,,,6000.0,,,,3500.0,,2920.0,,3000.0,,,3000.0,1100.0,,,8300.0,750.0,,312400.0,,4000.0,,,4000.0,1100.0,,,,6500.0,,3500.0,6000.0,10000.0,750.0,6000.0,10000.0,10000.0,10000.0,6000.0,1374.0,4000.0,0,0,0,0,0,0,0,0,0,0,0,0,0,0,0,0,0,0,0,0,0,0,0,0,0
2.0,1.0,1.0,,Aggregate Position Limit,Your CRO has set the aggregate position limit to 10000 shares for this week.,190,2026-02-12 13:15:50.661069,SPNG,24.26,24.25,24.26,2063.0,3500.0,2695.0,121100.0,15000.0,1828.0,1000.0,275.0,6000.0,1166.0,4000.0,2000.0,2063.0,2194.0,3500.0,4136.0,6000.0,3750.0,1166.0,4000.0,5625.0,20000.0,398.0,5625.0,950.0,5000.0,,,,,,,,,,,,,,,,,,,,,0,0,0,0,0,0,0,0,0,0,0,0,0,0,0,0,0,0,0,0,0,0,0,0,0,0,0,0,0,0,0,0
1.0,1.0,1.0,,Welcome to the RITC 2026 Alogithmic Market Making Case - practice server,,190,2026-02-12 13:15:50.661069,SMMR,25.48,25.46,25.48,2154.0,3500.0,,297000.0,18000.0,,1000.0,,,,2239.0,,8620.0,4328.0,,,,750.0,1166.0,2000.0,,,1322.0,,1399.0,,3792.0,3000.0,6000.0,750.0,11087.0,3000.0,,,,,,,,,,,,,,,0,0,0,0,0,0,0,0,0,0,0,0,0,0,0,0,0,0,0,0,0,0,0,0,0,0,0,0,0,0,0,0
,,,,,,190,2026-02-12 13:15:50.661069,ATMN,23.93,23.91,23.93,,3500.0,,107900.0,15000.0,,,,,1100.0,3200.0,,4215.0,2481.0,3500.0,,,7536.0,2266.0,,3068.0,,,,2000.0,,,,1400.0,2250.0,,,3473.0,4453.0,463.0,4000.0,6000.0,4000.0,2481.0,414700.0,4500.0,,,,,,0,0,0,0,0,0,0,0,0,0,0,0,0,0,0,0,0,0,0,0,0,0,0,0,0,0,0,0,0,0,0,0
,,,,,,190,2026-02-12 13:15:50.661069,WNTR,24.1,24.09,24.1,4163.0,3500.0,750.0,93300.0,12000.0,,2000.0,,,3366.0,750.0,,,3042.0,3500.0,,,,1166.0,2000.0,,,,,950.0,,,3000.0,2032.0,750.0,6500.0,6000.0,,,2078.0,,,,3042.0,295000.0,,15000.0,6000.0,15000.0,4000.0,4000.0,0,0,0,0,0,0,0,0,0,0,0,0,0,0,0,0,0,0,0,0,0,0,0,0,0,0,0,0,0,0,0,0
2.0,1.0,1.0,,Aggregate Position Limit,Your CRO has set the aggregate position limit to 10000 shares for this week.,191,2026-02-12 13:15:51.680723,SPNG,24.15,24.15,24.2,6500.0,2000.0,3500.0,1158.0,12196.0,3000.0,3314.0,3250.0,6000.0,6000.0,5449.0,6000.0,102400.0,3000.0,2158.0,1100.0,6750.0,338.0,2000.0,6872.0,2000.0,3500.0,1000.0,1100.0,2625.0,5625.0,20000.0,6000.0,5625.0,,,,,,,,,,,,,,,,,,,,,0,0,0,0,0,0,0,0,0,0,0,0,0,0,0,0,0,0,0,0,0,0,0,0,0,0,0,0,0
1.0,1.0,1.0,,Welcome to the RITC 2026 Alogithmic Market Making Case - practice server,,191,2026-02-12 13:15:51.680723,SMMR,25.39,25.39,25.41,,,3500.0,795.0,,,,3429.0,3000.0,,,,425900.0,6000.0,2166.0,,,1322.0,2239.0,6500.0,2000.0,,3000.0,1100.0,,,,,,750.0,536.0,2214.0,969.0,4300.0,4126.0,1500.0,750.0,3000.0,2000.0,191800.0,,,,,,,,,,0,0,0,0,0,0,0,0,0,0,0,0,0,0,0,0,0,0,0,0,0,0,0,0,0,0,0,0,0
,,,,,,191,2026-02-12 13:15:51.680723,ATMN,23.62,23.86,23.91,,,,,,,,1800.0,,6000.0,,6000.0,1122600.0,3000.0,2532.0,,,,,,,3500.0,4000.0,2200.0,2250.0,5625.0,,,,,,1183.0,,4979.0,,8878.0,2250.0,,4900.0,101900.0,4000.0,1600.0,1036.0,2000.0,,,,,,0,0,0,0,0,0,0,0,0,0,0,0,0,0,0,0,0,0,0,0,0,0,0,0,0,0,0,0,0
,,,,,,191,2026-02-12 13:15:51.680723,WNTR,24.09,24.09,24.1,,1750.0,3500.0,,,,,,,,,,93300.0,6000.0,3045.0,2266.0,,,,6500.0,,3500.0,2000.0,2266.0,,,,,,2250.0,,4163.0,3333.0,3000.0,1183.0,750.0,750.0,,1524.0,306700.0,,,,,24708.0,3000.0,15000.0,4000.0,4000.0,0,0,0,0,0,0,0,0,0,0,0,0,0,0,0,0,0,0,0,0,0,0,0,0,0,0,0,0,0
2.0,1.0,1.0,,Aggregate Position Limit,Your CRO has set the aggregate position limit to 10000 shares for this week.,192,2026-02-12 13:15:52.709799,SPNG,24.26,24.26,24.27,87600.0,4175.0,2752.0,6000.0,2152.0,3500.0,3500.0,832.0,3000.0,2000.0,7500.0,6500.0,17196.0,1100.0,9761.0,3500.0,15000.0,2752.0,4000.0,11250.0,3000.0,6000.0,5625.0,2152.0,1100.0,2625.0,,,,,,,,,,,,,,,,,,,,,,,,,0,0,0,0,0,0,0,0,0,0,0,0,0,0,0,0,0,0,0,0,0,0,0,0,0,0,0,0
1.0,1.0,1.0,,Welcome to the RITC 2026 Alogithmic Market Making Case - practice server,,192,2026-02-12 13:15:52.709799,SMMR,25.29,25.29,25.32,543400.0,,,,1397.0,3500.0,,,18000.0,,,,,,,3500.0,,,,,,,,1397.0,,,3849.0,2000.0,174400.0,2000.0,6186.0,6000.0,7000.0,1500.0,5138.0,1399.0,2000.0,,,,,,,,,,,,,,0,0,0,0,0,0,0,0,0,0,0,0,0,0,0,0,0,0,0,0,0,0,0,0,0,0,0,0
,,,,,,192,2026-02-12 13:15:52.709799,ATMN,23.63,23.62,23.63,441600.0,,,,1454.0,3500.0,2080.0,,3000.0,,,445.0,,,,3500.0,,,,,,,,1454.0,2200.0,2250.0,2750.0,,90100.0,,8000.0,3000.0,11072.0,13378.0,,700.0,3000.0,6000.0,6000.0,1640.0,4000.0,2250.0,,,,,,,,,0,0,0,0,0,0,0,0,0,0,0,0,0,0,0,0,0,0,0,0,0,0,0,0,0,0,0,0
,,,,,,192,2026-02-12 13:15:52.709799,WNTR,24.05,24.01,24.08,330200.0,,,6000.0,1680.0,,1972.0,,6000.0,,,,,,,3500.0,,,,,,,,1680.0,1166.0,,2890.0,,224700.0,2000.0,1524.0,6000.0,3500.0,,1893.0,,1000.0,,,,,,5250.0,1051.0,8000.0,6000.0,3000.0,6000.0,25000.0,3000.0,0,0,0,0,0,0,0,0,0,0,0,0,0,0,0,0,0,0,0,0,0,0,0,0,0,0,0,0
2.0,1.0,1.0,,Aggregate Position Limit,Your CRO has set the aggregate position limit to 10000 shares for this week.,193,2026-02-12 13:15:53.734228,SPNG,24.27,24.26,24.27,37196.0,4175.0,7981.0,828.0,3500.0,6000.0,2200.0,1158.0,1000.0,3000.0,10000.0,500.0,10733.0,1854.0,3500.0,5625.0,4000.0,1288.0,1100.0,94200.0,320.0,4000.0,6000.0,10000.0,,,,,,,,,,,,,,,,,,,,,,,,,,,,,0,0,0,0,0,0,0,0,0,0,0,0,0,0,0,0,0,0,0,0,0,0,0,0,0,0
1.0,1.0,1.0,,Welcome to the RITC 2026 Alogithmic Market Making Case - practice server,,193,2026-02-12 13:15:53.734228,SMMR,25.32,25.29,25.31,,,,,3500.0,,,,1000.0,,,,,6102.0,,,,1521.0,,292300.0,,,9000.0,,15000.0,529600.0,3429.0,1525.0,3000.0,1521.0,3000.0,2000.0,750.0,6186.0,750.0,3670.0,1399.0,,,,,,,,,,,,,,,,0,0,0,0,0,0,0,0,0,0,0,0,0,0,0,0,0,0,0,0,0,0,0,0,0,0
,,,,,,193,2026-02-12 13:15:53.734228,ATMN,23.63,23.62,23.63,,,,,3500.0,,,,3000.0,,,6000.0,,,,5625.0,4000.0,1584.0,1100.0,101900.0,,4000.0,6000.0,,6000.0,230900.0,2300.0,3893.0,6000.0,1584.0,,2000.0,4500.0,,,,2150.0,551.0,445.0,2250.0,1098.0,5625.0,6000.0,2250.0,5625.0,,,,,,,,0,0,0,0,0,0,0,0,0,0,0,0,0,0,0,0,0,0,0,0,0,0,0,0,0,0
,,,,,,193,2026-02-12 13:15:53.734228,WNTR,24.04,24.05,24.06,,,,,3500.0,6000.0,1100.0,,,,,2750.0,,3500.0,,,,1830.0,1100.0,224700.0,,,6000.0,,9000.0,,2000.0,1972.0,,,,1000.0,750.0,3904.0,,7636.0,,1173.0,6500.0,,,,,,,1500.0,5750.0,9584.0,2000.0,934.0,4000.0,19708.0,0,0,0,0,0,0,0,0,0,0,0,0,0,0,0,0,0,0,0,0,0,0,0,0,0,0
2.0,1.0,1.0,,Aggregate Position Limit,Your CRO has set the aggregate position limit to 10000 shares for this week.,194,2026-02-12 13:15:54.750424,SPNG,24.27,24.26,24.27,24826.0,5625.0,3000.0,2383.0,7981.0,2000.0,2200.0,1347.0,6000.0,113000.0,10000.0,5350.0,12000.0,3500.0,5625.0,94200.0,755.0,3500.0,4000.0,1100.0,2625.0,25000.0,,,,,,,,,,,,,,,,,,,,,,,,,0,0,0,0,0,0,0,0,0,0,0,0,0,0,0,0,0,0,0,0,0,0,0,0,0,0,0,0,0,0,0,0
1.0,1.0,1.0,,Welcome to the RITC 2026 Alogithmic Market Making Case - practice server,,194,2026-02-12 13:15:54.750424,SMMR,25.29,25.3,25.31,,,18000.0,,,,,,,538900.0,,,9000.0,,,292300.0,,3500.0,,1100.0,,,750.0,3500.0,3525.0,2239.0,1750.0,7425.0,1840.0,2000.0,3000.0,750.0,2202.0,1399.0,,,,,,,,,,,,,0,0,0,0,0,0,0,0,0,0,0,0,0,0,0,0,0,0,0,0,0,0,0,0,0,0,0,0,0,0,0,0
,,,,,,194,2026-02-12 13:15:54.750424,ATMN,23.66,23.48,23.54,,,3000.0,,,,1100.0,,,687100.0,,5625.0,6000.0,3500.0,5625.0,101900.0,,3500.0,,1100.0,,,,3500.0,2000.0,1800.0,,,3872.0,3000.0,,2250.0,6500.0,1900.0,1750.0,445.0,4500.0,6000.0,1750.0,6000.0,5625.0,,,,,,0,0,0,0,0,0,0,0,0,0,0,0,0,0,0,0,0,0,0,0,0,0,0,0,0,0,0,0,0,0,0,0
,,,,,,194,2026-02-12 13:15:54.750424,WNTR,24.05,24.04,24.05,,,9000.0,,,3000.0,1100.0,,,,,,6000.0,,,106600.0,,3500.0,,,,,1500.0,,333.0,700.0,5472.0,,4434.0,4000.0,3000.0,,757.0,,,6500.0,,,,,,19792.0,25000.0,4000.0,6000.0,6000.0,0,0,0,0,0,0,0,0,0,0,0,0,0,0,0,0,0,0,0,0,0,0,0,0,0,0,0,0,0,0,0,0
2.0,1.0,1.0,,Aggregate Position Limit,Your CRO has set the aggregate position limit to 10000 shares for this week.,195,2026-02-12 13:15:55.770183,SPNG,24.44,24.26,24.27,6000.0,3314.0,2779.0,4000.0,113000.0,25000.0,9000.0,3500.0,3750.0,5000.0,593.0,33000.0,1657.0,211000.0,1950.0,5625.0,1763.0,,,,,,,,,,,,,,,,,,,,,,,,,,0,0,0,0,0,0,0,0,0,0,0,0,0,0,0,0,0,0,0,0,0,0,0,0,0,0,0,0,0,0,0,0,0,0,0,0
1.0,1.0,1.0,,Welcome to the RITC 2026 Alogithmic Market Making Case - practice server,,195,2026-02-12 13:15:55.770183,SMMR,25.27,25.27,25.3,,,,3000.0,327700.0,,21000.0,3500.0,1575.0,,,,2173.0,93800.0,,,1679.0,2239.0,9000.0,3500.0,7425.0,3000.0,3600.0,847.0,4000.0,,,,,,,,,,,,,,,,,,0,0,0,0,0,0,0,0,0,0,0,0,0,0,0,0,0,0,0,0,0,0,0,0,0,0,0,0,0,0,0,0,0,0,0,0
,,,,,,195,2026-02-12 13:15:55.770183,ATMN,23.51,23.51,23.54,,,1679.0,2000.0,,,9000.0,,4500.0,,,,2370.0,101900.0,,5625.0,2779.0,,3000.0,,,,4500.0,3500.0,2000.0,6732.0,6876.0,1750.0,3265.0,2250.0,2250.0,6500.0,1750.0,6000.0,5625.0,4000.0,6000.0,5625.0,2250.0,2250.0,,,0,0,0,0,0,0,0,0,0,0,0,0,0,0,0,0,0,0,0,0,0,0,0,0,0,0,0,0,0,0,0,0,0,0,0,0
,,,,,,195,2026-02-12 13:15:55.770183,WNTR,24.07,24.06,24.07,6000.0,,1679.0,1000.0,,,9000.0,3500.0,750.0,,,,,197300.0,2000.0,,1166.0,,6000.0,3500.0,,,,2008.0,3000.0,7655.0,,,9983.0,,750.0,6500.0,,,,4000.0,,,750.0,,32900.0,25000.0,0,0,0,0,0,0,0,0,0,0,0,0,0,0,0,0,0,0,0,0,0,0,0,0,0,0,0,0,0,0,0,0,0,0,0,0
2.0,1.0,1.0,,Aggregate Position Limit,Your CRO has set the aggregate position limit to 10000 shares for this week.,196,2026-02-12 13:15:56.790527,SPNG,24.29,24.28,24.29,13916.0,3500.0,3500.0,10000.0,6500.0,2000.0,5625.0,1818.0,1152.0,2625.0,3000.0,1050.0,2752.0,5250.0,2700.0,84700.0,5625.0,4290.0,4000.0,3367.0,3500.0,6500.0,20000.0,2000.0,3000.0,5504.0,4000.0,2000.0,,,,,,,,,,,,,,,,,,,,,,0,0,0,0,0,0,0,0,0,0,0,0,0,0,0,0,0,0,0,0,0,0,0,0,0,0,0,0,0
1.0,1.0,1.0,,Welcome to the RITC 2026 Alogithmic Market Making Case - practice server,,196,2026-02-12 13:15:56.790527,SMMR,25.28,25.26,25.28,1050.0,3500.0,3500.0,,,,,,,,,,,,2239.0,319000.0,,1200.0,,1011.0,3500.0,,,5000.0,,,,,3000.0,21000.0,2259.0,12000.0,7425.0,3000.0,1100.0,93800.0,,,,,,,,,,,,,,0,0,0,0,0,0,0,0,0,0,0,0,0,0,0,0,0,0,0,0,0,0,0,0,0,0,0,0,0
,,,,,,196,2026-02-12 13:15:56.790527,ATMN,23.57,23.55,23.57,,3500.0,,,4082.0,3750.0,1103.0,2465.0,2779.0,,,,,,,,,2250.0,3750.0,,3500.0,6500.0,,3000.0,,,,,3000.0,9000.0,2465.0,8023.0,,4183.0,1100.0,101900.0,717.0,4584.0,5625.0,6000.0,4500.0,2250.0,,,,,,,,0,0,0,0,0,0,0,0,0,0,0,0,0,0,0,0,0,0,0,0,0,0,0,0,0,0,0,0,0
,,,,,,196,2026-02-12 13:15:56.790527,WNTR,24.07,24.06,24.07,,,,,,,,2965.0,,,,,,3000.0,3940.0,793700.0,,750.0,,,,6500.0,,3000.0,,,,,,,,6000.0,1767.0,3000.0,2779.0,214200.0,,467.0,,,,750.0,5000.0,6000.0,6000.0,6000.0,19755.0,1754.0,4000.0,0,0,0,0,0,0,0,0,0,0,0,0,0,0,0,0,0,0,0,0,0,0,0,0,0,0,0,0,0
2.0,1.0,1.0,,Aggregate Position Limit,Your CRO has set the aggregate position limit to 10000 shares for this week.,197,2026-02-12 13:15:57.809028,SPNG,24.25,24.25,24.28,4111.0,755.0,2000.0,6000.0,3500.0,790.0,4956.0,2625.0,187100.0,700.0,2200.0,7196.0,6000.0,6000.0,5625.0,5000.0,1880.0,5000.0,6000.0,755.0,4400.0,790.0,2778.0,3000.0,103600.0,15000.0,5625.0,4000.0,,,,,,,,,,,,,,,,,,,,,,,,0,0,0,0,0,0,0,0,0,0,0,0,0,0,0,0,0,0,0,0,0,0,0,0,0,0,0
1.0,1.0,1.0,,Welcome to the RITC 2026 Alogithmic Market Making Case - practice server,,197,2026-02-12 13:15:57.809028,SMMR,25.2,25.2,25.26,,,,,,,,,1162300.0,2450.0,,,,,,,2145.0,,,,,,,1500.0,93800.0,,,,1000.0,525.0,226.0,2145.0,3000.0,3397.0,3500.0,3000.0,5000.0,3500.0,2400.0,1100.0,2000.0,,,,,,,,,,,0,0,0,0,0,0,0,0,0,0,0,0,0,0,0,0,0,0,0,0,0,0,0,0,0,0,0
,,,,,,197,2026-02-12 13:15:57.809028,ATMN,23.57,23.57,23.61,,,2000.0,,,,,2250.0,,,2252.0,,,2250.0,,,2240.0,,,,525.0,,,2250.0,89100.0,,11250.0,,5000.0,2250.0,,,,2967.0,1996.0,,2000.0,3500.0,,2878.0,,13507.0,8000.0,8632.0,3750.0,6000.0,2250.0,4000.0,,,,0,0,0,0,0,0,0,0,0,0,0,0,0,0,0,0,0,0,0,0,0,0,0,0,0,0,0
,,,,,,197,2026-02-12 13:15:57.809028,WNTR,23.84,23.87,24.03,,,2000.0,6000.0,3500.0,,,,1207500.0,1190.0,,,,,,,5363.0,,,,700.0,,,750.0,220900.0,,,,,,226.0,5363.0,3000.0,1767.0,5254.0,3000.0,1000.0,,,,,,,,,6000.0,,,6000.0,29755.0,8103.0,0,0,0,0,0,0,0,0,0,0,0,0,0,0,0,0,0,0,0,0,0,0,0,0,0,0,0
2.0,1.0,1.0,,Aggregate Position Limit,Your CRO has set the aggregate position limit to 10000 shares for this week.,198,2026-02-12 13:15:58.828021,SPNG,24.26,24.26,24.27,5625.0,4000.0,3750.0,20000.0,3500.0,5504.0,4180.0,1514.0,4657.0,2200.0,6000.0,5625.0,3500.0,3750.0,10000.0,3500.0,6000.0,2625.0,669.0,5504.0,4326.0,20000.0,6000.0,1100.0,1050.0,,,,,,,,,,,,,,,,,,,,,,,0,0,0,0,0,0,0,0,0,0,0,0,0,0,0,0,0,0,0,0,0,0,0,0,0,0,0,0,0,0,0
1.0,1.0,1.0,,Welcome to the RITC 2026 Alogithmic Market Making Case - practice server,,198,2026-02-12 13:15:58.828021,SMMR,25.29,25.27,25.29,,1000.0,525.0,,3500.0,,,,,,,,,,,,6000.0,,,,,,,,,829000.0,795.0,2275.0,6226.0,2415.0,3000.0,605900.0,2250.0,4000.0,2239.0,5138.0,5802.0,,,,,,,,,,,0,0,0,0,0,0,0,0,0,0,0,0,0,0,0,0,0,0,0,0,0,0,0,0,0,0,0,0,0,0,0
,,,,,,198,2026-02-12 13:15:58.828021,ATMN,24.12,23.95,24.12,,,,,3500.0,,3236.0,3068.0,276.0,2200.0,,,,,,3500.0,,4500.0,,,5625.0,,,3978.0,,333500.0,,,3000.0,,,519300.0,2250.0,,1800.0,,3236.0,2250.0,6906.0,9100.0,3000.0,5623.0,,,,,,0,0,0,0,0,0,0,0,0,0,0,0,0,0,0,0,0,0,0,0,0,0,0,0,0,0,0,0,0,0,0
,,,,,,198,2026-02-12 13:15:58.828021,WNTR,23.85,23.92,23.94,,,750.0,,3500.0,,6136.0,,,,,,7000.0,750.0,,3500.0,,,,,,,,1100.0,,455100.0,,3500.0,6000.0,,,113300.0,,2000.0,,6500.0,6136.0,,6500.0,5541.0,3000.0,,4000.0,7636.0,6000.0,8307.0,19548.0,0,0,0,0,0,0,0,0,0,0,0,0,0,0,0,0,0,0,0,0,0,0,0,0,0,0,0,0,0,0,0
2.0,1.0,1.0,,Aggregate Position Limit,Your CRO has set the aggregate position limit to 10000 shares for this week.,199,2026-02-12 13:15:59.848563,SPNG,24.27,24.26,24.27,5625.0,1000.0,3750.0,30000.0,3500.0,3094.0,5000.0,13760.0,4868.0,3500.0,3750.0,1389.0,23908.0,13760.0,3500.0,6000.0,3344.0,2625.0,669.0,4326.0,1100.0,,,,,,,,,,,,,,,,,,,,,,,,,,,,0,0,0,0,0,0,0,0,0,0,0,0,0,0,0,0,0,0,0,0,0,0,0,0,0,0,0,0,0,0
1.0,1.0,1.0,,Welcome to the RITC 2026 Alogithmic Market Making Case - practice server,,199,2026-02-12 13:15:59.848563,SMMR,25.28,25.28,25.3,,1000.0,750.0,,3500.0,,,,,3500.0,1500.0,,,,,6000.0,1642.0,,,,,750.0,512800.0,2200.0,5886.0,536.0,3000.0,2239.0,6000.0,713100.0,5138.0,4000.0,840.0,750.0,,,,,,,,,,,,,,,0,0,0,0,0,0,0,0,0,0,0,0,0,0,0,0,0,0,0,0,0,0,0,0,0,0,0,0,0,0
,,,,,,199,2026-02-12 13:15:59.848563,ATMN,24.14,24.14,24.15,,,9000.0,,6617.0,,,,,,2250.0,,,,,,1294.0,,,,1100.0,2250.0,202600.0,1100.0,2000.0,,3000.0,1300.0,3000.0,756900.0,,,2450.0,2250.0,5526.0,1294.0,8000.0,10000.0,2250.0,1941.0,4000.0,5623.0,,,,,,,0,0,0,0,0,0,0,0,0,0,0,0,0,0,0,0,0,0,0,0,0,0,0,0,0,0,0,0,0,0
,,,,,,199,2026-02-12 13:15:59.848563,WNTR,23.98,23.98,23.99,,,1500.0,,7000.0,,,,,3500.0,1500.0,,,,,,,,,,,,306600.0,,5541.0,,6000.0,,3000.0,113300.0,,3381.0,2000.0,,1439.0,2567.0,,,,3500.0,,,8818.0,1022.0,2000.0,19548.0,1345.0,1643.0,0,0,0,0,0,0,0,0,0,0,0,0,0,0,0,0,0,0,0,0,0,0,0,0,0,0,0,0,0,0
2.0,1.0,1.0,,Aggregate Position Limit,Your CRO has set the aggregate position limit to 10000 shares for this week.,200,2026-02-12 13:16:00.866921,SPNG,24.27,24.27,24.29,5950.0,5000.0,4000.0,6000.0,2000.0,1872.0,2925.0,3200.0,9000.0,1870.0,4000.0,2625.0,102400.0,4112.0,6000.0,5000.0,2200.0,6578.0,3750.0,3500.0,4019.0,6000.0,12000.0,20000.0,,,,,,,,,,,,,,,,,,,,0,0,0,0,0,0,0,0,0,0,0,0,0,0,0,0,0,0,0,0,0,0,0,0,0,0,0,0,0,0,0,0,0,0,0
1.0,1.0,1.0,,Welcome to the RITC 2026 Alogithmic Market Making Case - practice server,,200,2026-02-12 13:16:00.866921,SMMR,25.31,25.31,25.36,,,,9000.0,,,,1399.0,,4903.0,,,431100.0,,6000.0,,1100.0,6500.0,1500.0,3500.0,4903.0,,,,6500.0,3500.0,1500.0,3300.0,3924.0,2000.0,5250.0,2239.0,521300.0,2000.0,,,,,,,,,,0,0,0,0,0,0,0,0,0,0,0,0,0,0,0,0,0,0,0,0,0,0,0,0,0,0,0,0,0,0,0,0,0,0,0
,,,,,,200,2026-02-12 13:16:00.866921,ATMN,24.14,24.15,24.16,,,10000.0,6000.0,,,,,,3972.0,,2250.0,113400.0,,9000.0,,1100.0,,4500.0,3500.0,3972.0,,,,,3500.0,18000.0,1100.0,11263.0,,,1700.0,417900.0,,2000.0,10000.0,2250.0,4000.0,5623.0,1750.0,,,,0,0,0,0,0,0,0,0,0,0,0,0,0,0,0,0,0,0,0,0,0,0,0,0,0,0,0,0,0,0,0,0,0,0,0
,,,,,,200,2026-02-12 13:16:00.866921,WNTR,23.98,23.98,23.99,7000.0,,,6000.0,,,,,,6408.0,,,309100.0,,6000.0,,3931.0,,,3500.0,6408.0,,6000.0,,1439.0,3500.0,,,3694.0,,,3200.0,214200.0,,,,,4000.0,,3500.0,25000.0,750.0,3000.0,0,0,0,0,0,0,0,0,0,0,0,0,0,0,0,0,0,0,0,0,0,0,0,0,0,0,0,0,0,0,0,0,0,0,0
2.0,1.0,1.0,,Aggregate Position Limit,Your CRO has set the aggregate position limit to 10000 shares for this week.,201,2026-02-12 13:16:01.883624,SPNG,24.24,24.24,24.27,3750.0,1148.0,2000.0,1203.0,951000.0,3000.0,5812.0,4000.0,10000.0,1000.0,3500.0,30000.0,4725.0,7500.0,1203.0,3000.0,5625.0,4000.0,6000.0,1100.0,6500.0,,,,,,,,,,,,,,,,,,,,,,0,0,0,0,0,0,0,0,0,0,0,0,0,0,0,0,0,0,0,0,0,0,0,0,0,0,0,0,0,0,0,0,0,0,0,0
1.0,1.0,1.0,,Welcome to the RITC 2026 Alogithmic Market Making Case - practice server,,201,2026-02-12 13:16:01.883624,SMMR,25.19,25.18,25.19,,,,1502.0,619700.0,,,2904.0,,2000.0,3500.0,,3500.0,,1502.0,6000.0,,,,2200.0,7760.0,3500.0,1100.0,2000.0,3924.0,4203.0,533900.0,1399.0,750.0,5250.0,,,,,,,,,,,,,0,0,0,0,0,0,0,0,0,0,0,0,0,0,0,0,0,0,0,0,0,0,0,0,0,0,0,0,0,0,0,0,0,0,0,0
,,,,,,201,2026-02-12 13:16:01.883624,ATMN,24.01,24.01,24.02,,,,1502.0,113400.0,,,3200.0,,1000.0,3500.0,,3500.0,,1502.0,12000.0,,,,,6500.0,3500.0,1100.0,2000.0,8000.0,,335300.0,4000.0,2250.0,,6000.0,7125.0,999.0,5625.0,1112.0,5623.0,,,,,,,0,0,0,0,0,0,0,0,0,0,0,0,0,0,0,0,0,0,0,0,0,0,0,0,0,0,0,0,0,0,0,0,0,0,0,0
,,,,,,201,2026-02-12 13:16:01.883624,WNTR,24.09,24.07,24.09,,,,2721.0,216900.0,,,,,,3500.0,,,,,3000.0,,,,6197.0,,3500.0,1100.0,1000.0,,6000.0,304900.0,4400.0,750.0,5250.0,,,,,,,50000.0,6000.0,1643.0,1345.0,4000.0,6000.0,0,0,0,0,0,0,0,0,0,0,0,0,0,0,0,0,0,0,0,0,0,0,0,0,0,0,0,0,0,0,0,0,0,0,0,0
2.0,1.0,1.0,,Aggregate Position Limit,Your CRO has set the aggregate position limit to 10000 shares for this week.,202,2026-02-12 13:16:02.905879,SPNG,24.03,24.25,24.26,1724.0,5274.0,951000.0,5812.0,3397.0,4000.0,800.0,5582.0,10000.0,10000.0,1000.0,30000.0,5625.0,6000.0,3500.0,1229.0,3750.0,3000.0,2625.0,3000.0,,,,,,,,,,,,,,,,,,,,,,,,,,0,0,0,0,0,0,0,0,0,0,0,0,0,0,0,0,0,0,0,0,0,0,0,0,0,0,0,0,0,0,0,0,0
1.0,1.0,1.0,,Welcome to the RITC 2026 Alogithmic Market Making Case - practice server,,202,2026-02-12 13:16:02.905879,SMMR,25.21,25.21,25.22,,,510800.0,,10203.0,,,,,,,,,,3500.0,1716.0,,1500.0,,9000.0,4000.0,3500.0,6500.0,750.0,2000.0,3541.0,2000.0,3541.0,2239.0,13024.0,1996.0,118500.0,6000.0,,,,,,,,,,,,,0,0,0,0,0,0,0,0,0,0,0,0,0,0,0,0,0,0,0,0,0,0,0,0,0,0,0,0,0,0,0,0,0
,,,,,,202,2026-02-12 13:16:02.905879,ATMN,24.02,24.01,24.02,,,113400.0,,6000.0,3100.0,,7000.0,,,5000.0,,,,,1686.0,,,,6000.0,347.0,3500.0,12509.0,,4331.0,2441.0,,,4000.0,6500.0,,450500.0,,6000.0,1686.0,999.0,759.0,,,,,,,,,0,0,0,0,0,0,0,0,0,0,0,0,0,0,0,0,0,0,0,0,0,0,0,0,0,0,0,0,0,0,0,0,0
,,,,,,202,2026-02-12 13:16:02.905879,WNTR,24.1,24.09,24.1,,,88500.0,5812.0,9000.0,,,1750.0,4000.0,6000.0,,,,,3500.0,,,750.0,,3000.0,,,,,5494.0,2441.0,1000.0,5319.0,,,,428100.0,,,1540.0,,,6000.0,20000.0,6000.0,4000.0,6000.0,15000.0,12000.0,4000.0,0,0,0,0,0,0,0,0,0,0,0,0,0,0,0,0,0,0,0,0,0,0,0,0,0,0,0,0,0,0,0,0,0
2.0,1.0,1.0,,Aggregate Position Limit,Your CRO has set the aggregate position limit to 10000 shares for this week.,203,2026-02-12 13:16:03.927136,SPNG,24.25,24.24,24.25,4000.0,6500.0,3500.0,5000.0,15000.0,1462.0,3000.0,3200.0,1099.0,4000.0,2625.0,231000.0,6000.0,5812.0,6442.0,700.0,4000.0,4641.0,5000.0,322.0,6000.0,56.0,3500.0,2000.0,6000.0,1099.0,5625.0,623.0,1000.0,,,,,,,,,,,,,,,,,,,0,0,0,0,0,0,0,0,0,0,0,0,0,0,0,0,0,0,0,0,0,0,0,0,0,0,0,0,0,0,0
1.0,1.0,1.0,,Welcome to the RITC 2026 Alogithmic Market Making Case - practice server,,203,2026-02-12 13:16:03.927136,SMMR,25.22,25.21,25.22,,6500.0,3500.0,,,,3000.0,,,,,408900.0,,,2401.0,1399.0,,1100.0,,,,9296.0,3500.0,,,3190.0,,1032.0,,750.0,6020.0,4641.0,2000.0,718.0,236000.0,9000.0,5988.0,750.0,1529.0,,,,,,,,,0,0,0,0,0,0,0,0,0,0,0,0,0,0,0,0,0,0,0,0,0,0,0,0,0,0,0,0,0,0,0
,,,,,,203,2026-02-12 13:16:03.927136,ATMN,24.01,24.0,24.01,,12509.0,3500.0,,,5625.0,6000.0,4050.0,1535.0,,,219200.0,,,7000.0,2000.0,,,,,,6500.0,3500.0,,,1535.0,,,5000.0,,2000.0,3541.0,,,213600.0,6000.0,1134.0,2250.0,,919.0,10000.0,10000.0,,,,,,0,0,0,0,0,0,0,0,0,0,0,0,0,0,0,0,0,0,0,0,0,0,0,0,0,0,0,0,0,0,0
,,,,,,203,2026-02-12 13:16:03.927136,WNTR,24.05,24.04,24.05,,617.0,,,,,9000.0,,,,,178400.0,6000.0,5812.0,,2150.0,,5319.0,,,4000.0,,,,,,,,1000.0,,,2200.0,1000.0,,665100.0,12000.0,,,,,6000.0,,6000.0,4000.0,6000.0,30000.0,648.0,0,0,0,0,0,0,0,0,0,0,0,0,0,0,0,0,0,0,0,0,0,0,0,0,0,0,0,0,0,0,0
2.0,1.0,1.0,,Aggregate Position Limit,Your CRO has set the aggregate position limit to 10000 shares for this week.,204,2026-02-12 13:16:04.943391,SPNG,24.26,24.24,24.26,30000.0,3500.0,2813.0,6500.0,3500.0,96300.0,15000.0,1100.0,2000.0,6000.0,3000.0,1236.0,10000.0,1408.0,3500.0,5333.0,5625.0,3000.0,6000.0,5625.0,2625.0,3000.0,4000.0,3300.0,119700.0,465.0,2378.0,,,,,,,,,,,,,,,,,,,,,,,,0,0,0,0,0,0,0,0,0,0,0,0,0,0,0,0,0,0,0,0,0,0,0,0,0,0,0,0
1.0,1.0,1.0,,Welcome to the RITC 2026 Alogithmic Market Making Case - practice server,,204,2026-02-12 13:16:04.943391,SMMR,25.2,25.2,25.21,,,,,3500.0,517900.0,,4641.0,4000.0,,3000.0,,,1985.0,3500.0,,,2000.0,,,,750.0,,3300.0,236000.0,963.0,,5608.0,910.0,3500.0,8000.0,3000.0,1399.0,6500.0,,,,,,,,,,,,,,,,,0,0,0,0,0,0,0,0,0,0,0,0,0,0,0,0,0,0,0,0,0,0,0,0,0,0,0,0
,,,,,,204,2026-02-12 13:16:04.943391,ATMN,24.05,24.01,24.07,,5833.0,5625.0,12509.0,,105800.0,,4641.0,,,,,,1951.0,3500.0,,,3000.0,,,,,,,334100.0,634.0,,7196.0,1200.0,,,3000.0,7200.0,,10000.0,1951.0,2250.0,759.0,2000.0,5623.0,,,,,,,,,,,0,0,0,0,0,0,0,0,0,0,0,0,0,0,0,0,0,0,0,0,0,0,0,0,0,0,0,0
,,,,,,204,2026-02-12 13:16:04.943391,WNTR,24.16,24.15,24.16,,7000.0,,,3500.0,,,3300.0,2000.0,,3000.0,,,2186.0,3500.0,,,1000.0,,,,,,2878.0,443300.0,1400.0,,549.0,,3500.0,,3000.0,2150.0,,,2186.0,,,,,2250.0,10000.0,6726.0,10000.0,1230.0,1524.0,15000.0,4000.0,1082.0,1341.0,0,0,0,0,0,0,0,0,0,0,0,0,0,0,0,0,0,0,0,0,0,0,0,0,0,0,0,0
2.0,1.0,1.0,,Aggregate Position Limit,Your CRO has set the aggregate position limit to 10000 shares for this week.,205,2026-02-12 13:16:05.959323,SPNG,24.26,24.26,24.29,10000.0,788.0,45000.0,7000.0,2813.0,3500.0,3000.0,2625.0,6500.0,96300.0,6000.0,3000.0,3348.0,10000.0,5625.0,2625.0,1387.0,119700.0,3000.0,7134.0,3000.0,6750.0,,,,,,,,,,,,,,,,,,,,,,,0,0,0,0,0,0,0,0,0,0,0,0,0,0,0,0,0,0,0,0,0,0,0,0,0,0,0,0,0,0,0,0,0,0
1.0,1.0,1.0,,Welcome to the RITC 2026 Alogithmic Market Making Case - practice server,,205,2026-02-12 13:16:05.959323,SMMR,25.21,25.2,25.21,,,,3500.0,,,,,,517900.0,,750.0,4400.0,,,,1836.0,117500.0,2000.0,,6000.0,,4000.0,6889.0,6000.0,978.0,1836.0,7000.0,3500.0,2993.0,1399.0,6500.0,1529.0,,,,,,,,,,,,0,0,0,0,0,0,0,0,0,0,0,0,0,0,0,0,0,0,0,0,0,0,0,0,0,0,0,0,0,0,0,0,0,0
,,,,,,205,2026-02-12 13:16:05.959323,ATMN,24.22,24.08,24.19,,,,5486.0,5625.0,,,,10386.0,125900.0,6000.0,,1100.0,,,,1407.0,890100.0,,,,,,4641.0,,,1407.0,,,,7350.0,,,2000.0,4000.0,8372.0,10000.0,588.0,5623.0,,,,,,0,0,0,0,0,0,0,0,0,0,0,0,0,0,0,0,0,0,0,0,0,0,0,0,0,0,0,0,0,0,0,0,0,0
,,,,,,205,2026-02-12 13:16:05.959323,WNTR,24.14,24.14,24.16,,,,,,3500.0,,,1439.0,89900.0,,,2878.0,,,,,438300.0,1000.0,,6000.0,,3000.0,2200.0,3000.0,,2207.0,7000.0,3500.0,,2150.0,,,,1750.0,,4000.0,,,4000.0,25000.0,20000.0,4000.0,4000.0,0,0,0,0,0,0,0,0,0,0,0,0,0,0,0,0,0,0,0,0,0,0,0,0,0,0,0,0,0,0,0,0,0,0
2.0,1.0,1.0,,Aggregate Position Limit,Your CRO has set the aggregate position limit to 10000 shares for this week.,206,2026-02-12 13:16:06.975888,SPNG,24.36,24.36,24.39,2500.0,1156.0,2075.0,6500.0,3000.0,3500.0,2812.0,2625.0,96300.0,6000.0,4000.0,20000.0,4000.0,712.0,2200.0,1000.0,5625.0,24750.0,2500.0,3000.0,5000.0,950.0,120300.0,5624.0,3000.0,,,,,,,,,,,,,,,,,,,,,,,0,0,0,0,0,0,0,0,0,0,0,0,0,0,0,0,0,0,0,0,0,0,0,0,0,0,0,0,0,0,0
1.0,1.0,1.0,,Welcome to the RITC 2026 Alogithmic Market Making Case - practice server,,206,2026-02-12 13:16:06.975888,SMMR,25.3,25.21,25.22,,,,,,3500.0,,,329800.0,,,,,,6648.0,4000.0,,,,,,1505.0,840200.0,,1500.0,7000.0,3282.0,3000.0,756.0,718.0,6524.0,6000.0,2200.0,6000.0,,,,,,,,,,,,,,0,0,0,0,0,0,0,0,0,0,0,0,0,0,0,0,0,0,0,0,0,0,0,0,0,0,0,0,0,0,0
,,,,,,206,2026-02-12 13:16:06.975888,ATMN,24.13,24.1,24.13,,,3365.0,8432.0,2250.0,,,2250.0,125900.0,,,,10000.0,,,3000.0,,,,9000.0,,7350.0,433000.0,,,9632.0,6558.0,3000.0,,,,,,,1300.0,10000.0,2000.0,2184.0,3500.0,6000.0,5623.0,3365.0,,,,,,0,0,0,0,0,0,0,0,0,0,0,0,0,0,0,0,0,0,0,0,0,0,0,0,0,0,0,0,0,0,0
,,,,,,206,2026-02-12 13:16:06.975888,WNTR,23.99,23.9,23.99,,,5779.0,,,,,,1673600.0,,,,,,,,,,,3000.0,,1200.0,447800.0,,,,,3000.0,,,,,2878.0,,1190.0,,,5950.0,3500.0,,,5779.0,6000.0,22707.0,4000.0,4000.0,5451.0,0,0,0,0,0,0,0,0,0,0,0,0,0,0,0,0,0,0,0,0,0,0,0,0,0,0,0,0,0,0,0
2.0,1.0,1.0,,Aggregate Position Limit,Your CRO has set the aggregate position limit to 10000 shares for this week.,207,2026-02-12 13:16:07.992356,SPNG,24.31,24.28,24.31,9745.0,2000.0,3560.0,537.0,1100.0,712.0,5000.0,3207.0,3500.0,3000.0,5625.0,5250.0,2623.0,96300.0,2500.0,113600.0,30000.0,3400.0,6000.0,585.0,472.0,3325.0,9750.0,3000.0,950.0,,,,,,,,,,,,,,,,0,0,0,0,0,0,0,0,0,0,0,0,0,0,0,0,0,0,0,0,0,0,0,0,0,0,0,0,0,0,0,0,0,0,0,0,0,0
1.0,1.0,1.0,,Welcome to the RITC 2026 Alogithmic Market Making Case - practice server,,207,2026-02-12 13:16:07.992356,SMMR,25.34,25.27,25.34,,,,,7748.0,,,,3500.0,750.0,,,,320100.0,,804400.0,,4928.0,,,,,,9000.0,1505.0,4928.0,3500.0,2000.0,3282.0,3000.0,1500.0,2200.0,6000.0,,,,,,,,0,0,0,0,0,0,0,0,0,0,0,0,0,0,0,0,0,0,0,0,0,0,0,0,0,0,0,0,0,0,0,0,0,0,0,0,0,0
,,,,,,207,2026-02-12 13:16:07.992356,ATMN,24.23,24.23,24.27,,4000.0,,,,,,,,4500.0,5625.0,2250.0,,231700.0,,645700.0,,3722.0,,,,,,12000.0,5750.0,3722.0,,4000.0,11879.0,3000.0,,,,1300.0,704.0,2000.0,,,,,0,0,0,0,0,0,0,0,0,0,0,0,0,0,0,0,0,0,0,0,0,0,0,0,0,0,0,0,0,0,0,0,0,0,0,0,0,0
,,,,,,207,2026-02-12 13:16:07.992356,WNTR,23.88,23.95,23.98,248.0,,,,,,,,,,,,,718700.0,,339600.0,,2965.0,10000.0,,,9619.0,,6000.0,,2965.0,,,8000.0,6000.0,,1100.0,,3565.0,,,6000.0,27707.0,5997.0,3500.0,0,0,0,0,0,0,0,0,0,0,0,0,0,0,0,0,0,0,0,0,0,0,0,0,0,0,0,0,0,0,0,0,0,0,0,0,0,0
2.0,1.0,1.0,,Aggregate Position Limit,Your CRO has set the aggregate position limit to 10000 shares for this week.,208,2026-02-12 13:16:09.009683,SPNG,24.28,24.28,24.29,5000.0,5000.0,5435.0,3500.0,2625.0,4000.0,4000.0,6000.0,1298.0,3000.0,1146.0,6000.0,4448.0,1000.0,5342.0,2025.0,5625.0,30000.0,3500.0,3000.0,2025.0,12000.0,6000.0,9000.0,5625.0,950.0,,,,,,,,,,,,,,,,,,,,,,,0,0,0,0,0,0,0,0,0,0,0,0,0,0,0,0,0,0,0,0,0,0,0,0,0,0,0,0,0,0
1.0,1.0,1.0,,Welcome to the RITC 2026 Alogithmic Market Making Case - practice server,,208,2026-02-12 13:16:09.009683,SMMR,25.29,25.29,25.31,,,,,,,,,,3000.0,1529.0,,6600.0,4000.0,,2756.0,,,3500.0,1500.0,,,12000.0,,,840.0,3500.0,320100.0,1820.0,750.0,591100.0,3500.0,1625.0,2200.0,,,,,,,,,,,,,,,0,0,0,0,0,0,0,0,0,0,0,0,0,0,0,0,0,0,0,0,0,0,0,0,0,0,0,0,0,0
,,,,,,208,2026-02-12 13:16:09.009683,ATMN,24.25,24.25,24.26,,,,3500.0,6750.0,,10000.0,12000.0,,6000.0,,,1100.0,4000.0,,2232.0,,,3500.0,2250.0,,,15000.0,,,5350.0,,105800.0,2000.0,4500.0,304100.0,3500.0,,2200.0,5625.0,833.0,2250.0,,,,,,,,,,,,0,0,0,0,0,0,0,0,0,0,0,0,0,0,0,0,0,0,0,0,0,0,0,0,0,0,0,0,0,0
,,,,,,208,2026-02-12 13:16:09.009683,WNTR,23.94,23.93,23.94,,,,3500.0,,,,,6500.0,9000.0,,,1100.0,,,3419.0,,,,,3419.0,,3000.0,,,2000.0,,258900.0,,,304300.0,3555.0,10746.0,,,,,1900.0,6000.0,3562.0,10000.0,4500.0,1198.0,800.0,14000.0,1362.0,6000.0,12707.0,0,0,0,0,0,0,0,0,0,0,0,0,0,0,0,0,0,0,0,0,0,0,0,0,0,0,0,0,0,0
2.0,1.0,1.0,,Aggregate Position Limit,Your CRO has set the aggregate position limit to 10000 shares for this week.,209,2026-02-12 13:16:10.028755,SPNG,24.29,24.29,24.32,3000.0,15000.0,2147.0,25000.0,2094.0,2500.0,4416.0,4000.0,1523.0,2625.0,3000.0,4124.0,3500.0,2625.0,176.0,495100.0,26250.0,1763.0,3000.0,,,,,,,,,,,,,,,,,,,,,,,,,,,,,,0,0,0,0,0,0,0,0,0,0,0,0,0,0,0,0,0,0,0,0,0,0,0,0,0,0,0,0,0,0
1.0,1.0,1.0,,Welcome to the RITC 2026 Alogithmic Market Making Case - practice server,,209,2026-02-12 13:16:10.028755,SMMR,25.24,25.24,25.28,1000.0,,2822.0,,,,,,7748.0,,750.0,,7000.0,,,264000.0,,1100.0,12000.0,3500.0,12000.0,5796.0,329800.0,1122.0,6000.0,892.0,1500.0,1625.0,840.0,,,,,,,,,,,,,,,,,,,,0,0,0,0,0,0,0,0,0,0,0,0,0,0,0,0,0,0,0,0,0,0,0,0,0,0,0,0,0,0
,,,,,,209,2026-02-12 13:16:10.028755,ATMN,24.24,24.24,24.26,2000.0,,2285.0,,1109.0,,,,2623.0,4500.0,2250.0,,3500.0,,,304100.0,,3723.0,12000.0,3500.0,3000.0,,101800.0,,,547.0,2250.0,,5350.0,11835.0,657.0,547.0,10000.0,3500.0,6000.0,,,,,,,,,,,,,,0,0,0,0,0,0,0,0,0,0,0,0,0,0,0,0,0,0,0,0,0,0,0,0,0,0,0,0,0,0
,,,,,,209,2026-02-12 13:16:10.028755,WNTR,23.88,23.93,23.95,,,3500.0,,,,,,2623.0,,,,8917.0,,,118500.0,,1523.0,3000.0,,15000.0,,603800.0,,,,750.0,8320.0,,,,,4000.0,3500.0,,4586.0,1200.0,1273.0,6000.0,6000.0,6000.0,10000.0,5000.0,5000.0,1676.0,2000.0,3500.0,2000.0,0,0,0,0,0,0,0,0,0,0,0,0,0,0,0,0,0,0,0,0,0,0,0,0,0,0,0,0,0,0
2.0,1.0,1.0,,Aggregate Position Limit,Your CRO has set the aggregate position limit to 10000 shares for this week.,210,2026-02-12 13:16:11.046405,SPNG,24.32,24.32,24.33,7430.0,2000.0,3500.0,4628.0,30000.0,3500.0,2845.0,3000.0,2399.0,2500.0,2625.0,3000.0,3200.0,3000.0,6500.0,4000.0,3500.0,3500.0,5250.0,110300.0,2500.0,4000.0,1209.0,613.0,88.0,2399.0,,,,,,,,,,,,,,,,,,,,,,,,,,,0,0,0,0,0,0,0,0,0,0,0,0,0,0,0,0,0,0,0,0,0,0,0,0,0,0
1.0,1.0,1.0,,Welcome to the RITC 2026 Alogithmic Market Making Case - practice server,,210,2026-02-12 13:16:11.046405,SMMR,25.24,25.23,25.24,,,3500.0,,,,13376.0,,2906.0,,,750.0,2400.0,,1625.0,1000.0,,3189.0,,264000.0,,,,939.0,,2906.0,182.0,224400.0,2000.0,1345.0,766.0,6000.0,3883.0,871.0,1500.0,2000.0,1529.0,,,,,,,,,,,,,,,,0,0,0,0,0,0,0,0,0,0,0,0,0,0,0,0,0,0,0,0,0,0,0,0,0,0
,,,,,,210,2026-02-12 13:16:11.046405,ATMN,24.23,24.24,24.25,,,,,,,3883.0,3000.0,4632.0,,4500.0,2250.0,4150.0,3000.0,,,3500.0,,2250.0,304100.0,,,,576.0,,2564.0,9501.0,105800.0,2000.0,,,,6506.0,,,,,576.0,10000.0,4000.0,6000.0,4781.0,4781.0,6000.0,554.0,4000.0,,,,,,,0,0,0,0,0,0,0,0,0,0,0,0,0,0,0,0,0,0,0,0,0,0,0,0,0,0
,,,,,,210,2026-02-12 13:16:11.046405,WNTR,24.11,24.11,24.12,,,3500.0,,,2561.0,5406.0,6000.0,5801.0,,,750.0,2000.0,,1213.0,,,,,398600.0,,4000.0,,,,,2000.0,258900.0,,,,,2783.0,,,,,,,4000.0,6000.0,2250.0,,6000.0,,4000.0,6000.0,4586.0,1200.0,6000.0,37707.0,6000.0,0,0,0,0,0,0,0,0,0,0,0,0,0,0,0,0,0,0,0,0,0,0,0,0,0,0
2.0,1.0,1.0,,Aggregate Position Limit,Your CRO has set the aggregate position limit to 10000 shares for this week.,211,2026-02-12 13:16:12.079492,SPNG,24.28,24.28,24.39,6000.0,744.0,10000.0,2000.0,2000.0,4306.0,5625.0,4000.0,5625.0,5250.0,5625.0,2250.0,6000.0,1750.0,604.0,4000.0,495100.0,21000.0,2000.0,1763.0,3000.0,,,,,,,,,,,,,,,,,,,,,,,,,,,,0,0,0,0,0,0,0,0,0,0,0,0,0,0,0,0,0,0,0,0,0,0,0,0,0,0,0,0,0,0
1.0,1.0,1.0,,Welcome to the RITC 2026 Alogithmic Market Making Case - practice server,,211,2026-02-12 13:16:12.079492,SMMR,25.28,25.28,25.29,750.0,,,2000.0,,11780.0,,,,,,,,,,,574700.0,,2400.0,8480.0,,441500.0,3168.0,3000.0,182.0,2329.0,1122.0,2000.0,1500.0,1625.0,1122.0,,,,,,,,,,,,,,,,,,0,0,0,0,0,0,0,0,0,0,0,0,0,0,0,0,0,0,0,0,0,0,0,0,0,0,0,0,0,0
,,,,,,211,2026-02-12 13:16:12.079492,ATMN,24.25,24.24,24.25,2250.0,6500.0,,3000.0,,6728.0,,,,2250.0,5625.0,,,,,,225900.0,,2000.0,8251.0,3000.0,,3017.0,6000.0,9501.0,,,1000.0,2250.0,8100.0,,6000.0,2000.0,10000.0,3500.0,4500.0,6000.0,3500.0,,,,,,,,,,,0,0,0,0,0,0,0,0,0,0,0,0,0,0,0,0,0,0,0,0,0,0,0,0,0,0,0,0,0,0
,,,,,,211,2026-02-12 13:16:12.079492,WNTR,24.14,24.05,24.07,750.0,,,,,5468.0,,4000.0,,,,,6000.0,,,,311400.0,,2000.0,5628.0,3000.0,130700.0,3878.0,3000.0,6000.0,,,1000.0,,,,,1200.0,4000.0,,,6000.0,,2000.0,3500.0,15000.0,6000.0,4000.0,6000.0,12000.0,3878.0,17707.0,1600.0,0,0,0,0,0,0,0,0,0,0,0,0,0,0,0,0,0,0,0,0,0,0,0,0,0,0,0,0,0,0
2.0,1.0,1.0,,Aggregate Position Limit,Your CRO has set the aggregate position limit to 10000 shares for this week.,212,2026-02-12 13:16:13.100022,SPNG,24.38,24.38,24.44,10000.0,6133.0,5950.0,2500.0,1000.0,122400.0,3500.0,3000.0,662.0,10000.0,6528.0,3000.0,2528.0,2250.0,509.0,10000.0,5382.0,495100.0,18750.0,2000.0,1008.0,1000.0,509.0,1763.0,6000.0,,,,,,,,,,,,,,,,,,,,,,,,,,,,0,0,0,0,0,0,0,0,0,0,0,0,0,0,0,0,0,0,0,0,0,0,0,0,0,0
1.0,1.0,1.0,,Welcome to the RITC 2026 Alogithmic Market Making Case - practice server,,212,2026-02-12 13:16:13.100022,SMMR,25.28,25.27,25.28,,,,,2000.0,223400.0,3500.0,3000.0,1032.0,,,750.0,,,,,,275600.0,,2400.0,,1000.0,1472.0,9314.0,,8000.0,10414.0,2477.0,6000.0,2000.0,6000.0,2477.0,3579.0,1500.0,1161.0,,,,,,,,,,,,,,,,,,0,0,0,0,0,0,0,0,0,0,0,0,0,0,0,0,0,0,0,0,0,0,0,0,0,0
,,,,,,212,2026-02-12 13:16:13.100022,ATMN,24.05,24.23,24.24,6000.0,,,,,105800.0,,,,6000.0,6500.0,2250.0,,,581.0,,,120500.0,,4000.0,,,,1752.0,6000.0,,,,6000.0,,,1929.0,,2250.0,9410.0,11250.0,4000.0,5625.0,4000.0,4781.0,4000.0,4500.0,4000.0,10000.0,3500.0,3500.0,4500.0,6000.0,,,,,0,0,0,0,0,0,0,0,0,0,0,0,0,0,0,0,0,0,0,0,0,0,0,0,0,0
,,,,,,212,2026-02-12 13:16:13.100022,WNTR,24.16,23.92,24.16,6000.0,,,,,381900.0,3500.0,3000.0,,6000.0,,,,,,,,841900.0,,4400.0,,2000.0,,2878.0,,2000.0,7220.0,,,,,,,,,,,,8000.0,6000.0,1200.0,,,,,,,,15000.0,4000.0,15000.0,3562.0,0,0,0,0,0,0,0,0,0,0,0,0,0,0,0,0,0,0,0,0,0,0,0,0,0,0
2.0,1.0,1.0,,Aggregate Position Limit,Your CRO has set the aggregate position limit to 10000 shares for this week.,213,2026-02-12 13:16:14.120542,SPNG,24.45,24.42,24.43,5460.0,15000.0,2500.0,11114.0,3000.0,10000.0,2478.0,3500.0,122400.0,1413.0,6000.0,2520.0,5000.0,20000.0,4000.0,2500.0,292700.0,6000.0,2000.0,3176.0,1000.0,6000.0,,,,,,,,,,,,,,,,,,,,,,,,,,,,,0,0,0,0,0,0,0,0,0,0,0,0,0,0,0,0,0,0,0,0,0,0,0,0,0,0,0,0
1.0,1.0,1.0,,Welcome to the RITC 2026 Alogithmic Market Making Case - practice server,,213,2026-02-12 13:16:14.120542,SMMR,25.3,25.27,25.28,3500.0,,,,4000.0,,2970.0,,304700.0,10727.0,3000.0,,,,,,392100.0,,2400.0,10727.0,3000.0,,1500.0,4037.0,6000.0,2250.0,2809.0,1161.0,,,,,,,,,,,,,,,,,,,,,,,0,0,0,0,0,0,0,0,0,0,0,0,0,0,0,0,0,0,0,0,0,0,0,0,0,0,0,0
,,,,,,213,2026-02-12 13:16:14.120542,ATMN,24.22,24.21,24.22,3500.0,,,6500.0,1000.0,4000.0,2507.0,2000.0,198000.0,1413.0,3000.0,3500.0,,,10000.0,,99900.0,,1200.0,2513.0,1000.0,6000.0,,,6000.0,,4878.0,,3500.0,1067.0,1101.0,5625.0,12000.0,2250.0,4781.0,1300.0,3500.0,11250.0,2250.0,6000.0,652.0,836.0,4000.0,6000.0,,,,,,,0,0,0,0,0,0,0,0,0,0,0,0,0,0,0,0,0,0,0,0,0,0,0,0,0,0,0,0
,,,,,,213,2026-02-12 13:16:14.120542,WNTR,23.9,23.9,23.99,,,,,,8000.0,7031.0,,583000.0,7631.0,3000.0,,,,,,98600.0,,,1934.0,,3000.0,,2000.0,,750.0,7031.0,6500.0,,,,,6000.0,,6000.0,1200.0,3500.0,,,,,,,,6000.0,4000.0,29543.0,5920.0,2000.0,1809.0,0,0,0,0,0,0,0,0,0,0,0,0,0,0,0,0,0,0,0,0,0,0,0,0,0,0,0,0
2.0,1.0,1.0,,Aggregate Position Limit,Your CRO has set the aggregate position limit to 10000 shares for this week.,214,2026-02-12 13:16:15.143816,SPNG,24.34,24.38,24.4,3750.0,2500.0,4000.0,10000.0,6000.0,6000.0,1645.0,8250.0,5250.0,324400.0,2815.0,3750.0,2500.0,30000.0,1645.0,3000.0,3500.0,5239.0,3000.0,15000.0,4000.0,,,,,,,,,,,,,,,,,,,,,0,0,0,0,0,0,0,0,0,0,0,0,0,0,0,0,0,0,0,0,0,0,0,0,0,0,0,0,0,0,0,0,0,0,0,0,0
1.0,1.0,1.0,,Welcome to the RITC 2026 Alogithmic Market Making Case - practice server,,214,2026-02-12 13:16:15.143816,SMMR,25.24,25.24,25.3,,,,,6000.0,750.0,2772.0,,,334600.0,,,,,,,,,1500.0,,,3000.0,797.0,11785.0,1122.0,6000.0,481900.0,12437.0,2400.0,3000.0,1161.0,,,,,,,,,,,0,0,0,0,0,0,0,0,0,0,0,0,0,0,0,0,0,0,0,0,0,0,0,0,0,0,0,0,0,0,0,0,0,0,0,0,0
,,,,,,214,2026-02-12 13:16:15.143816,ATMN,24.3,24.31,24.33,2000.0,,,,6000.0,2250.0,2301.0,,4500.0,198700.0,,2000.0,,,2301.0,8062.0,3500.0,,,,,2000.0,4000.0,3123.0,,6000.0,767600.0,2810.0,2900.0,,,3500.0,2812.0,7000.0,6000.0,6000.0,,,,,,0,0,0,0,0,0,0,0,0,0,0,0,0,0,0,0,0,0,0,0,0,0,0,0,0,0,0,0,0,0,0,0,0,0,0,0,0
,,,,,,214,2026-02-12 13:16:15.143816,WNTR,23.91,23.95,23.97,,,6000.0,,3000.0,750.0,,,,488900.0,,,,,2468.0,2062.0,3500.0,,,,,2000.0,3640.0,9341.0,,,544900.0,2878.0,2000.0,1000.0,,,,,6000.0,,5000.0,8000.0,20000.0,2275.0,4000.0,0,0,0,0,0,0,0,0,0,0,0,0,0,0,0,0,0,0,0,0,0,0,0,0,0,0,0,0,0,0,0,0,0,0,0,0,0
2.0,1.0,1.0,,Aggregate Position Limit,Your CRO has set the aggregate position limit to 10000 shares for this week.,215,2026-02-12 13:16:16.166645,SPNG,24.36,24.36,24.37,3980.0,3500.0,1750.0,6000.0,11250.0,11250.0,6000.0,4000.0,1293.0,2625.0,3000.0,499600.0,750.0,5986.0,6000.0,3000.0,1293.0,10000.0,3000.0,3500.0,2625.0,90900.0,2000.0,2250.0,5581.0,4000.0,,,,,,,,,,,,,,,,,,,0,0,0,0,0,0,0,0,0,0,0,0,0,0,0,0,0,0,0,0,0,0,0,0,0,0,0,0,0,0,0,0,0,0
1.0,1.0,1.0,,Welcome to the RITC 2026 Alogithmic Market Making Case - practice server,,215,2026-02-12 13:16:16.166645,SMMR,25.31,25.3,25.31,,3200.0,,9000.0,,,,,4551.0,,1500.0,223400.0,,11827.0,,3000.0,4551.0,,1000.0,3500.0,,390100.0,1200.0,,,,6500.0,1000.0,797.0,11785.0,1161.0,750.0,2000.0,,,,,,,,,,,,0,0,0,0,0,0,0,0,0,0,0,0,0,0,0,0,0,0,0,0,0,0,0,0,0,0,0,0,0,0,0,0,0,0
,,,,,,215,2026-02-12 13:16:16.166645,ATMN,24.34,24.33,24.34,,,,9000.0,,5625.0,,,4179.0,4500.0,2250.0,291700.0,,2810.0,,17062.0,4179.0,,,3500.0,,410700.0,2150.0,,2812.0,,,1000.0,4000.0,4223.0,,,,10000.0,2275.0,6000.0,,,,,,,,,0,0,0,0,0,0,0,0,0,0,0,0,0,0,0,0,0,0,0,0,0,0,0,0,0,0,0,0,0,0,0,0,0,0
,,,,,,215,2026-02-12 13:16:16.166645,WNTR,24.09,24.01,24.02,,3500.0,,3000.0,,,4000.0,,5043.0,,1500.0,230000.0,,2878.0,3500.0,3000.0,5043.0,,,,,226700.0,2000.0,,,,,1000.0,3632.0,2810.0,,,,,,6000.0,25000.0,1482.0,6000.0,1482.0,8000.0,12000.0,10000.0,2000.0,0,0,0,0,0,0,0,0,0,0,0,0,0,0,0,0,0,0,0,0,0,0,0,0,0,0,0,0,0,0,0,0,0,0
2.0,1.0,1.0,,Aggregate Position Limit,Your CRO has set the aggregate position limit to 10000 shares for this week.,216,2026-02-12 13:16:17.202527,SPNG,24.36,24.36,24.37,10000.0,2500.0,3500.0,1164.0,650.0,2000.0,11250.0,6000.0,11250.0,11250.0,96400.0,3000.0,4000.0,1360.0,5092.0,5092.0,4766.0,3500.0,10000.0,2500.0,3500.0,1360.0,2510.0,1164.0,650.0,4500.0,3563.0,2625.0,2000.0,90900.0,2000.0,2790.0,,,,,,,,,,,,,,,,,,,,,,,,0,0,0,0,0,0,0,0,0,0,0,0,0,0,0,0,0,0,0,0,0,0,0
1.0,1.0,1.0,,Welcome to the RITC 2026 Alogithmic Market Making Case - practice server,,216,2026-02-12 13:16:17.202527,SMMR,25.27,25.27,25.29,,,3500.0,,,2000.0,,6000.0,,,792500.0,,,1928.0,,,,3500.0,,,3500.0,1928.0,,,,,,,,390100.0,,,2000.0,1341.0,12000.0,4150.0,6196.0,11827.0,750.0,1000.0,,,,,,,,,,,,,,,,0,0,0,0,0,0,0,0,0,0,0,0,0,0,0,0,0,0,0,0,0,0,0
,,,,,,216,2026-02-12 13:16:17.202527,ATMN,24.31,24.31,24.32,,,,,,,,6000.0,5625.0,5625.0,198000.0,,4000.0,,6000.0,6000.0,,7000.0,,,,1512.0,,,,,,2250.0,,212500.0,3200.0,1406.0,2000.0,1413.0,,2000.0,,2810.0,2250.0,2000.0,3500.0,16000.0,1000.0,4500.0,2000.0,6500.0,4000.0,2000.0,4000.0,619.0,4000.0,,,,,0,0,0,0,0,0,0,0,0,0,0,0,0,0,0,0,0,0,0,0,0,0,0
,,,,,,216,2026-02-12 13:16:17.202527,WNTR,24.1,24.09,24.1,,,3500.0,,,,,4000.0,,,180300.0,1500.0,,1996.0,,,,,6000.0,,,1996.0,,,,,,,,638200.0,3200.0,,,2200.0,,,,2878.0,,,7000.0,,,,,,10000.0,,,,8000.0,40000.0,6000.0,6000.0,10000.0,0,0,0,0,0,0,0,0,0,0,0,0,0,0,0,0,0,0,0,0,0,0,0
2.0,1.0,1.0,,Aggregate Position Limit,Your CRO has set the aggregate position limit to 10000 shares for this week.,217,2026-02-12 13:16:18.243025,SPNG,24.46,24.36,24.38,3500.0,3500.0,2500.0,3000.0,1000.0,1252.0,5092.0,5250.0,3232.0,3000.0,614500.0,4000.0,750.0,1252.0,1395.0,4000.0,616400.0,1000.0,13500.0,3000.0,1200.0,6000.0,2528.0,,,,,,,,,,,,,,,,,,0,0,0,0,0,0,0,0,0,0,0,0,0,0,0,0,0,0,0,0,0,0,0,0,0,0,0,0,0,0,0,0,0,0,0,0,0,0
1.0,1.0,1.0,,Welcome to the RITC 2026 Alogithmic Market Making Case - practice server,,217,2026-02-12 13:16:18.243025,SMMR,25.16,25.18,25.22,,,,9000.0,,,,,12000.0,,1071300.0,,4150.0,,,,390100.0,3000.0,,3000.0,,,,1032.0,8125.0,1500.0,3500.0,5464.0,,,,,,,,,,,,,0,0,0,0,0,0,0,0,0,0,0,0,0,0,0,0,0,0,0,0,0,0,0,0,0,0,0,0,0,0,0,0,0,0,0,0,0,0
,,,,,,217,2026-02-12 13:16:18.243025,ATMN,24.43,24.43,24.44,,3500.0,,3000.0,1000.0,1784.0,12000.0,2250.0,,2250.0,191800.0,10000.0,2000.0,1784.0,,,1369900.0,,,,3950.0,,,,,,,,1750.0,5200.0,859.0,6000.0,5625.0,1100.0,,,,,,,0,0,0,0,0,0,0,0,0,0,0,0,0,0,0,0,0,0,0,0,0,0,0,0,0,0,0,0,0,0,0,0,0,0,0,0,0,0
,,,,,,217,2026-02-12 13:16:18.243025,WNTR,24.1,24.09,24.1,7000.0,,,3000.0,,2076.0,,,,750.0,283700.0,10000.0,,,,,555800.0,,,3000.0,2000.0,,,,,,3500.0,5454.0,,4000.0,,4000.0,,,34196.0,6000.0,8000.0,5000.0,6000.0,12000.0,0,0,0,0,0,0,0,0,0,0,0,0,0,0,0,0,0,0,0,0,0,0,0,0,0,0,0,0,0,0,0,0,0,0,0,0,0,0
2.0,1.0,1.0,,Aggregate Position Limit,Your CRO has set the aggregate position limit to 10000 shares for this week.,218,2026-02-12 13:16:19.277822,SPNG,24.36,24.36,24.38,20000.0,2500.0,6000.0,3500.0,3500.0,9000.0,4776.0,5000.0,1000.0,6000.0,5625.0,5625.0,2500.0,3232.0,5700.0,2953.0,4000.0,3500.0,178000.0,6750.0,9000.0,4776.0,,,,,,,,,,,,,,,,,,,,,,,,,,,,0,0,0,0,0,0,0,0,0,0,0,0,0,0,0,0,0,0,0,0,0,0,0,0,0,0,0,0,0
1.0,1.0,1.0,,Welcome to the RITC 2026 Alogithmic Market Making Case - practice server,,218,2026-02-12 13:16:19.277822,SMMR,25.25,25.19,25.25,,,,,,15000.0,3198.0,,1000.0,,,,,,3200.0,,,3500.0,772800.0,,,3198.0,687400.0,4150.0,12000.0,3516.0,708.0,688.0,2000.0,750.0,,,,,,,,,,,,,,,,,,,,0,0,0,0,0,0,0,0,0,0,0,0,0,0,0,0,0,0,0,0,0,0,0,0,0,0,0,0,0
,,,,,,218,2026-02-12 13:16:19.277822,ATMN,24.37,24.35,24.37,,,,3500.0,,6000.0,2463.0,,5000.0,6000.0,5625.0,,,,1200.0,,,3500.0,844400.0,,12000.0,2463.0,,1300.0,,1200.0,697.0,,1000.0,,7200.0,10000.0,1064.0,697.0,2250.0,6000.0,2275.0,,,,,,,,,,,,,0,0,0,0,0,0,0,0,0,0,0,0,0,0,0,0,0,0,0,0,0,0,0,0,0,0,0,0,0
,,,,,,218,2026-02-12 13:16:19.277822,WNTR,24.1,24.06,24.1,,,,,,6000.0,,,,4000.0,,,,,2000.0,,,3500.0,341500.0,,3000.0,,333400.0,,,1818.0,,,1000.0,,545.0,,,,,6000.0,7000.0,2250.0,25000.0,6000.0,4000.0,12000.0,6000.0,1325.0,6000.0,1400.0,6000.0,4000.0,12000.0,0,0,0,0,0,0,0,0,0,0,0,0,0,0,0,0,0,0,0,0,0,0,0,0,0,0,0,0,0
2.0,1.0,1.0,,Aggregate Position Limit,Your CRO has set the aggregate position limit to 10000 shares for this week.,219,2026-02-12 13:16:20.329606,SPNG,24.37,24.37,24.38,16000.0,5000.0,5000.0,1732.0,2000.0,6000.0,5100.0,5625.0,3000.0,2625.0,3000.0,5625.0,6000.0,4000.0,15000.0,7000.0,3500.0,1100.0,2500.0,1557.0,1145.0,333.0,9000.0,1732.0,6500.0,2625.0,3000.0,83600.0,6000.0,,,,,,,,,,,,,,,,,,,,,,0,0,0,0,0,0,0,0,0,0,0,0,0,0,0,0,0,0,0,0,0,0,0,0,0,0,0,0
1.0,1.0,1.0,,Welcome to the RITC 2026 Alogithmic Market Making Case - practice server,,219,2026-02-12 13:16:20.329606,SMMR,25.22,25.23,25.24,,,,,,6000.0,3200.0,,,,750.0,,,,,2275.0,3500.0,,,,,,6000.0,1903.0,340.0,,1500.0,281200.0,,617500.0,3500.0,15000.0,985.0,12000.0,3516.0,6000.0,688.0,2000.0,,,,,,,,,,,,,0,0,0,0,0,0,0,0,0,0,0,0,0,0,0,0,0,0,0,0,0,0,0,0,0,0,0,0
,,,,,,219,2026-02-12 13:16:20.329606,ATMN,24.45,24.36,24.45,,,,2264.0,3000.0,,700.0,,,,,,,5000.0,,,,,,,,,12000.0,4244.0,,,,639500.0,,,3500.0,12000.0,,,,,,,6500.0,7200.0,2100.0,589.0,5625.0,4000.0,6000.0,6000.0,5200.0,,,,0,0,0,0,0,0,0,0,0,0,0,0,0,0,0,0,0,0,0,0,0,0,0,0,0,0,0,0
,,,,,,219,2026-02-12 13:16:20.329606,WNTR,24.07,24.07,24.08,,,,5830.0,2000.0,,2000.0,,,,750.0,,,4000.0,,10500.0,,,,,,,,5830.0,,,,314000.0,,438800.0,,6000.0,,,1855.0,6000.0,,1000.0,,1018.0,,,,,6000.0,6000.0,2000.0,8886.0,1400.0,21325.0,0,0,0,0,0,0,0,0,0,0,0,0,0,0,0,0,0,0,0,0,0,0,0,0,0,0,0,0
2.0,1.0,1.0,,Aggregate Position Limit,Your CRO has set the aggregate position limit to 10000 shares for this week.,220,2026-02-12 13:16:21.346652,SPNG,24.38,24.37,24.38,10000.0,5000.0,20000.0,10000.0,3200.0,3500.0,2500.0,3000.0,87600.0,6000.0,6000.0,4000.0,2103.0,5625.0,25000.0,5000.0,2500.0,2103.0,3500.0,1100.0,539.0,9000.0,1477.0,167.0,6500.0,5656.0,2625.0,3000.0,,,,,,,,,,,,,,,,,,,,,,,0,0,0,0,0,0,0,0,0,0,0,0,0,0,0,0,0,0,0,0,0,0,0,0,0,0,0,0
1.0,1.0,1.0,,Welcome to the RITC 2026 Alogithmic Market Making Case - practice server,,220,2026-02-12 13:16:21.346652,SMMR,25.23,25.22,25.23,,,,,,,,,521400.0,6000.0,18000.0,,,,,6000.0,,2040.0,,,,9000.0,,,340.0,,,750.0,1500.0,3844.0,3200.0,6000.0,314300.0,3500.0,1256.0,4000.0,2000.0,1505.0,,,,,,,,,,,,,0,0,0,0,0,0,0,0,0,0,0,0,0,0,0,0,0,0,0,0,0,0,0,0,0,0,0,0
,,,,,,220,2026-02-12 13:16:21.346652,ATMN,24.19,24.39,24.42,6000.0,,,6000.0,716.0,,,1000.0,198000.0,,3000.0,4000.0,,5625.0,,,,2489.0,3500.0,,,12000.0,,,6500.0,,,2250.0,2250.0,,2900.0,,755300.0,,,,,,6500.0,10781.0,11250.0,5625.0,2250.0,6000.0,4400.0,,,,,,0,0,0,0,0,0,0,0,0,0,0,0,0,0,0,0,0,0,0,0,0,0,0,0,0,0,0,0
,,,,,,220,2026-02-12 13:16:21.346652,WNTR,24.02,24.0,24.02,,,,,,3500.0,,,820700.0,,9000.0,4000.0,3044.0,,,6000.0,,3044.0,3500.0,,,,,,,,,,750.0,,3200.0,,314000.0,9450.0,,,,,,12000.0,,,,6000.0,,4000.0,36325.0,6000.0,4000.0,4000.0,0,0,0,0,0,0,0,0,0,0,0,0,0,0,0,0,0,0,0,0,0,0,0,0,0,0,0,0
2.0,1.0,1.0,,Aggregate Position Limit,Your CRO has set the aggregate position limit to 10000 shares for this week.,221,2026-02-12 13:16:22.370635,SPNG,24.32,24.32,24.36,2000.0,1517.0,3500.0,1000.0,11250.0,7200.0,4598.0,3000.0,122700.0,6000.0,6000.0,2000.0,2000.0,4646.0,5000.0,3500.0,2500.0,35000.0,8930.0,4598.0,1100.0,,,,,,,,,,,,,,,,,,,,,,,,,,,,,0,0,0,0,0,0,0,0,0,0,0,0,0,0,0,0,0,0,0,0,0,0,0,0,0,0,0,0,0
1.0,1.0,1.0,,Welcome to the RITC 2026 Alogithmic Market Making Case - practice server,,221,2026-02-12 13:16:22.370635,SMMR,25.29,25.29,25.3,,,,4000.0,,2000.0,,1500.0,506000.0,,,,1000.0,,,,,,,,,15000.0,2275.0,985.0,3500.0,1442900.0,2150.0,750.0,,,,,,,,,,,,,,,,,,,,,,0,0,0,0,0,0,0,0,0,0,0,0,0,0,0,0,0,0,0,0,0,0,0,0,0,0,0,0,0
,,,,,,221,2026-02-12 13:16:22.370635,ATMN,24.43,24.43,24.45,3500.0,574.0,3500.0,,,,2487.0,,103100.0,,,,,,,2091.0,,,,,2200.0,1492.0,3500.0,1050.0,3500.0,424500.0,1200.0,,3400.0,10000.0,6000.0,721.0,6500.0,5625.0,2250.0,1100.0,2650.0,4000.0,12000.0,808.0,1055.0,574.0,6000.0,,,,,,,0,0,0,0,0,0,0,0,0,0,0,0,0,0,0,0,0,0,0,0,0,0,0,0,0,0,0,0,0
,,,,,,221,2026-02-12 13:16:22.370635,WNTR,24.0,24.0,24.01,,994.0,,1000.0,,,,750.0,236400.0,,6000.0,,,,6000.0,2529.0,,,,3267.0,,6000.0,3500.0,,3500.0,204400.0,,,1884.0,,,1247.0,,,,1100.0,,,3000.0,,,,,9808.0,18000.0,6000.0,4000.0,52350.0,4000.0,0,0,0,0,0,0,0,0,0,0,0,0,0,0,0,0,0,0,0,0,0,0,0,0,0,0,0,0,0
2.0,1.0,1.0,,Aggregate Position Limit,Your CRO has set the aggregate position limit to 10000 shares for this week.,222,2026-02-12 13:16:23.400762,SPNG,24.33,24.31,24.33,5000.0,1500.0,1000.0,11250.0,6400.0,6000.0,5625.0,1849.0,3000.0,122700.0,6000.0,3000.0,6000.0,4465.0,6000.0,1100.0,2500.0,1849.0,6000.0,3500.0,106300.0,4000.0,9292.0,590.0,2000.0,1017.0,1960.0,5656.0,,,,,,,,,,,,,,,,,,,,,0,0,0,0,0,0,0,0,0,0,0,0,0,0,0,0,0,0,0,0,0,0,0,0,0,0,0,0,0,0
1.0,1.0,1.0,,Welcome to the RITC 2026 Alogithmic Market Making Case - practice server,,222,2026-02-12 13:16:23.400762,SMMR,25.3,25.31,25.36,,5843.0,4000.0,,2000.0,15000.0,,2388.0,1500.0,303400.0,,,,,,,,2388.0,6000.0,3500.0,1360900.0,,,,,,,,1023.0,1324.0,950.0,750.0,,,,,,,,,,,,,,,,,0,0,0,0,0,0,0,0,0,0,0,0,0,0,0,0,0,0,0,0,0,0,0,0,0,0,0,0,0,0
,,,,,,222,2026-02-12 13:16:23.400762,ATMN,24.47,24.47,24.48,,6000.0,,,2000.0,6000.0,5097.0,2181.0,,191100.0,,,,,,,,2181.0,18000.0,,541500.0,,,,,,,,,1062.0,4150.0,2250.0,4000.0,1400.0,2200.0,3500.0,10000.0,6500.0,3500.0,2250.0,5625.0,,,,,,,,0,0,0,0,0,0,0,0,0,0,0,0,0,0,0,0,0,0,0,0,0,0,0,0,0,0,0,0,0,0
,,,,,,222,2026-02-12 13:16:23.400762,WNTR,23.99,23.99,24.0,,,1000.0,,,9000.0,,3336.0,750.0,344100.0,6000.0,,6000.0,,,,,5845.0,,3500.0,,,,,1000.0,,,,,,,,2000.0,,1100.0,,4000.0,6500.0,6029.0,,,3500.0,18000.0,4000.0,6701.0,4232.0,2000.0,29808.0,0,0,0,0,0,0,0,0,0,0,0,0,0,0,0,0,0,0,0,0,0,0,0,0,0,0,0,0,0,0
2.0,1.0,1.0,,Aggregate Position Limit,Your CRO has set the aggregate position limit to 10000 shares for this week.,223,2026-02-12 13:16:24.424822,SPNG,24.33,24.33,24.36,245400.0,2500.0,3000.0,10000.0,3500.0,2128.0,2689.0,1000.0,5625.0,5200.0,5625.0,5625.0,3000.0,6000.0,2933.0,3000.0,2500.0,5000.0,6000.0,3300.0,5000.0,2689.0,3000.0,2128.0,3000.0,2625.0,106300.0,4000.0,4646.0,,,,,,,,,,,,,,,,,,,,,,0,0,0,0,0,0,0,0,0,0,0,0,0,0,0,0,0,0,0,0,0,0,0,0,0,0,0,0
1.0,1.0,1.0,,Welcome to the RITC 2026 Alogithmic Market Making Case - practice server,,223,2026-02-12 13:16:24.424822,SMMR,25.22,25.18,25.22,1088700.0,,2242.0,,,2474.0,,,,6400.0,,,,,,,,,,1100.0,,980.0,,2474.0,,,490500.0,,,6000.0,11152.0,3500.0,71.0,3300.0,,,,,,,,,,,,,,,,,0,0,0,0,0,0,0,0,0,0,0,0,0,0,0,0,0,0,0,0,0,0,0,0,0,0,0,0
,,,,,,223,2026-02-12 13:16:24.424822,ATMN,24.47,24.47,24.49,221400.0,,3000.0,,,2343.0,601.0,,,2000.0,5625.0,5625.0,,,2609.0,3000.0,,,4000.0,,,601.0,,,2250.0,4500.0,326500.0,4000.0,,,,3500.0,5920.0,2000.0,6000.0,3300.0,5091.0,1050.0,1062.0,6000.0,6500.0,3621.0,798.0,,,,,,,,0,0,0,0,0,0,0,0,0,0,0,0,0,0,0,0,0,0,0,0,0,0,0,0,0,0,0,0
,,,,,,223,2026-02-12 13:16:24.424822,WNTR,23.99,23.99,24.0,584300.0,,3000.0,,,2879.0,1389.0,,,3200.0,,,,,1876.0,3000.0,,,4000.0,,6000.0,,1000.0,2879.0,,,314000.0,4000.0,,6000.0,,,,2000.0,,1100.0,2116.0,,,,,,1336.0,10000.0,4000.0,4000.0,12000.0,1365.0,25000.0,6000.0,0,0,0,0,0,0,0,0,0,0,0,0,0,0,0,0,0,0,0,0,0,0,0,0,0,0,0,0
2.0,1.0,1.0,,Aggregate Position Limit,Your CRO has set the aggregate position limit to 10000 shares for this week.,224,2026-02-12 13:16:25.471622,SPNG,23.98,24.27,24.29,2000.0,1560200.0,2750.0,2000.0,3500.0,6000.0,35000.0,1416.0,8391.0,254.0,2500.0,1666.0,2848.0,5956.0,1100.0,,,,,,,,,,,,,,,,,,,,,,,,0,0,0,0,0,0,0,0,0,0,0,0,0,0,0,0,0,0,0,0,0,0,0,0,0,0,0,0,0,0,0,0,0,0,0,0,0,0,0,0
1.0,1.0,1.0,,Welcome to the RITC 2026 Alogithmic Market Making Case - practice server,,224,2026-02-12 13:16:25.471622,SMMR,25.32,25.2,25.22,,902600.0,3100.0,,,,,2084.0,11152.0,,,,,3305.0,1100.0,3111.0,3500.0,7911.0,12000.0,2084.0,6000.0,904700.0,3300.0,,,,,,,,,,,,,,,,0,0,0,0,0,0,0,0,0,0,0,0,0,0,0,0,0,0,0,0,0,0,0,0,0,0,0,0,0,0,0,0,0,0,0,0,0,0,0,0
,,,,,,224,2026-02-12 13:16:25.471622,ATMN,24.54,24.48,24.5,,221400.0,,,3500.0,3000.0,,4047.0,,,,,601.0,2241.0,,2796.0,3500.0,3000.0,,1973.0,,1071300.0,2150.0,783.0,7888.0,5500.0,1000.0,841.0,6000.0,601.0,538.0,835.0,,,,,,,0,0,0,0,0,0,0,0,0,0,0,0,0,0,0,0,0,0,0,0,0,0,0,0,0,0,0,0,0,0,0,0,0,0,0,0,0,0,0,0
,,,,,,224,2026-02-12 13:16:25.471622,WNTR,23.99,23.98,23.99,,454400.0,2000.0,,3500.0,6000.0,,4974.0,,,,,,1876.0,2200.0,,3500.0,3000.0,6000.0,4974.0,,410500.0,,2000.0,,3300.0,,,,,1347.0,,6000.0,4000.0,12000.0,4000.0,30000.0,6000.0,0,0,0,0,0,0,0,0,0,0,0,0,0,0,0,0,0,0,0,0,0,0,0,0,0,0,0,0,0,0,0,0,0,0,0,0,0,0,0,0
2.0,1.0,1.0,,Aggregate Position Limit,Your CRO has set the aggregate position limit to 10000 shares for this week.,225,2026-02-12 13:16:26.493869,SPNG,24.33,24.33,24.34,631600.0,5000.0,5244.0,3500.0,9000.0,6000.0,3500.0,784.0,5370.0,1519.0,750.0,8391.0,5625.0,582.0,30000.0,1666.0,5625.0,2250.0,1519.0,3000.0,2200.0,5000.0,,,,,,,,,,,,,,,,,,,,,,,,,,0,0,0,0,0,0,0,0,0,0,0,0,0,0,0,0,0,0,0,0,0,0,0,0,0,0,0,0,0,0,0
1.0,1.0,1.0,,Welcome to the RITC 2026 Alogithmic Market Making Case - practice server,,225,2026-02-12 13:16:26.493869,SMMR,25.22,25.21,25.22,803300.0,,,,7911.0,,,,,,3100.0,2658.0,,,,,,,2851.0,,1100.0,6000.0,750.0,111.0,3540.0,12000.0,988200.0,3500.0,3300.0,2000.0,,,,,,,,,,,,,,,,,,0,0,0,0,0,0,0,0,0,0,0,0,0,0,0,0,0,0,0,0,0,0,0,0,0,0,0,0,0,0,0
,,,,,,225,2026-02-12 13:16:26.493869,ATMN,24.4,24.39,24.4,307300.0,,11250.0,,7911.0,,,,5625.0,,3200.0,,,,,,418.0,,2147.0,6000.0,1100.0,,,,,,773200.0,3500.0,1200.0,,8000.0,4000.0,6500.0,5625.0,6000.0,2250.0,1100.0,5352.0,2250.0,2250.0,4000.0,,,,,,,0,0,0,0,0,0,0,0,0,0,0,0,0,0,0,0,0,0,0,0,0,0,0,0,0,0,0,0,0,0,0
,,,,,,225,2026-02-12 13:16:26.493869,WNTR,23.98,23.98,23.99,597900.0,,,,9000.0,,,,,,1200.0,,,,,,,,3105.0,9000.0,3300.0,,750.0,,6223.0,6000.0,88900.0,,,1753.0,4000.0,4000.0,,,,,,3111.0,,,,5000.0,25000.0,10000.0,4500.0,1000.0,1243.0,0,0,0,0,0,0,0,0,0,0,0,0,0,0,0,0,0,0,0,0,0,0,0,0,0,0,0,0,0,0,0
2.0,1.0,1.0,,Aggregate Position Limit,Your CRO has set the aggregate position limit to 10000 shares for this week.,226,2026-02-12 13:16:27.514046,SPNG,24.29,24.33,24.34,5000.0,3500.0,5370.0,2622.0,3500.0,1717.0,3101.0,913500.0,1350.0,4949.0,3101.0,223000.0,1717.0,10000.0,3000.0,11615.0,1000.0,5625.0,4000.0,4500.0,3000.0,,,,,,,,,,,,,,,,,,,,,,,,,,,0,0,0,0,0,0,0,0,0,0,0,0,0,0,0,0,0,0,0,0,0,0,0,0,0,0,0,0,0,0,0
1.0,1.0,1.0,,Welcome to the RITC 2026 Alogithmic Market Making Case - practice server,,226,2026-02-12 13:16:27.514046,SMMR,25.12,25.2,25.22,,,,,,3101.0,12000.0,1015300.0,3100.0,2916.0,,174700.0,3101.0,,,,3000.0,,,,3000.0,10911.0,7614.0,2200.0,3500.0,6000.0,1028.0,1329.0,,,,,,,,,,,,,,,,,,,,0,0,0,0,0,0,0,0,0,0,0,0,0,0,0,0,0,0,0,0,0,0,0,0,0,0,0,0,0,0,0
,,,,,,226,2026-02-12 13:16:27.514046,ATMN,24.46,24.46,24.54,,4000.0,,5625.0,3500.0,,,212900.0,3200.0,,,758500.0,,,,,,,4000.0,,,9000.0,1864.0,,,,,,10585.0,2916.0,2250.0,828.0,5625.0,4000.0,6000.0,6000.0,7350.0,209.0,,,,,,,,,,0,0,0,0,0,0,0,0,0,0,0,0,0,0,0,0,0,0,0,0,0,0,0,0,0,0,0,0,0,0,0
,,,,,,226,2026-02-12 13:16:27.514046,WNTR,23.98,23.94,23.96,,,,,3500.0,6612.0,6000.0,503200.0,1200.0,3111.0,,,6612.0,,750.0,,3000.0,,,,3000.0,12000.0,,,,,,,,,,,,,10000.0,10000.0,,,1100.0,1042.0,1347.0,1400.0,4000.0,4000.0,6000.0,34464.0,4500.0,0,0,0,0,0,0,0,0,0,0,0,0,0,0,0,0,0,0,0,0,0,0,0,0,0,0,0,0,0,0,0
2.0,1.0,1.0,,Aggregate Position Limit,Your CRO has set the aggregate position limit to 10000 shares for this week.,227,2026-02-12 13:16:28.538356,SPNG,24.35,23.85,24.35,1352300.0,2500.0,2957.0,735.0,1112.0,1600.0,223000.0,1666.0,5625.0,252.0,10000.0,3000.0,6000.0,665.0,6000.0,1100.0,15000.0,3000.0,521.0,,,,,,,,,,,,,,,,,,,,,,,,,,,,0,0,0,0,0,0,0,0,0,0,0,0,0,0,0,0,0,0,0,0,0,0,0,0,0,0,0,0,0,0,0,0
1.0,1.0,1.0,,Welcome to the RITC 2026 Alogithmic Market Making Case - practice server,,227,2026-02-12 13:16:28.538356,SMMR,25.25,25.25,25.26,827900.0,,,2150.0,1799.0,,394400.0,,,2658.0,,1000.0,,3300.0,6000.0,1100.0,,,,2527.0,14242.0,3500.0,1400.0,593.0,6692.0,6000.0,1400.0,6000.0,,,,,,,,,,,,,,,,,,,0,0,0,0,0,0,0,0,0,0,0,0,0,0,0,0,0,0,0,0,0,0,0,0,0,0,0,0,0,0,0,0
,,,,,,227,2026-02-12 13:16:28.538356,ATMN,24.5,24.5,24.53,,,,,1555.0,,666600.0,,104.0,6500.0,,,,6400.0,,1100.0,,2250.0,,6673.0,9000.0,3500.0,,,,9000.0,,,13934.0,1220.0,2250.0,1100.0,2000.0,6000.0,3500.0,,,,,,,,,,,,0,0,0,0,0,0,0,0,0,0,0,0,0,0,0,0,0,0,0,0,0,0,0,0,0,0,0,0,0,0,0,0
,,,,,,227,2026-02-12 13:16:28.538356,WNTR,23.93,23.93,23.94,380200.0,,,,2318.0,,189900.0,,,,,4000.0,,,6000.0,5500.0,,,,1629.0,18000.0,3500.0,,,4000.0,3000.0,,,,1425.0,,,,,,2000.0,750.0,5000.0,4000.0,8000.0,821.0,4321.0,969.0,4000.0,4000.0,2318.0,0,0,0,0,0,0,0,0,0,0,0,0,0,0,0,0,0,0,0,0,0,0,0,0,0,0,0,0,0,0,0,0
2.0,1.0,1.0,,Aggregate Position Limit,Your CRO has set the aggregate position limit to 10000 shares for this week.,228,2026-02-12 13:16:29.571910,SPNG,23.96,24.12,24.18,3500.0,3000.0,4150.0,3101.0,1571.0,2625.0,1795.0,3000.0,597800.0,2957.0,4000.0,1502.0,1502.0,202000.0,25000.0,11710.0,3101.0,3000.0,3500.0,5625.0,2527.0,1666.0,5625.0,,,,,,,,,,,,,,,,,,,,,,0,0,0,0,0,0,0,0,0,0,0,0,0,0,0,0,0,0,0,0,0,0,0,0,0,0,0,0,0,0,0,0,0,0
1.0,1.0,1.0,,Welcome to the RITC 2026 Alogithmic Market Making Case - practice server,,228,2026-02-12 13:16:29.571910,SMMR,25.34,25.34,25.35,3500.0,9000.0,,6000.0,,,3111.0,,318800.0,,,4958.0,,989600.0,,,6000.0,,3500.0,,,,,8060.0,6000.0,2000.0,1571.0,5931.0,3300.0,3000.0,,,,,,,,,,,,,,,0,0,0,0,0,0,0,0,0,0,0,0,0,0,0,0,0,0,0,0,0,0,0,0,0,0,0,0,0,0,0,0,0,0
,,,,,,228,2026-02-12 13:16:29.571910,ATMN,24.4,24.4,24.41,,14242.0,3200.0,,1571.0,6750.0,,,312600.0,,10000.0,4556.0,4556.0,446600.0,,,,,3500.0,,,,,,,,3771.0,,4000.0,6000.0,5625.0,734.0,6500.0,4500.0,2250.0,,,,,,,,,,0,0,0,0,0,0,0,0,0,0,0,0,0,0,0,0,0,0,0,0,0,0,0,0,0,0,0,0,0,0,0,0,0,0
,,,,,,228,2026-02-12 13:16:29.571910,WNTR,23.94,23.9,23.92,3500.0,24000.0,,,,,,,380200.0,,8000.0,6192.0,6192.0,88900.0,,,,1000.0,3500.0,,3055.0,,,,,,4400.0,,,12000.0,,,,,,916.0,6000.0,4000.0,6000.0,10000.0,1042.0,6000.0,4000.0,4000.0,0,0,0,0,0,0,0,0,0,0,0,0,0,0,0,0,0,0,0,0,0,0,0,0,0,0,0,0,0,0,0,0,0,0
2.0,1.0,1.0,,Aggregate Position Limit,Your CRO has set the aggregate position limit to 10000 shares for this week.,229,2026-02-12 13:16:30.589283,SPNG,24.18,24.16,24.18,3590.0,219500.0,15000.0,3500.0,2500.0,990.0,9000.0,357.0,3399.0,2000.0,3101.0,2625.0,15000.0,3500.0,1297.0,2500.0,6750.0,3000.0,85300.0,11710.0,3101.0,357.0,2000.0,1828.0,5625.0,,,,,,,,,,,,,,,,,,0,0,0,0,0,0,0,0,0,0,0,0,0,0,0,0,0,0,0,0,0,0,0,0,0,0,0,0,0,0,0,0,0,0,0,0
1.0,1.0,1.0,,Welcome to the RITC 2026 Alogithmic Market Making Case - practice server,,229,2026-02-12 13:16:30.589283,SMMR,25.24,25.24,25.28,,633400.0,,3500.0,,,11242.0,,,2000.0,6000.0,,,3500.0,,,,750.0,989600.0,,,983.0,,3399.0,,6500.0,4000.0,738.0,6000.0,3450.0,3000.0,,,,,,,,,,,,0,0,0,0,0,0,0,0,0,0,0,0,0,0,0,0,0,0,0,0,0,0,0,0,0,0,0,0,0,0,0,0,0,0,0,0
,,,,,,229,2026-02-12 13:16:30.589283,ATMN,24.47,24.46,24.47,,218000.0,,,,5625.0,18000.0,,1571.0,2000.0,,6750.0,,,3398.0,,,2250.0,325400.0,,,,2000.0,4028.0,,,1000.0,,,4000.0,9000.0,6000.0,2250.0,3398.0,734.0,6000.0,,,,,,,0,0,0,0,0,0,0,0,0,0,0,0,0,0,0,0,0,0,0,0,0,0,0,0,0,0,0,0,0,0,0,0,0,0,0,0
,,,,,,229,2026-02-12 13:16:30.589283,WNTR,23.81,23.86,23.91,,1162000.0,,3500.0,,,10911.0,,,1615.0,6000.0,,,,2778.0,,,,88900.0,,,,1000.0,5971.0,,,,,,,12000.0,,,,,6000.0,12000.0,2333.0,15000.0,797.0,4000.0,4000.0,0,0,0,0,0,0,0,0,0,0,0,0,0,0,0,0,0,0,0,0,0,0,0,0,0,0,0,0,0,0,0,0,0,0,0,0
2.0,1.0,1.0,,Aggregate Position Limit,Your CRO has set the aggregate position limit to 10000 shares for this week.,230,2026-02-12 13:16:31.605057,SPNG,24.16,24.16,24.17,2625.0,20000.0,2500.0,6000.0,4000.0,100500.0,5840.0,990.0,6000.0,367.0,322.0,2000.0,1565.0,4500.0,5218.0,3500.0,3101.0,15000.0,4000.0,1565.0,2500.0,2441.0,2250.0,322.0,,,,,,,,,,,,,,,,,,,,,,,,,,,,0,0,0,0,0,0,0,0,0,0,0,0,0,0,0,0,0,0,0,0,0,0,0,0,0,0,0
1.0,1.0,1.0,,Welcome to the RITC 2026 Alogithmic Market Making Case - practice server,,230,2026-02-12 13:16:31.605057,SMMR,25.33,25.22,25.28,,,,,,442000.0,,,3000.0,738.0,,2000.0,2525.0,,,3500.0,,,,2525.0,,4012.0,,983.0,4000.0,6968.0,3500.0,3000.0,6000.0,680000.0,6500.0,4000.0,750.0,701.0,3300.0,,,,,,,,,,,,,,,,,0,0,0,0,0,0,0,0,0,0,0,0,0,0,0,0,0,0,0,0,0,0,0,0,0,0,0
,,,,,,230,2026-02-12 13:16:31.605057,ATMN,24.43,24.43,24.45,2250.0,,,6000.0,,397700.0,2441.0,,9000.0,,806.0,1200.0,2225.0,,,,,,2000.0,2225.0,,4641.0,,806.0,,,3500.0,,,441400.0,,,2250.0,,5200.0,6000.0,1160.0,658.0,6000.0,5625.0,5625.0,5652.0,6000.0,,,,,,,,,0,0,0,0,0,0,0,0,0,0,0,0,0,0,0,0,0,0,0,0,0,0,0,0,0,0,0
,,,,,,230,2026-02-12 13:16:31.605057,WNTR,23.83,23.83,23.87,,,,6000.0,,453200.0,2441.0,,,,1084.0,2000.0,,,,,,,1000.0,5196.0,,4641.0,,,,,3500.0,,6000.0,88900.0,6542.0,4000.0,,,,,6000.0,,,,,,6000.0,15000.0,4000.0,785.0,6000.0,5400.0,6000.0,6000.0,4000.0,0,0,0,0,0,0,0,0,0,0,0,0,0,0,0,0,0,0,0,0,0,0,0,0,0,0,0
2.0,1.0,1.0,,Aggregate Position Limit,Your CRO has set the aggregate position limit to 10000 shares for this week.,231,2026-02-12 13:16:32.619812,SPNG,24.2,24.17,24.2,3000.0,35000.0,3500.0,5250.0,1406.0,2500.0,6000.0,4000.0,3000.0,100500.0,2747.0,3972.0,3500.0,3910.0,350.0,5000.0,3000.0,193200.0,9292.0,5625.0,6750.0,1100.0,6000.0,2000.0,,,,,,,,,,,,,,,,,,,,,,,0,0,0,0,0,0,0,0,0,0,0,0,0,0,0,0,0,0,0,0,0,0,0,0,0,0,0,0,0,0,0,0
1.0,1.0,1.0,,Welcome to the RITC 2026 Alogithmic Market Making Case - practice server,,231,2026-02-12 13:16:32.619812,SMMR,25.29,25.26,25.28,6000.0,,,,,,,,750.0,115000.0,,,3500.0,,917.0,,6000.0,394400.0,,,,6643.0,,2000.0,6022.0,4000.0,11518.0,6000.0,5028.0,4000.0,6500.0,5994.0,,,,,,,,,,,,,,,0,0,0,0,0,0,0,0,0,0,0,0,0,0,0,0,0,0,0,0,0,0,0,0,0,0,0,0,0,0,0,0
,,,,,,231,2026-02-12 13:16:32.619812,ATMN,24.4,24.37,24.39,12000.0,,3500.0,,5625.0,,12000.0,4000.0,,310300.0,,,3500.0,2603.0,,,6000.0,236600.0,,,,5072.0,,,4000.0,,,,2603.0,,,2000.0,802.0,6000.0,1200.0,2806.0,5625.0,5000.0,10000.0,6000.0,5625.0,6000.0,,,,,0,0,0,0,0,0,0,0,0,0,0,0,0,0,0,0,0,0,0,0,0,0,0,0,0,0,0,0,0,0,0,0
,,,,,,231,2026-02-12 13:16:32.619812,WNTR,24.01,24.01,24.03,3000.0,,3500.0,,,,6000.0,,,179600.0,,1531.0,3500.0,,,,,1120000.0,,,,,18000.0,1200.0,400.0,4000.0,6500.0,,2959.0,,,,843.0,,,,,,8000.0,,,,35000.0,4000.0,10000.0,6000.0,0,0,0,0,0,0,0,0,0,0,0,0,0,0,0,0,0,0,0,0,0,0,0,0,0,0,0,0,0,0,0,0
2.0,1.0,1.0,,Aggregate Position Limit,Your CRO has set the aggregate position limit to 10000 shares for this week.,232,2026-02-12 13:16:33.638495,SPNG,24.31,24.3,24.32,6000.0,3500.0,1000.0,37790.0,2445.0,3956.0,109400.0,10000.0,1100.0,383.0,2625.0,9000.0,3500.0,5625.0,383.0,2625.0,106300.0,6969.0,5625.0,6750.0,1100.0,6000.0,2445.0,2000.0,,,,,,,,,,,,,,,,,,,,,,,,,0,0,0,0,0,0,0,0,0,0,0,0,0,0,0,0,0,0,0,0,0,0,0,0,0,0,0,0,0,0
1.0,1.0,1.0,,Welcome to the RITC 2026 Alogithmic Market Making Case - practice server,,232,2026-02-12 13:16:33.638495,SMMR,25.27,25.26,25.27,6000.0,3500.0,,,3469.0,,951000.0,,1828.0,,,9000.0,3500.0,,954.0,,91200.0,,,,7272.0,,3469.0,,6000.0,2800.0,808.0,803.0,1200.0,750.0,1000.0,6000.0,536.0,2000.0,808.0,,,,,,,,,,,,,,0,0,0,0,0,0,0,0,0,0,0,0,0,0,0,0,0,0,0,0,0,0,0,0,0,0,0,0,0,0
,,,,,,232,2026-02-12 13:16:33.638495,ATMN,24.4,24.38,24.39,15000.0,3500.0,,,3037.0,,215700.0,,,,4500.0,6000.0,3500.0,5625.0,577.0,4500.0,222500.0,,,,5741.0,,,,,4000.0,,,1200.0,,1000.0,,,4000.0,,2250.0,6000.0,12000.0,4000.0,1403.0,10000.0,1811.0,647.0,,,,,,0,0,0,0,0,0,0,0,0,0,0,0,0,0,0,0,0,0,0,0,0,0,0,0,0,0,0,0,0,0
,,,,,,232,2026-02-12 13:16:33.638495,WNTR,24.02,24.01,24.02,6000.0,3500.0,1000.0,,6906.0,,283700.0,,3731.0,1293.0,,6000.0,3500.0,,,,555400.0,,,,,12000.0,,1200.0,,6900.0,,,,,,,,2600.0,,,,,,,8000.0,,,10000.0,6500.0,14301.0,6000.0,4000.0,0,0,0,0,0,0,0,0,0,0,0,0,0,0,0,0,0,0,0,0,0,0,0,0,0,0,0,0,0,0
2.0,1.0,1.0,,Aggregate Position Limit,Your CRO has set the aggregate position limit to 10000 shares for this week.,233,2026-02-12 13:16:34.661188,SPNG,24.32,24.31,24.32,9000.0,2638.0,5000.0,2500.0,2200.0,3500.0,2309.0,1000.0,563.0,2625.0,6000.0,6000.0,5000.0,11250.0,3500.0,6000.0,5625.0,5625.0,15000.0,5250.0,200500.0,6000.0,1100.0,2309.0,6000.0,,,,,,,,,,,,,,,,,,,,,,,,0,0,0,0,0,0,0,0,0,0,0,0,0,0,0,0,0,0,0,0,0,0,0,0,0,0,0,0,0,0
1.0,1.0,1.0,,Welcome to the RITC 2026 Alogithmic Market Making Case - practice server,,233,2026-02-12 13:16:34.661188,SMMR,25.25,25.25,25.27,9000.0,,,,1828.0,,3276.0,,,,,,,,3500.0,,,,9000.0,,91200.0,,7031.0,3276.0,,1400.0,1034000.0,803.0,2150.0,6000.0,6200.0,1000.0,536.0,,,,,,,,,,,,,,,,0,0,0,0,0,0,0,0,0,0,0,0,0,0,0,0,0,0,0,0,0,0,0,0,0,0,0,0,0,0
,,,,,,233,2026-02-12 13:16:34.661188,ATMN,24.39,24.37,24.39,9000.0,,,,,3500.0,2620.0,,351.0,2250.0,6000.0,4500.0,,,3500.0,,,2812.0,6000.0,2250.0,222500.0,,6841.0,2620.0,,,210600.0,,1200.0,,5600.0,1000.0,,6000.0,8000.0,5625.0,734.0,5625.0,1400.0,6000.0,,,,,,,,,0,0,0,0,0,0,0,0,0,0,0,0,0,0,0,0,0,0,0,0,0,0,0,0,0,0,0,0,0,0
,,,,,,233,2026-02-12 13:16:34.661188,WNTR,24.06,23.99,24.06,9000.0,,,,3731.0,,3269.0,,,,,,,,,,,,3000.0,,1207800.0,,,3269.0,18000.0,8000.0,90000.0,,,,,,,,,,998.0,,,,1032.0,6000.0,6500.0,20000.0,5000.0,4000.0,1200.0,878.0,0,0,0,0,0,0,0,0,0,0,0,0,0,0,0,0,0,0,0,0,0,0,0,0,0,0,0,0,0,0
2.0,1.0,1.0,,Aggregate Position Limit,Your CRO has set the aggregate position limit to 10000 shares for this week.,234,2026-02-12 13:16:35.684877,SPNG,24.28,24.28,24.3,2000.0,109400.0,5934.0,2110.0,2318.0,6000.0,397.0,6000.0,25000.0,1100.0,3000.0,1567.0,2625.0,2763.0,4000.0,308800.0,15000.0,1567.0,3500.0,6000.0,2500.0,5625.0,5625.0,6000.0,397.0,5250.0,,,,,,,,,,,,,,,,,,,,,,0,0,0,0,0,0,0,0,0,0,0,0,0,0,0,0,0,0,0,0,0,0,0,0,0,0,0,0,0,0,0
1.0,1.0,1.0,,Welcome to the RITC 2026 Alogithmic Market Making Case - practice server,,234,2026-02-12 13:16:35.684877,SMMR,25.22,25.24,25.25,,1311400.0,,,,,,9000.0,,1100.0,,2015.0,,,,376600.0,,4279.0,3500.0,6000.0,,,,3000.0,3147.0,,2150.0,3000.0,750.0,8000.0,1000.0,1100.0,2000.0,,,,,,,,,,,,,,,0,0,0,0,0,0,0,0,0,0,0,0,0,0,0,0,0,0,0,0,0,0,0,0,0,0,0,0,0,0,0
,,,,,,234,2026-02-12 13:16:35.684877,ATMN,24.37,24.35,24.37,,210600.0,,5625.0,3814.0,,,18000.0,,,,,4500.0,,,126200.0,,3346.0,3500.0,,,,,6000.0,,4500.0,1200.0,,2250.0,4400.0,1000.0,5500.0,,3500.0,6000.0,6000.0,2250.0,4000.0,647.0,175.0,6000.0,,,,,,,0,0,0,0,0,0,0,0,0,0,0,0,0,0,0,0,0,0,0,0,0,0,0,0,0,0,0,0,0,0,0
,,,,,,234,2026-02-12 13:16:35.684877,WNTR,24.01,24.01,24.05,,689400.0,,,,6000.0,1464.0,12000.0,,3541.0,,2090.0,,,,891000.0,,1559.0,,,,,,6000.0,,,2400.0,,,,,,5200.0,3500.0,,,,,,,,5000.0,998.0,6000.0,4000.0,5000.0,682.0,0,0,0,0,0,0,0,0,0,0,0,0,0,0,0,0,0,0,0,0,0,0,0,0,0,0,0,0,0,0,0
2.0,1.0,1.0,,Aggregate Position Limit,Your CRO has set the aggregate position limit to 10000 shares for this week.,235,2026-02-12 13:16:36.710427,SPNG,24.27,24.24,24.27,15000.0,4000.0,5000.0,3000.0,100500.0,7371.0,4944.0,6000.0,2318.0,3040.0,19008.0,3040.0,9000.0,600.0,5250.0,3000.0,202500.0,1964.0,6000.0,5625.0,5625.0,,,,,,,,,,,,,,,0,0,0,0,0,0,0,0,0,0,0,0,0,0,0,0,0,0,0,0,0,0,0,0,0,0,0,0,0,0,0,0,0,0,0,0,0,0,0,0,0,0,0
1.0,1.0,1.0,,Welcome to the RITC 2026 Alogithmic Market Making Case - practice server,,235,2026-02-12 13:16:36.710427,SMMR,25.26,25.26,25.27,12000.0,,,,1019800.0,1964.0,,,,3610.0,,3610.0,9000.0,,,,1186500.0,1100.0,6000.0,,,300.0,500.0,1000.0,1440.0,,,,,,,,,,,0,0,0,0,0,0,0,0,0,0,0,0,0,0,0,0,0,0,0,0,0,0,0,0,0,0,0,0,0,0,0,0,0,0,0,0,0,0,0,0,0,0,0
,,,,,,235,2026-02-12 13:16:36.710427,ATMN,24.35,24.39,24.42,24000.0,,,4500.0,327800.0,1964.0,,6000.0,1907.0,,,,9000.0,,4500.0,2250.0,790900.0,3731.0,,5625.0,8438.0,,,,,6750.0,3500.0,,,,,,,,,0,0,0,0,0,0,0,0,0,0,0,0,0,0,0,0,0,0,0,0,0,0,0,0,0,0,0,0,0,0,0,0,0,0,0,0,0,0,0,0,0,0,0
,,,,,,235,2026-02-12 13:16:36.710427,WNTR,23.91,23.91,23.93,12000.0,8000.0,,,783100.0,,,,,,,1867.0,6000.0,,,750.0,125400.0,,6000.0,,,,,,2652.0,,3500.0,4000.0,1476.0,1000.0,3500.0,8000.0,6500.0,25000.0,4000.0,0,0,0,0,0,0,0,0,0,0,0,0,0,0,0,0,0,0,0,0,0,0,0,0,0,0,0,0,0,0,0,0,0,0,0,0,0,0,0,0,0,0,0
2.0,1.0,1.0,,Aggregate Position Limit,Your CRO has set the aggregate position limit to 10000 shares for this week.,236,2026-02-12 13:16:37.728035,SPNG,24.24,24.22,24.24,3500.0,4000.0,10000.0,2500.0,3000.0,3399.0,1027600.0,3000.0,3000.0,6000.0,6567.0,3500.0,6000.0,29008.0,2500.0,600.0,2625.0,3000.0,,,,,,,,,,,,,,,0,0,0,0,0,0,0,0,0,0,0,0,0,0,0,0,0,0,0,0,0,0,0,0,0,0,0,0,0,0,0,0,0,0,0,0,0,0,0,0,0,0,0,0,0,0
1.0,1.0,1.0,,Welcome to the RITC 2026 Alogithmic Market Making Case - practice server,,236,2026-02-12 13:16:37.728035,SMMR,25.27,25.24,25.26,,,,,3000.0,3064.0,1605300.0,,,,,3500.0,,,,8000.0,,,671.0,2720.0,372400.0,1100.0,671.0,,,,,,,,,,0,0,0,0,0,0,0,0,0,0,0,0,0,0,0,0,0,0,0,0,0,0,0,0,0,0,0,0,0,0,0,0,0,0,0,0,0,0,0,0,0,0,0,0,0,0
,,,,,,236,2026-02-12 13:16:37.728035,ATMN,24.52,24.39,24.52,3500.0,4000.0,,,3000.0,1100.0,,2250.0,3000.0,,,,,,,,2250.0,2250.0,,,1401000.0,2200.0,,1000.0,12892.0,2250.0,5625.0,,,,,,0,0,0,0,0,0,0,0,0,0,0,0,0,0,0,0,0,0,0,0,0,0,0,0,0,0,0,0,0,0,0,0,0,0,0,0,0,0,0,0,0,0,0,0,0,0
,,,,,,236,2026-02-12 13:16:37.728035,WNTR,23.83,23.82,23.83,,,,,6000.0,1964.0,1554300.0,,,,6500.0,,6000.0,,,,,750.0,,2652.0,219900.0,3064.0,,,,,,3444.0,4000.0,9451.0,40000.0,4000.0,0,0,0,0,0,0,0,0,0,0,0,0,0,0,0,0,0,0,0,0,0,0,0,0,0,0,0,0,0,0,0,0,0,0,0,0,0,0,0,0,0,0,0,0,0,0
2.0,1.0,1.0,,Aggregate Position Limit,Your CRO has set the aggregate position limit to 10000 shares for this week.,237,2026-02-12 13:16:38.746403,SPNG,24.26,24.26,24.27,20000.0,3500.0,924100.0,2500.0,2594.0,12000.0,6000.0,3500.0,2500.0,3000.0,884000.0,10000.0,477.0,7875.0,,,,,,,,,,,,,,0,0,0,0,0,0,0,0,0,0,0,0,0,0,0,0,0,0,0,0,0,0,0,0,0,0,0,0,0,0,0,0,0,0,0,0,0,0,0,0,0,0,0,0,0,0,0,0,0,0,0
1.0,1.0,1.0,,Welcome to the RITC 2026 Alogithmic Market Making Case - practice server,,237,2026-02-12 13:16:38.746403,SMMR,25.36,25.3,25.36,,3500.0,1330600.0,,,9000.0,6000.0,3500.0,,,1463300.0,,,,2000.0,1000.0,886.0,2000.0,1000.0,,,,,,,,,0,0,0,0,0,0,0,0,0,0,0,0,0,0,0,0,0,0,0,0,0,0,0,0,0,0,0,0,0,0,0,0,0,0,0,0,0,0,0,0,0,0,0,0,0,0,0,0,0,0,0
,,,,,,237,2026-02-12 13:16:38.746403,ATMN,24.49,24.47,24.49,,3500.0,327800.0,,,6000.0,3000.0,3500.0,,2250.0,1709600.0,,,,8000.0,,,,,10847.0,8000.0,6000.0,4500.0,2250.0,6500.0,,,0,0,0,0,0,0,0,0,0,0,0,0,0,0,0,0,0,0,0,0,0,0,0,0,0,0,0,0,0,0,0,0,0,0,0,0,0,0,0,0,0,0,0,0,0,0,0,0,0,0,0
,,,,,,237,2026-02-12 13:16:38.746403,WNTR,23.98,23.83,23.98,,,1422500.0,,,6000.0,3000.0,,,,1949500.0,,,,2000.0,,,,,,,,,,,20000.0,5000.0,0,0,0,0,0,0,0,0,0,0,0,0,0,0,0,0,0,0,0,0,0,0,0,0,0,0,0,0,0,0,0,0,0,0,0,0,0,0,0,0,0,0,0,0,0,0,0,0,0,0,0
2.0,1.0,1.0,,Aggregate Position Limit,Your CRO has set the aggregate position limit to 10000 shares for this week.,238,2026-02-12 13:16:39.765146,SPNG,23.97,24.16,24.31,2500.0,1000.0,1944600.0,1816600.0,2500.0,1000.0,,0,0,0,0,0,0,0,0,0,0,0,0,0,0,0,0,0,0,0,0,0,0,0,0,0,0,0,0,0,0,0,0,0,0,0,0,0,0,0,0,0,0,0,0,0,0,0,0,0,0,0,0,0,0,0,0,0,0,0,0,0,0,0,0,0,0,0,0,0,0,0
1.0,1.0,1.0,,Welcome to the RITC 2026 Alogithmic Market Making Case - practice server,,238,2026-02-12 13:16:39.765146,SMMR,25.24,25.24,25.36,,,2008200.0,1922700.0,,,,0,0,0,0,0,0,0,0,0,0,0,0,0,0,0,0,0,0,0,0,0,0,0,0,0,0,0,0,0,0,0,0,0,0,0,0,0,0,0,0,0,0,0,0,0,0,0,0,0,0,0,0,0,0,0,0,0,0,0,0,0,0,0,0,0,0,0,0,0,0,0
,,,,,,238,2026-02-12 13:16:39.765146,ATMN,24.56,24.35,24.56,,,2091900.0,2118100.0,,,575.0,0,0,0,0,0,0,0,0,0,0,0,0,0,0,0,0,0,0,0,0,0,0,0,0,0,0,0,0,0,0,0,0,0,0,0,0,0,0,0,0,0,0,0,0,0,0,0,0,0,0,0,0,0,0,0,0,0,0,0,0,0,0,0,0,0,0,0,0,0,0,0
,,,,,,238,2026-02-12 13:16:39.765146,WNTR,24.1,23.98,24.1,,,2278600.0,2162200.0,,,,0,0,0,0,0,0,0,0,0,0,0,0,0,0,0,0,0,0,0,0,0,0,0,0,0,0,0,0,0,0,0,0,0,0,0,0,0,0,0,0,0,0,0,0,0,0,0,0,0,0,0,0,0,0,0,0,0,0,0,0,0,0,0,0,0,0,0,0,0,0,0
2.0,1.0,1.0,,Aggregate Position Limit,Your CRO has set the aggregate position limit to 10000 shares for this week.,239,2026-02-12 13:16:40.787279,SPNG,24.17,23.97,24.17,2206900.0,1805000.0,2500.0,419.0,,,,,0,0,0,0,0,0,0,0,0,0,0,0,0,0,0,0,0,0,0,0,0,0,0,0,0,0,0,0,0,0,0,0,0,0,0,0,0,0,0,0,0,0,0,0,0,0,0,0,0,0,0,0,0,0,0,0,0,0,0,0,0,0,0,0,0,0,0,0,0,0
1.0,1.0,1.0,,Welcome to the RITC 2026 Alogithmic Market Making Case - practice server,,239,2026-02-12 13:16:40.787279,SMMR,25.09,25.09,25.38,2055100.0,1731900.0,,,590.0,886.0,,,0,0,0,0,0,0,0,0,0,0,0,0,0,0,0,0,0,0,0,0,0,0,0,0,0,0,0,0,0,0,0,0,0,0,0,0,0,0,0,0,0,0,0,0,0,0,0,0,0,0,0,0,0,0,0,0,0,0,0,0,0,0,0,0,0,0,0,0,0,0
,,,,,,239,2026-02-12 13:16:40.787279,ATMN,24.44,24.44,24.56,2079900.0,1980600.0,,,,,575.0,1000.0,0,0,0,0,0,0,0,0,0,0,0,0,0,0,0,0,0,0,0,0,0,0,0,0,0,0,0,0,0,0,0,0,0,0,0,0,0,0,0,0,0,0,0,0,0,0,0,0,0,0,0,0,0,0,0,0,0,0,0,0,0,0,0,0,0,0,0,0,0,0
,,,,,,239,2026-02-12 13:16:40.787279,WNTR,23.98,23.98,24.09,2278600.0,2168200.0,,,,,,,0,0,0,0,0,0,0,0,0,0,0,0,0,0,0,0,0,0,0,0,0,0,0,0,0,0,0,0,0,0,0,0,0,0,0,0,0,0,0,0,0,0,0,0,0,0,0,0,0,0,0,0,0,0,0,0,0,0,0,0,0,0,0,0,0,0,0,0,0,0
2.0,1.0,1.0,,Aggregate Position Limit,Your CRO has set the aggregate position limit to 10000 shares for this week.,240,2026-02-12 13:16:41.806036,SPNG,24.45,24.56,25.14,884100.0,230.0,4000.0,5252.0,944200.0,5252.0,230.0,,,,,,,,,0,0,0,0,0,0,0,0,0,0,0,0,0,0,0,0,0,0,0,0,0,0,0,0,0,0,0,0,0,0,0,0,0,0,0,0,0,0,0,0,0,0,0,0,0,0,0,0,0,0,0,0,0,0,0,0,0,0,0,0,0,0,0
1.0,1.0,1.0,,Welcome to the RITC 2026 Alogithmic Market Making Case - practice server,,240,2026-02-12 13:16:41.806036,SMMR,25.86,25.86,25.93,930300.0,563.0,,,767700.0,,,,,,,,,,,0,0,0,0,0,0,0,0,0,0,0,0,0,0,0,0,0,0,0,0,0,0,0,0,0,0,0,0,0,0,0,0,0,0,0,0,0,0,0,0,0,0,0,0,0,0,0,0,0,0,0,0,0,0,0,0,0,0,0,0,0,0,0
,,,,,,240,2026-02-12 13:16:41.806036,ATMN,24.65,24.41,24.6,898500.0,422.0,4000.0,,961000.0,,,560.0,6000.0,4000.0,6000.0,6000.0,4000.0,4000.0,645.0,0,0,0,0,0,0,0,0,0,0,0,0,0,0,0,0,0,0,0,0,0,0,0,0,0,0,0,0,0,0,0,0,0,0,0,0,0,0,0,0,0,0,0,0,0,0,0,0,0,0,0,0,0,0,0,0,0,0,0,0,0,0,0
,,,,,,240,2026-02-12 13:16:41.806036,WNTR,25.64,25.64,25.82,784100.0,,,,991200.0,,,,6000.0,,,,,,,0,0,0,0,0,0,0,0,0,0,0,0,0,0,0,0,0,0,0,0,0,0,0,0,0,0,0,0,0,0,0,0,0,0,0,0,0,0,0,0,0,0,0,0,0,0,0,0,0,0,0,0,0,0,0,0,0,0,0,0,0,0,0
2.0,1.0,1.0,,Aggregate Position Limit,Your CRO has set the aggregate position limit to 10000 shares for this week.,242,2026-02-12 13:16:42.833658,SPNG,24.64,24.63,24.64,3200.0,3500.0,489000.0,15756.0,4000.0,6000.0,4000.0,6000.0,292800.0,3500.0,3000.0,6000.0,8000.0,7878.0,,,,,,,,,,,0,0,0,0,0,0,0,0,0,0,0,0,0,0,0,0,0,0,0,0,0,0,0,0,0,0,0,0,0,0,0,0,0,0,0,0,0,0,0,0,0,0,0,0,0,0,0,0,0,0,0,0,0,0
1.0,1.0,1.0,,Welcome to the RITC 2026 Alogithmic Market Making Case - practice server,,242,2026-02-12 13:16:42.833658,SMMR,25.98,25.95,25.97,8000.0,3500.0,577200.0,,,,,,575000.0,3500.0,,,5900.0,,800.0,4000.0,6000.0,,,,,,,,0,0,0,0,0,0,0,0,0,0,0,0,0,0,0,0,0,0,0,0,0,0,0,0,0,0,0,0,0,0,0,0,0,0,0,0,0,0,0,0,0,0,0,0,0,0,0,0,0,0,0,0,0,0
,,,,,,242,2026-02-12 13:16:42.833658,ATMN,23.09,24.45,24.58,1600.0,3500.0,903700.0,,,,,,896100.0,3500.0,,,800.0,,,,,1027.0,2000.0,12000.0,8000.0,8000.0,1175.0,6000.0,0,0,0,0,0,0,0,0,0,0,0,0,0,0,0,0,0,0,0,0,0,0,0,0,0,0,0,0,0,0,0,0,0,0,0,0,0,0,0,0,0,0,0,0,0,0,0,0,0,0,0,0,0,0
,,,,,,242,2026-02-12 13:16:42.833658,WNTR,24.53,24.53,25.32,,3500.0,806300.0,,4000.0,6000.0,4000.0,6000.0,1203200.0,3500.0,3000.0,,,,,,,,,6000.0,4000.0,4000.0,,,0,0,0,0,0,0,0,0,0,0,0,0,0,0,0,0,0,0,0,0,0,0,0,0,0,0,0,0,0,0,0,0,0,0,0,0,0,0,0,0,0,0,0,0,0,0,0,0,0,0,0,0,0,0
2.0,1.0,1.0,,Aggregate Position Limit,Your CRO has set the aggregate position limit to 10000 shares for this week.,243,2026-02-12 13:16:43.878504,SPNG,24.61,24.61,24.63,2626.0,3000.0,3000.0,1100.0,100000.0,25000.0,1750.0,287900.0,3500.0,8000.0,5252.0,3000.0,369.0,6000.0,,,,,,,,,,,,0,0,0,0,0,0,0,0,0,0,0,0,0,0,0,0,0,0,0,0,0,0,0,0,0,0,0,0,0,0,0,0,0,0,0,0,0,0,0,0,0,0,0,0,0,0,0,0,0,0,0,0,0
1.0,1.0,1.0,,Welcome to the RITC 2026 Alogithmic Market Making Case - practice server,,243,2026-02-12 13:16:43.878504,SMMR,26.04,26.05,26.37,,3000.0,1600.0,1100.0,1383500.0,,,761800.0,,1600.0,,,,,2000.0,940.0,,,,,,,,,,0,0,0,0,0,0,0,0,0,0,0,0,0,0,0,0,0,0,0,0,0,0,0,0,0,0,0,0,0,0,0,0,0,0,0,0,0,0,0,0,0,0,0,0,0,0,0,0,0,0,0,0,0
,,,,,,243,2026-02-12 13:16:43.878504,ATMN,23.09,24.28,24.35,,,,,915900.0,,,218200.0,3500.0,8000.0,,3000.0,,,,,6500.0,5950.0,3200.0,2000.0,1007.0,6000.0,,,,0,0,0,0,0,0,0,0,0,0,0,0,0,0,0,0,0,0,0,0,0,0,0,0,0,0,0,0,0,0,0,0,0,0,0,0,0,0,0,0,0,0,0,0,0,0,0,0,0,0,0,0,0
,,,,,,243,2026-02-12 13:16:43.878504,WNTR,24.5,24.57,24.59,,3000.0,,,841200.0,,2000.0,216900.0,3500.0,8000.0,,3000.0,1403.0,,,1403.0,,4900.0,3200.0,,,,6000.0,2000.0,6500.0,0,0,0,0,0,0,0,0,0,0,0,0,0,0,0,0,0,0,0,0,0,0,0,0,0,0,0,0,0,0,0,0,0,0,0,0,0,0,0,0,0,0,0,0,0,0,0,0,0,0,0,0,0
2.0,1.0,1.0,,Aggregate Position Limit,Your CRO has set the aggregate position limit to 10000 shares for this week.,244,2026-02-12 13:16:44.909366,SPNG,24.61,24.61,24.62,11250.0,5000.0,3500.0,6000.0,3500.0,900.0,1100.0,100000.0,25000.0,1750.0,2625.0,3000.0,7500.0,800.0,15000.0,12000.0,2625.0,500.0,280500.0,3500.0,6000.0,2626.0,1100.0,,,,,,,,,,,,,0,0,0,0,0,0,0,0,0,0,0,0,0,0,0,0,0,0,0,0,0,0,0,0,0,0,0,0,0,0,0,0,0,0,0,0,0,0,0,0,0,0,0
1.0,1.0,1.0,,Welcome to the RITC 2026 Alogithmic Market Making Case - practice server,,244,2026-02-12 13:16:44.909366,SMMR,26.12,26.12,26.19,2250.0,,3500.0,12000.0,3500.0,1600.0,2200.0,387200.0,,,,,750.0,800.0,,3000.0,,,651300.0,3500.0,,,1100.0,750.0,4000.0,600.0,5950.0,4000.0,,,,,,,,0,0,0,0,0,0,0,0,0,0,0,0,0,0,0,0,0,0,0,0,0,0,0,0,0,0,0,0,0,0,0,0,0,0,0,0,0,0,0,0,0,0,0
,,,,,,244,2026-02-12 13:16:44.909366,ATMN,24.11,23.2,24.11,,,,,,,,915900.0,,2000.0,,,2250.0,1600.0,,9000.0,,3500.0,227100.0,,,,,2250.0,3500.0,,4150.0,3500.0,4000.0,4000.0,6500.0,7200.0,2000.0,,,0,0,0,0,0,0,0,0,0,0,0,0,0,0,0,0,0,0,0,0,0,0,0,0,0,0,0,0,0,0,0,0,0,0,0,0,0,0,0,0,0,0,0
,,,,,,244,2026-02-12 13:16:44.909366,WNTR,24.54,24.54,24.56,,,,6000.0,3500.0,900.0,1100.0,485600.0,,2000.0,,,,800.0,,12000.0,,3500.0,339900.0,,,,,,4500.0,4450.0,5200.0,4500.0,,,6500.0,,2000.0,6000.0,15000.0,0,0,0,0,0,0,0,0,0,0,0,0,0,0,0,0,0,0,0,0,0,0,0,0,0,0,0,0,0,0,0,0,0,0,0,0,0,0,0,0,0,0,0
2.0,1.0,1.0,,Aggregate Position Limit,Your CRO has set the aggregate position limit to 10000 shares for this week.,245,2026-02-12 13:16:45.952087,SPNG,24.52,24.53,24.54,3200.0,8000.0,3500.0,643.0,5625.0,2625.0,10000.0,94600.0,9000.0,3500.0,3000.0,5625.0,3200.0,3500.0,2717.0,1600.0,6000.0,3500.0,5625.0,5000.0,3000.0,2625.0,373800.0,6000.0,4000.0,,,,,,,,,,,,,,,,,,0,0,0,0,0,0,0,0,0,0,0,0,0,0,0,0,0,0,0,0,0,0,0,0,0,0,0,0,0,0,0,0,0,0,0,0
1.0,1.0,1.0,,Welcome to the RITC 2026 Alogithmic Market Making Case - practice server,,245,2026-02-12 13:16:45.952087,SMMR,26.12,26.1,26.12,,,,2400.0,,,,556600.0,,,15000.0,,1300.0,7000.0,3622.0,2425.0,3000.0,3500.0,,,,,275600.0,,,3300.0,1500.0,3622.0,658.0,6500.0,1043.0,1100.0,,,,,,,,,,,0,0,0,0,0,0,0,0,0,0,0,0,0,0,0,0,0,0,0,0,0,0,0,0,0,0,0,0,0,0,0,0,0,0,0,0
,,,,,,245,2026-02-12 13:16:45.952087,ATMN,23.27,23.34,23.36,2750.0,2000.0,2275.0,2079.0,,,,538200.0,,,6000.0,,4150.0,,2657.0,800.0,9000.0,3500.0,,,,2250.0,,,,,,2657.0,4000.0,8681.0,,,2400.0,6500.0,6000.0,,,,,,,,0,0,0,0,0,0,0,0,0,0,0,0,0,0,0,0,0,0,0,0,0,0,0,0,0,0,0,0,0,0,0,0,0,0,0,0
,,,,,,245,2026-02-12 13:16:45.952087,WNTR,24.54,24.54,24.55,2150.0,,3500.0,600.0,,,,287400.0,,,12000.0,,,3500.0,4075.0,3200.0,3000.0,3500.0,,,750.0,,123000.0,6000.0,,1100.0,,4075.0,,,,,,,,12000.0,6000.0,4000.0,4000.0,1400.0,40000.0,4000.0,0,0,0,0,0,0,0,0,0,0,0,0,0,0,0,0,0,0,0,0,0,0,0,0,0,0,0,0,0,0,0,0,0,0,0,0
2.0,1.0,1.0,,Aggregate Position Limit,Your CRO has set the aggregate position limit to 10000 shares for this week.,245,2026-02-12 13:16:47.002905,SPNG,24.56,24.55,24.56,2812.0,3500.0,20000.0,3500.0,1000.0,6000.0,6430.0,700.0,6400.0,1000.0,3257.0,5625.0,3500.0,6562.0,5625.0,3000.0,177300.0,4000.0,6000.0,,,,,,,,,,,,,,,,,0,0,0,0,0,0,0,0,0,0,0,0,0,0,0,0,0,0,0,0,0,0,0,0,0,0,0,0,0,0,0,0,0,0,0,0,0,0,0,0,0,0,0
1.0,1.0,1.0,,Welcome to the RITC 2026 Alogithmic Market Making Case - practice server,,245,2026-02-12 13:16:47.002905,SMMR,25.96,25.94,25.96,,,,,,,,,5600.0,,3774.0,,3500.0,750.0,,,291700.0,,6000.0,1302400.0,1100.0,3000.0,3774.0,6000.0,975.0,7000.0,376.0,975.0,,,,,,,,0,0,0,0,0,0,0,0,0,0,0,0,0,0,0,0,0,0,0,0,0,0,0,0,0,0,0,0,0,0,0,0,0,0,0,0,0,0,0,0,0,0,0
,,,,,,245,2026-02-12 13:16:47.002905,ATMN,22.71,22.83,22.93,,,,1876.0,,,,,800.0,,3283.0,,3500.0,3712.0,,,103100.0,,6000.0,934100.0,,,1575.0,,,12696.0,1600.0,,6000.0,1100.0,13231.0,1888.0,,,,0,0,0,0,0,0,0,0,0,0,0,0,0,0,0,0,0,0,0,0,0,0,0,0,0,0,0,0,0,0,0,0,0,0,0,0,0,0,0,0,0,0,0
,,,,,,245,2026-02-12 13:16:47.002905,WNTR,24.52,24.49,24.55,,,,,,,,950.0,1600.0,,5650.0,,3500.0,,,,123000.0,4000.0,,953200.0,,18000.0,5650.0,,1400.0,7000.0,,,3000.0,,,,684.0,45000.0,6000.0,0,0,0,0,0,0,0,0,0,0,0,0,0,0,0,0,0,0,0,0,0,0,0,0,0,0,0,0,0,0,0,0,0,0,0,0,0,0,0,0,0,0,0
2.0,1.0,1.0,,Aggregate Position Limit,Your CRO has set the aggregate position limit to 10000 shares for this week.,246,2026-02-12 13:16:48.027267,SPNG,24.5,24.5,24.55,94600.0,5000.0,3000.0,12000.0,2150.0,6000.0,12000.0,2812.0,5252.0,2812.0,6000.0,1164.0,14000.0,12000.0,3500.0,3500.0,5000.0,1100.0,2000.0,6000.0,600.0,5625.0,1338.0,270600.0,4000.0,3000.0,,,,,,,,,,,,,,,,,,,,,,,0,0,0,0,0,0,0,0,0,0,0,0,0,0,0,0,0,0,0,0,0,0,0,0,0,0,0,0,0,0
1.0,1.0,1.0,,Welcome to the RITC 2026 Alogithmic Market Making Case - practice server,,246,2026-02-12 13:16:48.027267,SMMR,26.07,26.0,26.04,659000.0,,,,750.0,,,,,,6000.0,,,,,,,3300.0,,,,,,498100.0,,,7700.0,6000.0,2200.0,3500.0,1078.0,750.0,1382.0,6000.0,2000.0,750.0,6000.0,12000.0,3500.0,,,,,,,,,,0,0,0,0,0,0,0,0,0,0,0,0,0,0,0,0,0,0,0,0,0,0,0,0,0,0,0,0,0,0
,,,,,,246,2026-02-12 13:16:48.027267,ATMN,23.37,23.36,23.37,651200.0,,,,,,10738.0,11250.0,,,,,,,,3500.0,,1100.0,,,3200.0,5624.0,1606.0,115300.0,,,,6000.0,,,,1347.0,1606.0,,1750.0,3712.0,6000.0,5369.0,2834.0,3500.0,2250.0,2250.0,477.0,3715.0,1923.0,3000.0,,,0,0,0,0,0,0,0,0,0,0,0,0,0,0,0,0,0,0,0,0,0,0,0,0,0,0,0,0,0,0
,,,,,,246,2026-02-12 13:16:48.027267,WNTR,24.57,24.53,24.54,953200.0,,,,950.0,,,,,,6000.0,,4000.0,6000.0,1313.0,,,,,,486.0,,2261.0,560700.0,4000.0,,2000.0,6000.0,2200.0,3500.0,,750.0,2261.0,,,750.0,,,840.0,,,,,1750.0,3710.0,,6000.0,20000.0,0,0,0,0,0,0,0,0,0,0,0,0,0,0,0,0,0,0,0,0,0,0,0,0,0,0,0,0,0,0
2.0,1.0,1.0,,Aggregate Position Limit,Your CRO has set the aggregate position limit to 10000 shares for this week.,248,2026-02-12 13:16:49.064478,SPNG,24.48,24.48,24.52,934400.0,6000.0,4219.0,3000.0,2626.0,5625.0,1406.0,1665.0,382.0,2000.0,6000.0,2625.0,82100.0,30000.0,1665.0,16000.0,10000.0,3750.0,3500.0,3500.0,2200.0,1200.0,,,,,,,,,,,,,,,,,,,,,,,0,0,0,0,0,0,0,0,0,0,0,0,0,0,0,0,0,0,0,0,0,0,0,0,0,0,0,0,0,0,0,0,0,0
1.0,1.0,1.0,,Welcome to the RITC 2026 Alogithmic Market Making Case - practice server,,248,2026-02-12 13:16:49.064478,SMMR,25.99,25.99,26.0,294100.0,,,9000.0,,,,,,,6000.0,,98100.0,,1570.0,,,750.0,3500.0,3500.0,2200.0,5600.0,6000.0,1500.0,1500.0,3500.0,4400.0,750.0,3000.0,450.0,3050.0,,,,,,,,,,,,,,0,0,0,0,0,0,0,0,0,0,0,0,0,0,0,0,0,0,0,0,0,0,0,0,0,0,0,0,0,0,0,0,0,0
,,,,,,248,2026-02-12 13:16:49.064478,ATMN,22.97,22.93,22.97,934100.0,,,,,,,1573.0,,,,,99200.0,,1573.0,10000.0,,,3500.0,,,1600.0,,,,,,2250.0,12000.0,3360.0,,2000.0,6000.0,6500.0,2250.0,1000.0,,,,,,,,,0,0,0,0,0,0,0,0,0,0,0,0,0,0,0,0,0,0,0,0,0,0,0,0,0,0,0,0,0,0,0,0,0,0
,,,,,,248,2026-02-12 13:16:49.064478,WNTR,24.55,24.55,24.56,,,,3000.0,,,,,,,,,533900.0,,4515.0,,4000.0,750.0,3500.0,,,,6000.0,4800.0,,,1100.0,,9000.0,1200.0,,,2000.0,6500.0,,,2000.0,750.0,20000.0,3600.0,5250.0,360.0,1505.0,12000.0,0,0,0,0,0,0,0,0,0,0,0,0,0,0,0,0,0,0,0,0,0,0,0,0,0,0,0,0,0,0,0,0,0,0
2.0,1.0,1.0,,Aggregate Position Limit,Your CRO has set the aggregate position limit to 10000 shares for this week.,249,2026-02-12 13:16:50.105751,SPNG,24.51,24.5,24.51,6500.0,1900.0,3500.0,6000.0,6000.0,3500.0,2625.0,5000.0,98200.0,4800.0,1378.0,2538.0,6173.0,3500.0,3300.0,5625.0,391.0,4841.0,2000.0,266200.0,1000.0,908.0,3000.0,6000.0,6000.0,,,,,,,,,,,,,,,,,,,,,,0,0,0,0,0,0,0,0,0,0,0,0,0,0,0,0,0,0,0,0,0,0,0,0,0,0,0,0,0,0,0,0
1.0,1.0,1.0,,Welcome to the RITC 2026 Alogithmic Market Making Case - practice server,,249,2026-02-12 13:16:50.105751,SMMR,25.98,25.97,25.98,,,3500.0,,9000.0,3500.0,,,859400.0,,1590.0,750.0,750.0,3500.0,3300.0,,,,,187300.0,,,,,6000.0,3300.0,6000.0,6400.0,1590.0,3050.0,2000.0,,,,,,,,,,,,,,,,0,0,0,0,0,0,0,0,0,0,0,0,0,0,0,0,0,0,0,0,0,0,0,0,0,0,0,0,0,0,0,0
,,,,,,249,2026-02-12 13:16:50.105751,ATMN,22.95,22.83,22.95,,1190.0,,,,,,,966300.0,,1476.0,,,,1100.0,,,,1399.0,115300.0,1000.0,,,,3000.0,,,4000.0,1476.0,250.0,,6000.0,10000.0,4500.0,1120.0,2250.0,5625.0,3000.0,,,,,,,,,0,0,0,0,0,0,0,0,0,0,0,0,0,0,0,0,0,0,0,0,0,0,0,0,0,0,0,0,0,0,0,0
,,,,,,249,2026-02-12 13:16:50.105751,WNTR,24.57,24.49,24.57,240.0,4588.0,,,9000.0,,,,312000.0,,2055.0,,750.0,,,,,,840.0,330600.0,2000.0,,,12000.0,9000.0,1100.0,6000.0,,2055.0,,,,6000.0,750.0,1200.0,,,,4000.0,1000.0,6000.0,1100.0,6500.0,3500.0,4000.0,4000.0,0,0,0,0,0,0,0,0,0,0,0,0,0,0,0,0,0,0,0,0,0,0,0,0,0,0,0,0,0,0,0,0
2.0,1.0,1.0,,Aggregate Position Limit,Your CRO has set the aggregate position limit to 10000 shares for this week.,250,2026-02-12 13:16:51.121185,SPNG,24.58,24.55,24.58,5000.0,10000.0,1469.0,7711.0,213100.0,6000.0,1100.0,3516.0,950.0,9000.0,2000.0,2626.0,6000.0,4219.0,7776.0,3500.0,1000.0,1551.0,5625.0,6000.0,2625.0,9000.0,6000.0,88300.0,9000.0,3200.0,,,,,,,,,,,,,,,,,,,,,0,0,0,0,0,0,0,0,0,0,0,0,0,0,0,0,0,0,0,0,0,0,0,0,0,0,0,0,0,0,0,0
1.0,1.0,1.0,,Welcome to the RITC 2026 Alogithmic Market Making Case - practice server,,250,2026-02-12 13:16:51.121185,SMMR,25.97,25.96,25.97,,,2169.0,,207300.0,15000.0,3300.0,,,,,,,,,3500.0,,4851.0,,,,,,213200.0,3000.0,,3348.0,750.0,674.0,1211.0,750.0,2169.0,8000.0,,,,,,,,,,,,,,0,0,0,0,0,0,0,0,0,0,0,0,0,0,0,0,0,0,0,0,0,0,0,0,0,0,0,0,0,0,0,0
,,,,,,250,2026-02-12 13:16:51.121185,ATMN,22.91,22.9,22.91,,,2221.0,,102300.0,12000.0,1551.0,,2904.0,,,,,,,,1000.0,2651.0,,,,,,115300.0,3000.0,1505.0,5528.0,,,,,2221.0,5600.0,3500.0,6416.0,2000.0,1750.0,,,,,,,,,,0,0,0,0,0,0,0,0,0,0,0,0,0,0,0,0,0,0,0,0,0,0,0,0,0,0,0,0,0,0,0,0
,,,,,,250,2026-02-12 13:16:51.121185,WNTR,24.51,24.53,24.54,,4000.0,2738.0,,187400.0,12000.0,3751.0,,,,,,,,1500.0,3500.0,2000.0,,,6000.0,,,6000.0,330600.0,3000.0,,1600.0,,,,750.0,,,3500.0,6500.0,1200.0,,3500.0,240.0,2000.0,6000.0,4000.0,10000.0,8000.0,4000.0,6000.0,0,0,0,0,0,0,0,0,0,0,0,0,0,0,0,0,0,0,0,0,0,0,0,0,0,0,0,0,0,0,0,0
2.0,1.0,1.0,,Aggregate Position Limit,Your CRO has set the aggregate position limit to 10000 shares for this week.,251,2026-02-12 13:16:52.136506,SPNG,24.56,24.56,24.57,332500.0,6000.0,4219.0,8438.0,2201.0,6500.0,3500.0,626.0,5400.0,2675.0,9000.0,950.0,3000.0,6000.0,3500.0,5625.0,5000.0,5625.0,1400.0,626.0,15000.0,2625.0,88300.0,6000.0,3200.0,2201.0,,,,,,,,,,,,,,,,,,0,0,0,0,0,0,0,0,0,0,0,0,0,0,0,0,0,0,0,0,0,0,0,0,0,0,0,0,0,0,0,0,0,0,0
1.0,1.0,1.0,,Welcome to the RITC 2026 Alogithmic Market Making Case - practice server,,251,2026-02-12 13:16:52.136506,SMMR,25.98,25.93,25.95,1385400.0,,,,2649.0,,,895.0,,1100.0,6000.0,,,,,,,,6251.0,,18000.0,,99000.0,,,,1500.0,4551.0,2000.0,6000.0,,,,,,,,,,,,,,0,0,0,0,0,0,0,0,0,0,0,0,0,0,0,0,0,0,0,0,0,0,0,0,0,0,0,0,0,0,0,0,0,0,0
,,,,,,251,2026-02-12 13:16:52.136506,ATMN,23.01,22.97,23.01,234300.0,,,,,,,625.0,,2951.0,15000.0,3849.0,,,,,,,1400.0,,6000.0,2250.0,234900.0,,1329.0,2741.0,,4000.0,,6000.0,3500.0,2000.0,4000.0,6000.0,6500.0,2000.0,3594.0,,,,,,,0,0,0,0,0,0,0,0,0,0,0,0,0,0,0,0,0,0,0,0,0,0,0,0,0,0,0,0,0,0,0,0,0,0,0
,,,,,,251,2026-02-12 13:16:52.136506,WNTR,24.4,24.51,24.54,540500.0,,,,,,,,,,,8189.0,,,,,,,1400.0,,3000.0,,,,,3615.0,750.0,240.0,1000.0,6000.0,,,,,6500.0,,4000.0,2400.0,1100.0,6000.0,25000.0,3500.0,750.0,0,0,0,0,0,0,0,0,0,0,0,0,0,0,0,0,0,0,0,0,0,0,0,0,0,0,0,0,0,0,0,0,0,0,0
2.0,1.0,1.0,,Aggregate Position Limit,Your CRO has set the aggregate position limit to 10000 shares for this week.,252,2026-02-12 13:16:53.152381,SPNG,24.57,24.56,24.57,1600.0,657.0,3750.0,10000.0,1960.0,213100.0,5400.0,2675.0,9000.0,3000.0,840.0,950.0,6000.0,4219.0,5625.0,30000.0,600.0,3750.0,2329.0,3500.0,1960.0,2675.0,5625.0,15000.0,1000.0,,,,,,,,,,,,,,,,,,,0,0,0,0,0,0,0,0,0,0,0,0,0,0,0,0,0,0,0,0,0,0,0,0,0,0,0,0,0,0,0,0,0,0,0
1.0,1.0,1.0,,Welcome to the RITC 2026 Alogithmic Market Making Case - practice server,,252,2026-02-12 13:16:53.152381,SMMR,25.93,25.9,25.92,,,,,2622.0,661700.0,,,11484.0,,,4900.0,,,,,5600.0,750.0,,,2622.0,2675.0,,,2000.0,2000.0,3500.0,6000.0,9450.0,2000.0,2000.0,3000.0,41.0,,,,,,,,,,,0,0,0,0,0,0,0,0,0,0,0,0,0,0,0,0,0,0,0,0,0,0,0,0,0,0,0,0,0,0,0,0,0,0,0
,,,,,,252,2026-02-12 13:16:53.152381,ATMN,22.8,22.8,22.83,,,,6000.0,2140.0,349900.0,,,8742.0,,,3254.0,6000.0,,,,2400.0,,,3500.0,2140.0,,,,1000.0,,3500.0,2437.0,3500.0,840.0,4000.0,3000.0,4333.0,536.0,8000.0,256500.0,2437.0,2094.0,,,,,,0,0,0,0,0,0,0,0,0,0,0,0,0,0,0,0,0,0,0,0,0,0,0,0,0,0,0,0,0,0,0,0,0,0,0
,,,,,,252,2026-02-12 13:16:53.152381,WNTR,24.48,24.48,24.5,3200.0,,,,,124600.0,,1575.0,3000.0,,,3399.0,,,,,7200.0,,,3500.0,2817.0,,,,,2000.0,3500.0,,3500.0,,,,,,4000.0,,,432.0,3500.0,2271.0,15000.0,10000.0,750.0,0,0,0,0,0,0,0,0,0,0,0,0,0,0,0,0,0,0,0,0,0,0,0,0,0,0,0,0,0,0,0,0,0,0,0
2.0,1.0,1.0,,Aggregate Position Limit,Your CRO has set the aggregate position limit to 10000 shares for this week.,252,2026-02-12 13:16:54.168631,SPNG,24.57,24.57,24.63,10000.0,15000.0,1636.0,6000.0,1000.0,5625.0,4922.0,2700.0,6000.0,5625.0,3750.0,6000.0,1100.0,3000.0,20000.0,2000.0,3500.0,4000.0,190300.0,24000.0,3200.0,1636.0,5326.0,,,,,,,,,,,,,,,,,,,,,,,0,0,0,0,0,0,0,0,0,0,0,0,0,0,0,0,0,0,0,0,0,0,0,0,0,0,0,0,0,0,0,0,0
1.0,1.0,1.0,,Welcome to the RITC 2026 Alogithmic Market Making Case - practice server,,252,2026-02-12 13:16:54.168631,SMMR,26.1,26.08,26.1,,,,,1000.0,,,,,,750.0,,,,,1000.0,3500.0,,405700.0,,3200.0,2057.0,,307700.0,6500.0,2000.0,3500.0,2008.0,2700.0,2000.0,6500.0,2000.0,6000.0,2143.0,3300.0,6000.0,,,,,,,,,,0,0,0,0,0,0,0,0,0,0,0,0,0,0,0,0,0,0,0,0,0,0,0,0,0,0,0,0,0,0,0,0,0
,,,,,,252,2026-02-12 13:16:54.168631,ATMN,22.93,22.81,22.83,,,,4000.0,,,,,,,,,1100.0,,,,,,114000.0,,665.0,2122.0,,120000.0,,6000.0,3500.0,1050.0,2464.0,840.0,,2000.0,,8000.0,1400.0,,5000.0,4800.0,3500.0,2250.0,6000.0,4500.0,,,,0,0,0,0,0,0,0,0,0,0,0,0,0,0,0,0,0,0,0,0,0,0,0,0,0,0,0,0,0,0,0,0,0
,,,,,,252,2026-02-12 13:16:54.168631,WNTR,24.51,24.49,24.51,,,,4000.0,1000.0,,,,,,1500.0,,1575.0,,,4000.0,,,826500.0,,1200.0,2554.0,,124600.0,,,3500.0,7000.0,3200.0,2000.0,,,6000.0,,,12000.0,,,,,,750.0,5000.0,4000.0,6000.0,0,0,0,0,0,0,0,0,0,0,0,0,0,0,0,0,0,0,0,0,0,0,0,0,0,0,0,0,0,0,0,0,0
2.0,1.0,1.0,,Aggregate Position Limit,Your CRO has set the aggregate position limit to 10000 shares for this week.,254,2026-02-12 13:16:55.185154,SPNG,24.62,24.61,24.62,1000.0,20000.0,4000.0,5940.0,1495.0,3000.0,3500.0,3750.0,1100.0,700.0,10000.0,10000.0,6500.0,11340.0,3000.0,7500.0,4732.0,1000.0,2625.0,102000.0,6000.0,3000.0,,,,,,,,,,,,,,,,,,,,,0,0,0,0,0,0,0,0,0,0,0,0,0,0,0,0,0,0,0,0,0,0,0,0,0,0,0,0,0,0,0,0,0,0,0,0
1.0,1.0,1.0,,Welcome to the RITC 2026 Alogithmic Market Making Case - practice server,,254,2026-02-12 13:16:55.185154,SMMR,25.85,25.84,25.85,,,,,,,,,,3950.0,,,6500.0,,3000.0,750.0,7200.0,,,203200.0,,,1391900.0,1750.0,6000.0,2334.0,3500.0,2000.0,,,,,,,,,,,,,,,0,0,0,0,0,0,0,0,0,0,0,0,0,0,0,0,0,0,0,0,0,0,0,0,0,0,0,0,0,0,0,0,0,0,0,0
,,,,,,254,2026-02-12 13:16:55.185154,ATMN,22.8,22.8,23.0,1000.0,,,,,,,2250.0,2200.0,3849.0,,6000.0,,,3000.0,,,,2250.0,115300.0,,,611400.0,3750.0,6000.0,,,2904.0,8000.0,6000.0,2437.0,4000.0,11250.0,5625.0,2250.0,2200.0,5625.0,5369.0,1590.0,,,,0,0,0,0,0,0,0,0,0,0,0,0,0,0,0,0,0,0,0,0,0,0,0,0,0,0,0,0,0,0,0,0,0,0,0,0
,,,,,,254,2026-02-12 13:16:55.185154,WNTR,24.5,24.49,24.5,,,8000.0,,2525.0,3000.0,3500.0,,,,,,,,,750.0,8000.0,2000.0,,88700.0,,,,,6000.0,3500.0,,,,,,6288.0,,,750.0,1100.0,,,,25000.0,86.0,6000.0,0,0,0,0,0,0,0,0,0,0,0,0,0,0,0,0,0,0,0,0,0,0,0,0,0,0,0,0,0,0,0,0,0,0,0,0
2.0,1.0,1.0,,Aggregate Position Limit,Your CRO has set the aggregate position limit to 10000 shares for this week.,255,2026-02-12 13:16:56.211008,SPNG,24.73,24.59,24.66,3500.0,6000.0,3500.0,1100.0,25000.0,3750.0,1456.0,10000.0,1237.0,2625.0,6000.0,1000.0,3500.0,6000.0,388300.0,21000.0,6000.0,4150.0,2970.0,,,,,,,,,,,,,,,,,,,,,,,,,,,,,,0,0,0,0,0,0,0,0,0,0,0,0,0,0,0,0,0,0,0,0,0,0,0,0,0,0,0,0,0,0
1.0,1.0,1.0,,Welcome to the RITC 2026 Alogithmic Market Making Case - practice server,,255,2026-02-12 13:16:56.211008,SMMR,26.08,26.02,26.05,,,828.0,1100.0,,,,,1307.0,,,,,3000.0,277700.0,,,2000.0,,9000.0,1412.0,4500.0,4666.0,677500.0,1200.0,6521.0,2000.0,2964.0,2400.0,3500.0,1307.0,2200.0,,,,,,,,,,,,,,,,,0,0,0,0,0,0,0,0,0,0,0,0,0,0,0,0,0,0,0,0,0,0,0,0,0,0,0,0,0,0
,,,,,,255,2026-02-12 13:16:56.211008,ATMN,23.1,23.1,23.11,3500.0,6000.0,7000.0,1100.0,,,2130.0,,1165.0,2250.0,,5000.0,,6000.0,260400.0,,,,,3000.0,,,4000.0,,,4983.0,1000.0,3332.0,800.0,3500.0,,1100.0,5624.0,7971.0,4000.0,11250.0,6000.0,5625.0,2250.0,5625.0,,,,,,,,,0,0,0,0,0,0,0,0,0,0,0,0,0,0,0,0,0,0,0,0,0,0,0,0,0,0,0,0,0,0
,,,,,,255,2026-02-12 13:16:56.211008,WNTR,24.44,24.4,24.44,,6000.0,,1100.0,,,,,1744.0,,,,3500.0,6000.0,88700.0,,,,,3000.0,,,,854800.0,2750.0,6500.0,2000.0,,,,1744.0,3300.0,,,,,,,,,6000.0,6500.0,4000.0,750.0,20000.0,10000.0,1500.0,6000.0,0,0,0,0,0,0,0,0,0,0,0,0,0,0,0,0,0,0,0,0,0,0,0,0,0,0,0,0,0,0
2.0,1.0,1.0,,Aggregate Position Limit,Your CRO has set the aggregate position limit to 10000 shares for this week.,256,2026-02-12 13:16:57.235960,SPNG,24.58,24.58,24.63,6000.0,213100.0,2675.0,13242.0,15000.0,4000.0,5625.0,1200.0,1739.0,6000.0,9450.0,10000.0,1739.0,3500.0,3000.0,6500.0,6040.0,4000.0,6000.0,,,,,,,,,,,,,,,,,,,,,,,,,,0,0,0,0,0,0,0,0,0,0,0,0,0,0,0,0,0,0,0,0,0,0,0,0,0,0,0,0,0,0,0,0,0,0
1.0,1.0,1.0,,Welcome to the RITC 2026 Alogithmic Market Making Case - practice server,,256,2026-02-12 13:16:57.235960,SMMR,25.93,25.93,25.96,,774200.0,2511.0,,,,,2150.0,1680.0,,3500.0,,1680.0,,9000.0,6500.0,800.0,,,6000.0,3500.0,9839.0,750.0,1971.0,750.0,293500.0,5000.0,500.0,,,,,,,,,,,,,,,,,0,0,0,0,0,0,0,0,0,0,0,0,0,0,0,0,0,0,0,0,0,0,0,0,0,0,0,0,0,0,0,0,0,0
,,,,,,256,2026-02-12 13:16:57.235960,ATMN,22.85,22.85,22.91,6000.0,496800.0,2200.0,,,4000.0,,2239.0,,,2284.0,,,3500.0,12000.0,,800.0,4000.0,,,3500.0,839.0,2250.0,,,366000.0,,6000.0,564.0,2250.0,2462.0,4000.0,2000.0,2200.0,11250.0,4000.0,5625.0,1016.0,,,,,,,0,0,0,0,0,0,0,0,0,0,0,0,0,0,0,0,0,0,0,0,0,0,0,0,0,0,0,0,0,0,0,0,0,0
,,,,,,256,2026-02-12 13:16:57.235960,WNTR,24.35,24.35,24.36,,332800.0,,,,,,2239.0,,,9450.0,,2347.0,,6000.0,,1600.0,,,,3500.0,6839.0,,1998.0,1500.0,,1000.0,,,,2275.0,4000.0,,1100.0,,,,,15000.0,19.0,6000.0,1399.0,25000.0,10000.0,0,0,0,0,0,0,0,0,0,0,0,0,0,0,0,0,0,0,0,0,0,0,0,0,0,0,0,0,0,0,0,0,0,0
2.0,1.0,1.0,,Aggregate Position Limit,Your CRO has set the aggregate position limit to 10000 shares for this week.,257,2026-02-12 13:16:58.258224,SPNG,24.46,24.57,24.6,600.0,5625.0,21000.0,2150.0,6000.0,334400.0,3000.0,2970.0,5625.0,5625.0,6746.0,2000.0,35000.0,4686.0,3500.0,2400.0,8255.0,3000.0,2127.0,,,,,,,,,,,,,,,,,,,,,,,,,,0,0,0,0,0,0,0,0,0,0,0,0,0,0,0,0,0,0,0,0,0,0,0,0,0,0,0,0,0,0,0,0,0,0
1.0,1.0,1.0,,Welcome to the RITC 2026 Alogithmic Market Making Case - practice server,,257,2026-02-12 13:16:58.258224,SMMR,25.98,25.84,25.88,,,,3200.0,3000.0,787000.0,9839.0,,,,3500.0,2000.0,,,,,1219.0,9000.0,2055.0,750.0,6116.0,3500.0,2000.0,6000.0,6427.0,109000.0,1408.0,,,,,,,,,,,,,,,,,,0,0,0,0,0,0,0,0,0,0,0,0,0,0,0,0,0,0,0,0,0,0,0,0,0,0,0,0,0,0,0,0,0,0
,,,,,,257,2026-02-12 13:16:58.258224,ATMN,22.85,22.87,22.89,1611.0,,,1399.0,,246100.0,3000.0,,,2812.0,5575.0,,,,,4800.0,,12000.0,2452.0,4500.0,3611.0,,,,2511.0,105600.0,,167.0,2452.0,4000.0,2250.0,6000.0,2250.0,2250.0,6000.0,5625.0,6000.0,,,,,,,,0,0,0,0,0,0,0,0,0,0,0,0,0,0,0,0,0,0,0,0,0,0,0,0,0,0,0,0,0,0,0,0,0,0
,,,,,,257,2026-02-12 13:16:58.258224,WNTR,24.36,24.38,24.39,2400.0,,,,,102800.0,3000.0,,,,,6000.0,,,,300.0,,6000.0,3220.0,750.0,,,,,1411.0,105000.0,6000.0,6408.0,3220.0,,750.0,,,,,,6000.0,30000.0,1413.0,2275.0,7712.0,1413.0,4000.0,6000.0,0,0,0,0,0,0,0,0,0,0,0,0,0,0,0,0,0,0,0,0,0,0,0,0,0,0,0,0,0,0,0,0,0,0
2.0,1.0,1.0,,Aggregate Position Limit,Your CRO has set the aggregate position limit to 10000 shares for this week.,258,2026-02-12 13:16:59.294906,SPNG,24.56,24.56,24.57,5625.0,1640.0,9000.0,5390.0,3500.0,10000.0,905.0,600.0,4000.0,2000.0,2223.0,3000.0,2625.0,114900.0,2970.0,1100.0,6562.0,5624.0,2712.0,25000.0,10000.0,2223.0,2870.0,3000.0,1600.0,2110.0,3500.0,1000.0,3000.0,,,,,,,,,,,,,,,,,,,,0,0,0,0,0,0,0,0,0,0,0,0,0,0,0,0,0,0,0,0,0,0,0,0,0,0,0,0,0,0
1.0,1.0,1.0,,Welcome to the RITC 2026 Alogithmic Market Making Case - practice server,,258,2026-02-12 13:16:59.294906,SMMR,25.88,25.88,25.89,,3281.0,9000.0,750.0,3500.0,,,1468.0,,,3060.0,,,414000.0,,7527.0,,,,,,3060.0,,,,,,4000.0,12000.0,6500.0,750.0,7216.0,1000.0,1300.0,7719.0,676.0,206500.0,,,,,,,,,,,,0,0,0,0,0,0,0,0,0,0,0,0,0,0,0,0,0,0,0,0,0,0,0,0,0,0,0,0,0,0
,,,,,,258,2026-02-12 13:16:59.294906,ATMN,22.97,22.97,23.0,2812.0,,6000.0,2250.0,3500.0,,,2400.0,,,2756.0,,2250.0,379100.0,,2200.0,2424.0,2250.0,11250.0,,,2756.0,,6000.0,,5625.0,,,12000.0,,,7216.0,2000.0,,,,260400.0,167.0,6000.0,6000.0,4000.0,6000.0,2250.0,,,,,,0,0,0,0,0,0,0,0,0,0,0,0,0,0,0,0,0,0,0,0,0,0,0,0,0,0,0,0,0,0
,,,,,,258,2026-02-12 13:16:59.294906,WNTR,24.51,24.51,24.52,,6439.0,6000.0,750.0,3500.0,,,800.0,,,3619.0,,,230300.0,,,,,,,,,,,,,,2000.0,6000.0,,750.0,5016.0,,,,,826500.0,,6000.0,12000.0,4000.0,,,40000.0,827.0,4000.0,12000.0,665.0,0,0,0,0,0,0,0,0,0,0,0,0,0,0,0,0,0,0,0,0,0,0,0,0,0,0,0,0,0,0
2.0,1.0,1.0,,Aggregate Position Limit,Your CRO has set the aggregate position limit to 10000 shares for this week.,259,2026-02-12 13:17:00.311124,SPNG,24.56,24.56,24.57,5625.0,1166.0,3515.0,2625.0,4000.0,6000.0,12000.0,5625.0,336600.0,2300.0,839.0,1449.0,3000.0,5624.0,30000.0,6000.0,3550.0,2625.0,15000.0,3000.0,800.0,3500.0,3000.0,1000.0,5625.0,2413.0,,,,,,,,,,,,,,,,,,,,,,,,,0,0,0,0,0,0,0,0,0,0,0,0,0,0,0,0,0,0,0,0,0,0,0,0,0,0,0,0
1.0,1.0,1.0,,Welcome to the RITC 2026 Alogithmic Market Making Case - practice server,,259,2026-02-12 13:17:00.311124,SMMR,25.88,25.88,25.89,,,,,,,,,323800.0,,,2364.0,,750.0,,,,,,,6760.0,3500.0,,,,,8000.0,3500.0,3500.0,6500.0,750.0,750.0,1100.0,83400.0,219.0,6000.0,2200.0,348.0,338.0,,,,,,,,,,,,0,0,0,0,0,0,0,0,0,0,0,0,0,0,0,0,0,0,0,0,0,0,0,0,0,0,0,0
,,,,,,259,2026-02-12 13:17:00.311124,ATMN,23.07,23.05,23.07,,,,2250.0,,,,1406.0,134000.0,,6000.0,1991.0,,,,6000.0,5625.0,,,6000.0,1500.0,3500.0,2250.0,,,,4000.0,2650.0,,,,2250.0,6116.0,243600.0,,12000.0,1100.0,,,3412.0,6000.0,1000.0,4000.0,1991.0,4000.0,,,,,,0,0,0,0,0,0,0,0,0,0,0,0,0,0,0,0,0,0,0,0,0,0,0,0,0,0,0,0
,,,,,,259,2026-02-12 13:17:00.311124,WNTR,24.53,24.53,24.56,,,,,,,,,103000.0,,3000.0,,,,,,,,,,,3500.0,,,,,,13562.0,3500.0,6576.0,,,1100.0,554500.0,1750.0,6000.0,,6500.0,7360.0,4000.0,6000.0,,4000.0,,,8000.0,15000.0,1329.0,6000.0,12000.0,0,0,0,0,0,0,0,0,0,0,0,0,0,0,0,0,0,0,0,0,0,0,0,0,0,0,0,0
2.0,1.0,1.0,,Aggregate Position Limit,Your CRO has set the aggregate position limit to 10000 shares for this week.,260,2026-02-12 13:17:01.333556,SPNG,24.5,24.46,24.5,1790.0,4000.0,6000.0,730.0,1000.0,5625.0,5625.0,336600.0,415.0,5200.0,3000.0,6000.0,1606.0,15145.0,2000.0,1606.0,20000.0,6000.0,905.0,3000.0,2625.0,1975.0,10000.0,5625.0,,,,,,,,,,,,,,,,,,,,,,,,,,,,,,0,0,0,0,0,0,0,0,0,0,0,0,0,0,0,0,0,0,0,0,0,0,0,0,0
1.0,1.0,1.0,,Welcome to the RITC 2026 Alogithmic Market Making Case - practice server,,260,2026-02-12 13:17:01.333556,SMMR,25.88,25.87,25.88,,,,,1000.0,,,315200.0,,1300.0,3000.0,,4655.0,,,4655.0,,,1214.0,5250.0,,,,,3500.0,2496.0,750.0,9416.0,900.0,3500.0,2400.0,2000.0,2511.0,6000.0,1209.0,301800.0,6000.0,2000.0,,,,,,,,,,,,,,,,0,0,0,0,0,0,0,0,0,0,0,0,0,0,0,0,0,0,0,0,0,0,0,0,0
,,,,,,260,2026-02-12 13:17:01.333556,ATMN,22.85,22.83,22.85,,8000.0,6000.0,544.0,,1406.0,,246100.0,,3200.0,3000.0,,,6500.0,,3705.0,,,,6000.0,,11250.0,,,,,,8627.0,,3500.0,1600.0,,1100.0,,,219200.0,6000.0,,2250.0,6000.0,2250.0,613.0,4000.0,3000.0,11250.0,1900.0,4000.0,4000.0,,,,,,0,0,0,0,0,0,0,0,0,0,0,0,0,0,0,0,0,0,0,0,0,0,0,0,0
,,,,,,260,2026-02-12 13:17:01.333556,WNTR,24.54,24.54,24.55,,,,,2000.0,,,332500.0,1346.0,1399.0,3000.0,,5563.0,6500.0,,5563.0,,,,2250.0,,,,,,,1500.0,1100.0,2400.0,,600.0,,,2304.0,,203400.0,,,,,,,4000.0,,,489.0,4000.0,,7000.0,6000.0,20000.0,3242.0,6000.0,0,0,0,0,0,0,0,0,0,0,0,0,0,0,0,0,0,0,0,0,0,0,0,0,0
2.0,1.0,1.0,,Aggregate Position Limit,Your CRO has set the aggregate position limit to 10000 shares for this week.,261,2026-02-12 13:17:02.352744,SPNG,24.46,24.45,24.46,3750.0,15000.0,2406.0,4000.0,3500.0,6000.0,2000.0,3154.0,5625.0,3000.0,6000.0,4000.0,108400.0,5687.0,3000.0,2272.0,4478.0,318.0,3000.0,5250.0,6000.0,2000.0,15000.0,96600.0,3200.0,3000.0,5000.0,,,,,,,,,,,,,,,,,,,,,0,0,0,0,0,0,0,0,0,0,0,0,0,0,0,0,0,0,0,0,0,0,0,0,0,0,0,0,0,0,0
1.0,1.0,1.0,,Welcome to the RITC 2026 Alogithmic Market Making Case - practice server,,261,2026-02-12 13:17:02.352744,SMMR,25.91,25.87,25.89,750.0,,2275.0,,3500.0,,,,,,6000.0,,,9450.0,5250.0,2813.0,,,,,6000.0,4000.0,,486300.0,2000.0,,,3300.0,6500.0,4000.0,2700.0,6500.0,1000.0,2511.0,4257.0,,,,,,,,,,,,,0,0,0,0,0,0,0,0,0,0,0,0,0,0,0,0,0,0,0,0,0,0,0,0,0,0,0,0,0,0,0
,,,,,,261,2026-02-12 13:17:02.352744,ATMN,22.84,22.84,22.85,,,,4000.0,,,,,,,3000.0,3300.0,,,6000.0,2323.0,,,2250.0,2250.0,6000.0,,,243600.0,1200.0,,,7216.0,1873.0,,2550.0,,,2200.0,,2262.0,4500.0,2250.0,800.0,4500.0,6000.0,11250.0,6000.0,5625.0,6000.0,,,0,0,0,0,0,0,0,0,0,0,0,0,0,0,0,0,0,0,0,0,0,0,0,0,0,0,0,0,0,0,0
,,,,,,261,2026-02-12 13:17:02.352744,WNTR,24.55,24.53,24.55,3000.0,,,,3500.0,,1000.0,,,,3000.0,,,1492.0,,3047.0,,,,,,,,,,,,2200.0,,,8000.0,,,,6000.0,1616.0,,,2736.0,,,,,,,40000.0,3500.0,0,0,0,0,0,0,0,0,0,0,0,0,0,0,0,0,0,0,0,0,0,0,0,0,0,0,0,0,0,0,0
2.0,1.0,1.0,,Aggregate Position Limit,Your CRO has set the aggregate position limit to 10000 shares for this week.,262,2026-02-12 13:17:03.368600,SPNG,24.48,24.46,24.48,2591.0,1847.0,1600.0,5000.0,336600.0,3200.0,9000.0,4000.0,6000.0,6000.0,4000.0,6000.0,3500.0,11195.0,5222.0,600.0,1100.0,2316.0,3000.0,905.0,906.0,2000.0,1143.0,3000.0,2625.0,,,,,,,,,,,,,,,,,,,,,,,,0,0,0,0,0,0,0,0,0,0,0,0,0,0,0,0,0,0,0,0,0,0,0,0,0,0,0,0,0,0
1.0,1.0,1.0,,Welcome to the RITC 2026 Alogithmic Market Making Case - practice server,,262,2026-02-12 13:17:03.368600,SMMR,25.97,25.96,25.97,,3940.0,8000.0,,93600.0,,3000.0,,,,,,3500.0,,,6700.0,1411.0,,,,,,,,,2200.0,3500.0,1000.0,750.0,6500.0,301800.0,2202.0,3500.0,6000.0,1300.0,,,,,,,,,,,,,,0,0,0,0,0,0,0,0,0,0,0,0,0,0,0,0,0,0,0,0,0,0,0,0,0,0,0,0,0,0
,,,,,,262,2026-02-12 13:17:03.368600,ATMN,22.92,22.92,22.93,,4764.0,4000.0,,,700.0,6000.0,,,,,,3500.0,,,1070.0,1100.0,,,,,,,2250.0,2250.0,6116.0,3500.0,,,6500.0,112100.0,4688.0,3500.0,,700.0,6000.0,4685.0,703.0,3500.0,6500.0,4000.0,3000.0,4764.0,5625.0,,,,,0,0,0,0,0,0,0,0,0,0,0,0,0,0,0,0,0,0,0,0,0,0,0,0,0,0,0,0,0,0
,,,,,,262,2026-02-12 13:17:03.368600,WNTR,24.52,24.51,24.52,,5422.0,1032.0,,213300.0,1399.0,3000.0,,,,4000.0,,3500.0,,,1600.0,,,,,,,,750.0,,,3500.0,,,,,768.0,2541.0,,,,6000.0,,3500.0,,4000.0,,5422.0,,4000.0,750.0,8574.0,50000.0,0,0,0,0,0,0,0,0,0,0,0,0,0,0,0,0,0,0,0,0,0,0,0,0,0,0,0,0,0,0
2.0,1.0,1.0,,Aggregate Position Limit,Your CRO has set the aggregate position limit to 10000 shares for this week.,263,2026-02-12 13:17:04.385539,SPNG,24.53,24.53,24.54,99600.0,2182.0,1100.0,5182.0,3000.0,1022.0,1000.0,2463.0,10000.0,1000.0,10000.0,5000.0,6000.0,7875.0,4000.0,5250.0,6000.0,107400.0,3650.0,5625.0,5625.0,6000.0,3000.0,6000.0,1100.0,,,,,,,,,,,,,,,,,,,,,,,,0,0,0,0,0,0,0,0,0,0,0,0,0,0,0,0,0,0,0,0,0,0,0,0,0,0,0,0,0,0
1.0,1.0,1.0,,Welcome to the RITC 2026 Alogithmic Market Making Case - practice server,,263,2026-02-12 13:17:04.385539,SMMR,25.97,25.96,25.97,286200.0,2377.0,4400.0,,,,3000.0,,,1000.0,,,,,,,6000.0,592900.0,,,,,,,1411.0,3500.0,3500.0,6000.0,5812.0,6000.0,1793.0,670.0,3500.0,3500.0,3645.0,4500.0,3000.0,,,,,,,,,,,,0,0,0,0,0,0,0,0,0,0,0,0,0,0,0,0,0,0,0,0,0,0,0,0,0,0,0,0,0,0
,,,,,,263,2026-02-12 13:17:04.385539,ATMN,22.98,22.96,23.0,103900.0,2422.0,7216.0,,1600.0,,,,,,,,4500.0,2250.0,,,,238900.0,,5273.0,5625.0,6000.0,,,2200.0,3500.0,,7451.0,,6000.0,6500.0,481.0,3500.0,3500.0,,2000.0,9000.0,2250.0,5625.0,6000.0,703.0,6000.0,6500.0,2422.0,,,,,0,0,0,0,0,0,0,0,0,0,0,0,0,0,0,0,0,0,0,0,0,0,0,0,0,0,0,0,0,0
,,,,,,263,2026-02-12 13:17:04.385539,WNTR,24.51,24.51,24.52,86000.0,3226.0,,,1376.0,,1000.0,,,1000.0,,,,,8000.0,,,547700.0,,,,6000.0,,6000.0,3300.0,3500.0,3500.0,,,12000.0,,,2310.0,,3542.0,840.0,,,,,,,,,17084.0,1276.0,1325.0,4000.0,0,0,0,0,0,0,0,0,0,0,0,0,0,0,0,0,0,0,0,0,0,0,0,0,0,0,0,0,0,0
2.0,1.0,1.0,,Aggregate Position Limit,Your CRO has set the aggregate position limit to 10000 shares for this week.,264,2026-02-12 13:17:05.401214,SPNG,24.48,24.46,24.48,2591.0,2113.0,1000.0,1875.0,551.0,511.0,9000.0,2463.0,6000.0,20000.0,1100.0,506.0,4000.0,108400.0,229300.0,1000.0,1434.0,2275.0,5625.0,5625.0,5625.0,2200.0,1779.0,3500.0,2113.0,3000.0,6000.0,3000.0,5000.0,,,,,,,,,,,,,,,,,,,,,,,0,0,0,0,0,0,0,0,0,0,0,0,0,0,0,0,0,0,0,0,0,0,0,0,0,0,0
1.0,1.0,1.0,,Welcome to the RITC 2026 Alogithmic Market Making Case - practice server,,264,2026-02-12 13:17:05.401214,SMMR,25.95,25.95,25.97,,2788.0,2000.0,,,,,,6000.0,,1100.0,,,196000.0,509200.0,1000.0,525.0,3500.0,,,,1411.0,2400.0,3500.0,2788.0,,,3000.0,,3500.0,5498.0,3500.0,900.0,1083.0,1209.0,1214.0,5812.0,1250.0,6000.0,3300.0,,,,,,,,,,,,0,0,0,0,0,0,0,0,0,0,0,0,0,0,0,0,0,0,0,0,0,0,0,0,0,0,0
,,,,,,264,2026-02-12 13:17:05.401214,ATMN,22.98,22.97,22.98,,,1000.0,3500.0,663.0,,,,6000.0,,3300.0,4395.0,,103900.0,254500.0,,,3500.0,,5625.0,,,866.0,3500.0,2386.0,,,6000.0,,5950.0,2645.0,3500.0,1600.0,,,,,,,2000.0,4500.0,2250.0,6500.0,9000.0,6750.0,,,,,,,0,0,0,0,0,0,0,0,0,0,0,0,0,0,0,0,0,0,0,0,0,0,0,0,0,0,0
,,,,,,264,2026-02-12 13:17:05.401214,WNTR,24.32,24.32,24.33,,2390.0,,,,,,,3000.0,,,,4000.0,642400.0,189500.0,2000.0,,5810.0,,,,3300.0,3200.0,,2390.0,,,3000.0,,,,3500.0,,,,,2250.0,7486.0,,,,,,750.0,,4000.0,6000.0,12000.0,3429.0,10000.0,2250.0,0,0,0,0,0,0,0,0,0,0,0,0,0,0,0,0,0,0,0,0,0,0,0,0,0,0,0
2.0,1.0,1.0,,Aggregate Position Limit,Your CRO has set the aggregate position limit to 10000 shares for this week.,265,2026-02-12 13:17:06.416716,SPNG,24.47,24.47,24.57,3500.0,6747.0,12000.0,2591.0,511.0,3500.0,2301.0,1000.0,1875.0,3000.0,1100.0,2625.0,253.0,204000.0,5625.0,5625.0,5625.0,3794.0,6000.0,3000.0,1434.0,15000.0,4000.0,4000.0,6000.0,2625.0,,,,,,,,,,,,,,,,,,0,0,0,0,0,0,0,0,0,0,0,0,0,0,0,0,0,0,0,0,0,0,0,0,0,0,0,0,0,0,0,0,0,0,0
1.0,1.0,1.0,,Welcome to the RITC 2026 Alogithmic Market Making Case - practice server,,265,2026-02-12 13:17:06.416716,SMMR,25.96,25.94,25.96,,,15000.0,,,3500.0,,,750.0,,4400.0,,,509200.0,,,,4105.0,,3000.0,2025.0,,,,,,1678.0,504700.0,5812.0,2988.0,3500.0,2400.0,2822.0,4000.0,1300.0,,,,,,,,,0,0,0,0,0,0,0,0,0,0,0,0,0,0,0,0,0,0,0,0,0,0,0,0,0,0,0,0,0,0,0,0,0,0,0
,,,,,,265,2026-02-12 13:17:06.416716,ATMN,23.04,23.0,23.04,3689.0,,6000.0,,,,6400.0,1000.0,7000.0,,1594.0,4500.0,,238900.0,4921.0,5625.0,5625.0,2200.0,,21000.0,,,4000.0,,,2250.0,756.0,,,,3500.0,,,,,4500.0,2250.0,2275.0,850.0,,,,,0,0,0,0,0,0,0,0,0,0,0,0,0,0,0,0,0,0,0,0,0,0,0,0,0,0,0,0,0,0,0,0,0,0,0
,,,,,,265,2026-02-12 13:17:06.416716,WNTR,24.25,24.25,24.33,,,9000.0,,,,,,,,,,,178500.0,,,,1594.0,,6000.0,750.0,,,,,,,958100.0,2250.0,,3500.0,8000.0,2389.0,,,,,,,4000.0,2765.0,2389.0,10000.0,0,0,0,0,0,0,0,0,0,0,0,0,0,0,0,0,0,0,0,0,0,0,0,0,0,0,0,0,0,0,0,0,0,0,0
2.0,1.0,1.0,,Aggregate Position Limit,Your CRO has set the aggregate position limit to 10000 shares for this week.,266,2026-02-12 13:17:07.443932,SPNG,24.57,24.55,24.57,9000.0,8889.0,22591.0,3500.0,2400.0,2415.0,2000.0,5000.0,204000.0,5625.0,5625.0,5183.0,6000.0,6000.0,842.0,6000.0,15000.0,4000.0,6000.0,2625.0,,,,,,,,,,,,,,,,,,,,,,,,,,,,,0,0,0,0,0,0,0,0,0,0,0,0,0,0,0,0,0,0,0,0,0,0,0,0,0,0,0,0,0,0
1.0,1.0,1.0,,Welcome to the RITC 2026 Alogithmic Market Making Case - practice server,,266,2026-02-12 13:17:07.443932,SMMR,25.95,25.95,25.96,6000.0,,,3500.0,3940.0,3141.0,2000.0,,215600.0,,,3900.0,,,,,,,,,105000.0,750.0,2275.0,1389.0,3500.0,1273.0,7200.0,2000.0,643.0,6000.0,,,,,,,,,,,,,,,,,,,0,0,0,0,0,0,0,0,0,0,0,0,0,0,0,0,0,0,0,0,0,0,0,0,0,0,0,0,0,0
,,,,,,266,2026-02-12 13:17:07.443932,ATMN,23.02,23.02,23.03,3000.0,,,3500.0,2400.0,2525.0,3000.0,,238900.0,,5625.0,,,24000.0,,,,4000.0,6000.0,2250.0,,,3500.0,1389.0,,,,,,,663.0,2115.0,2250.0,4407.0,5273.0,6000.0,4500.0,5687.0,2461.0,4000.0,,,,,,,,,0,0,0,0,0,0,0,0,0,0,0,0,0,0,0,0,0,0,0,0,0,0,0,0,0,0,0,0,0,0
,,,,,,266,2026-02-12 13:17:07.443932,WNTR,24.32,24.31,24.35,9000.0,,,3500.0,600.0,3471.0,,,87200.0,,,1100.0,,6000.0,,,,,,,204100.0,,2049.0,,,1426.0,,5000.0,2000.0,,,1248.0,,,,,750.0,,,,750.0,20000.0,8000.0,6510.0,3471.0,7500.0,3000.0,840.0,0,0,0,0,0,0,0,0,0,0,0,0,0,0,0,0,0,0,0,0,0,0,0,0,0,0,0,0,0,0
2.0,1.0,1.0,,Aggregate Position Limit,Your CRO has set the aggregate position limit to 10000 shares for this week.,267,2026-02-12 13:17:08.473491,SPNG,24.57,24.52,24.57,10810.0,1600.0,2695.0,3000.0,27591.0,2625.0,1786.0,4000.0,6000.0,1000.0,107400.0,5625.0,5625.0,6529.0,900.0,3500.0,10000.0,12000.0,812.0,3000.0,6000.0,,,,,,,,,,,,,,,,,,,,,,,,,,,0,0,0,0,0,0,0,0,0,0,0,0,0,0,0,0,0,0,0,0,0,0,0,0,0,0,0,0,0,0,0
1.0,1.0,1.0,,Welcome to the RITC 2026 Alogithmic Market Making Case - practice server,,267,2026-02-12 13:17:08.473491,SMMR,25.96,25.96,25.98,,4000.0,750.0,3000.0,,,5043.0,,,2000.0,304900.0,,,5634.0,1500.0,,,,3200.0,750.0,,4000.0,207800.0,3742.0,5429.0,6000.0,2000.0,2000.0,2000.0,2000.0,,,,,,,,,,,,,,,,,,0,0,0,0,0,0,0,0,0,0,0,0,0,0,0,0,0,0,0,0,0,0,0,0,0,0,0,0,0,0,0
,,,,,,267,2026-02-12 13:17:08.473491,ATMN,23.02,23.02,23.04,,2824.0,,3000.0,,,4052.0,,,2000.0,238900.0,,5625.0,2940.0,5600.0,3500.0,,,,2250.0,,,134900.0,1208.0,4329.0,,,3000.0,,,3500.0,663.0,4500.0,3000.0,1230.0,,,,,,,,,,,,,0,0,0,0,0,0,0,0,0,0,0,0,0,0,0,0,0,0,0,0,0,0,0,0,0,0,0,0,0,0,0
,,,,,,267,2026-02-12 13:17:08.473491,WNTR,24.33,24.33,24.34,,,,,,,4510.0,,,2000.0,87200.0,,,1389.0,1428.0,3500.0,,,1526.0,,,2000.0,102800.0,,4329.0,,2000.0,4000.0,,,3500.0,1526.0,,,,6250.0,10158.0,15000.0,4000.0,3500.0,6500.0,5250.0,10000.0,6000.0,1296.0,1240.0,1263.0,0,0,0,0,0,0,0,0,0,0,0,0,0,0,0,0,0,0,0,0,0,0,0,0,0,0,0,0,0,0,0
2.0,1.0,1.0,,Aggregate Position Limit,Your CRO has set the aggregate position limit to 10000 shares for this week.,268,2026-02-12 13:17:09.493938,SPNG,24.46,24.46,24.56,3000.0,4000.0,6000.0,1944.0,25000.0,3000.0,2360.0,6000.0,5429.0,5250.0,63.0,6000.0,6500.0,3750.0,15909.0,7000.0,107400.0,5625.0,5625.0,5429.0,2483.0,3500.0,5120.0,1944.0,3000.0,,,,,,,,,,,,,,,,,,,,,,,,,,,,,0,0,0,0,0,0,0,0,0,0,0,0,0,0,0,0,0,0,0,0,0,0,0,0,0
1.0,1.0,1.0,,Welcome to the RITC 2026 Alogithmic Market Making Case - practice server,,268,2026-02-12 13:17:09.493938,SMMR,25.97,25.95,25.97,3000.0,,,2892.0,,,,,8316.0,,,,,750.0,,,304900.0,,,1100.0,1927.0,,,2892.0,,750.0,3500.0,1062.0,819.0,1078.0,504700.0,5812.0,2988.0,1300.0,1500.0,257.0,2979.0,1000.0,,,,,,,,,,,,,,,,0,0,0,0,0,0,0,0,0,0,0,0,0,0,0,0,0,0,0,0,0,0,0,0,0
,,,,,,268,2026-02-12 13:17:09.493938,ATMN,23.08,23.04,23.08,12000.0,,,,,,,,6962.0,4500.0,,,,,,,473700.0,307.0,,,,3500.0,,2057.0,,,3500.0,,,,134900.0,4407.0,,,6750.0,,,,3500.0,706.0,663.0,3000.0,4000.0,12000.0,2150.0,9000.0,4000.0,4407.0,,,,,,0,0,0,0,0,0,0,0,0,0,0,0,0,0,0,0,0,0,0,0,0,0,0,0,0
,,,,,,268,2026-02-12 13:17:09.493938,WNTR,24.29,24.29,24.3,3000.0,4000.0,,3209.0,,750.0,,,2633.0,,,6000.0,6500.0,,,3500.0,,,,2633.0,,,,,,,3500.0,,,,306500.0,,,1300.0,750.0,1475.0,2400.0,3000.0,,1359.0,1916.0,1000.0,4000.0,,1300.0,,,,4000.0,5000.0,30000.0,10000.0,3000.0,0,0,0,0,0,0,0,0,0,0,0,0,0,0,0,0,0,0,0,0,0,0,0,0,0
2.0,1.0,1.0,,Aggregate Position Limit,Your CRO has set the aggregate position limit to 10000 shares for this week.,269,2026-02-12 13:17:10.512062,SPNG,24.54,24.54,24.55,4000.0,2275.0,32.0,2344.0,2000.0,1100.0,4000.0,6000.0,6500.0,3500.0,3000.0,3000.0,15000.0,6500.0,3500.0,18909.0,500.0,9450.0,3750.0,2700.0,1793.0,,,,,,,,,,,,,,,,,,,,,,,,,,,,,,0,0,0,0,0,0,0,0,0,0,0,0,0,0,0,0,0,0,0,0,0,0,0,0,0,0,0,0
1.0,1.0,1.0,,Welcome to the RITC 2026 Alogithmic Market Making Case - practice server,,269,2026-02-12 13:17:10.512062,SMMR,25.95,25.94,25.95,,3500.0,,,,8316.0,,,6500.0,3500.0,,6000.0,,6500.0,3500.0,,6000.0,5687.0,,2400.0,,2000.0,612600.0,1923.0,5812.0,3174.0,1300.0,2000.0,9367.0,2000.0,198300.0,1000.0,6000.0,2000.0,,,,,,,,,,,,,,,,,0,0,0,0,0,0,0,0,0,0,0,0,0,0,0,0,0,0,0,0,0,0,0,0,0,0,0,0
,,,,,,269,2026-02-12 13:17:10.512062,ATMN,23.05,23.05,23.06,2400.0,,,,3000.0,8062.0,,,,3500.0,,9000.0,,,3500.0,,,3500.0,,518.0,,,134900.0,,4407.0,2702.0,,,,,358400.0,,6000.0,,6000.0,8000.0,6000.0,5625.0,615.0,850.0,1200.0,4500.0,4500.0,2702.0,4000.0,154.0,,,,,0,0,0,0,0,0,0,0,0,0,0,0,0,0,0,0,0,0,0,0,0,0,0,0,0,0,0,0
,,,,,,269,2026-02-12 13:17:10.512062,WNTR,24.31,24.31,24.32,906.0,2178.0,,,2000.0,,,,,3500.0,,3000.0,,6500.0,,,,7000.0,,,,,339500.0,7674.0,,3537.0,,,3733.0,2950.0,,5000.0,3000.0,,,4000.0,,,,,2000.0,750.0,,,,,10000.0,6000.0,10000.0,15000.0,0,0,0,0,0,0,0,0,0,0,0,0,0,0,0,0,0,0,0,0,0,0,0,0,0,0,0,0
2.0,1.0,1.0,,Aggregate Position Limit,Your CRO has set the aggregate position limit to 10000 shares for this week.,270,2026-02-12 13:17:11.530210,SPNG,24.54,24.54,24.55,5000.0,3500.0,3750.0,2344.0,2000.0,3000.0,1100.0,4000.0,842.0,6000.0,6000.0,2000.0,6000.0,6500.0,2625.0,3000.0,4000.0,1706.0,2625.0,3000.0,4000.0,2439.0,3000.0,3500.0,12000.0,5120.0,6000.0,553.0,5625.0,2200.0,4000.0,117000.0,6000.0,,,,,,,,,,,,,,,,,,,0,0,0,0,0,0,0,0,0,0,0,0,0,0,0,0,0,0,0,0,0,0,0,0,0,0,0
1.0,1.0,1.0,,Welcome to the RITC 2026 Alogithmic Market Making Case - practice server,,270,2026-02-12 13:17:11.530210,SMMR,25.92,25.91,25.92,,3500.0,,,,12000.0,3300.0,,,,,,,2390.0,,,,1306.0,,750.0,,3294.0,3000.0,3500.0,,,,,,3300.0,,191900.0,,612600.0,2133.0,1062.0,3294.0,5812.0,9732.0,2540.0,1000.0,2400.0,,,,,,,,,,0,0,0,0,0,0,0,0,0,0,0,0,0,0,0,0,0,0,0,0,0,0,0,0,0,0,0
,,,,,,270,2026-02-12 13:17:11.530210,ATMN,23.02,23.05,23.06,,,,5625.0,1000.0,6000.0,1100.0,8000.0,,6000.0,,,,6500.0,2250.0,2250.0,,,2250.0,,,5220.0,9000.0,3500.0,,,,,,,4000.0,602200.0,,203900.0,3500.0,,2865.0,4407.0,,80.0,1000.0,,626.0,1600.0,5625.0,77.0,1700.0,5369.0,,,,0,0,0,0,0,0,0,0,0,0,0,0,0,0,0,0,0,0,0,0,0,0,0,0,0,0,0
,,,,,,270,2026-02-12 13:17:11.530210,WNTR,24.32,24.31,24.32,,3500.0,,,,,,,,,,,,,,,4000.0,,,750.0,,7080.0,6000.0,3500.0,,,,,,5933.0,,,,352200.0,4356.0,,7080.0,,,6320.0,2000.0,300.0,,1600.0,,,,,25000.0,8000.0,15000.0,0,0,0,0,0,0,0,0,0,0,0,0,0,0,0,0,0,0,0,0,0,0,0,0,0,0,0
2.0,1.0,1.0,,Aggregate Position Limit,Your CRO has set the aggregate position limit to 10000 shares for this week.,271,2026-02-12 13:17:12.547984,SPNG,24.57,24.43,24.57,4000.0,6000.0,1141500.0,3950.0,1606.0,238600.0,8133.0,6000.0,7500.0,5625.0,3832.0,9000.0,3000.0,15000.0,,,,,,,,,,,,,,,,,,,,,,,,,,,,,,,,,,,,,,,,,,0,0,0,0,0,0,0,0,0,0,0,0,0,0,0,0,0,0,0,0,0,0,0
1.0,1.0,1.0,,Welcome to the RITC 2026 Alogithmic Market Making Case - practice server,,271,2026-02-12 13:17:12.547984,SMMR,25.91,25.91,25.92,,,210700.0,,,198300.0,8267.0,,,,,,,,2390.0,4905.0,3500.0,3500.0,3108.0,6000.0,750.0,683.0,6000.0,2585.0,2000.0,6000.0,1000.0,1078.0,6000.0,3300.0,,,,,,,,,,,,,,,,,,,,,,,,,,0,0,0,0,0,0,0,0,0,0,0,0,0,0,0,0,0,0,0,0,0,0,0
,,,,,,271,2026-02-12 13:17:12.547984,ATMN,23.0,23.0,23.05,,,203900.0,2400.0,2155.0,260400.0,1100.0,6000.0,2250.0,2697.0,,,,,466.0,,,,,6000.0,,,,,,,,,3000.0,4000.0,6000.0,4500.0,4500.0,6000.0,5625.0,857.0,2000.0,5625.0,6000.0,5625.0,3500.0,4000.0,6500.0,988.0,3500.0,2012.0,850.0,,,,,,,,,0,0,0,0,0,0,0,0,0,0,0,0,0,0,0,0,0,0,0,0,0,0,0
,,,,,,271,2026-02-12 13:17:12.547984,WNTR,24.3,24.33,24.35,,,437200.0,,2524.0,87200.0,4040.0,,1500.0,,,,,,1098.0,,,2178.0,2099.0,6000.0,,,,2524.0,,6000.0,1000.0,,3000.0,2000.0,,750.0,,6000.0,,1091.0,,,,,3500.0,2000.0,13000.0,,,,,4000.0,1140.0,1656.0,1000.0,4000.0,1056.0,4000.0,8250.0,0,0,0,0,0,0,0,0,0,0,0,0,0,0,0,0,0,0,0,0,0,0,0
2.0,1.0,1.0,,Aggregate Position Limit,Your CRO has set the aggregate position limit to 10000 shares for this week.,272,2026-02-12 13:17:13.562989,SPNG,24.5,24.5,24.51,5000.0,6000.0,15000.0,6000.0,896.0,2541.0,2813.0,5250.0,3875.0,16.0,3000.0,6887.0,6000.0,2400.0,700.0,3500.0,6000.0,6750.0,3146.0,1100.0,6166.0,5000.0,,,,,,,,,,,,,,,,,,,,,,,,,,0,0,0,0,0,0,0,0,0,0,0,0,0,0,0,0,0,0,0,0,0,0,0,0,0,0,0,0,0,0,0
1.0,1.0,1.0,,Welcome to the RITC 2026 Alogithmic Market Making Case - practice server,,272,2026-02-12 13:17:13.562989,SMMR,25.92,25.92,25.93,,,,12000.0,,,,,3200.0,,,,,1005.0,,3500.0,6000.0,,5280.0,4894.0,,,1926.0,295400.0,2390.0,3500.0,5280.0,1554.0,1000.0,1100.0,2232.0,3500.0,6000.0,2000.0,198300.0,,,,,,,,,,,,,0,0,0,0,0,0,0,0,0,0,0,0,0,0,0,0,0,0,0,0,0,0,0,0,0,0,0,0,0,0,0
,,,,,,272,2026-02-12 13:17:13.562989,ATMN,23.08,23.13,23.17,,,,9000.0,,,5625.0,,,,2250.0,,,1665.0,3200.0,,6000.0,,4578.0,,,,3500.0,203900.0,,3500.0,2289.0,,2000.0,,10.0,3500.0,,1000.0,260400.0,4500.0,12000.0,6000.0,2000.0,5625.0,6000.0,1387.0,4407.0,,,,,0,0,0,0,0,0,0,0,0,0,0,0,0,0,0,0,0,0,0,0,0,0,0,0,0,0,0,0,0,0,0
,,,,,,272,2026-02-12 13:17:13.562989,WNTR,24.33,24.34,24.35,,,,3000.0,,,,,1600.0,,750.0,,,2400.0,2000.0,3500.0,3000.0,,,1100.0,,,7000.0,217900.0,784.0,3500.0,5126.0,840.0,,2200.0,,3500.0,,,,,6000.0,6000.0,,,,,,5000.0,4000.0,25000.0,6000.0,0,0,0,0,0,0,0,0,0,0,0,0,0,0,0,0,0,0,0,0,0,0,0,0,0,0,0,0,0,0,0
2.0,1.0,1.0,,Aggregate Position Limit,Your CRO has set the aggregate position limit to 10000 shares for this week.,273,2026-02-12 13:17:14.582038,SPNG,24.51,24.5,24.51,10000.0,3500.0,20000.0,3500.0,7200.0,4856.0,2541.0,10000.0,1843.0,3400.0,4856.0,3500.0,1794.0,3000.0,2200.0,5625.0,117000.0,,,,,,,,,,,,,,,,,,,,,,,,,,,,,,,,,,0,0,0,0,0,0,0,0,0,0,0,0,0,0,0,0,0,0,0,0,0,0,0,0,0,0,0,0
1.0,1.0,1.0,,Welcome to the RITC 2026 Alogithmic Market Making Case - practice server,,273,2026-02-12 13:17:14.582038,SMMR,25.96,25.96,25.98,,,,,,,,,,,,,2817.0,,8267.0,,895900.0,680800.0,5358.0,4000.0,5500.0,2000.0,783.0,2000.0,4500.0,,,,,,,,,,,,,,,,,,,,,,,,,,0,0,0,0,0,0,0,0,0,0,0,0,0,0,0,0,0,0,0,0,0,0,0,0,0,0,0,0
,,,,,,273,2026-02-12 13:17:14.582038,ATMN,23.11,23.15,23.17,,,,3500.0,,,,,,,,,4616.0,,1100.0,,358800.0,106400.0,4616.0,,1100.0,,,,4150.0,2000.0,6647.0,530.0,1900.0,6000.0,857.0,6000.0,5625.0,6000.0,4500.0,13000.0,2000.0,693.0,3500.0,2250.0,3982.0,6000.0,6000.0,5369.0,,,,,,,0,0,0,0,0,0,0,0,0,0,0,0,0,0,0,0,0,0,0,0,0,0,0,0,0,0,0,0
,,,,,,273,2026-02-12 13:17:14.582038,WNTR,24.34,24.34,24.35,,3500.0,,3500.0,3000.0,,,,2734.0,7200.0,,3500.0,2468.0,,2940.0,,87200.0,,2468.0,,,,,,,,470.0,,,,,,,,,,,,3500.0,,,,,,15000.0,4000.0,6000.0,3348.0,4000.0,1207.0,0,0,0,0,0,0,0,0,0,0,0,0,0,0,0,0,0,0,0,0,0,0,0,0,0,0,0,0
2.0,1.0,1.0,,Aggregate Position Limit,Your CRO has set the aggregate position limit to 10000 shares for this week.,274,2026-02-12 13:17:15.597779,SPNG,24.51,24.5,24.51,2400.0,4000.0,2625.0,3000.0,1833.0,703.0,3000.0,6500.0,6000.0,309200.0,4856.0,5000.0,3200.0,3500.0,3364.0,6000.0,1833.0,300.0,6000.0,6000.0,4833.0,5625.0,1916.0,5625.0,4000.0,4000.0,9000.0,,,,,,,,,,,,,,,,,,,,,,,,,,,0,0,0,0,0,0,0,0,0,0,0,0,0,0,0,0,0,0,0,0,0,0,0,0,0
1.0,1.0,1.0,,Welcome to the RITC 2026 Alogithmic Market Making Case - practice server,,274,2026-02-12 13:17:15.597779,SMMR,26.0,25.97,25.98,1600.0,,,6000.0,2290.0,,,,,277400.0,,,,,,3000.0,,600.0,,,7167.0,,,,,,,5461.0,1621.0,3300.0,1500.0,2000.0,901.0,1000.0,886900.0,901.0,3300.0,2000.0,,,,,,,,,,,,,,,,0,0,0,0,0,0,0,0,0,0,0,0,0,0,0,0,0,0,0,0,0,0,0,0,0
,,,,,,274,2026-02-12 13:17:15.597779,ATMN,23.19,23.19,23.2,1200.0,,6750.0,3000.0,,5625.0,,,6000.0,199100.0,,,1200.0,,,3000.0,,,,6000.0,1100.0,2466.0,,,4000.0,,,,2550.0,,,,,,685700.0,,4900.0,,3500.0,2000.0,5625.0,2250.0,3500.0,3982.0,6000.0,5369.0,,,,,,,,0,0,0,0,0,0,0,0,0,0,0,0,0,0,0,0,0,0,0,0,0,0,0,0,0
,,,,,,274,2026-02-12 13:17:15.597779,WNTR,24.42,24.42,24.43,2400.0,,,6000.0,4649.0,,,6500.0,,,,,,,,,,300.0,750.0,6000.0,2200.0,,,,,4000.0,,3500.0,2000.0,,,,,,222900.0,,2000.0,,3500.0,2000.0,,,3500.0,2250.0,,,35000.0,6589.0,7486.0,4000.0,1500.0,5000.0,1293.0,0,0,0,0,0,0,0,0,0,0,0,0,0,0,0,0,0,0,0,0,0,0,0,0,0
2.0,1.0,1.0,,Aggregate Position Limit,Your CRO has set the aggregate position limit to 10000 shares for this week.,275,2026-02-12 13:17:16.621366,SPNG,24.53,24.5,24.52,4000.0,6500.0,4800.0,1905.0,2000.0,309200.0,4856.0,5000.0,4000.0,6000.0,6693.0,2000.0,15000.0,5625.0,1916.0,5625.0,4000.0,6000.0,4000.0,5250.0,3000.0,10000.0,6000.0,,,,,,,,,,,,,,,,,,,,,,,,,,,,,,0,0,0,0,0,0,0,0,0,0,0,0,0,0,0,0,0,0,0,0,0,0,0,0,0,0
1.0,1.0,1.0,,Welcome to the RITC 2026 Alogithmic Market Making Case - practice server,,275,2026-02-12 13:17:16.621366,SMMR,25.97,25.96,25.97,,,,2403.0,,363200.0,,,,,,,,,,,,9000.0,,,,,,4000.0,6000.0,3500.0,6000.0,4400.0,1191.0,550600.0,5445.0,7167.0,3500.0,3300.0,2000.0,,,,,,,,,,,,,,,,,,0,0,0,0,0,0,0,0,0,0,0,0,0,0,0,0,0,0,0,0,0,0,0,0,0,0
,,,,,,275,2026-02-12 13:17:16.621366,ATMN,23.11,23.1,23.11,,43.0,,,2500.0,,,,,6000.0,6500.0,4000.0,,5278.0,,,,6000.0,,,,,,,2550.0,3500.0,6000.0,,,449100.0,,1100.0,3500.0,1300.0,,857.0,500.0,5625.0,5625.0,5625.0,4500.0,2250.0,3000.0,3500.0,2127.0,800.0,,,,,,,0,0,0,0,0,0,0,0,0,0,0,0,0,0,0,0,0,0,0,0,0,0,0,0,0,0
,,,,,,275,2026-02-12 13:17:16.621366,WNTR,24.42,24.42,24.43,,6500.0,1600.0,2568.0,,,,,6589.0,,8966.0,,,,,,,6000.0,4000.0,,,,,,8949.0,3500.0,6000.0,2200.0,,321600.0,2586.0,,3500.0,,,,,,,,,,,2275.0,,900.0,13428.0,3562.0,1388.0,9000.0,6000.0,2250.0,0,0,0,0,0,0,0,0,0,0,0,0,0,0,0,0,0,0,0,0,0,0,0,0,0,0
2.0,1.0,1.0,,Aggregate Position Limit,Your CRO has set the aggregate position limit to 10000 shares for this week.,276,2026-02-12 13:17:17.652580,SPNG,24.37,24.37,24.4,3500.0,1920.0,10000.0,3000.0,673.0,588600.0,403.0,4150.0,6000.0,6000.0,1311.0,3000.0,20000.0,1311.0,3884.0,2000.0,3500.0,4500.0,14076.0,403.0,6778.0,2250.0,2275.0,3293.0,,,,,,,,,,,,,,,,,,,,,,0,0,0,0,0,0,0,0,0,0,0,0,0,0,0,0,0,0,0,0,0,0,0,0,0,0,0,0,0,0,0,0,0
1.0,1.0,1.0,,Welcome to the RITC 2026 Alogithmic Market Making Case - practice server,,276,2026-02-12 13:17:17.652580,SMMR,25.96,25.96,25.97,3500.0,1500.0,,3000.0,,89900.0,,,,,,3000.0,,4210.0,,,3500.0,,1500.0,,,,7000.0,,1000.0,8000.0,371.0,142.0,2200.0,86800.0,3000.0,750.0,,,,,,,,,,,,,,0,0,0,0,0,0,0,0,0,0,0,0,0,0,0,0,0,0,0,0,0,0,0,0,0,0,0,0,0,0,0,0,0
,,,,,,276,2026-02-12 13:17:17.652580,ATMN,22.9,22.88,22.9,,,,,,499500.0,,1200.0,,6000.0,,,,3290.0,,4000.0,,,,,,,3325.0,,,,,,,118700.0,4800.0,,5625.0,6750.0,13500.0,5625.0,6000.0,5625.0,4000.0,3958.0,2000.0,1100.0,,,,0,0,0,0,0,0,0,0,0,0,0,0,0,0,0,0,0,0,0,0,0,0,0,0,0,0,0,0,0,0,0,0,0
,,,,,,276,2026-02-12 13:17:17.652580,WNTR,24.35,24.37,24.39,3500.0,,,9000.0,,461400.0,,,6000.0,,,9000.0,,5326.0,,,3500.0,,,,,,4550.0,,3000.0,,5013.0,,3300.0,98700.0,900.0,,,,,,,,4000.0,8000.0,,,6000.0,10000.0,2000.0,0,0,0,0,0,0,0,0,0,0,0,0,0,0,0,0,0,0,0,0,0,0,0,0,0,0,0,0,0,0,0,0,0
2.0,1.0,1.0,,Aggregate Position Limit,Your CRO has set the aggregate position limit to 10000 shares for this week.,277,2026-02-12 13:17:18.672053,SPNG,24.58,24.38,24.5,15000.0,3500.0,6000.0,8000.0,1920.0,703.0,903.0,4000.0,6000.0,5000.0,6000.0,327400.0,5994.0,21750.0,2625.0,,,,,,,,,,,,,,,,,,,,,,,,,,,,,,,0,0,0,0,0,0,0,0,0,0,0,0,0,0,0,0,0,0,0,0,0,0,0,0,0,0,0,0,0,0,0,0,0
1.0,1.0,1.0,,Welcome to the RITC 2026 Alogithmic Market Making Case - practice server,,277,2026-02-12 13:17:18.672053,SMMR,25.91,25.89,25.91,,,9000.0,,,,,,,,,172800.0,,,,6000.0,727900.0,8316.0,5812.0,3300.0,2536.0,3000.0,1500.0,3500.0,8000.0,5376.0,3500.0,3704.0,,,,,,,,,,,,,,,,,,0,0,0,0,0,0,0,0,0,0,0,0,0,0,0,0,0,0,0,0,0,0,0,0,0,0,0,0,0,0,0,0,0
,,,,,,277,2026-02-12 13:17:18.672053,ATMN,23.2,23.0,23.04,,,3000.0,3000.0,,,,,12000.0,,,759200.0,1100.0,,,1669.0,229500.0,,,,,6000.0,,,,,,2000.0,847.0,5247.0,6000.0,3500.0,6000.0,4312.0,1000.0,6000.0,2150.0,5369.0,,,,,,,,0,0,0,0,0,0,0,0,0,0,0,0,0,0,0,0,0,0,0,0,0,0,0,0,0,0,0,0,0,0,0,0,0
,,,,,,277,2026-02-12 13:17:18.672053,WNTR,24.41,24.41,24.42,,3500.0,9000.0,8000.0,750.0,,,,,,,429400.0,,,,,125100.0,1100.0,3562.0,,2765.0,6000.0,,3500.0,,2356.0,,988.0,,,,3500.0,,,1000.0,6000.0,,,5000.0,1571.0,8966.0,1118.0,1336.0,4000.0,4000.0,0,0,0,0,0,0,0,0,0,0,0,0,0,0,0,0,0,0,0,0,0,0,0,0,0,0,0,0,0,0,0,0,0
2.0,1.0,1.0,,Aggregate Position Limit,Your CRO has set the aggregate position limit to 10000 shares for this week.,278,2026-02-12 13:17:19.689003,SPNG,24.36,24.36,24.37,15000.0,2400.0,6000.0,1316.0,6000.0,2885.0,6000.0,5250.0,3000.0,200900.0,1300.0,92900.0,10000.0,6000.0,3650.0,600.0,3938.0,6500.0,1034.0,6000.0,10000.0,441.0,3000.0,6000.0,4000.0,1300.0,,,,,,,,,,,,,,,,,,,,,,,,,,0,0,0,0,0,0,0,0,0,0,0,0,0,0,0,0,0,0,0,0,0,0,0,0,0,0,0
1.0,1.0,1.0,,Welcome to the RITC 2026 Alogithmic Market Making Case - practice server,,278,2026-02-12 13:17:19.689003,SMMR,25.84,25.89,25.94,,,9000.0,1003.0,,8316.0,,,,743000.0,2000.0,189300.0,,6000.0,5538.0,,,6500.0,,,,5376.0,,,,1300.0,2769.0,5812.0,1970.0,4000.0,750.0,10052.0,914.0,1191.0,3500.0,,,,,,,,,,,,,,,,,0,0,0,0,0,0,0,0,0,0,0,0,0,0,0,0,0,0,0,0,0,0,0,0,0,0,0
,,,,,,278,2026-02-12 13:17:19.689003,ATMN,22.93,22.93,22.94,,,3000.0,,12000.0,,,9000.0,11250.0,233000.0,1200.0,102600.0,,12000.0,4310.0,2400.0,,,140.0,,,,,4831.0,,,,6000.0,,,,1100.0,,,3500.0,5625.0,5150.0,5625.0,4000.0,1757.0,5624.0,2812.0,,,,,,,,,,0,0,0,0,0,0,0,0,0,0,0,0,0,0,0,0,0,0,0,0,0,0,0,0,0,0,0
,,,,,,278,2026-02-12 13:17:19.689003,WNTR,24.41,24.41,24.42,,,9000.0,,,4400.0,5750.0,,,,,318900.0,,6000.0,,600.0,750.0,7980.0,3500.0,6000.0,,,,,4000.0,,4870.0,,,,,,,,3500.0,,,,8000.0,2204.0,,,15000.0,3500.0,6000.0,1000.0,4000.0,2000.0,5000.0,1000.0,6000.0,0,0,0,0,0,0,0,0,0,0,0,0,0,0,0,0,0,0,0,0,0,0,0,0,0,0,0
2.0,1.0,1.0,,Aggregate Position Limit,Your CRO has set the aggregate position limit to 10000 shares for this week.,279,2026-02-12 13:17:20.706058,SPNG,24.52,24.53,24.54,552.0,6000.0,97200.0,25000.0,800.0,4220.0,1100.0,3000.0,2625.0,8685.0,6000.0,1758.0,6000.0,3000.0,5000.0,3500.0,4000.0,2286.0,420.0,4000.0,5625.0,5625.0,2625.0,3000.0,5625.0,15000.0,121600.0,,,,,,,,,,,,,,,,,0,0,0,0,0,0,0,0,0,0,0,0,0,0,0,0,0,0,0,0,0,0,0,0,0,0,0,0,0,0,0,0,0,0,0
1.0,1.0,1.0,,Welcome to the RITC 2026 Alogithmic Market Making Case - practice server,,279,2026-02-12 13:17:20.706058,SMMR,25.9,25.9,25.91,3500.0,12000.0,645100.0,,,,8316.0,,,,,,,3000.0,,3500.0,,2901.0,8000.0,,,,,,,,93700.0,1338.0,750.0,3500.0,1300.0,59.0,750.0,2200.0,6500.0,750.0,,,,,,,,0,0,0,0,0,0,0,0,0,0,0,0,0,0,0,0,0,0,0,0,0,0,0,0,0,0,0,0,0,0,0,0,0,0,0
,,,,,,279,2026-02-12 13:17:20.706058,ATMN,22.93,22.93,22.94,3500.0,,228200.0,,6170.0,,2200.0,,4500.0,,,,6000.0,9000.0,,140.0,,2499.0,5600.0,,,1313.0,,,,,102600.0,,,3500.0,,502.0,,2200.0,,,12000.0,3500.0,1000.0,,,,,0,0,0,0,0,0,0,0,0,0,0,0,0,0,0,0,0,0,0,0,0,0,0,0,0,0,0,0,0,0,0,0,0,0,0
,,,,,,279,2026-02-12 13:17:20.706058,WNTR,24.35,24.35,24.38,,3000.0,345900.0,,8000.0,,,,,,4000.0,,,3000.0,,,,,3090.0,,,,,,,,118200.0,6500.0,750.0,3500.0,,,,,6500.0,750.0,,3500.0,,6000.0,4000.0,8000.0,5000.0,0,0,0,0,0,0,0,0,0,0,0,0,0,0,0,0,0,0,0,0,0,0,0,0,0,0,0,0,0,0,0,0,0,0,0
2.0,1.0,1.0,,Aggregate Position Limit,Your CRO has set the aggregate position limit to 10000 shares for this week.,280,2026-02-12 13:17:21.722874,SPNG,24.52,24.52,24.54,3500.0,3750.0,5790.0,2400.0,4980.0,2623.0,1758.0,3000.0,3000.0,6000.0,15000.0,4000.0,15000.0,5790.0,4000.0,3500.0,600.0,4823.0,2625.0,5000.0,6000.0,121600.0,7500.0,,,,,,,,,,,,,,,,,,,,,,,,0,0,0,0,0,0,0,0,0,0,0,0,0,0,0,0,0,0,0,0,0,0,0,0,0,0,0,0,0,0,0,0
1.0,1.0,1.0,,Welcome to the RITC 2026 Alogithmic Market Making Case - practice server,,280,2026-02-12 13:17:21.722874,SMMR,25.92,25.9,25.92,3500.0,,,1200.0,7248.0,8316.0,,3000.0,,,,,,,,,,8952.0,,,,691900.0,,645100.0,1046.0,1300.0,3500.0,7248.0,1046.0,89.0,6000.0,4828.0,2000.0,,,,,,,,,,,,,,0,0,0,0,0,0,0,0,0,0,0,0,0,0,0,0,0,0,0,0,0,0,0,0,0,0,0,0,0,0,0,0
,,,,,,280,2026-02-12 13:17:21.722874,ATMN,22.95,23.02,23.05,3500.0,,,2400.0,,3300.0,3521.0,3000.0,,6000.0,,,,,,,,1100.0,,,6000.0,1234500.0,,228200.0,,,,,,,,,3500.0,3500.0,6000.0,5625.0,3700.0,4000.0,4312.0,6000.0,5369.0,,,,,,0,0,0,0,0,0,0,0,0,0,0,0,0,0,0,0,0,0,0,0,0,0,0,0,0,0,0,0,0,0,0,0
,,,,,,280,2026-02-12 13:17:21.722874,WNTR,24.35,24.35,24.37,3500.0,,,600.0,4054.0,,,3000.0,,,,,,,4000.0,,2400.0,,,,10000.0,226000.0,,756000.0,,700.0,,4054.0,,8000.0,,,,,,,4972.0,,,6000.0,,10000.0,6500.0,2544.0,15000.0,3000.0,0,0,0,0,0,0,0,0,0,0,0,0,0,0,0,0,0,0,0,0,0,0,0,0,0,0,0,0,0,0,0,0
2.0,1.0,1.0,,Aggregate Position Limit,Your CRO has set the aggregate position limit to 10000 shares for this week.,281,2026-02-12 13:17:22.738485,SPNG,24.53,24.53,24.54,10000.0,10000.0,2400.0,3500.0,2163.0,5624.0,2138.0,3500.0,768.0,3000.0,766.0,2516.0,3000.0,2625.0,30000.0,6000.0,3500.0,1200.0,5790.0,4000.0,2516.0,3661.0,3750.0,5625.0,,,,,,,,,,,,,,,,,,,,,,,,0,0,0,0,0,0,0,0,0,0,0,0,0,0,0,0,0,0,0,0,0,0,0,0,0,0,0,0,0,0,0
1.0,1.0,1.0,,Welcome to the RITC 2026 Alogithmic Market Making Case - practice server,,281,2026-02-12 13:17:22.738485,SMMR,25.94,25.93,25.94,,,600.0,3500.0,,,5861.0,,,12000.0,,7202.0,,,,,,1600.0,,,3615.0,3732.0,,,750.0,1500.0,427600.0,3800.0,503000.0,3000.0,3400.0,2000.0,4828.0,,,,,,,,,,,,,,,0,0,0,0,0,0,0,0,0,0,0,0,0,0,0,0,0,0,0,0,0,0,0,0,0,0,0,0,0,0,0
,,,,,,281,2026-02-12 13:17:22.738485,ATMN,22.95,22.94,22.95,,,2400.0,3500.0,,,3300.0,,,6000.0,,3145.0,,,,6000.0,3500.0,850.0,,4000.0,6314.0,,4500.0,9378.0,2250.0,,118400.0,,128900.0,6000.0,3500.0,,,3000.0,12000.0,2000.0,6000.0,4000.0,6000.0,4312.0,850.0,4000.0,2250.0,,,,,0,0,0,0,0,0,0,0,0,0,0,0,0,0,0,0,0,0,0,0,0,0,0,0,0,0,0,0,0,0,0
,,,,,,281,2026-02-12 13:17:22.738485,WNTR,24.34,24.34,24.35,,,600.0,3500.0,,,,,1240.0,3000.0,,7654.0,,,,,3500.0,2400.0,,,3842.0,1523.0,,,,,321100.0,12545.0,118200.0,3000.0,12250.0,,,2000.0,,4972.0,6000.0,,10000.0,,,,,5000.0,2581.0,6500.0,1817.0,0,0,0,0,0,0,0,0,0,0,0,0,0,0,0,0,0,0,0,0,0,0,0,0,0,0,0,0,0,0,0
2.0,1.0,1.0,,Aggregate Position Limit,Your CRO has set the aggregate position limit to 10000 shares for this week.,282,2026-02-12 13:17:23.754429,SPNG,24.52,24.52,24.54,3500.0,800.0,2275.0,3750.0,1000.0,6000.0,3402.0,8000.0,484500.0,2900.0,5000.0,800.0,1701.0,1000.0,230800.0,5994.0,15750.0,6000.0,4000.0,,,,,,,,,,,,,,,,,,,,,,,,,,0,0,0,0,0,0,0,0,0,0,0,0,0,0,0,0,0,0,0,0,0,0,0,0,0,0,0,0,0,0,0,0,0,0
1.0,1.0,1.0,,Welcome to the RITC 2026 Alogithmic Market Making Case - practice server,,282,2026-02-12 13:17:23.754429,SMMR,25.95,25.94,25.95,3500.0,1800.0,5792.0,1500.0,,,,,78400.0,,,1600.0,2175.0,2000.0,322400.0,3238.0,,6000.0,,6000.0,800.0,750.0,1412.0,2000.0,3238.0,1500.0,3400.0,6000.0,3000.0,831.0,,,,,,,,,,,,,,,0,0,0,0,0,0,0,0,0,0,0,0,0,0,0,0,0,0,0,0,0,0,0,0,0,0,0,0,0,0,0,0,0,0
,,,,,,282,2026-02-12 13:17:23.754429,ATMN,22.95,22.94,22.98,3500.0,3200.0,3500.0,,,,,,118400.0,,,600.0,2084.0,,224300.0,3238.0,,12000.0,,3000.0,,4500.0,,,1100.0,2250.0,,6000.0,3459.0,,5625.0,6000.0,7694.0,4500.0,3531.0,2250.0,2812.0,6000.0,4312.0,,,,,,0,0,0,0,0,0,0,0,0,0,0,0,0,0,0,0,0,0,0,0,0,0,0,0,0,0,0,0,0,0,0,0,0,0
,,,,,,282,2026-02-12 13:17:23.754429,WNTR,24.35,24.33,24.34,3500.0,600.0,2581.0,525.0,1000.0,,2866.0,4000.0,855500.0,,,2400.0,2866.0,,,,,,,6000.0,,,,,,,8750.0,,9030.0,,,,,,,,,20000.0,,4000.0,5000.0,25000.0,3500.0,1090.0,0,0,0,0,0,0,0,0,0,0,0,0,0,0,0,0,0,0,0,0,0,0,0,0,0,0,0,0,0,0,0,0,0,0
2.0,1.0,1.0,,Aggregate Position Limit,Your CRO has set the aggregate position limit to 10000 shares for this week.,283,2026-02-12 13:17:24.773,SPNG,24.59,24.52,24.54,2895.0,3500.0,10000.0,7500.0,1100.0,6000.0,2348.0,429.0,2625.0,3949.0,487100.0,1700.0,2895.0,3750.0,3500.0,2348.0,205800.0,23250.0,2000.0,2694.0,2625.0,3000.0,,,,,,,,,,,,,,,,,,,,,,,,,0,0,0,0,0,0,0,0,0,0,0,0,0,0,0,0,0,0,0,0,0,0,0,0,0,0,0,0,0,0,0,0
1.0,1.0,1.0,,Welcome to the RITC 2026 Alogithmic Market Making Case - practice server,,283,2026-02-12 13:17:24.773,SMMR,25.97,25.95,25.96,,3500.0,,2250.0,4276.0,6000.0,3387.0,,,,187300.0,,,750.0,3500.0,6613.0,299900.0,,2000.0,11090.0,,3000.0,800.0,3500.0,8000.0,2000.0,750.0,3784.0,7520.0,,,,,,,,,,,,,,,,,,0,0,0,0,0,0,0,0,0,0,0,0,0,0,0,0,0,0,0,0,0,0,0,0,0,0,0,0,0,0,0,0
,,,,,,283,2026-02-12 13:17:24.773,ATMN,22.93,22.91,22.92,,3500.0,,,2138.0,3000.0,,640.0,4500.0,,123200.0,,,2250.0,3500.0,2882.0,130800.0,,,3238.0,2250.0,9000.0,,,,,6750.0,,2306.0,6514.0,4000.0,6000.0,6000.0,2417.0,5625.0,748.0,2000.0,6500.0,4000.0,600.0,2250.0,,,,,,0,0,0,0,0,0,0,0,0,0,0,0,0,0,0,0,0,0,0,0,0,0,0,0,0,0,0,0,0,0,0,0
,,,,,,283,2026-02-12 13:17:24.773,WNTR,24.29,24.29,24.32,,3500.0,,1050.0,,9000.0,,1641.0,,,839200.0,2000.0,,,,7379.0,,,,3238.0,,,,,,1000.0,,,4328.0,,,,,,,,,,2000.0,2400.0,750.0,1240.0,1595.0,10000.0,11050.0,30000.0,0,0,0,0,0,0,0,0,0,0,0,0,0,0,0,0,0,0,0,0,0,0,0,0,0,0,0,0,0,0,0,0
2.0,1.0,1.0,,Aggregate Position Limit,Your CRO has set the aggregate position limit to 10000 shares for this week.,284,2026-02-12 13:17:25.792199,SPNG,24.44,24.46,24.47,2083.0,3000.0,1096.0,3500.0,757900.0,2812.0,3000.0,4000.0,2750.0,1654.0,183900.0,15000.0,6416.0,9582.0,8244.0,6000.0,1654.0,2000.0,1096.0,5400.0,1100.0,,,,,,,,,,,,,,,,,,,,,,,,,0,0,0,0,0,0,0,0,0,0,0,0,0,0,0,0,0,0,0,0,0,0,0,0,0,0,0,0,0,0,0,0,0
1.0,1.0,1.0,,Welcome to the RITC 2026 Alogithmic Market Making Case - practice server,,284,2026-02-12 13:17:25.792199,SMMR,25.98,25.97,25.98,750.0,6000.0,,,187300.0,,,,,,397700.0,,,750.0,,9000.0,2962.0,3000.0,,,11090.0,800.0,6476.0,4600.0,6000.0,1046.0,831.0,2000.0,750.0,1000.0,3500.0,2000.0,,,,,,,,,,,,,,0,0,0,0,0,0,0,0,0,0,0,0,0,0,0,0,0,0,0,0,0,0,0,0,0,0,0,0,0,0,0,0,0
,,,,,,284,2026-02-12 13:17:25.792199,ATMN,22.91,22.9,22.91,,9000.0,,3500.0,493200.0,1874.0,,,2000.0,,,,3305.0,,,3000.0,2488.0,,,,1100.0,,,2970.0,,748.0,745.0,,2250.0,,,,800.0,3111.0,3531.0,6500.0,7723.0,6062.0,5400.0,,,,,,,0,0,0,0,0,0,0,0,0,0,0,0,0,0,0,0,0,0,0,0,0,0,0,0,0,0,0,0,0,0,0,0,0
,,,,,,284,2026-02-12 13:17:25.792199,WNTR,24.3,24.3,24.32,,6000.0,,3500.0,527700.0,,,,,,,,5589.0,,,3000.0,,,,,,,,3868.0,,,,,,2000.0,3500.0,,1200.0,2035.0,,,,6000.0,5600.0,6000.0,13700.0,750.0,6000.0,10000.0,6000.0,0,0,0,0,0,0,0,0,0,0,0,0,0,0,0,0,0,0,0,0,0,0,0,0,0,0,0,0,0,0,0,0,0
2.0,1.0,1.0,,Aggregate Position Limit,Your CRO has set the aggregate position limit to 10000 shares for this week.,285,2026-02-12 13:17:26.820001,SPNG,24.45,24.43,24.45,1735.0,1100.0,1406.0,696300.0,3950.0,4000.0,6000.0,3293.0,3949.0,3000.0,3949.0,12359.0,25000.0,83400.0,7600.0,,,,,,,,,,,,,,,,,,,,,,,,,,,0,0,0,0,0,0,0,0,0,0,0,0,0,0,0,0,0,0,0,0,0,0,0,0,0,0,0,0,0,0,0,0,0,0,0,0,0
1.0,1.0,1.0,,Welcome to the RITC 2026 Alogithmic Market Making Case - practice server,,285,2026-02-12 13:17:26.820001,SMMR,25.92,25.9,25.92,666.0,6961.0,,604100.0,,,,,,9000.0,,,,110600.0,8000.0,3111.0,15000.0,2000.0,5861.0,2810.0,3500.0,750.0,2138.0,,,,,,,,,,,,,,,,,,,0,0,0,0,0,0,0,0,0,0,0,0,0,0,0,0,0,0,0,0,0,0,0,0,0,0,0,0,0,0,0,0,0,0,0,0,0
,,,,,,285,2026-02-12 13:17:26.820001,ATMN,22.88,22.88,22.9,2000.0,,,130200.0,1300.0,4000.0,,,3531.0,6000.0,,,,,5600.0,,12000.0,,4953.0,,3500.0,,1100.0,3500.0,1800.0,2970.0,6500.0,6000.0,2000.0,3111.0,10000.0,6000.0,1223.0,2000.0,,,,,,,,0,0,0,0,0,0,0,0,0,0,0,0,0,0,0,0,0,0,0,0,0,0,0,0,0,0,0,0,0,0,0,0,0,0,0,0,0
,,,,,,285,2026-02-12 13:17:26.820001,WNTR,24.28,24.29,24.3,,,,755100.0,2000.0,,,,,6000.0,,,,100700.0,1600.0,1555.0,9000.0,3000.0,6580.0,,3500.0,750.0,1100.0,,,,,,,259.0,,,,2066.0,5000.0,4000.0,983.0,1091.0,30000.0,4000.0,10000.0,0,0,0,0,0,0,0,0,0,0,0,0,0,0,0,0,0,0,0,0,0,0,0,0,0,0,0,0,0,0,0,0,0,0,0,0,0
2.0,1.0,1.0,,Aggregate Position Limit,Your CRO has set the aggregate position limit to 10000 shares for this week.,286,2026-02-12 13:17:27.854482,SPNG,24.48,24.39,24.41,2722.0,115000.0,15000.0,900.0,3500.0,1406.0,1100.0,9000.0,718.0,2625.0,3116.0,6000.0,3000.0,9000.0,1558.0,12270.0,2000.0,2200.0,2250.0,15000.0,6000.0,100500.0,,,,,,,,,,,,,,,,,,,,,,,,0,0,0,0,0,0,0,0,0,0,0,0,0,0,0,0,0,0,0,0,0,0,0,0,0,0,0,0,0,0,0,0,0
1.0,1.0,1.0,,Welcome to the RITC 2026 Alogithmic Market Making Case - practice server,,286,2026-02-12 13:17:27.854482,SMMR,25.95,25.92,25.93,2722.0,86100.0,,2400.0,3500.0,,4338.0,3000.0,,,4270.0,,750.0,3000.0,,,1000.0,8952.0,,,,395300.0,6801.0,2958.0,6000.0,666.0,1000.0,2722.0,2000.0,3500.0,6500.0,4828.0,552.0,2000.0,,,,,,,,,,,,0,0,0,0,0,0,0,0,0,0,0,0,0,0,0,0,0,0,0,0,0,0,0,0,0,0,0,0,0,0,0,0,0
,,,,,,286,2026-02-12 13:17:27.854482,ATMN,22.86,22.85,22.86,1875.0,493200.0,,900.0,3500.0,,,12000.0,,,,6000.0,,6000.0,2194.0,,2000.0,3300.0,,,,117500.0,6500.0,,,2000.0,,3111.0,2400.0,,1223.0,,,763.0,4000.0,2000.0,4000.0,2250.0,10000.0,6000.0,,,,,,0,0,0,0,0,0,0,0,0,0,0,0,0,0,0,0,0,0,0,0,0,0,0,0,0,0,0,0,0,0,0,0,0
,,,,,,286,2026-02-12 13:17:27.854482,WNTR,24.29,24.29,24.3,1555.0,536200.0,,300.0,3500.0,,,6000.0,,,2837.0,6000.0,,3000.0,2837.0,,1000.0,1100.0,,,,100700.0,,,,,2000.0,,1600.0,3500.0,,,,2891.0,4000.0,2000.0,4000.0,750.0,,4000.0,5000.0,6000.0,25000.0,10000.0,4000.0,0,0,0,0,0,0,0,0,0,0,0,0,0,0,0,0,0,0,0,0,0,0,0,0,0,0,0,0,0,0,0,0,0
2.0,1.0,1.0,,Aggregate Position Limit,Your CRO has set the aggregate position limit to 10000 shares for this week.,287,2026-02-12 13:17:28.904859,SPNG,24.38,24.38,24.43,115000.0,15000.0,2916.0,118.0,3000.0,4000.0,2200.0,4000.0,1406.0,372.0,2625.0,2000.0,3200.0,3500.0,2024.0,15750.0,5250.0,5625.0,5625.0,15000.0,109200.0,1100.0,,,,,,,,,,,,,,,,,,,,,,,,0,0,0,0,0,0,0,0,0,0,0,0,0,0,0,0,0,0,0,0,0,0,0,0,0,0,0,0,0,0,0,0,0
1.0,1.0,1.0,,Welcome to the RITC 2026 Alogithmic Market Making Case - practice server,,287,2026-02-12 13:17:28.904859,SMMR,25.93,25.94,25.95,525800.0,,,703.0,,3000.0,9161.0,,,,,,,3500.0,,,,,,,189300.0,11152.0,6000.0,2267.0,3099.0,6500.0,4055.0,2605.0,1000.0,930.0,4828.0,1084.0,,,,,,,,,,,,,,0,0,0,0,0,0,0,0,0,0,0,0,0,0,0,0,0,0,0,0,0,0,0,0,0,0,0,0,0,0,0,0,0
,,,,,,287,2026-02-12 13:17:28.904859,ATMN,22.81,22.81,22.87,1446700.0,,1750.0,,3000.0,,,,,,,4400.0,,3500.0,2330.0,,,,,,117500.0,5500.0,,,,1223.0,,553.0,2000.0,,,,6000.0,835.0,3000.0,20000.0,1750.0,12000.0,8000.0,,,,,,,0,0,0,0,0,0,0,0,0,0,0,0,0,0,0,0,0,0,0,0,0,0,0,0,0,0,0,0,0,0,0,0,0
,,,,,,287,2026-02-12 13:17:28.904859,WNTR,24.3,24.34,24.35,99500.0,,,6500.0,3000.0,1000.0,,4000.0,,,,,2000.0,,,,,,,,746100.0,,,2685.0,,6716.0,,,1000.0,,6000.0,,,,,,932.0,4000.0,,30000.0,3500.0,5600.0,1400.0,2000.0,5000.0,0,0,0,0,0,0,0,0,0,0,0,0,0,0,0,0,0,0,0,0,0,0,0,0,0,0,0,0,0,0,0,0,0
2.0,1.0,1.0,,Aggregate Position Limit,Your CRO has set the aggregate position limit to 10000 shares for this week.,288,2026-02-12 13:17:29.964941,SPNG,24.37,24.37,24.4,10000.0,4000.0,1407.0,195.0,6000.0,2280.0,6500.0,6000.0,1200.0,3000.0,5400.0,6000.0,3000.0,105700.0,3000.0,1600.0,2000.0,2527.0,25000.0,3472.0,3500.0,2153.0,6000.0,,,,,,,,,,,,,,,,,,,,,,0,0,0,0,0,0,0,0,0,0,0,0,0,0,0,0,0,0,0,0,0,0,0,0,0,0,0,0,0,0,0,0,0,0
1.0,1.0,1.0,,Welcome to the RITC 2026 Alogithmic Market Making Case - practice server,,288,2026-02-12 13:17:29.964941,SMMR,25.95,25.93,25.95,,,,,,,,,,1000.0,,,750.0,747200.0,1000.0,3100.0,,4860.0,,2718.0,3500.0,6500.0,3000.0,3500.0,5064.0,3723.0,552.0,6000.0,1400.0,4055.0,4000.0,,,,,,,,,,,,,,0,0,0,0,0,0,0,0,0,0,0,0,0,0,0,0,0,0,0,0,0,0,0,0,0,0,0,0,0,0,0,0,0,0
,,,,,,288,2026-02-12 13:17:29.964941,ATMN,22.84,22.84,22.85,,,,,,3600.0,,,1200.0,2000.0,,,,731600.0,1000.0,4000.0,700.0,2527.0,,2311.0,3500.0,7357.0,3000.0,3500.0,,,,,,6000.0,,2000.0,1100.0,2250.0,5625.0,,,,,,,,,,0,0,0,0,0,0,0,0,0,0,0,0,0,0,0,0,0,0,0,0,0,0,0,0,0,0,0,0,0,0,0,0,0,0
,,,,,,288,2026-02-12 13:17:29.964941,WNTR,24.34,24.34,24.36,,,,3902.0,,8000.0,6500.0,,,,,,,,,1500.0,,,,2696.0,,62.0,,3500.0,,1100.0,,3000.0,,,124.0,,,,,20000.0,2696.0,636200.0,5000.0,6000.0,1414.0,4000.0,6000.0,4000.0,0,0,0,0,0,0,0,0,0,0,0,0,0,0,0,0,0,0,0,0,0,0,0,0,0,0,0,0,0,0,0,0,0,0
2.0,1.0,1.0,,Aggregate Position Limit,Your CRO has set the aggregate position limit to 10000 shares for this week.,289,2026-02-12 13:17:30.997372,SPNG,24.43,24.14,24.16,1000.0,8022.0,10000.0,2300.0,3000.0,3500.0,1100.0,368.0,3000.0,466800.0,1346.0,7565.0,1346.0,2200.0,9000.0,4000.0,1722.0,3000.0,7500.0,6000.0,5250.0,,,,,,,,,,,,,,,,,,,,,,0,0,0,0,0,0,0,0,0,0,0,0,0,0,0,0,0,0,0,0,0,0,0,0,0,0,0,0,0,0,0,0,0,0,0,0
1.0,1.0,1.0,,Welcome to the RITC 2026 Alogithmic Market Making Case - practice server,,289,2026-02-12 13:17:30.997372,SMMR,25.91,25.91,25.95,,,,2000.0,3000.0,3500.0,8316.0,,,1059300.0,,,4024.0,4400.0,,,6500.0,2000.0,,6000.0,,6000.0,408.0,2188.0,1600.0,2921.0,1084.0,183700.0,,,,,,,,,,,,,,,0,0,0,0,0,0,0,0,0,0,0,0,0,0,0,0,0,0,0,0,0,0,0,0,0,0,0,0,0,0,0,0,0,0,0,0
,,,,,,289,2026-02-12 13:17:30.997372,ATMN,23.01,22.85,23.01,3000.0,,,,3000.0,3500.0,,608.0,,731600.0,3815.0,,,,3000.0,,,,,,6750.0,,,,,,,844400.0,4294.0,3944.0,4000.0,4150.0,6000.0,6000.0,5625.0,5625.0,,,,,,,0,0,0,0,0,0,0,0,0,0,0,0,0,0,0,0,0,0,0,0,0,0,0,0,0,0,0,0,0,0,0,0,0,0,0,0
,,,,,,289,2026-02-12 13:17:30.997372,WNTR,24.37,24.37,24.38,2000.0,,,,3000.0,3500.0,,,,,4016.0,,,1100.0,3000.0,4000.0,6500.0,3000.0,,,,,,,,1665.0,,411900.0,8343.0,,,2000.0,6000.0,,,,30000.0,3200.0,1414.0,6000.0,6000.0,3500.0,0,0,0,0,0,0,0,0,0,0,0,0,0,0,0,0,0,0,0,0,0,0,0,0,0,0,0,0,0,0,0,0,0,0,0,0
2.0,1.0,1.0,,Aggregate Position Limit,Your CRO has set the aggregate position limit to 10000 shares for this week.,290,2026-02-12 13:17:32.040372,SPNG,24.46,24.46,24.55,119900.0,30000.0,2153.0,3500.0,9626.0,1500.0,332.0,950.0,7146.0,3500.0,18000.0,5625.0,3000.0,5250.0,6000.0,6000.0,109200.0,2694.0,,,,,,,,,,,,,,,,,,,,,,,,0,0,0,0,0,0,0,0,0,0,0,0,0,0,0,0,0,0,0,0,0,0,0,0,0,0,0,0,0,0,0,0,0,0,0,0,0
1.0,1.0,1.0,,Welcome to the RITC 2026 Alogithmic Market Making Case - practice server,,290,2026-02-12 13:17:32.040372,SMMR,25.95,25.95,25.97,740800.0,,2668.0,3500.0,,1200.0,5746.0,,,3500.0,,,3000.0,,,,683100.0,10686.0,800.0,750.0,3300.0,3000.0,938.0,1400.0,1000.0,4828.0,2000.0,,,,,,,,,,,,,,,0,0,0,0,0,0,0,0,0,0,0,0,0,0,0,0,0,0,0,0,0,0,0,0,0,0,0,0,0,0,0,0,0,0,0,0,0
,,,,,,290,2026-02-12 13:17:32.040372,ATMN,22.85,22.83,22.85,1062500.0,,,3500.0,,,,2000.0,6500.0,3500.0,,,,2250.0,,,92600.0,1100.0,,,,9000.0,4055.0,,,,,511.0,2000.0,4000.0,531.0,500.0,4000.0,7200.0,,,,,,,,0,0,0,0,0,0,0,0,0,0,0,0,0,0,0,0,0,0,0,0,0,0,0,0,0,0,0,0,0,0,0,0,0,0,0,0,0
,,,,,,290,2026-02-12 13:17:32.040372,WNTR,24.38,24.37,24.38,104900.0,,4797.0,,,3200.0,,,,3500.0,,,3000.0,,6000.0,,301400.0,2200.0,,,1100.0,,,,2000.0,,,,1000.0,10000.0,7606.0,,,695.0,33500.0,10000.0,11083.0,4032.0,4000.0,1665.0,1414.0,0,0,0,0,0,0,0,0,0,0,0,0,0,0,0,0,0,0,0,0,0,0,0,0,0,0,0,0,0,0,0,0,0,0,0,0,0
2.0,1.0,1.0,,Aggregate Position Limit,Your CRO has set the aggregate position limit to 10000 shares for this week.,291,2026-02-12 13:17:33.079386,SPNG,24.48,24.48,24.49,3500.0,1424.0,4000.0,30000.0,1000.0,2625.0,3000.0,119900.0,4409.0,2109.0,3200.0,826.0,6000.0,3500.0,6000.0,5625.0,8838.0,1600.0,107600.0,5250.0,5625.0,3000.0,2625.0,,,,,,,,,,,,,,,,,0,0,0,0,0,0,0,0,0,0,0,0,0,0,0,0,0,0,0,0,0,0,0,0,0,0,0,0,0,0,0,0,0,0,0,0,0,0,0
1.0,1.0,1.0,,Welcome to the RITC 2026 Alogithmic Market Making Case - practice server,,291,2026-02-12 13:17:33.079386,SMMR,25.84,25.89,25.92,3500.0,573.0,,,,,,1019400.0,7216.0,,,,4000.0,,2700.0,,,1600.0,499400.0,,,3000.0,,2899.0,3000.0,3200.0,2415.0,2899.0,5746.0,1000.0,7358.0,,,,,,,,,0,0,0,0,0,0,0,0,0,0,0,0,0,0,0,0,0,0,0,0,0,0,0,0,0,0,0,0,0,0,0,0,0,0,0,0,0,0,0
,,,,,,291,2026-02-12 13:17:33.079386,ATMN,22.85,22.83,22.89,3500.0,600.0,,,1000.0,,,932300.0,,,2000.0,,,,500.0,5625.0,,800.0,346600.0,,5625.0,,4500.0,2799.0,6000.0,2000.0,4857.0,2799.0,,,1330.0,6000.0,1099.0,2250.0,4000.0,6000.0,,,,0,0,0,0,0,0,0,0,0,0,0,0,0,0,0,0,0,0,0,0,0,0,0,0,0,0,0,0,0,0,0,0,0,0,0,0,0,0,0
,,,,,,291,2026-02-12 13:17:33.079386,WNTR,24.29,24.37,24.39,3500.0,,,,1000.0,,,956800.0,,,,,,3500.0,,,,4865.0,189000.0,,,,,2758.0,6000.0,4000.0,20.0,,1665.0,,5264.0,,,,4000.0,6000.0,6000.0,1400.0,5000.0,0,0,0,0,0,0,0,0,0,0,0,0,0,0,0,0,0,0,0,0,0,0,0,0,0,0,0,0,0,0,0,0,0,0,0,0,0,0,0
2.0,1.0,1.0,,Aggregate Position Limit,Your CRO has set the aggregate position limit to 10000 shares for this week.,292,2026-02-12 13:17:34.097493,SPNG,24.5,24.48,24.5,3500.0,1290.0,1000.0,4866.0,930.0,119900.0,15000.0,5628.0,6000.0,4278.0,6000.0,1300.0,5000.0,1000.0,4364.0,3500.0,2400.0,5625.0,228600.0,5250.0,5625.0,3000.0,1200.0,4000.0,6000.0,6000.0,,,,,,,,,,,,,,,,,0,0,0,0,0,0,0,0,0,0,0,0,0,0,0,0,0,0,0,0,0,0,0,0,0,0,0,0,0,0,0,0,0,0,0,0
1.0,1.0,1.0,,Welcome to the RITC 2026 Alogithmic Market Making Case - practice server,,292,2026-02-12 13:17:34.097493,SMMR,26.0,25.9,25.92,3500.0,,,5922.0,802.0,821200.0,,11514.0,,,,,,,,3500.0,2400.0,,499400.0,,,9000.0,1300.0,,,,750.0,3000.0,5922.0,1490.0,1209.0,7358.0,,,,,,,,,,,0,0,0,0,0,0,0,0,0,0,0,0,0,0,0,0,0,0,0,0,0,0,0,0,0,0,0,0,0,0,0,0,0,0,0,0
,,,,,,292,2026-02-12 13:17:34.097493,ATMN,22.91,22.86,22.91,,,,4922.0,,363000.0,,4298.0,,,,,,,6500.0,,,5625.0,439000.0,,5625.0,,5200.0,,,6000.0,2250.0,3000.0,4922.0,,,4409.0,3454.0,6892.0,1903.0,1099.0,4000.0,4000.0,1400.0,4500.0,4000.0,,0,0,0,0,0,0,0,0,0,0,0,0,0,0,0,0,0,0,0,0,0,0,0,0,0,0,0,0,0,0,0,0,0,0,0,0
,,,,,,292,2026-02-12 13:17:34.097493,WNTR,24.27,24.37,24.38,,,,3435.0,,1215600.0,,,,,,5200.0,,,,3500.0,613.0,,313100.0,,,3000.0,4000.0,,,,,6000.0,6870.0,,,4179.0,,,2000.0,,,,,750.0,4000.0,20000.0,0,0,0,0,0,0,0,0,0,0,0,0,0,0,0,0,0,0,0,0,0,0,0,0,0,0,0,0,0,0,0,0,0,0,0,0
2.0,1.0,1.0,,Aggregate Position Limit,Your CRO has set the aggregate position limit to 10000 shares for this week.,293,2026-02-12 13:17:35.113703,SPNG,24.14,24.39,24.48,6000.0,2139.0,3000.0,2834.0,4000.0,1800.0,3000.0,953500.0,20000.0,3500.0,4364.0,5625.0,2397.0,5625.0,3000.0,2625.0,228600.0,5625.0,3000.0,1200.0,4000.0,6000.0,,,,,,,,,,,,,,,,,,,,,0,0,0,0,0,0,0,0,0,0,0,0,0,0,0,0,0,0,0,0,0,0,0,0,0,0,0,0,0,0,0,0,0,0,0,0
1.0,1.0,1.0,,Welcome to the RITC 2026 Alogithmic Market Making Case - practice server,,293,2026-02-12 13:17:35.113703,SMMR,25.92,25.92,25.94,,,3000.0,6498.0,,,,696400.0,,,,,,,,,795000.0,,9000.0,2000.0,,,2244.0,3500.0,4000.0,613.0,3882.0,6000.0,7358.0,,,,,,,,,,,,,,0,0,0,0,0,0,0,0,0,0,0,0,0,0,0,0,0,0,0,0,0,0,0,0,0,0,0,0,0,0,0,0,0,0,0,0
,,,,,,293,2026-02-12 13:17:35.113703,ATMN,22.8,22.84,22.88,6000.0,,3000.0,4298.0,,4000.0,2250.0,719200.0,,3500.0,6500.0,5625.0,2663.0,5625.0,2250.0,,131600.0,,,2000.0,,,,,1142.0,,,5500.0,6847.0,2663.0,2250.0,4000.0,560.0,2382.0,1000.0,532.0,560.0,,,,,,0,0,0,0,0,0,0,0,0,0,0,0,0,0,0,0,0,0,0,0,0,0,0,0,0,0,0,0,0,0,0,0,0,0,0,0
,,,,,,293,2026-02-12 13:17:35.113703,WNTR,24.37,24.37,24.38,,,6000.0,2438.0,,5200.0,,982100.0,,3500.0,,,3372.0,,,,200700.0,,,,10000.0,10000.0,,,,,4.0,,3538.0,3372.0,,,,1584.0,,,,5000.0,5000.0,4277.0,500.0,1259.0,0,0,0,0,0,0,0,0,0,0,0,0,0,0,0,0,0,0,0,0,0,0,0,0,0,0,0,0,0,0,0,0,0,0,0,0
2.0,1.0,1.0,,Aggregate Position Limit,Your CRO has set the aggregate position limit to 10000 shares for this week.,294,2026-02-12 13:17:36.130425,SPNG,24.52,24.52,24.53,392300.0,4000.0,1000.0,3500.0,3950.0,1500.0,1770.0,3000.0,5625.0,9000.0,13125.0,6000.0,6000.0,337800.0,5625.0,3000.0,4000.0,3794.0,,,,,,,,,,,,,,,,,,,,,,0,0,0,0,0,0,0,0,0,0,0,0,0,0,0,0,0,0,0,0,0,0,0,0,0,0,0,0,0,0,0,0,0,0,0,0,0,0,0
1.0,1.0,1.0,,Welcome to the RITC 2026 Alogithmic Market Making Case - practice server,,294,2026-02-12 13:17:36.130425,SMMR,25.84,25.85,25.86,818400.0,,,3500.0,2000.0,300.0,,,,,,,,513900.0,,3000.0,,7358.0,3000.0,297.0,8316.0,1063.0,5600.0,4948.0,6000.0,,,,,,,,,,,,,,,0,0,0,0,0,0,0,0,0,0,0,0,0,0,0,0,0,0,0,0,0,0,0,0,0,0,0,0,0,0,0,0,0,0,0,0,0,0,0
,,,,,,294,2026-02-12 13:17:36.130425,ATMN,22.79,22.78,22.79,811400.0,,,,4000.0,904.0,,2250.0,,4500.0,2250.0,2375.0,,240300.0,,,,5628.0,9000.0,,1219.0,,1600.0,2341.0,6000.0,4000.0,2250.0,3000.0,1000.0,2000.0,3500.0,10000.0,5625.0,6500.0,,,,,,0,0,0,0,0,0,0,0,0,0,0,0,0,0,0,0,0,0,0,0,0,0,0,0,0,0,0,0,0,0,0,0,0,0,0,0,0,0,0
,,,,,,294,2026-02-12 13:17:36.130425,WNTR,24.38,24.37,24.38,554300.0,,,3500.0,4000.0,1136.0,,,,,,,10000.0,313100.0,,3000.0,10000.0,4757.0,3000.0,,3657.0,,2400.0,2609.0,,,,,,4.0,,,,,10000.0,6000.0,1400.0,1400.0,2000.0,0,0,0,0,0,0,0,0,0,0,0,0,0,0,0,0,0,0,0,0,0,0,0,0,0,0,0,0,0,0,0,0,0,0,0,0,0,0,0
2.0,1.0,1.0,,Aggregate Position Limit,Your CRO has set the aggregate position limit to 10000 shares for this week.,295,2026-02-12 13:17:37.149051,SPNG,24.52,24.45,24.52,11250.0,6000.0,13188.0,6000.0,282400.0,10000.0,503.0,3500.0,6000.0,2321.0,11250.0,3500.0,524800.0,11250.0,3000.0,7875.0,3000.0,8810.0,2321.0,,,,,,,,,,,,,,,,0,0,0,0,0,0,0,0,0,0,0,0,0,0,0,0,0,0,0,0,0,0,0,0,0,0,0,0,0,0,0,0,0,0,0,0,0,0,0,0,0,0,0,0
1.0,1.0,1.0,,Welcome to the RITC 2026 Alogithmic Market Making Case - practice server,,295,2026-02-12 13:17:37.149051,SMMR,26.02,25.89,26.02,,,,,802200.0,,,3500.0,750.0,,,,1587400.0,,12000.0,,,,,900.0,3000.0,297.0,8316.0,,,,,,,,,,,,0,0,0,0,0,0,0,0,0,0,0,0,0,0,0,0,0,0,0,0,0,0,0,0,0,0,0,0,0,0,0,0,0,0,0,0,0,0,0,0,0,0,0,0
,,,,,,295,2026-02-12 13:17:37.149051,ATMN,22.8,22.78,22.79,,,,,438200.0,,,3500.0,2250.0,,5625.0,3500.0,240300.0,,,2250.0,4500.0,2200.0,5638.0,2976.0,6000.0,,1219.0,2250.0,2000.0,4800.0,2000.0,10000.0,2375.0,,,,,,0,0,0,0,0,0,0,0,0,0,0,0,0,0,0,0,0,0,0,0,0,0,0,0,0,0,0,0,0,0,0,0,0,0,0,0,0,0,0,0,0,0,0,0
,,,,,,295,2026-02-12 13:17:37.149051,WNTR,24.36,24.35,24.36,,,,,857300.0,,,3500.0,,,,3500.0,184500.0,,,,,5857.0,3143.0,,6000.0,1397.0,5857.0,,,1600.0,,,5250.0,1259.0,20000.0,800.0,10000.0,6000.0,0,0,0,0,0,0,0,0,0,0,0,0,0,0,0,0,0,0,0,0,0,0,0,0,0,0,0,0,0,0,0,0,0,0,0,0,0,0,0,0,0,0,0,0
2.0,1.0,1.0,,Aggregate Position Limit,Your CRO has set the aggregate position limit to 10000 shares for this week.,296,2026-02-12 13:17:38.167055,SPNG,24.43,24.43,24.5,2982.0,15000.0,6000.0,1395200.0,3500.0,5000.0,10000.0,6000.0,10500.0,547600.0,20000.0,5625.0,3000.0,,,,,,,,,,,,,,,,0,0,0,0,0,0,0,0,0,0,0,0,0,0,0,0,0,0,0,0,0,0,0,0,0,0,0,0,0,0,0,0,0,0,0,0,0,0,0,0,0,0,0,0,0,0,0,0,0,0
1.0,1.0,1.0,,Welcome to the RITC 2026 Alogithmic Market Making Case - practice server,,296,2026-02-12 13:17:38.167055,SMMR,26.0,25.95,26.0,63.0,,750.0,1102500.0,3500.0,,,,,1301300.0,,,12000.0,3500.0,626.0,3432.0,3000.0,4000.0,,,,,,,,,,,0,0,0,0,0,0,0,0,0,0,0,0,0,0,0,0,0,0,0,0,0,0,0,0,0,0,0,0,0,0,0,0,0,0,0,0,0,0,0,0,0,0,0,0,0,0,0,0,0,0
,,,,,,296,2026-02-12 13:17:38.167055,ATMN,22.76,22.76,22.77,,,,1584800.0,3500.0,,6000.0,9000.0,6750.0,335100.0,,,,3500.0,446.0,,12000.0,,1761.0,6000.0,8375.0,1317.0,2000.0,6500.0,,,,,0,0,0,0,0,0,0,0,0,0,0,0,0,0,0,0,0,0,0,0,0,0,0,0,0,0,0,0,0,0,0,0,0,0,0,0,0,0,0,0,0,0,0,0,0,0,0,0,0,0
,,,,,,296,2026-02-12 13:17:38.167055,WNTR,24.34,24.34,24.35,,,,1215600.0,3500.0,,10000.0,,,,,,,,,998.0,6000.0,,,,10500.0,7575.0,,,5000.0,4638.0,35000.0,6957.0,0,0,0,0,0,0,0,0,0,0,0,0,0,0,0,0,0,0,0,0,0,0,0,0,0,0,0,0,0,0,0,0,0,0,0,0,0,0,0,0,0,0,0,0,0,0,0,0,0,0
2.0,1.0,1.0,,Aggregate Position Limit,Your CRO has set the aggregate position limit to 10000 shares for this week.,297,2026-02-12 13:17:39.184863,SPNG,24.44,24.43,24.48,5000.0,5000.0,1000.0,1769700.0,6000.0,3500.0,10000.0,6000.0,733200.0,25000.0,3000.0,442.0,,,,,,,,,,,,,,,,,0,0,0,0,0,0,0,0,0,0,0,0,0,0,0,0,0,0,0,0,0,0,0,0,0,0,0,0,0,0,0,0,0,0,0,0,0,0,0,0,0,0,0,0,0,0,0,0,0,0
1.0,1.0,1.0,,Welcome to the RITC 2026 Alogithmic Market Making Case - practice server,,297,2026-02-12 13:17:39.184863,SMMR,25.84,25.84,25.93,,,,1865900.0,6000.0,3500.0,,,790200.0,,9000.0,,3000.0,6500.0,2560.0,853.0,,,,,,,,,,,,,0,0,0,0,0,0,0,0,0,0,0,0,0,0,0,0,0,0,0,0,0,0,0,0,0,0,0,0,0,0,0,0,0,0,0,0,0,0,0,0,0,0,0,0,0,0,0,0,0,0
,,,,,,297,2026-02-12 13:17:39.184863,ATMN,22.76,22.76,22.77,,,,1243900.0,,3500.0,,6000.0,962600.0,,3000.0,,12000.0,6500.0,8000.0,,3500.0,5600.0,1000.0,8375.0,1000.0,,,,,,,,0,0,0,0,0,0,0,0,0,0,0,0,0,0,0,0,0,0,0,0,0,0,0,0,0,0,0,0,0,0,0,0,0,0,0,0,0,0,0,0,0,0,0,0,0,0,0,0,0,0
,,,,,,297,2026-02-12 13:17:39.184863,WNTR,24.3,24.3,24.32,,,,1093800.0,,3500.0,,10000.0,318600.0,,,,6000.0,6500.0,,,,,,5250.0,,93.0,7274.0,5000.0,10000.0,1126.0,50000.0,755.0,0,0,0,0,0,0,0,0,0,0,0,0,0,0,0,0,0,0,0,0,0,0,0,0,0,0,0,0,0,0,0,0,0,0,0,0,0,0,0,0,0,0,0,0,0,0,0,0,0,0
2.0,1.0,1.0,,Aggregate Position Limit,Your CRO has set the aggregate position limit to 10000 shares for this week.,298,2026-02-12 13:17:40.202672,SPNG,24.54,24.54,24.55,1892200.0,5968.0,1504000.0,10000.0,3000.0,4856.0,,,,,,,,,0,0,0,0,0,0,0,0,0,0,0,0,0,0,0,0,0,0,0,0,0,0,0,0,0,0,0,0,0,0,0,0,0,0,0,0,0,0,0,0,0,0,0,0,0,0,0,0,0,0,0,0,0,0,0,0,0,0,0,0,0,0,0,0
1.0,1.0,1.0,,Welcome to the RITC 2026 Alogithmic Market Making Case - practice server,,298,2026-02-12 13:17:40.202672,SMMR,26.02,25.83,26.02,1860600.0,,1587400.0,,12000.0,,3000.0,,,,,,,,0,0,0,0,0,0,0,0,0,0,0,0,0,0,0,0,0,0,0,0,0,0,0,0,0,0,0,0,0,0,0,0,0,0,0,0,0,0,0,0,0,0,0,0,0,0,0,0,0,0,0,0,0,0,0,0,0,0,0,0,0,0,0,0
,,,,,,298,2026-02-12 13:17:40.202672,ATMN,22.76,22.76,22.86,1779100.0,,1833600.0,,3000.0,,12000.0,587.0,1000.0,,,,,,0,0,0,0,0,0,0,0,0,0,0,0,0,0,0,0,0,0,0,0,0,0,0,0,0,0,0,0,0,0,0,0,0,0,0,0,0,0,0,0,0,0,0,0,0,0,0,0,0,0,0,0,0,0,0,0,0,0,0,0,0,0,0,0
,,,,,,298,2026-02-12 13:17:40.202672,WNTR,24.27,24.27,24.29,1867200.0,,1268700.0,,6000.0,,6000.0,,,664.0,81.0,5250.0,10000.0,997.0,0,0,0,0,0,0,0,0,0,0,0,0,0,0,0,0,0,0,0,0,0,0,0,0,0,0,0,0,0,0,0,0,0,0,0,0,0,0,0,0,0,0,0,0,0,0,0,0,0,0,0,0,0,0,0,0,0,0,0,0,0,0,0,0
2.0,1.0,1.0,,Aggregate Position Limit,Your CRO has set the aggregate position limit to 10000 shares for this week.,299,2026-02-12 13:17:41.221295,SPNG,24.55,24.54,24.55,2014600.0,4000.0,1285600.0,25000.0,3000.0,504.0,,,,0,0,0,0,0,0,0,0,0,0,0,0,0,0,0,0,0,0,0,0,0,0,0,0,0,0,0,0,0,0,0,0,0,0,0,0,0,0,0,0,0,0,0,0,0,0,0,0,0,0,0,0,0,0,0,0,0,0,0,0,0,0,0,0,0,0,0,0,0
1.0,1.0,1.0,,Welcome to the RITC 2026 Alogithmic Market Making Case - practice server,,299,2026-02-12 13:17:41.221295,SMMR,25.83,25.94,26.01,1861400.0,,1411200.0,,12000.0,853.0,1000.0,1000.0,,0,0,0,0,0,0,0,0,0,0,0,0,0,0,0,0,0,0,0,0,0,0,0,0,0,0,0,0,0,0,0,0,0,0,0,0,0,0,0,0,0,0,0,0,0,0,0,0,0,0,0,0,0,0,0,0,0,0,0,0,0,0,0,0,0,0,0,0,0
,,,,,,299,2026-02-12 13:17:41.221295,ATMN,22.76,22.76,22.89,1781400.0,,2044800.0,,3000.0,,,,12000.0,0,0,0,0,0,0,0,0,0,0,0,0,0,0,0,0,0,0,0,0,0,0,0,0,0,0,0,0,0,0,0,0,0,0,0,0,0,0,0,0,0,0,0,0,0,0,0,0,0,0,0,0,0,0,0,0,0,0,0,0,0,0,0,0,0,0,0,0,0
,,,,,,299,2026-02-12 13:17:41.221295,WNTR,24.44,24.34,24.44,2022600.0,,1954400.0,,6000.0,,,,6000.0,0,0,0,0,0,0,0,0,0,0,0,0,0,0,0,0,0,0,0,0,0,0,0,0,0,0,0,0,0,0,0,0,0,0,0,0,0,0,0,0,0,0,0,0,0,0,0,0,0,0,0,0,0,0,0,0,0,0,0,0,0,0,0,0,0,0,0,0,0
